# Converted from a320src/A320-family-master/Models/LandingGears/a320.mlg.left.ac by simengine's ac3d_to_obj tool
# NOTE: materials/textures are not exported — see tools/ac3d_to_obj/main.cpp LIMITATIONS.
v 0 0.06 -0.36195
v -0.051962 0.03 -0.36195
v -0.06 0 -0.36195
v -0.051962 -0.03 -0.36195
v 0 -0.06 -0.36195
v -0.03 0.051961 -0.36195
v -0.03 -0.051962 -0.36195
v 0.03 -0.051962 -0.36195
v 0.051962 -0.03 -0.36195
v 0.03 0.051961 -0.36195
v 0.06 0 -0.36195
v 0.051962 0.03 -0.36195
v -0.039971 -0.044748 0.152171
v -0.03 -0.051962 0.36195
v -0.033771 -0.049592 0.153267
v -0.045355 -0.039281 0.148745
v -0.054063 -0.026021 0.140228
v -0.051962 -0.03 0.36195
v -0.059081 -0.010461 0.136174
v -0.055983 0.021586 0.146135
v -0.06 0 0.36195
v -0.0597 0.005985 0.138532
v -0.051962 0.03 0.36195
v -0.037714 0.046664 0.165513
v -0.008219 0.059432 0.174995
v -0.03 0.051961 0.36195
v -0.023997 0.054992 0.172438
v 0 0.06 0.36195
v 0.008158 0.059441 0.17246
v 0.048075 0.035899 0.146127
v 0.03 0.051961 0.36195
v 0.023665 0.055136 0.165537
v 0.051962 0.03 0.36195
v 0.055857 0.021909 0.138536
v 0.059084 -0.010444 0.140227
v 0.06 0 0.36195
v 0.059706 0.005916 0.136178
v 0.054282 -0.025562 0.148745
v 0.050576 -0.032281 0.152171
v 0.051962 -0.03 0.36195
v 0.045917 -0.038621 0.153267
v 0.021391 -0.056057 0.139417
v 0.03 -0.051962 0.36195
v 0.034419 -0.049145 0.14944
v -0.019857 -0.056618 0.14944
v 0 -0.06 0.36195
v 0.008184 -0.059439 0.125
v -0.005446 -0.059752 0.139417
v -0.06 0 0.36195
v -0.051962 -0.03 0.36195
v -0.051962 0.03 0.36195
v -0.03 0.051961 0.36195
v -0.03 -0.051962 0.36195
v 0.03 0.051961 0.36195
v 0 -0.06 0.36195
v 0 0.06 0.36195
v 0.03 -0.051962 0.36195
v 0.051962 -0.03 0.36195
v 0.051962 0.03 0.36195
v 0.06 0 0.36195
v 0.045917 -0.038621 -0.153267
v 0.050576 -0.032281 -0.152171
v 0.054282 -0.025562 -0.148745
v 0.051962 -0.03 -0.36195
v 0.059083 -0.010443 -0.140228
v 0.055862 0.021896 -0.138532
v 0.06 0 -0.36195
v 0.05971 0.005894 -0.136174
v 0.051962 0.03 -0.36195
v 0.048067 0.035911 -0.146135
v 0.008243 0.059431 -0.172438
v 0.03 0.051961 -0.36195
v 0.0237 0.05512 -0.165513
v 0 0.06 -0.36195
v -0.008147 0.059442 -0.174995
v -0.037684 0.046689 -0.165537
v -0.03 0.051961 -0.36195
v -0.023918 0.055025 -0.17246
v -0.051962 0.03 -0.36195
v -0.055988 0.021572 -0.146127
v -0.059083 -0.010439 -0.136178
v -0.06 0 -0.36195
v -0.0597 0.005998 -0.138536
v -0.054063 -0.026022 -0.140227
v -0.045355 -0.039281 -0.148745
v -0.051962 -0.03 -0.36195
v -0.039971 -0.044748 -0.152171
v -0.019857 -0.056618 -0.14944
v -0.03 -0.051962 -0.36195
v -0.033771 -0.049592 -0.153267
v -0.005446 -0.059752 -0.139417
v 0.034419 -0.049145 -0.14944
v 0.03 -0.051962 -0.36195
v 0 -0.06 -0.36195
v 0.008184 -0.059439 -0.125
v 0.021391 -0.056057 -0.139417
v -0.057055 -0.068421 -0.106246
v -0.100013 -0.074336 -0.0608
v -0.100013 -0.074336 0.0608
v -0.057055 -0.068421 0.106246
v -0.036586 -0.065603 0.116545
v -0.014589 -0.062575 0.122868
v 0.008184 -0.059439 0.125
v 0.030957 -0.056304 0.122868
v 0.052953 -0.053275 0.116545
v 0.073422 -0.050457 0.106246
v 0.11638 -0.044543 0.0608
v 0.132015 -0.04239 0
v -0.115648 -0.076489 0
v 0.11638 -0.044543 -0.0608
v 0.030957 -0.056304 -0.122868
v 0.052953 -0.053275 -0.116545
v -0.036586 -0.065603 -0.116545
v 0.073422 -0.050457 -0.106246
v 0.008184 -0.059439 -0.125
v -0.014589 -0.062575 -0.122868
v 0.088193 0.153463 -0.062418
v -0.01919 0.138679 0.125
v 0.042739 0.147205 0.108301
v -0.081093 0.130156 0.108206
v 0.088099 0.15345 0.062582
v -0.142927 0.121642 -9.5e-05
v 0.104737 0.155741 9.5e-05
v -0.126384 0.12392 0.062418
v 0.042902 0.147228 -0.108206
v -0.019001 0.138705 -0.125
v -0.12629 0.123933 -0.062582
v -0.08093 0.130178 -0.108301
v -0.172135 0.060281 0.06
v -0.172135 0.060281 -0.06
v -0.186421 0.050302 -0.06
v -0.195108 0.035197 0.06
v -0.195108 0.035197 -0.06
v -0.186421 0.050302 0.06
v -0.196549 0.017831 -0.06
v -0.190469 0.0015 0.06
v -0.190469 0.0015 -0.06
v -0.196549 0.017831 0.06
v -0.178023 -0.010696 -0.06
v -0.161572 -0.016442 -0.06
v -0.178023 -0.010696 0.06
v -0.161572 -0.016442 0.06
v -0.161572 -0.016442 0.06
v -0.107559 -0.022763 0.06
v -0.121517 -0.02113 0.020764
v -0.161572 -0.016442 -0.06
v -0.121517 -0.02113 -0.020764
v -0.107559 -0.022763 -0.06
v -0.134837 0.075618 -0.020764
v -0.12184 0.080963 -0.06
v -0.172135 0.060281 -0.06
v -0.172135 0.060281 0.06
v -0.134837 0.075618 0.020764
v -0.12184 0.080963 0.06
v -0.196549 0.017831 0.06
v -0.186421 0.050302 0.06
v -0.190469 0.0015 0.06
v -0.195108 0.035197 0.06
v -0.178023 -0.010696 0.06
v -0.172135 0.060281 0.06
v -0.161572 -0.016442 0.06
v -0.12184 0.080963 0.06
v -0.107559 -0.022763 0.06
v -0.195108 0.035197 -0.06
v -0.196549 0.017831 -0.06
v -0.178023 -0.010696 -0.06
v -0.186421 0.050302 -0.06
v -0.190469 0.0015 -0.06
v -0.172135 0.060281 -0.06
v -0.12184 0.080963 -0.06
v -0.161572 -0.016442 -0.06
v -0.107559 -0.022763 -0.06
v 0.034419 -0.049145 -0.14944
v 0.021391 -0.056057 -0.139417
v 0.008184 -0.059439 -0.125
v 0.038547 -0.049732 -0.132994
v 0.030957 -0.056304 -0.122868
v 0.061571 -0.04096 -0.116726
v 0.052953 -0.053275 -0.116545
v 0.073422 -0.050457 -0.106246
v 0.045917 -0.038621 -0.153267
v 0.049967 -0.042305 -0.130527
v 0.050576 -0.032281 -0.152171
v 0.054888 -0.032267 -0.131565
v 0.054282 -0.025562 -0.148745
v 0.008184 -0.059439 -0.125
v -0.019857 -0.056618 -0.14944
v -0.005446 -0.059752 -0.139417
v -0.033771 -0.049592 -0.153267
v -0.044126 -0.0459 -0.131565
v -0.039971 -0.044748 -0.152171
v -0.045355 -0.039281 -0.148745
v -0.014589 -0.062575 -0.122868
v -0.024203 -0.058176 -0.132993
v -0.03672 -0.054216 -0.130506
v -0.036586 -0.065603 -0.116545
v -0.048211 -0.056075 -0.116726
v -0.057055 -0.068421 -0.106246
v 0.047107 0.04241 -0.129721
v 0.051527 0.051621 -0.115164
v -0.059083 -0.010439 -0.136178
v -0.055988 0.021572 -0.146127
v -0.058038 0.025002 -0.128449
v -0.0597 0.005998 -0.138536
v -0.023918 0.055025 -0.17246
v -0.037684 0.046689 -0.165537
v 0.008243 0.059431 -0.172438
v -0.00331 0.066571 -0.149741
v -0.008147 0.059442 -0.174995
v 0.048067 0.035911 -0.146135
v 0.0237 0.05512 -0.165513
v 0.068172 0.007411 -0.108136
v 0.057086 0.025365 -0.123463
v 0.05971 0.005894 -0.136174
v 0.061806 0.006906 -0.121494
v 0.055862 0.021896 -0.138532
v 0.061516 -0.011299 -0.124006
v 0.059083 -0.010443 -0.140228
v 0.054282 -0.025562 -0.148745
v 0.054888 -0.032267 -0.131565
v 0.061571 -0.04096 -0.116726
v 0.068254 -0.014999 -0.110293
v 0.073422 -0.050457 -0.106246
v 0.060871 0.062085 -0.104382
v 0.062671 0.030284 -0.109837
v 0.078356 0.006522 -0.097267
v 0.014466 0.064401 -0.145904
v 0.032602 0.055894 -0.138124
v 0.035395 0.069115 -0.122206
v 0.006669 0.107794 -0.12317
v 0.015099 0.080942 -0.128518
v 0.027366 0.098838 -0.118224
v -0.018815 0.063853 -0.149232
v -0.005026 0.084672 -0.1315
v -0.035448 0.102036 -0.123186
v -0.02255 0.081417 -0.131112
v -0.014956 0.108974 -0.124996
v -0.06481 0.031927 -0.114085
v -0.048799 0.042095 -0.136519
v -0.033578 0.056653 -0.145023
v -0.038864 0.071962 -0.127819
v -0.07539 0.043301 -0.104376
v -0.055197 0.053295 -0.120875
v -0.05302 0.087809 -0.11824
v -0.060006 -0.016554 -0.121929
v -0.061977 0.007432 -0.123131
v -0.068666 0.010237 -0.109543
v -0.077208 -0.014854 -0.09727
v -0.057055 -0.068421 -0.106246
v -0.066028 -0.01931 -0.108511
v -0.048211 -0.056075 -0.116726
v -0.054063 -0.026022 -0.140227
v -0.044126 -0.0459 -0.131565
v -0.045355 -0.039281 -0.148745
v -0.107559 -0.022763 -0.06
v -0.107559 -0.022763 0.06
v -0.121517 -0.02113 0.020764
v -0.121517 -0.02113 -0.020764
v -0.115648 -0.076489 0
v -0.077208 -0.014854 -0.09727
v -0.100013 -0.074336 -0.0608
v -0.057055 -0.068421 -0.106246
v -0.12184 0.080963 -0.06
v -0.05302 0.087809 -0.11824
v -0.014956 0.108974 -0.124996
v 0.027366 0.098838 -0.118224
v 0.078356 0.006522 -0.097267
v 0.073422 -0.050457 -0.106246
v 0.132015 -0.04239 0
v 0.073422 -0.050457 0.106246
v 0.07835 0.006563 0.09727
v 0.027318 0.09887 0.11824
v -0.01505 0.108961 0.124996
v -0.053058 0.087765 0.118224
v -0.12184 0.080963 0.06
v -0.100013 -0.074336 0.0608
v -0.077203 -0.014896 0.097267
v -0.057055 -0.068421 0.106246
v -0.035448 0.102036 -0.123186
v -0.12629 0.123933 -0.062582
v -0.07539 0.043301 -0.104376
v -0.08093 0.130178 -0.108301
v -0.134837 0.075618 -0.020764
v -0.134837 0.075618 0.020764
v -0.142927 0.121642 -9.5e-05
v -0.075385 0.043326 0.104382
v -0.126384 0.12392 0.062418
v -0.035551 0.101981 0.12317
v -0.081093 0.130156 0.108206
v 0.006555 0.107819 0.123186
v -0.01919 0.138679 0.125
v 0.060883 0.062063 0.104376
v 0.042739 0.147205 0.108301
v 0.11638 -0.044543 0.0608
v 0.088099 0.15345 0.062582
v 0.11638 -0.044543 -0.0608
v 0.104737 0.155741 9.5e-05
v 0.060871 0.062085 -0.104382
v 0.088193 0.153463 -0.062418
v -0.019001 0.138705 -0.125
v 0.006669 0.107794 -0.12317
v 0.042902 0.147228 -0.108206
v -0.033771 -0.049592 0.153267
v -0.005446 -0.059752 0.139417
v 0.008184 -0.059439 0.125
v -0.019857 -0.056618 0.14944
v -0.014589 -0.062575 0.122868
v -0.036586 -0.065603 0.116545
v -0.057055 -0.068421 0.106246
v -0.048211 -0.056075 0.116726
v -0.039971 -0.044748 0.152171
v -0.044126 -0.0459 0.131565
v -0.045355 -0.039281 0.148745
v 0.008184 -0.059439 0.125
v 0.034419 -0.049145 0.14944
v 0.021391 -0.056057 0.139417
v 0.045917 -0.038621 0.153267
v 0.054888 -0.032267 0.131565
v 0.050576 -0.032281 0.152171
v 0.054282 -0.025562 0.148745
v 0.030957 -0.056304 0.122868
v 0.033852 -0.052085 0.132699
v 0.046102 -0.045094 0.13206
v 0.052953 -0.053275 0.116545
v 0.061571 -0.04096 0.116726
v 0.073422 -0.050457 0.106246
v -0.056032 0.029884 0.130493
v -0.062754 0.037992 0.115818
v 0.055857 0.021909 0.138536
v 0.059706 0.005916 0.136178
v 0.021188 0.06207 0.143426
v 0.055407 0.045577 0.11329
v 0.05059 0.037637 0.127516
v 0.023665 0.055136 0.165537
v 0.038883 0.051026 0.134681
v 0.048075 0.035899 0.146127
v 0.008158 0.059441 0.17246
v -0.023997 0.054992 0.172438
v -0.012054 0.065585 0.149936
v -0.008219 0.059432 0.174995
v -0.055983 0.021586 0.146135
v -0.037714 0.046664 0.165513
v -0.06781 -0.010158 0.108125
v -0.061626 0.010526 0.123817
v -0.059081 -0.010461 0.136174
v -0.061514 -0.009137 0.12148
v -0.0597 0.005985 0.138532
v -0.056364 -0.027072 0.123891
v -0.054063 -0.026021 0.140228
v -0.045355 -0.039281 0.148745
v -0.044126 -0.0459 0.131565
v -0.048211 -0.056075 0.116726
v -0.061876 -0.032349 0.110195
v -0.057055 -0.068421 0.106246
v -0.075385 0.043326 0.104382
v -0.068356 0.014046 0.110131
v -0.077203 -0.014896 0.097267
v -0.028835 0.05954 0.14678
v -0.044869 0.046863 0.139179
v -0.051028 0.059343 0.123076
v -0.035551 0.101981 0.12317
v -0.033672 0.075746 0.129209
v -0.053058 0.087765 0.118224
v 0.022649 0.077563 0.126538
v 0.0039 0.066364 0.148702
v -0.01494 0.083626 0.131647
v -0.01505 0.108961 0.124996
v 0.003159 0.084073 0.130705
v 0.006555 0.107819 0.123186
v 0.060883 0.062063 0.104376
v 0.042383 0.062702 0.119341
v 0.027318 0.09887 0.11824
v 0.062225 0.001126 0.121843
v 0.05789 0.023297 0.123002
v 0.063604 0.027658 0.109432
v 0.07835 0.006563 0.09727
v 0.073422 -0.050457 0.106246
v 0.068748 0.000296 0.108437
v 0.061571 -0.04096 0.116726
v 0.059084 -0.010444 0.140227
v 0.054888 -0.032267 0.131565
v 0.054282 -0.025562 0.148745
v -0.8784 2.01756 -0.82897
v -0.86151 2.00663 -0.812691
v -0.896791 2.01531 -0.847041
v -0.819881 1.95843 -0.773082
v -0.911756 2.00046 -0.86206
v -0.919285 1.97701 -0.870004
v -0.864869 1.88183 -0.819009
v -0.91736 1.95123 -0.868744
v -0.906497 1.93003 -0.858618
v -0.86151 2.00663 -0.812691
v -1.00144 2.00316 -0.669838
v -0.959814 1.95496 -0.63023
v -0.334427 1.26052 -0.084654
v -0.819881 1.95843 -0.773082
v -0.24465 1.26274 -0.176304
v -0.819881 1.95843 -0.773082
v -0.864869 1.88183 -0.819009
v -0.273328 1.17519 -0.205359
v -0.255361 1.17744 -0.186856
v -0.240551 1.19228 -0.171678
v -0.232867 1.21574 -0.163893
v -0.24465 1.26274 -0.176304
v -0.289638 1.18614 -0.222231
v -0.234367 1.24153 -0.165586
v -0.906497 1.93003 -0.858618
v -1.04643 1.92657 -0.715765
v -1.0048 1.87837 -0.676157
v -0.864869 1.88183 -0.819009
v -0.379415 1.18392 -0.130581
v -0.289638 1.18614 -0.222231
v -1.00144 2.00316 -0.669838
v -0.86151 2.00663 -0.812691
v -0.8784 2.01756 -0.82897
v -1.03672 2.01184 -0.704188
v -0.896791 2.01531 -0.847041
v -1.01833 2.0141 -0.686118
v -0.911756 2.00046 -0.86206
v -1.05922 1.97354 -0.727152
v -0.919285 1.97701 -0.870004
v -1.05169 1.997 -0.719208
v -0.91736 1.95123 -0.868744
v -0.906497 1.93003 -0.858618
v -1.05729 1.94776 -0.725892
v -1.04643 1.92657 -0.715765
v -1.05729 1.94776 -0.725892
v -1.04643 1.92657 -0.715765
v -1.05922 1.97354 -0.727152
v -1.0048 1.87837 -0.676157
v -1.05169 1.997 -0.719208
v -1.03672 2.01184 -0.704188
v -0.959814 1.95496 -0.63023
v -1.01833 2.0141 -0.686118
v -1.00144 2.00316 -0.669838
v -0.24465 1.26274 -0.176304
v -0.334427 1.26052 -0.084654
v -0.322985 1.23933 -0.07512
v -0.232867 1.21574 -0.163893
v -0.320636 1.21356 -0.074293
v -0.234367 1.24153 -0.165586
v -0.328009 1.19011 -0.082395
v -0.255361 1.17744 -0.186856
v -0.34313 1.17527 -0.097256
v -0.240551 1.19228 -0.171678
v -0.361946 1.173 -0.114893
v -0.379415 1.18392 -0.130581
v -0.273328 1.17519 -0.205359
v -0.289638 1.18614 -0.222231
v -0.320636 1.21356 -0.074293
v -0.322985 1.23933 -0.07512
v -0.328009 1.19011 -0.082395
v -0.34313 1.17527 -0.097256
v -0.361946 1.173 -0.114893
v -0.959814 1.95496 -0.63023
v -0.334427 1.26052 -0.084654
v -0.379415 1.18392 -0.130581
v -1.0048 1.87837 -0.676157
v -1.43715 2.54559 -1.31099
v -1.42436 2.49862 -1.2996
v -0.918859 1.91332 -0.81863
v -0.883578 1.90464 -0.78428
v -1.43523 2.51981 -1.30973
v -0.901969 1.90238 -0.80235
v -1.42962 2.56905 -1.30305
v -0.868612 1.91948 -0.769261
v -0.863008 1.96871 -0.762577
v -1.41466 2.58389 -1.28803
v -0.861084 1.94294 -0.761317
v -1.39627 2.58615 -1.26996
v -0.873871 1.98991 -0.772703
v -1.37938 2.57521 -1.25368
v -1.37938 2.57521 -1.25368
v -1.46683 2.57305 -1.16439
v -0.873871 1.98991 -0.772703
v -0.961329 1.98775 -0.683421
v -1.51182 2.49645 -1.21032
v -1.42436 2.49862 -1.2996
v -1.00632 1.91115 -0.729347
v -0.918859 1.91332 -0.81863
v -1.48372 2.58398 -1.18067
v -1.37938 2.57521 -1.25368
v -1.46683 2.57305 -1.16439
v -1.39627 2.58615 -1.26996
v -1.51708 2.56688 -1.21376
v -1.41466 2.58389 -1.28803
v -1.50211 2.58173 -1.19874
v -1.42962 2.56905 -1.30305
v -1.52268 2.51765 -1.22045
v -1.43715 2.54559 -1.31099
v -1.52461 2.54343 -1.22171
v -1.43523 2.51981 -1.30973
v -1.51182 2.49645 -1.21032
v -1.42436 2.49862 -1.2996
v -0.873871 1.98991 -0.772703
v -0.961329 1.98775 -0.683421
v -0.950466 1.96655 -0.673294
v -0.863008 1.96871 -0.762577
v -0.868612 1.91948 -0.769261
v -0.948541 1.94077 -0.672034
v -0.861084 1.94294 -0.761317
v -0.95607 1.91732 -0.679978
v -0.901969 1.90238 -0.80235
v -0.971035 1.90247 -0.694998
v -0.883578 1.90464 -0.78428
v -0.989427 1.90021 -0.713068
v -0.918859 1.91332 -0.81863
v -1.00632 1.91115 -0.729347
v -1.52461 2.54343 -1.22171
v -1.46683 2.57305 -1.16439
v -0.950466 1.96655 -0.673294
v -1.48372 2.58398 -1.18067
v -0.961329 1.98775 -0.683421
v -0.948541 1.94077 -0.672034
v -1.50211 2.58173 -1.19874
v -0.971035 1.90247 -0.694998
v -1.51708 2.56688 -1.21376
v -0.95607 1.91732 -0.679978
v -1.52268 2.51765 -1.22045
v -1.51182 2.49645 -1.21032
v -0.989427 1.90021 -0.713068
v -1.00632 1.91115 -0.729347
v -0.207005 0.702079 -0.06
v -0.192264 0.595142 -0.06
v -0.271568 0.682756 -0.06
v -0.265329 0.604779 -0.06
v -0.282167 0.611074 -0.06
v -0.294548 0.624107 -0.06
v -0.299971 0.641245 -0.06
v -0.297342 0.659028 -0.06
v -0.28719 0.673864 -0.06
v -0.258554 1.50601 0.114102
v -0.132429 0.59115 0.114076
v -0.195255 1.51474 0.124292
v -0.1822 0.584289 0.073303
v -0.331233 1.496 0.012897
v -0.206942 0.702098 0.06
v -0.308325 1.49915 0.073328
v -0.321138 1.49739 -0.051001
v -0.220174 0.698137 -0.020757
v -0.207005 0.702079 -0.06
v -0.220882 1.51121 -0.124366
v -0.154622 0.588096 -0.101268
v -0.280747 1.50296 -0.101243
v -0.094757 0.59635 -0.124392
v -0.107812 1.5268 -0.073403
v -0.031458 0.605076 -0.114202
v -0.157583 1.51994 -0.114176
v -0.084904 1.52996 -0.012971
v 0.041221 0.615093 -0.012997
v -0.094999 1.52856 0.050926
v 0.031126 0.6137 0.050901
v -0.009265 0.60813 0.101142
v -0.13539 1.52299 0.101168
v -0.06913 0.599876 0.124266
v 0.018313 0.611937 -0.073429
v -0.195013 0.582527 -0.051026
v -0.192264 0.595142 -0.06
v -0.206229 0.596984 -0.020756
v -0.192194 0.595132 0.06
v -0.205108 0.581133 0.012871
v -0.206205 0.59698 0.020772
v -0.220152 0.698144 0.020771
v -0.206942 0.702098 0.06
v -0.271568 0.682756 0.06
v -0.192194 0.595132 0.06
v -0.265329 0.604779 0.06
v -0.28719 0.673864 0.06
v -0.297342 0.659028 0.06
v -0.299971 0.641245 0.06
v -0.282167 0.611074 0.06
v -0.294548 0.624107 0.06
v -0.206942 0.702098 0.06
v -0.220152 0.698144 0.020771
v -0.271568 0.682756 0.06
v -0.220174 0.698137 -0.020757
v -0.207005 0.702079 -0.06
v -0.271568 0.682756 -0.06
v -0.192264 0.595142 -0.06
v -0.206229 0.596984 -0.020756
v -0.265329 0.604779 -0.06
v -0.265329 0.604779 0.06
v -0.192194 0.595132 0.06
v -0.206205 0.59698 0.020772
v -0.265329 0.604779 0.06
v -0.282167 0.611074 0.06
v -0.265329 0.604779 -0.06
v -0.282167 0.611074 -0.06
v -0.299971 0.641245 0.06
v -0.294548 0.624107 -0.06
v -0.294548 0.624107 0.06
v -0.299971 0.641245 -0.06
v -0.28719 0.673864 0.06
v -0.297342 0.659028 -0.06
v -0.297342 0.659028 0.06
v -0.28719 0.673864 -0.06
v -0.271568 0.682756 -0.06
v -0.271568 0.682756 0.06
v -0.328052 1.56109 0.048682
v -0.30224 1.50468 0.081586
v -0.332491 1.59074 0.054947
v -0.335587 1.57543 0.030878
v -0.35486 1.62468 0.013507
v -0.342429 1.61429 0.06423
v -0.353003 1.61284 -0.038374
v -0.340331 1.58712 -0.03435
v -0.339392 1.5749 -0.006041
v -0.339384 1.58006 0.012545
v -0.34419 1.60328 0.015119
v -0.316881 1.50266 -0.060477
v -0.335604 1.56006 -0.024597
v -0.353003 1.61284 -0.038374
v -0.35486 1.62468 0.013507
v -0.367244 1.63527 -0.035637
v -0.342429 1.61429 0.06423
v -0.356993 1.63668 0.063826
v -0.869843 2.43456 0.105366
v -0.876069 2.44444 0.10702
v -1.03404 2.68784 0.106129
v -0.881775 2.45391 0.110877
v -1.04759 2.71368 0.134759
v -0.902643 2.48963 0.131372
v -0.911982 2.50446 0.133853
v -0.894085 2.47543 0.125587
v -1.06891 2.7486 0.146563
v -1.03189 2.67799 0.068345
v -0.880093 2.43315 0.005903
v -1.0609 2.71185 0.005552
v -0.892954 2.45237 0.0024
v -1.04173 2.68678 0.031531
v -1.08428 2.74648 -0.002632
v -0.927358 2.50234 -0.015342
v -0.917667 2.48756 -0.014403
v -0.908067 2.47351 -0.010089
v -0.886554 2.443 0.005277
v -0.868279 2.78745 -0.024646
v -0.853073 2.78954 0.122911
v -0.865624 2.77663 -0.025594
v -0.850248 2.77874 0.123601
v -0.864261 2.77336 -0.025688
v -0.848885 2.77547 0.123507
v -0.845486 2.76926 0.123245
v -0.862671 2.77019 -0.025807
v -0.847295 2.7723 0.123388
v -0.860862 2.76714 -0.02595
v -0.845486 2.76926 0.123245
v -0.75971 2.62741 0.067762
v -0.860862 2.76714 -0.02595
v -0.741556 2.60757 0.114827
v -0.765165 2.62666 0.014833
v -0.756932 2.60545 -0.034368
v -0.655565 2.53981 -0.043884
v -0.710111 2.56474 -0.038616
v -0.680878 2.56529 -0.035897
v -0.756932 2.60545 -0.034368
v -0.739907 2.58763 -0.031877
v -0.748252 2.60362 -0.008872
v -0.730609 2.59788 -0.002338
v -0.72213 2.58463 -0.021474
v -0.75971 2.62741 0.067762
v -0.75071 2.61606 0.044643
v -0.765165 2.62666 0.014833
v -0.744915 2.61192 0.070997
v -0.728529 2.60477 0.064161
v -0.733788 2.60821 0.042275
v -0.751894 2.61328 0.017333
v -0.69642 2.56781 0.110739
v -0.721964 2.58537 0.113508
v -0.741556 2.60757 0.114827
v -0.640189 2.54193 0.105311
v -0.666673 2.56725 0.101941
v -0.690295 2.58855 0.087728
v -0.707459 2.6026 0.064835
v -0.719279 2.59601 0.08352
v -0.735056 2.60137 0.09448
v -0.706829 2.58277 0.098999
v -0.713343 2.60179 0.00774
v -0.734544 2.6059 0.019514
v -0.715552 2.60725 0.036747
v -0.701167 2.58706 -0.017769
v -0.356993 1.63668 0.063826
v -0.342429 1.61429 0.06423
v -0.30224 1.50468 0.081586
v -0.344489 1.95904 0.076096
v -0.362054 1.94946 0.064753
v -0.383203 1.94098 0.062213
v -0.474005 1.98978 -0.004818
v -0.469197 1.97801 -0.02999
v -0.473878 1.99398 0.020536
v -0.46882 1.99049 0.045491
v -0.458946 1.97942 0.069473
v -0.423211 1.9475 0.066243
v -0.390093 1.97054 0.03993
v -0.431929 1.96498 0.040596
v -0.402915 1.94021 0.064255
v -0.383203 1.94098 0.062213
v -0.344489 1.95904 0.076096
v -0.371013 2.00895 0.045517
v -0.362054 1.94946 0.064753
v -0.37877 2.02172 0.028439
v -0.382612 2.02584 0.010679
v -0.38246 2.02121 -0.007369
v -0.378312 2.00795 -0.025305
v -0.358436 1.95712 -0.059237
v -0.373292 1.94792 -0.044287
v -0.395636 1.9694 -0.015236
v -0.393454 1.93957 -0.037251
v -0.403687 1.93792 -0.036173
v -0.4141 1.93898 -0.035115
v -0.43491 1.94685 -0.033081
v -0.437928 1.96904 0.003968
v -0.397791 1.98304 0.003524
v -0.437576 1.97137 0.016408
v -0.397361 1.9853 0.010627
v -0.395401 1.98215 0.024346
v -0.367244 1.63527 -0.035637
v -0.353003 1.61284 -0.038374
v -0.393454 1.93957 -0.037251
v -0.373292 1.94792 -0.044287
v -0.358436 1.95712 -0.059237
v -0.316881 1.50266 -0.060477
v -0.869843 2.43456 0.105366
v -0.356993 1.63668 0.063826
v -0.458946 1.97942 0.069473
v -0.724949 2.39326 0.091019
v -0.735097 2.42351 0.091636
v -0.730619 2.45375 0.090746
v -0.383203 1.94098 0.062213
v -0.402915 1.94021 0.064255
v -0.423211 1.9475 0.066243
v -0.458946 1.97942 0.069473
v -0.46882 1.99049 0.045491
v -0.724949 2.39326 0.091019
v -0.722803 2.38421 0.057841
v -0.474005 1.98978 -0.004818
v -0.726307 2.38373 0.023839
v -0.473878 1.99398 0.020536
v -0.469197 1.97801 -0.02999
v -0.7352 2.39185 -0.008444
v -0.367244 1.63527 -0.035637
v -0.469197 1.97801 -0.02999
v -0.880093 2.43315 0.005903
v -0.74087 2.45234 -0.008718
v -0.745377 2.42244 -0.007829
v -0.7352 2.39185 -0.008444
v -0.43491 1.94685 -0.033081
v -0.4141 1.93898 -0.035115
v -0.403687 1.93792 -0.036173
v -0.393454 1.93957 -0.037251
v -0.292329 2.58989 0.077159
v -0.284316 2.59099 0.071723
v -0.297498 2.62738 0.07716
v -0.285173 2.63024 0.069577
v -0.26595 2.59352 0.066011
v -0.271356 2.63273 0.066012
v -0.27541 2.59222 0.067959
v -0.26098 2.56209 -0.077744
v -0.229606 2.54188 -0.062425
v -0.254653 2.52622 -0.058886
v -0.279532 2.55307 -0.077194
v -0.274318 2.57544 -0.081769
v -0.222411 2.51866 -0.024389
v -0.238674 2.51299 -0.0382
v -0.224421 2.52364 -0.03699
v -0.231201 2.50824 -0.018696
v -0.243375 2.47322 -0.027423
v -0.25025 2.48009 -0.042987
v -0.219376 2.52642 0.014691
v -0.230156 2.50946 0.001456
v -0.220813 2.51733 -0.010926
v -0.238147 2.51989 0.027732
v -0.243388 2.48101 0.02342
v -0.239821 2.47369 0.006972
v -0.239737 2.47096 -0.010395
v -0.247058 2.56401 0.057364
v -0.265168 2.55482 0.060749
v -0.219407 2.54328 0.03654
v -0.259313 2.57747 0.063636
v -0.27541 2.59222 0.067959
v -0.284316 2.59099 0.071723
v -0.277559 2.54255 0.069628
v -0.258153 2.50636 0.050931
v -0.26595 2.59352 0.066011
v -0.263633 2.58521 0.065398
v -0.292329 2.58989 0.077159
v -0.27036 2.50467 -0.067568
v -0.309413 2.58753 -0.088613
v -0.300463 2.58877 -0.084958
v -0.293288 2.54039 -0.082928
v -0.281326 2.59141 -0.083184
v -0.278895 2.58313 -0.082822
v -0.29098 2.59008 -0.083125
v -0.309413 2.58753 -0.088613
v -0.314582 2.62503 -0.088612
v -0.300463 2.58877 -0.084958
v -0.286731 2.63061 -0.083183
v -0.29098 2.59008 -0.083125
v -0.300978 2.62807 -0.083785
v -0.281326 2.59141 -0.083184
v -0.281326 2.59141 -0.083184
v -0.286731 2.63061 -0.083183
v -0.23986 2.59712 -0.087539
v -0.306847 2.62784 -0.081071
v -0.337381 2.84932 -0.081064
v -0.275799 2.85781 -0.087531
v -0.26595 2.59352 0.066011
v -0.263633 2.58521 0.065398
v -0.224484 2.59924 0.061656
v -0.259313 2.57747 0.063636
v -0.221938 2.57853 0.058712
v -0.219407 2.54328 0.03654
v -0.220201 2.55938 0.050114
v -0.247058 2.56401 0.057364
v -0.234085 2.13145 0.080944
v -0.335037 2.62185 0.096645
v -0.281977 2.12485 0.099443
v -0.201772 2.13591 0.040751
v -0.258153 2.50636 0.050931
v -0.193697 2.13702 -0.010367
v -0.239821 2.47369 0.006972
v -0.212023 2.1345 -0.058713
v -0.243375 2.47322 -0.027423
v -0.251839 2.12901 -0.091331
v -0.27036 2.50467 -0.067568
v -0.302478 2.12203 -0.099483
v -0.35529 2.61906 -0.09987
v -0.385877 2.61485 -0.096658
v -0.382684 2.11097 -0.040791
v -0.425078 2.49704 -0.059224
v -0.350371 2.11543 -0.080984
v -0.390759 2.10985 0.010327
v -0.437331 2.44758 -0.010239
v -0.372433 2.11238 0.058672
v -0.433134 2.44816 0.03048
v -0.332616 2.11787 0.091291
v -0.411286 2.49896 0.074533
v -0.365625 2.61763 0.099858
v -0.314582 2.62503 -0.088612
v -0.309413 2.58753 -0.088613
v -0.3252 2.62321 -0.093458
v -0.293288 2.54039 -0.082928
v -0.25025 2.48009 -0.042987
v -0.239737 2.47096 -0.010395
v -0.243388 2.48101 0.02342
v -0.277559 2.54255 0.069628
v -0.292329 2.58989 0.077159
v -0.297498 2.62738 0.07716
v -0.306899 2.62573 0.084119
v -0.395714 2.61349 0.093446
v -0.412521 2.61219 0.085155
v -0.40283 2.58373 0.088417
v -0.400267 2.55291 0.087513
v -0.426959 2.45986 0.048357
v -0.436791 2.44379 0.010383
v -0.434962 2.45877 -0.029342
v -0.417088 2.5506 -0.075698
v -0.414015 2.61097 -0.084132
v -0.428774 2.60995 -0.072555
v -0.419886 2.58143 -0.07692
v -0.475791 2.61759 0.06574
v -0.426811 2.61443 0.077963
v -0.412521 2.61219 0.085155
v -0.437004 2.60613 0.076512
v -0.416018 2.5945 0.083258
v -0.454087 2.60369 0.076127
v -0.430158 2.57487 0.083093
v -0.425473 2.58977 0.081521
v -0.435475 2.58575 0.081973
v -0.419809 2.57306 0.083107
v -0.41034 2.5745 0.084939
v -0.439087 2.54005 0.07861
v -0.420365 2.55476 0.081656
v -0.429321 2.56312 0.08287
v -0.437558 2.51714 0.067787
v -0.42326 2.50883 0.068805
v -0.410041 2.55291 0.083401
v -0.486139 2.49109 0.03783
v -0.454485 2.49517 0.04765
v -0.472531 2.50289 0.056237
v -0.463244 2.48622 0.030347
v -0.443385 2.47138 0.029371
v -0.436591 2.48249 0.047592
v -0.490844 2.49044 -0.007841
v -0.467441 2.48329 0.012092
v -0.492886 2.48653 0.01555
v -0.466366 2.48668 -0.008166
v -0.446964 2.47209 -0.010955
v -0.446904 2.46765 0.010155
v -0.453242 2.5381 -0.058707
v -0.459091 2.4987 -0.03068
v -0.481315 2.50167 -0.028944
v -0.444612 2.56105 -0.065519
v -0.435255 2.5549 -0.066402
v -0.436912 2.57793 -0.067546
v -0.428119 2.58063 -0.07131
v -0.425648 2.55336 -0.070164
v -0.442846 2.52914 -0.056838
v -0.445528 2.57279 -0.065889
v -0.467565 2.60181 -0.055028
v -0.450246 2.60326 -0.05947
v -0.450521 2.58369 -0.064019
v -0.486771 2.61608 -0.040806
v -0.440652 2.61127 -0.063205
v -0.419886 2.58143 -0.07692
v -0.428774 2.60995 -0.072555
v -0.425078 2.49704 -0.059224
v -0.430857 2.52313 -0.060557
v -0.417088 2.5506 -0.075698
v -0.442463 2.48699 -0.034058
v -0.437331 2.44758 -0.010239
v -0.434962 2.45877 -0.029342
v -0.436791 2.44379 0.010383
v -0.426959 2.45986 0.048357
v -0.433134 2.44816 0.03048
v -0.400267 2.55291 0.087513
v -0.411286 2.49896 0.074533
v -0.40283 2.58373 0.088417
v -0.911982 2.50446 0.133853
v -0.902643 2.48963 0.131372
v -0.640189 2.54193 0.105311
v -0.894085 2.47543 0.125587
v -0.439087 2.54005 0.07861
v -0.886699 2.46252 0.116761
v -0.709839 2.4869 0.098188
v -0.692626 2.46698 0.070095
v -0.472531 2.50289 0.056237
v -0.486139 2.49109 0.03783
v -0.688919 2.4595 0.036097
v -0.492886 2.48653 0.01555
v -0.688963 2.46152 0.053397
v -0.692496 2.46103 0.019119
v -0.490844 2.49044 -0.007841
v -0.72214 2.48521 -0.021168
v -0.481315 2.50167 -0.028944
v -0.699502 2.46604 0.003373
v -0.898999 2.46082 -0.002595
v -0.908067 2.47351 -0.010089
v -0.453242 2.5381 -0.058707
v -0.927358 2.50234 -0.015342
v -0.655565 2.53981 -0.043884
v -0.917667 2.48756 -0.014403
v -0.680878 2.56529 -0.035897
v -0.450521 2.58369 -0.064019
v -0.467565 2.60181 -0.055028
v -0.713343 2.60179 0.00774
v -0.486771 2.61608 -0.040806
v -0.701167 2.58706 -0.017769
v -0.715552 2.60725 0.036747
v -0.303997 2.66399 -0.006472
v -0.707459 2.6026 0.064835
v -0.690295 2.58855 0.087728
v -0.475791 2.61759 0.06574
v -0.454087 2.60369 0.076127
v -0.435475 2.58575 0.081973
v -0.666673 2.56725 0.101941
v -0.306414 2.64094 -0.059746
v -0.306175 2.65778 -0.035364
v -0.445528 2.57279 -0.065889
v -0.444612 2.56105 -0.065519
v -0.429321 2.56312 0.08287
v -0.430158 2.57487 0.083093
v -0.295434 2.64245 0.0468
v -0.30022 2.6586 0.022419
v -0.886699 2.46252 0.116761
v -0.881775 2.45391 0.110877
v -0.709839 2.4869 0.098188
v -0.721159 2.47138 0.092223
v -0.869843 2.43456 0.105366
v -0.730619 2.45375 0.090746
v -0.876069 2.44444 0.10702
v -0.722803 2.38421 0.057841
v -0.724949 2.39326 0.091019
v -0.726307 2.38373 0.023839
v -0.7352 2.39185 -0.008444
v -0.740161 2.4209 0.004568
v -0.721981 2.4464 0.02018
v -0.733333 2.41529 0.029125
v -0.74087 2.45234 -0.008718
v -0.730621 2.4531 0.000719
v -0.745377 2.42244 -0.007829
v -0.737474 2.45924 -0.009396
v -0.699502 2.46604 0.003373
v -0.72214 2.48521 -0.021168
v -0.73196 2.4699 -0.012587
v -0.692496 2.46103 0.019119
v -0.688919 2.4595 0.036097
v -0.688963 2.46152 0.053397
v -0.692626 2.46698 0.070095
v -0.709839 2.4869 0.098188
v -0.721159 2.47138 0.092223
v -0.727037 2.46047 0.090239
v -0.722349 2.45399 0.07892
v -0.735097 2.42351 0.091636
v -0.735152 2.42755 0.090903
v -0.730619 2.45375 0.090746
v -0.73244 2.4217 0.077825
v -0.730844 2.41568 0.053557
v -0.717979 2.4469 0.058548
v -0.717978 2.44461 0.039545
v -0.880093 2.43315 0.005903
v -0.886554 2.443 0.005277
v -0.74087 2.45234 -0.008718
v -0.73196 2.4699 -0.012587
v -0.898999 2.46082 -0.002595
v -0.72214 2.48521 -0.021168
v -0.892954 2.45237 0.0024
v -0.286731 2.63061 -0.083183
v -0.300978 2.62807 -0.083785
v -0.306847 2.62784 -0.081071
v -0.428774 2.60995 -0.072555
v -0.306463 2.631 -0.07327
v -0.3252 2.62321 -0.093458
v -0.414015 2.61097 -0.084132
v -0.314582 2.62503 -0.088612
v -0.486771 2.61608 -0.040806
v -0.306414 2.64094 -0.059746
v -0.306317 2.63541 -0.066094
v -0.306847 2.62784 -0.081071
v -0.306463 2.631 -0.07327
v -0.337381 2.84932 -0.081064
v -0.306317 2.63541 -0.066094
v -0.306414 2.64094 -0.059746
v -0.306175 2.65778 -0.035364
v -0.342408 2.9142 -0.043764
v -0.341472 2.88661 -0.071069
v -0.30022 2.6586 0.022419
v -0.33472 2.91525 0.030834
v -0.303997 2.66399 -0.006472
v -0.322005 2.85144 0.068131
v -0.328157 2.88845 0.058137
v -0.295434 2.64245 0.0468
v -0.294029 2.6371 0.053148
v -0.291471 2.62996 0.068124
v -0.292695 2.63289 0.060324
v -0.339936 2.92468 -0.006465
v -0.292695 2.63289 0.060324
v -0.412521 2.61219 0.085155
v -0.291471 2.62996 0.068124
v -0.475791 2.61759 0.06574
v -0.295434 2.64245 0.0468
v -0.294029 2.6371 0.053148
v -0.297498 2.62738 0.07716
v -0.285173 2.63024 0.069577
v -0.271356 2.63273 0.066012
v -0.306899 2.62573 0.084119
v -0.395714 2.61349 0.093446
v -0.306899 2.62573 0.084119
v -0.395714 2.61349 0.093446
v -0.335037 2.62185 0.096645
v -0.365625 2.61763 0.099858
v -1.10703 2.70549 0.010396
v -1.11318 2.7425 0.000403
v -1.08428 2.74648 -0.002632
v -1.0609 2.71185 0.005552
v -1.10046 2.67869 0.037699
v -1.1182 2.80737 0.037703
v -0.87138 2.81998 -0.011471
v -1.11727 2.77979 0.010398
v -0.871785 2.84314 0.015074
v -1.11052 2.80843 0.112301
v -0.864765 2.8441 0.083194
v -1.11573 2.81785 0.075002
v -0.858888 2.8217 0.109739
v -1.0978 2.74462 0.149597
v -1.06891 2.7486 0.146563
v -1.10395 2.78162 0.139604
v -1.09371 2.70732 0.139602
v -1.04759 2.71368 0.134759
v -1.09525 2.66926 0.074998
v -1.03404 2.68784 0.106129
v -1.09278 2.67974 0.112297
v -1.04173 2.68678 0.031531
v -0.865624 2.77663 -0.025594
v -0.868279 2.78745 -0.024646
v -1.03189 2.67799 0.068345
v -0.850248 2.77874 0.123601
v -0.853073 2.78954 0.122911
v -0.869405 2.85181 0.049134
v -0.853073 2.78954 0.122911
v -0.868279 2.78745 -0.024646
v -0.858888 2.8217 0.109739
v -0.87138 2.81998 -0.011471
v -0.864765 2.8441 0.083194
v -0.869405 2.85181 0.049134
v -0.871785 2.84314 0.015074
v -1.10703 2.70549 0.010396
v -1.09278 2.67974 0.112297
v -1.11318 2.7425 0.000403
v -1.10046 2.67869 0.037699
v -1.09525 2.66926 0.074998
v -1.09371 2.70732 0.139602
v -1.11727 2.77979 0.010398
v -1.0978 2.74462 0.149597
v -1.10395 2.78162 0.139604
v -1.11052 2.80843 0.112301
v -1.1182 2.80737 0.037703
v -1.11573 2.81785 0.075002
v -0.850248 2.77874 0.123601
v -1.06891 2.7486 0.146563
v -0.848885 2.77547 0.123507
v -0.911982 2.50446 0.133853
v -0.845486 2.76926 0.123245
v -0.640189 2.54193 0.105311
v -0.69642 2.56781 0.110739
v -0.741556 2.60757 0.114827
v -0.847295 2.7723 0.123388
v -0.865624 2.77663 -0.025594
v -0.864261 2.77336 -0.025688
v -1.08428 2.74648 -0.002632
v -0.862671 2.77019 -0.025807
v -0.860862 2.76714 -0.02595
v -0.927358 2.50234 -0.015342
v -0.756932 2.60545 -0.034368
v -0.655565 2.53981 -0.043884
v -0.710111 2.56474 -0.038616
v -0.322005 2.85144 0.068131
v -0.260423 2.85993 0.061664
v -0.328157 2.88845 0.058137
v -0.266575 2.89694 0.05167
v -0.33472 2.91525 0.030834
v -0.278354 2.93317 -0.012932
v -0.339936 2.92468 -0.006465
v -0.273138 2.92374 0.024367
v -0.280826 2.92269 -0.050231
v -0.342408 2.9142 -0.043764
v -0.275799 2.85781 -0.087531
v -0.341472 2.88661 -0.071069
v -0.27989 2.8951 -0.077536
v -0.337381 2.84932 -0.081064
v -0.132429 0.59115 0.114076
v -0.1822 0.584289 0.073303
v -0.06913 0.599876 0.124266
v -0.205108 0.581133 0.012871
v 0.018313 0.611937 -0.073429
v -0.195013 0.582527 -0.051026
v -0.031458 0.605076 -0.114202
v -0.094757 0.59635 -0.124392
v -0.154622 0.588096 -0.101268
v 0.041221 0.615093 -0.012997
v 0.031126 0.6137 0.050901
v -0.009265 0.60813 0.101142
v -0.280747 1.50296 -0.101243
v -0.316881 1.50266 -0.060477
v -0.358436 1.95712 -0.059237
v -0.378312 2.00795 -0.025305
v -0.382684 2.11097 -0.040791
v -0.38246 2.02121 -0.007369
v -0.390759 2.10985 0.010327
v -0.382612 2.02584 0.010679
v -0.371013 2.00895 0.045517
v -0.372433 2.11238 0.058672
v -0.37877 2.02172 0.028439
v -0.344489 1.95904 0.076096
v -0.258554 1.50601 0.114102
v -0.30224 1.50468 0.081586
v -0.308325 1.49915 0.073328
v -0.335587 1.57543 0.030878
v -0.331233 1.496 0.012897
v -0.328052 1.56109 0.048682
v -0.339384 1.58006 0.012545
v -0.339392 1.5749 -0.006041
v -0.335604 1.56006 -0.024597
v -0.321138 1.49739 -0.051001
v -0.13539 1.52299 0.101168
v -0.281977 2.12485 0.099443
v -0.195255 1.51474 0.124292
v -0.234085 2.13145 0.080944
v -0.084904 1.52996 -0.012971
v -0.201772 2.13591 0.040751
v -0.094999 1.52856 0.050926
v -0.193697 2.13702 -0.010367
v -0.157583 1.51994 -0.114176
v -0.212023 2.1345 -0.058713
v -0.107812 1.5268 -0.073403
v -0.220882 1.51121 -0.124366
v -0.302478 2.12203 -0.099483
v -0.350371 2.11543 -0.080984
v -0.332616 2.11787 0.091291
v -0.251839 2.12901 -0.091331
v -0.26595 2.59352 0.066011
v -0.224484 2.59924 0.061656
v -0.271356 2.63273 0.066012
v -0.260423 2.85993 0.061664
v -0.322005 2.85144 0.068131
v -0.291471 2.62996 0.068124
v -0.266575 2.89694 0.05167
v -0.260423 2.85993 0.061664
v -0.273138 2.92374 0.024367
v -0.221938 2.57853 0.058712
v -0.220201 2.55938 0.050114
v -0.224484 2.59924 0.061656
v -0.219407 2.54328 0.03654
v -0.220813 2.51733 -0.010926
v -0.278354 2.93317 -0.012932
v -0.219376 2.52642 0.014691
v -0.222411 2.51866 -0.024389
v -0.224421 2.52364 -0.03699
v -0.280826 2.92269 -0.050231
v -0.233197 2.55759 -0.075998
v -0.23986 2.59712 -0.087539
v -0.229606 2.54188 -0.062425
v -0.236708 2.5765 -0.084596
v -0.27989 2.8951 -0.077536
v -0.275799 2.85781 -0.087531
v -0.229606 2.54188 -0.062425
v -0.26098 2.56209 -0.077744
v -0.233197 2.55759 -0.075998
v -0.236708 2.5765 -0.084596
v -0.278895 2.58313 -0.082822
v -0.23986 2.59712 -0.087539
v -0.274318 2.57544 -0.081769
v -0.281326 2.59141 -0.083184
v -0.3252 2.62321 -0.093458
v -0.35529 2.61906 -0.09987
v -0.414015 2.61097 -0.084132
v -0.385877 2.61485 -0.096658
v -0.243064 1.03022 -0.221636
v -0.260022 1.15407 -0.22165
v -0.073085 1.05351 -0.102764
v -0.090042 1.17736 -0.102778
v -0.243064 1.03022 -0.221636
v -0.279999 1.02517 -0.236268
v -0.260022 1.15407 -0.22165
v -0.296956 1.14901 -0.236283
v -0.353271 1.01513 -0.211626
v -0.370229 1.13898 -0.211641
v -0.319518 1.01975 -0.232679
v -0.37413 1.01228 -0.177557
v -0.377686 1.0118 -0.13767
v -0.394643 1.13565 -0.137685
v -0.363189 1.01379 -0.100391
v -0.380146 1.13763 -0.100405
v -0.391087 1.13613 -0.177572
v -0.336475 1.1436 -0.232693
v -0.245415 1.02994 0.071175
v -0.262373 1.15378 0.071161
v -0.363189 1.01379 -0.100391
v -0.380146 1.13763 -0.100405
v -0.262373 1.15378 0.071161
v -0.245415 1.02994 0.071175
v -0.216088 1.16012 0.111709
v -0.13925 1.04448 0.124906
v -0.156207 1.16832 0.124892
v -0.199131 1.03628 0.111724
v -0.097396 1.17637 0.10748
v -0.080439 1.05253 0.107494
v -0.01985 1.06081 0.004392
v -0.036808 1.18466 0.004378
v -0.037101 1.05846 0.063752
v -0.032911 1.05902 -0.056047
v -0.073085 1.05351 -0.102764
v -0.090042 1.17736 -0.102778
v -0.049868 1.18286 -0.056061
v -0.054059 1.1823 0.063737
v -0.279999 1.02517 -0.236268
v -0.243064 1.03022 -0.221636
v -0.363189 1.01379 -0.100391
v -0.377686 1.0118 -0.13767
v -0.37413 1.01228 -0.177557
v -0.353271 1.01513 -0.211626
v -0.319518 1.01975 -0.232679
v -0.032911 1.05902 -0.056047
v -0.245415 1.02994 0.071175
v -0.073085 1.05351 -0.102764
v -0.01985 1.06081 0.004392
v -0.037101 1.05846 0.063752
v -0.080439 1.05253 0.107494
v -0.13925 1.04448 0.124906
v -0.199131 1.03628 0.111724
v -0.216088 1.16012 0.111709
v -0.097396 1.17637 0.10748
v -0.262373 1.15378 0.071161
v -0.156207 1.16832 0.124892
v -0.054059 1.1823 0.063737
v -0.036808 1.18466 0.004378
v -0.049868 1.18286 -0.056061
v -0.090042 1.17736 -0.102778
v -0.380146 1.13763 -0.100405
v -0.296956 1.14901 -0.236283
v -0.391087 1.13613 -0.177572
v -0.260022 1.15407 -0.22165
v -0.336475 1.1436 -0.232693
v -0.370229 1.13898 -0.211641
v -0.394643 1.13565 -0.137685
v -0.298924 0.654058 0.125
v -0.290693 0.670203 -0.125
v -0.290693 0.670203 0.125
v -0.298924 0.654058 -0.125
v -0.276183 0.681059 -0.125
v -0.276183 0.681059 0.125
v -0.240913 0.679534 -0.125
v -0.258371 0.684398 0.125
v -0.258371 0.684398 -0.125
v -0.240913 0.679534 0.125
v -0.220588 0.65067 -0.125
v -0.227394 0.667466 0.125
v -0.227394 0.667466 -0.125
v -0.220588 0.65067 0.125
v -0.221891 0.632594 -0.125
v -0.221891 0.632594 0.125
v -0.324678 0.300925 0.01
v -0.324678 0.300925 0.07
v -0.306654 0.359084 0.07
v -0.221891 0.632594 0.125
v -0.221891 0.632594 -0.125
v -0.306654 0.359084 0.01
v -0.239319 0.57636 0.125
v -0.239319 0.57636 -0.125
v -0.298924 0.654058 -0.125
v -0.298924 0.654058 0.125
v -0.367806 0.376123 0.07
v -0.382453 0.317022 0.07
v -0.382453 0.317022 0.01
v -0.313086 0.596913 -0.125
v -0.313086 0.596913 0.125
v -0.367806 0.376123 0.01
v -0.227394 0.667466 -0.125
v -0.220588 0.65067 -0.125
v -0.240913 0.679534 -0.125
v -0.258371 0.684398 -0.125
v -0.276183 0.681059 -0.125
v -0.290693 0.670203 -0.125
v -0.221891 0.632594 -0.125
v -0.239319 0.57636 -0.125
v -0.298924 0.654058 -0.125
v -0.313086 0.596913 -0.125
v -0.239319 0.57636 -0.125
v -0.306654 0.359084 0.01
v -0.313086 0.596913 -0.125
v -0.367806 0.376123 0.01
v -0.290693 0.670203 0.125
v -0.276183 0.681059 0.125
v -0.258371 0.684398 0.125
v -0.240913 0.679534 0.125
v -0.227394 0.667466 0.125
v -0.220588 0.65067 0.125
v -0.221891 0.632594 0.125
v -0.298924 0.654058 0.125
v -0.239319 0.57636 0.125
v -0.313086 0.596913 0.125
v -0.239319 0.57636 0.125
v -0.313086 0.596913 0.125
v -0.306654 0.359084 0.07
v -0.367806 0.376123 0.07
v -0.374554 0.288599 0.01
v -0.382238 0.301772 0.01
v -0.361386 0.280906 0.01
v -0.346137 0.280681 0.01
v -0.332747 0.287983 0.01
v -0.382453 0.317022 0.01
v -0.367806 0.376123 0.01
v -0.324678 0.300925 0.01
v -0.306654 0.359084 0.01
v -0.346137 0.280681 0.01
v -0.382453 0.317022 0.01
v -0.382453 0.317022 0.07
v -0.374554 0.288599 0.07
v -0.382238 0.301772 0.01
v -0.382238 0.301772 0.07
v -0.374554 0.288599 0.01
v -0.346137 0.280681 0.07
v -0.361386 0.280906 0.01
v -0.361386 0.280906 0.07
v -0.332747 0.287983 0.01
v -0.324678 0.300925 0.01
v -0.332747 0.287983 0.07
v -0.324678 0.300925 0.07
v -0.332747 0.287983 0.07
v -0.346137 0.280681 0.07
v -0.361386 0.280906 0.07
v -0.374554 0.288599 0.07
v -0.382238 0.301772 0.07
v -0.382453 0.317022 0.07
v -0.324678 0.300925 0.07
v -0.367806 0.376123 0.07
v -0.306654 0.359084 0.07
v -0.190552 0.001629 -0.125
v -0.177544 -0.010988 0.125
v -0.177544 -0.010988 -0.125
v -0.190552 0.001629 0.125
v -0.160303 -0.01657 -0.125
v -0.160303 -0.01657 0.125
v -0.12742 -0.003725 0.125
v -0.142368 -0.013971 -0.125
v -0.142368 -0.013971 0.125
v -0.12742 -0.003725 -0.125
v -0.117518 0.03016 0.125
v -0.118528 0.012066 -0.125
v -0.118528 0.012066 0.125
v -0.117518 0.03016 -0.125
v -0.124595 0.046844 0.125
v -0.124595 0.046844 -0.125
v -0.329088 0.327473 -0.01
v -0.329088 0.327473 -0.07
v -0.293229 0.278263 -0.07
v -0.124595 0.046844 -0.125
v -0.124595 0.046844 0.125
v -0.293229 0.278263 -0.01
v -0.159267 0.094424 -0.125
v -0.159267 0.094424 0.125
v -0.190552 0.001629 0.125
v -0.190552 0.001629 -0.125
v -0.345589 0.24237 -0.07
v -0.378556 0.293562 -0.07
v -0.378556 0.293562 -0.01
v -0.222428 0.051126 0.125
v -0.222428 0.051126 -0.125
v -0.345589 0.24237 -0.01
v -0.118528 0.012066 0.125
v -0.117518 0.03016 0.125
v -0.12742 -0.003725 0.125
v -0.142368 -0.013971 0.125
v -0.160303 -0.01657 0.125
v -0.177544 -0.010988 0.125
v -0.124595 0.046844 0.125
v -0.159267 0.094424 0.125
v -0.190552 0.001629 0.125
v -0.222428 0.051126 0.125
v -0.159267 0.094424 0.125
v -0.293229 0.278263 -0.01
v -0.222428 0.051126 0.125
v -0.345589 0.24237 -0.01
v -0.177544 -0.010988 -0.125
v -0.160303 -0.01657 -0.125
v -0.142368 -0.013971 -0.125
v -0.12742 -0.003725 -0.125
v -0.118528 0.012066 -0.125
v -0.117518 0.03016 -0.125
v -0.124595 0.046844 -0.125
v -0.190552 0.001629 -0.125
v -0.159267 0.094424 -0.125
v -0.222428 0.051126 -0.125
v -0.159267 0.094424 -0.125
v -0.222428 0.051126 -0.125
v -0.293229 0.278263 -0.07
v -0.345589 0.24237 -0.07
v -0.38027 0.323012 -0.01
v -0.383283 0.308062 -0.01
v -0.370296 0.334549 -0.01
v -0.355939 0.339692 -0.01
v -0.340908 0.337111 -0.01
v -0.378556 0.293562 -0.01
v -0.345589 0.24237 -0.01
v -0.329088 0.327473 -0.01
v -0.293229 0.278263 -0.01
v -0.355939 0.339692 -0.01
v -0.378556 0.293562 -0.01
v -0.383283 0.308062 -0.07
v -0.383283 0.308062 -0.01
v -0.378556 0.293562 -0.07
v -0.38027 0.323012 -0.07
v -0.38027 0.323012 -0.01
v -0.355939 0.339692 -0.07
v -0.370296 0.334549 -0.01
v -0.370296 0.334549 -0.07
v -0.340908 0.337111 -0.01
v -0.329088 0.327473 -0.01
v -0.340908 0.337111 -0.07
v -0.329088 0.327473 -0.07
v -0.340908 0.337111 -0.07
v -0.355939 0.339692 -0.07
v -0.370296 0.334549 -0.07
v -0.38027 0.323012 -0.07
v -0.383283 0.308062 -0.07
v -0.378556 0.293562 -0.07
v -0.329088 0.327473 -0.07
v -0.345589 0.24237 -0.07
v -0.293229 0.278263 -0.07
v -0.263748 1.18248 0
v -0.214216 1.1893 -0.086603
v -0.164683 1.19612 -0.1
v -0.11515 1.20294 -0.086603
v -0.07889 1.20793 -0.05
v -0.07889 1.20793 0.05
v -0.250476 1.1843 -0.05
v -0.065617 1.20976 0
v -0.11515 1.20294 0.086603
v -0.250476 1.1843 0.05
v -0.164683 1.19612 0.1
v -0.214216 1.1893 0.086603
v 0.099065 0.013639 0
v 0.049533 0.00682 -0.086603
v 0 0 -0.1
v -0.049533 -0.00682 -0.086603
v -0.099065 -0.01364 0
v 0.085793 0.011812 -0.05
v -0.085793 -0.011812 -0.05
v -0.085793 -0.011812 0.05
v -0.049533 -0.00682 0.086603
v 0.085793 0.011812 0.05
v 0 0 0.1
v 0.049533 0.00682 0.086603
v 0 0 0.1
v -0.07889 1.20793 0.05
v 0.049533 0.00682 0.086603
v -0.11515 1.20294 0.086603
v 0.085793 0.011812 0.05
v -0.07889 1.20793 -0.05
v 0.099065 0.013639 0
v -0.065617 1.20976 0
v 0.085793 0.011812 -0.05
v -0.164683 1.19612 -0.1
v 0.049533 0.00682 -0.086603
v -0.11515 1.20294 -0.086603
v 0 0 -0.1
v -0.250476 1.1843 -0.05
v -0.049533 -0.00682 -0.086603
v -0.214216 1.1893 -0.086603
v -0.085793 -0.011812 -0.05
v -0.250476 1.1843 0.05
v -0.099065 -0.01364 0
v -0.263748 1.18248 0
v -0.085793 -0.011812 0.05
v -0.164683 1.19612 0.1
v -0.049533 -0.00682 0.086603
v -0.214216 1.1893 0.086603
vt 0.0876503 0.0417339
vt 0.0897301 0.0475923
vt 0.0893423 0.0420466
vt 0.0880981 0.0481376
vt 0.0897301 0.0475923
vt 0.0876503 0.0417339
vt 0.0864061 0.0478248
vt 0.0880981 0.0481376
vt 0.0876503 0.0417339
vt 0.0851075 0.0467379
vt 0.0864061 0.0478248
vt 0.0860183 0.0422791
vt 0.0845502 0.0451681
vt 0.0851075 0.0467379
vt 0.0860183 0.0422791
vt 0.0848836 0.0435361
vt 0.0845502 0.0451681
vt 0.0860183 0.0422791
vt 0.0860183 0.0422791
vt 0.0864061 0.0478248
vt 0.0876503 0.0417339
vt 0.0906409 0.0431335
vt 0.0893423 0.0420466
vt 0.0897301 0.0475923
vt 0.0911981 0.0447033
vt 0.0906409 0.0431335
vt 0.0897301 0.0475923
vt 0.0908648 0.0463354
vt 0.0911981 0.0447033
vt 0.0897301 0.0475923
vt 0.0854928 0.0427026
vt 0.0848836 0.0435361
vt 0.085215 0.0430152
vt 0.0911084 0.0441495
vt 0.0906409 0.0431335
vt 0.090786 0.0433613
vt 0.0888501 0.0418614
vt 0.0876503 0.0417338
vt 0.0881058 0.0417321
vt 0.0906715 0.0466653
vt 0.0908648 0.0463354
vt 0.0910504 0.0458885
vt 0.0897301 0.0475923
vt 0.0908648 0.0463354
vt 0.0906715 0.0466653
vt 0.0876406 0.0481391
vt 0.0880981 0.0481375
vt 0.088548 0.0480761
vt 0.0864061 0.0478248
vt 0.0880981 0.0481375
vt 0.0876406 0.0481391
vt 0.0848533 0.0463045
vt 0.0851075 0.0467379
vt 0.085959 0.047572
vt 0.0845502 0.0451681
vt 0.0851075 0.0467379
vt 0.0848533 0.0463045
vt 0.0860183 0.042279
vt 0.0848836 0.0435361
vt 0.0854928 0.0427026
vt 0.0893423 0.0420466
vt 0.0876503 0.0417338
vt 0.0888501 0.0418614
vt 0.0911981 0.0447033
vt 0.0906409 0.0431335
vt 0.0911084 0.0441495
vt 0.0860183 0.042279
vt 0.0865629 0.0419913
vt 0.0876503 0.0417338
vt 0.0858182 0.0424201
vt 0.0865629 0.0419913
vt 0.0860183 0.042279
vt 0.0858182 0.0424201
vt 0.0860183 0.042279
vt 0.0854928 0.0427026
vt 0.0847821 0.0437565
vt 0.085215 0.0430152
vt 0.0848836 0.0435361
vt 0.0845621 0.0446063
vt 0.0847821 0.0437565
vt 0.0848836 0.0435361
vt 0.0845502 0.0451681
vt 0.0845621 0.0446063
vt 0.0848836 0.0435361
vt 0.0845892 0.0454864
vt 0.0845621 0.0446063
vt 0.0845502 0.0451681
vt 0.0845892 0.0454864
vt 0.0845502 0.0451681
vt 0.0848533 0.0463045
vt 0.0864061 0.0478248
vt 0.085959 0.047572
vt 0.0851075 0.0467379
vt 0.08675 0.0479633
vt 0.085959 0.047572
vt 0.0864061 0.0478248
vt 0.08675 0.0479633
vt 0.0864061 0.0478248
vt 0.0876406 0.0481391
vt 0.0897301 0.0475923
vt 0.088548 0.0480761
vt 0.0880981 0.0481375
vt 0.0893909 0.0477862
vt 0.088548 0.0480761
vt 0.0897301 0.0475923
vt 0.0893909 0.0477862
vt 0.0897301 0.0475923
vt 0.0906715 0.0466653
vt 0.0911981 0.0447033
vt 0.0910504 0.0458885
vt 0.0908648 0.0463354
vt 0.0912039 0.0450201
vt 0.0910504 0.0458885
vt 0.0911981 0.0447033
vt 0.0912039 0.0450201
vt 0.0911981 0.0447033
vt 0.0911084 0.0441495
vt 0.0905556 0.0430171
vt 0.090786 0.0433613
vt 0.0906409 0.0431335
vt 0.0902739 0.0426969
vt 0.0905556 0.0430171
vt 0.0906409 0.0431335
vt 0.0893423 0.0420466
vt 0.0902739 0.0426969
vt 0.0906409 0.0431335
vt 0.0895976 0.0421798
vt 0.0902739 0.0426969
vt 0.0893423 0.0420466
vt 0.0895976 0.0421798
vt 0.0893423 0.0420466
vt 0.0888501 0.0418614
vt 0.0873495 0.0417682
vt 0.0876503 0.0417338
vt 0.0865629 0.0419913
vt 0.0873495 0.0417682
vt 0.0881058 0.0417321
vt 0.0876503 0.0417338
vt 0.0845502 0.0451681
vt 0.0860183 0.042279
vt 0.0851075 0.0467379
vt 0.0897301 0.0475923
vt 0.0893423 0.0420466
vt 0.0908648 0.0463354
vt 0.0876503 0.0417338
vt 0.0893423 0.0420466
vt 0.0897301 0.0475923
vt 0.0848836 0.0435361
vt 0.0860183 0.042279
vt 0.0845502 0.0451681
vt 0.0864061 0.0478248
vt 0.0851075 0.0467379
vt 0.0860183 0.042279
vt 0.0880981 0.0481375
vt 0.0864061 0.0478248
vt 0.0860183 0.042279
vt 0.0876503 0.0417338
vt 0.0880981 0.0481375
vt 0.0860183 0.042279
vt 0.0880981 0.0481375
vt 0.0876503 0.0417338
vt 0.0897301 0.0475923
vt 0.0906409 0.0431335
vt 0.0908648 0.0463354
vt 0.0893423 0.0420466
vt 0.0911981 0.0447033
vt 0.0908648 0.0463354
vt 0.0906409 0.0431335
vt 0.0906409 0.0431335
vt 0.0905556 0.0430171
vt 0.0902739 0.0426969
vt 0.0848836 0.0435361
vt 0.084782 0.0437565
vt 0.0845621 0.0446075
vt 0.0876503 0.0417339
vt 0.0873495 0.0417682
vt 0.0865629 0.0419913
vt 0.0893423 0.0420466
vt 0.0906409 0.0431335
vt 0.0902739 0.0426969
vt 0.0860183 0.0422791
vt 0.0876503 0.0417339
vt 0.0865629 0.0419913
vt 0.0845502 0.0451681
vt 0.0848836 0.0435361
vt 0.0845621 0.0446075
vt 0.0859607 0.0475732
vt 0.0851075 0.0467379
vt 0.084853 0.0463037
vt 0.0864061 0.0478248
vt 0.0851075 0.0467379
vt 0.0859607 0.0475732
vt 0.0885526 0.0480753
vt 0.0880981 0.0481376
vt 0.0876447 0.0481393
vt 0.0897301 0.0475923
vt 0.0880981 0.0481376
vt 0.0885526 0.0480753
vt 0.0910506 0.0458878
vt 0.0908648 0.0463354
vt 0.0906711 0.0466659
vt 0.0911981 0.0447033
vt 0.0908648 0.0463354
vt 0.0910506 0.0458878
vt 0.0895976 0.0421798
vt 0.0893423 0.0420466
vt 0.0902739 0.0426969
vt 0.090786 0.0433613
vt 0.0905556 0.0430171
vt 0.0906409 0.0431335
vt 0.0911084 0.0441495
vt 0.090786 0.0433613
vt 0.0906409 0.0431335
vt 0.0911981 0.0447033
vt 0.0911084 0.0441495
vt 0.0906409 0.0431335
vt 0.0912041 0.0450189
vt 0.0911084 0.0441495
vt 0.0911981 0.0447033
vt 0.0912041 0.0450189
vt 0.0911981 0.0447033
vt 0.0910506 0.0458878
vt 0.0897301 0.0475923
vt 0.0906711 0.0466659
vt 0.0908648 0.0463354
vt 0.0893929 0.0477853
vt 0.0906711 0.0466659
vt 0.0897301 0.0475923
vt 0.0893929 0.0477853
vt 0.0897301 0.0475923
vt 0.0885526 0.0480753
vt 0.0864061 0.0478248
vt 0.0876447 0.0481393
vt 0.0880981 0.0481376
vt 0.0867545 0.0479647
vt 0.0876447 0.0481393
vt 0.0864061 0.0478248
vt 0.0867545 0.0479647
vt 0.0864061 0.0478248
vt 0.0859607 0.0475732
vt 0.0845502 0.0451681
vt 0.084853 0.0463037
vt 0.0851075 0.0467379
vt 0.0845893 0.0454871
vt 0.084853 0.0463037
vt 0.0845502 0.0451681
vt 0.0845893 0.0454871
vt 0.0845502 0.0451681
vt 0.0845621 0.0446075
vt 0.085215 0.0430153
vt 0.084782 0.0437565
vt 0.0848836 0.0435361
vt 0.0854928 0.0427026
vt 0.085215 0.0430153
vt 0.0848836 0.0435361
vt 0.0860183 0.0422791
vt 0.0854928 0.0427026
vt 0.0848836 0.0435361
vt 0.0858182 0.0424201
vt 0.0854928 0.0427026
vt 0.0860183 0.0422791
vt 0.0858182 0.0424201
vt 0.0860183 0.0422791
vt 0.0865629 0.0419913
vt 0.0881058 0.0417321
vt 0.0873495 0.0417682
vt 0.0876503 0.0417339
vt 0.0888501 0.0418614
vt 0.0893423 0.0420466
vt 0.0895976 0.0421798
vt 0.0888501 0.0418614
vt 0.0876503 0.0417339
vt 0.0893423 0.0420466
vt 0.0888501 0.0418614
vt 0.0881058 0.0417321
vt 0.0876503 0.0417339
vt 0.0917534 0.0419587
vt 0.0881058 0.0417321
vt 0.0893791 0.0418112
vt 0.0844581 0.0415055
vt 0.0856025 0.0415766
vt 0.0917534 0.0419587
vt 0.0820562 0.0413563
vt 0.0844581 0.0415055
vt 0.0917534 0.0419587
vt 0.0811819 0.041302
vt 0.0820562 0.0413563
vt 0.0917534 0.0419587
vt 0.0844581 0.0415055
vt 0.0820562 0.0413563
vt 0.0811819 0.041302
vt 0.0856025 0.0415766
vt 0.0844581 0.0415055
vt 0.0811819 0.041302
vt 0.0868325 0.041653
vt 0.0856025 0.0415766
vt 0.0811819 0.041302
vt 0.0881058 0.0417321
vt 0.0868325 0.041653
vt 0.0811819 0.041302
vt 0.0893791 0.0418112
vt 0.0881058 0.0417321
vt 0.0811819 0.041302
vt 0.0906089 0.0418876
vt 0.0893791 0.0418112
vt 0.0811819 0.041302
vt 0.0917534 0.0419587
vt 0.0906089 0.0418876
vt 0.0811819 0.041302
vt 0.0941554 0.0421079
vt 0.0917534 0.0419587
vt 0.0811819 0.041302
vt 0.0950296 0.0421622
vt 0.0941554 0.0421079
vt 0.0811819 0.041302
vt 0.0941554 0.0421079
vt 0.0950296 0.0421622
vt 0.0811819 0.041302
vt 0.0941554 0.0421079
vt 0.0811819 0.041302
vt 0.0917534 0.0419587
vt 0.0906089 0.0418876
vt 0.0917534 0.0419587
vt 0.0893791 0.0418112
vt 0.0868325 0.041653
vt 0.0917534 0.0419587
vt 0.0856025 0.0415766
vt 0.0868325 0.041653
vt 0.0881058 0.0417321
vt 0.0917534 0.0419587
vt 0.0873286 0.0524105
vt 0.0933274 0.0527832
vt 0.0838674 0.0521955
vt 0.0804101 0.0519807
vt 0.0908004 0.0526262
vt 0.0813403 0.0520385
vt 0.0933327 0.0527835
vt 0.0908004 0.0526262
vt 0.0804101 0.0519807
vt 0.0942577 0.0528409
vt 0.0933327 0.0527835
vt 0.0804101 0.0519807
vt 0.0907912 0.0526256
vt 0.0933274 0.0527832
vt 0.0873286 0.0524105
vt 0.0813351 0.0520382
vt 0.0838674 0.0521955
vt 0.0933274 0.0527832
vt 0.0942577 0.0528409
vt 0.0813351 0.0520382
vt 0.0933274 0.0527832
vt 0.0813351 0.0520382
vt 0.0942577 0.0528409
vt 0.0804101 0.0519807
vt 0.0873391 0.0524112
vt 0.0813403 0.0520385
vt 0.0908004 0.0526262
vt 0.0838765 0.0521961
vt 0.0813403 0.0520385
vt 0.0873391 0.0524112
vt 0.077328 0.0457536
vt 0.0779719 0.0450546
vt 0.0779719 0.0450546
vt 0.077328 0.0457536
vt 0.0779719 0.0450546
vt 0.077328 0.0457536
vt 0.0771967 0.0475698
vt 0.0770521 0.0466487
vt 0.0770521 0.0466486
vt 0.0771967 0.0475698
vt 0.0770521 0.0466487
vt 0.0771967 0.0475698
vt 0.078563 0.0488194
vt 0.0777343 0.0483422
vt 0.0777343 0.0483422
vt 0.078563 0.0488194
vt 0.0777343 0.0483422
vt 0.078563 0.0488194
vt 0.0771967 0.0475698
vt 0.0777343 0.0483422
vt 0.0777343 0.0483422
vt 0.0777343 0.0483422
vt 0.0771967 0.0475698
vt 0.0771967 0.0475698
vt 0.077328 0.0457536
vt 0.0770521 0.0466486
vt 0.0770521 0.0466487
vt 0.0770521 0.0466486
vt 0.077328 0.0457536
vt 0.077328 0.0457536
vt 0.0788619 0.0446842
vt 0.0779719 0.0450546
vt 0.0779719 0.0450546
vt 0.0788619 0.0446842
vt 0.0779719 0.0450546
vt 0.0788619 0.0446842
vt 0.0788619 0.0446842
vt 0.0788619 0.0446842
vt 0.0810634 0.0442789
vt 0.0818305 0.0441377
vt 0.0788619 0.0446842
vt 0.0810634 0.0442789
vt 0.0810634 0.0442789
vt 0.0810634 0.0442789
vt 0.0788619 0.0446842
vt 0.0818305 0.0441377
vt 0.0810634 0.0442789
vt 0.0788619 0.0446842
vt 0.0806865 0.0494934
vt 0.078563 0.0488194
vt 0.0806865 0.0494934
vt 0.0814264 0.0497282
vt 0.078563 0.0488194
vt 0.0806865 0.0494934
vt 0.078563 0.0488194
vt 0.0806865 0.0494934
vt 0.078563 0.0488194
vt 0.0814264 0.0497282
vt 0.0806865 0.0494934
vt 0.078563 0.0488194
vt 0.0777343 0.0483422
vt 0.0779719 0.0450546
vt 0.078563 0.0488194
vt 0.077328 0.0457536
vt 0.0779719 0.0450546
vt 0.0777343 0.0483422
vt 0.0771967 0.0475698
vt 0.0770521 0.0466486
vt 0.077328 0.0457536
vt 0.0771967 0.0475698
vt 0.077328 0.0457536
vt 0.0777343 0.0483422
vt 0.0788619 0.0446842
vt 0.078563 0.0488194
vt 0.0779719 0.0450546
vt 0.0814264 0.0497282
vt 0.078563 0.0488194
vt 0.0788619 0.0446842
vt 0.0818305 0.0441377
vt 0.0814264 0.0497282
vt 0.0788619 0.0446842
vt 0.0779719 0.0450546
vt 0.078563 0.0488194
vt 0.0788619 0.0446842
vt 0.0777343 0.0483422
vt 0.078563 0.0488194
vt 0.0779719 0.0450546
vt 0.0771967 0.0475698
vt 0.0777343 0.0483422
vt 0.077328 0.0457536
vt 0.0770521 0.0466487
vt 0.0771967 0.0475698
vt 0.077328 0.0457536
vt 0.077328 0.0457536
vt 0.0777343 0.0483422
vt 0.0779719 0.0450546
vt 0.0814264 0.0497282
vt 0.0788619 0.0446842
vt 0.078563 0.0488194
vt 0.0818305 0.0441377
vt 0.0788619 0.0446842
vt 0.0814264 0.0497282
vt 0.0898241 0.0421325
vt 0.0904845 0.0424846
vt 0.0906089 0.0418876
vt 0.0895976 0.0421798
vt 0.0904845 0.0424846
vt 0.0898241 0.0421325
vt 0.0888501 0.0418614
vt 0.0895976 0.0421798
vt 0.0898241 0.0421325
vt 0.0911323 0.0425114
vt 0.0904845 0.0424846
vt 0.0907945 0.0430011
vt 0.0911323 0.0425114
vt 0.0906089 0.0418876
vt 0.0904845 0.0424846
vt 0.0902739 0.0426969
vt 0.0904845 0.0424846
vt 0.0895976 0.0421798
vt 0.0893791 0.0418112
vt 0.0888501 0.0418614
vt 0.0898241 0.0421325
vt 0.0881058 0.0417321
vt 0.0888501 0.0418614
vt 0.0893791 0.0418112
vt 0.0893791 0.0418112
vt 0.0898241 0.0421325
vt 0.0906089 0.0418876
vt 0.0917534 0.0419587
vt 0.0906089 0.0418876
vt 0.0911323 0.0425114
vt 0.0905556 0.0430171
vt 0.0904845 0.0424846
vt 0.0902739 0.0426969
vt 0.0905556 0.0430171
vt 0.0907945 0.0430011
vt 0.0904845 0.0424846
vt 0.090786 0.0433613
vt 0.0907945 0.0430011
vt 0.0905556 0.0430171
vt 0.0865629 0.0419913
vt 0.0863163 0.041925
vt 0.0856377 0.0421848
vt 0.0858182 0.0424201
vt 0.0865629 0.0419913
vt 0.0856377 0.0421848
vt 0.0873495 0.0417682
vt 0.0868325 0.041653
vt 0.0863163 0.041925
vt 0.0881058 0.0417321
vt 0.0868325 0.041653
vt 0.0873495 0.0417682
vt 0.0873495 0.0417682
vt 0.0863163 0.041925
vt 0.0865629 0.0419913
vt 0.0854928 0.0427026
vt 0.0858182 0.0424201
vt 0.0856377 0.0421848
vt 0.0852584 0.0426573
vt 0.0856377 0.0421848
vt 0.0849941 0.0421301
vt 0.0852584 0.0426573
vt 0.0854928 0.0427026
vt 0.0856377 0.0421848
vt 0.085215 0.0430153
vt 0.0854928 0.0427026
vt 0.0852584 0.0426573
vt 0.0856025 0.0415766
vt 0.0863163 0.041925
vt 0.0868325 0.041653
vt 0.0856025 0.0415766
vt 0.0856377 0.0421848
vt 0.0863163 0.041925
vt 0.0856025 0.0415766
vt 0.0849941 0.0421301
vt 0.0856377 0.0421848
vt 0.0844581 0.0415055
vt 0.0849941 0.0421301
vt 0.0856025 0.0415766
vt 0.0911084 0.0441495
vt 0.0912041 0.0450189
vt 0.09124 0.0440945
vt 0.0916785 0.0450671
vt 0.0915994 0.0438709
vt 0.09124 0.0440945
vt 0.0922394 0.0449802
vt 0.0915994 0.0438709
vt 0.0916785 0.0450671
vt 0.0906711 0.0466659
vt 0.0911314 0.0460681
vt 0.0910506 0.0458878
vt 0.0906711 0.0466659
vt 0.0906422 0.0470164
vt 0.0911314 0.0460681
vt 0.0906711 0.0466659
vt 0.0898889 0.0477921
vt 0.0906422 0.0470164
vt 0.0914781 0.0480131
vt 0.090093 0.0484868
vt 0.0897591 0.0501041
vt 0.0909214 0.0474908
vt 0.0906422 0.0470164
vt 0.0898889 0.0477921
vt 0.0893929 0.0477853
vt 0.0885526 0.0480753
vt 0.0889159 0.0483164
vt 0.0886459 0.0506622
vt 0.0879117 0.0494736
vt 0.0874523 0.0508089
vt 0.0870702 0.048416
vt 0.0862254 0.048089
vt 0.0859897 0.0489265
vt 0.0862911 0.0505181
vt 0.0859897 0.0489265
vt 0.0852646 0.0498269
vt 0.0867545 0.0479647
vt 0.0870702 0.048416
vt 0.0876447 0.0481393
vt 0.0867545 0.0479647
vt 0.0862254 0.048089
vt 0.0870702 0.048416
vt 0.0859607 0.0475732
vt 0.084853 0.0463037
vt 0.0853278 0.0473711
vt 0.0838592 0.0475384
vt 0.0844029 0.0468905
vt 0.0841084 0.045748
vt 0.0845621 0.0446075
vt 0.0844685 0.0455724
vt 0.0845893 0.0454871
vt 0.0845621 0.0446075
vt 0.0844881 0.0442848
vt 0.0844685 0.0455724
vt 0.084782 0.0437565
vt 0.0852584 0.0426573
vt 0.0844881 0.0442848
vt 0.0914591 0.046309
vt 0.0909214 0.0474908
vt 0.0914781 0.0480131
vt 0.0914591 0.046309
vt 0.0906422 0.0470164
vt 0.0909214 0.0474908
vt 0.0914591 0.046309
vt 0.0911314 0.0460681
vt 0.0906422 0.0470164
vt 0.0914591 0.046309
vt 0.0916785 0.0450671
vt 0.0911314 0.0460681
vt 0.0914591 0.046309
vt 0.0922394 0.0449802
vt 0.0916785 0.0450671
vt 0.090093 0.0484868
vt 0.0909214 0.0474908
vt 0.0898889 0.0477921
vt 0.090093 0.0484868
vt 0.0914781 0.0480131
vt 0.0909214 0.0474908
vt 0.0835415 0.0444421
vt 0.0838592 0.0475384
vt 0.0841084 0.045748
vt 0.084782 0.0437565
vt 0.0844881 0.0442848
vt 0.0845621 0.0446075
vt 0.0847522 0.0464948
vt 0.0853278 0.0473711
vt 0.084853 0.0463037
vt 0.0847522 0.0464948
vt 0.0844029 0.0468905
vt 0.0853278 0.0473711
vt 0.0847522 0.0464948
vt 0.0841084 0.045748
vt 0.0844029 0.0468905
vt 0.0847522 0.0464948
vt 0.0844685 0.0455724
vt 0.0841084 0.045748
vt 0.0847522 0.0464948
vt 0.0845893 0.0454871
vt 0.0844685 0.0455724
vt 0.0845893 0.0454871
vt 0.0847522 0.0464948
vt 0.084853 0.0463037
vt 0.0862254 0.048089
vt 0.0859607 0.0475732
vt 0.0853278 0.0473711
vt 0.0859607 0.0475732
vt 0.0862254 0.048089
vt 0.0867545 0.0479647
vt 0.0879392 0.048501
vt 0.0889159 0.0483164
vt 0.0885526 0.0480753
vt 0.0879392 0.048501
vt 0.0879117 0.0494736
vt 0.0889159 0.0483164
vt 0.0879392 0.048501
vt 0.0870702 0.048416
vt 0.0879117 0.0494736
vt 0.0879392 0.048501
vt 0.0876447 0.0481393
vt 0.0870702 0.048416
vt 0.0876447 0.0481393
vt 0.0879392 0.048501
vt 0.0885526 0.0480753
vt 0.0898889 0.0477921
vt 0.0893929 0.0477853
vt 0.0889159 0.0483164
vt 0.0893929 0.0477853
vt 0.0898889 0.0477921
vt 0.0906711 0.0466659
vt 0.091324 0.0450648
vt 0.09124 0.0440945
vt 0.0912041 0.0450189
vt 0.091324 0.0450648
vt 0.0916785 0.0450671
vt 0.09124 0.0440945
vt 0.091324 0.0450648
vt 0.0911314 0.0460681
vt 0.0916785 0.0450671
vt 0.091324 0.0450648
vt 0.0910506 0.0458878
vt 0.0911314 0.0460681
vt 0.0910506 0.0458878
vt 0.091324 0.0450648
vt 0.0912041 0.0450189
vt 0.0907945 0.0430011
vt 0.09124 0.0440945
vt 0.0915994 0.0438709
vt 0.0907945 0.0430011
vt 0.0911084 0.0441495
vt 0.09124 0.0440945
vt 0.090786 0.0433613
vt 0.0911084 0.0441495
vt 0.0907945 0.0430011
vt 0.0911323 0.0425114
vt 0.0907945 0.0430011
vt 0.0915994 0.0438709
vt 0.0917534 0.0419587
vt 0.0911323 0.0425114
vt 0.0915994 0.0438709
vt 0.0917534 0.0419587
vt 0.0915994 0.0438709
vt 0.0922394 0.0449802
vt 0.0922394 0.0449802
vt 0.0914591 0.046309
vt 0.0914781 0.0480131
vt 0.0890127 0.0491966
vt 0.0879117 0.0494736
vt 0.0886459 0.0506622
vt 0.0890127 0.0491966
vt 0.0889159 0.0483164
vt 0.0879117 0.0494736
vt 0.0890127 0.0491966
vt 0.0898889 0.0477921
vt 0.0889159 0.0483164
vt 0.0890127 0.0491966
vt 0.090093 0.0484868
vt 0.0898889 0.0477921
vt 0.0890127 0.0491966
vt 0.0897591 0.0501041
vt 0.090093 0.0484868
vt 0.0897591 0.0501041
vt 0.0890127 0.0491966
vt 0.0886459 0.0506622
vt 0.0869288 0.0493678
vt 0.0859897 0.0489265
vt 0.0862911 0.0505181
vt 0.0869288 0.0493678
vt 0.0870702 0.048416
vt 0.0859897 0.0489265
vt 0.0869288 0.0493678
vt 0.0879117 0.0494736
vt 0.0870702 0.048416
vt 0.0869288 0.0493678
vt 0.0874523 0.0508089
vt 0.0879117 0.0494736
vt 0.0874523 0.0508089
vt 0.0869288 0.0493678
vt 0.0862911 0.0505181
vt 0.0850152 0.0479936
vt 0.0844029 0.0468905
vt 0.0838592 0.0475384
vt 0.0850152 0.0479936
vt 0.0853278 0.0473711
vt 0.0844029 0.0468905
vt 0.0850152 0.0479936
vt 0.0862254 0.048089
vt 0.0853278 0.0473711
vt 0.0850152 0.0479936
vt 0.0859897 0.0489265
vt 0.0862254 0.048089
vt 0.0850152 0.0479936
vt 0.0852646 0.0498269
vt 0.0859897 0.0489265
vt 0.0852646 0.0498269
vt 0.0850152 0.0479936
vt 0.0838592 0.0475384
vt 0.0841442 0.044161
vt 0.0844881 0.0442848
vt 0.0852584 0.0426573
vt 0.0841442 0.044161
vt 0.0844685 0.0455724
vt 0.0844881 0.0442848
vt 0.0841442 0.044161
vt 0.0841084 0.045748
vt 0.0844685 0.0455724
vt 0.0841442 0.044161
vt 0.0835415 0.0444421
vt 0.0841084 0.045748
vt 0.0844581 0.0415055
vt 0.0835415 0.0444421
vt 0.0841442 0.044161
vt 0.0849941 0.0421301
vt 0.0844581 0.0415055
vt 0.0841442 0.044161
vt 0.0849941 0.0421301
vt 0.0841442 0.044161
vt 0.0852584 0.0426573
vt 0.085215 0.0430153
vt 0.0852584 0.0426573
vt 0.084782 0.0437565
vt 0.0814264 0.0497282
vt 0.0838596 0.0475398
vt 0.0813351 0.0520382
vt 0.0835415 0.0444421
vt 0.0814264 0.0497282
vt 0.0838592 0.0475384
vt 0.0820562 0.0413563
vt 0.0835416 0.0444399
vt 0.0818305 0.0441377
vt 0.0922392 0.0449824
vt 0.0941554 0.0421079
vt 0.0933274 0.0527832
vt 0.0818305 0.0441377
vt 0.0814264 0.0497282
vt 0.0835415 0.0444421
vt 0.0914781 0.0480131
vt 0.0933327 0.0527835
vt 0.0922394 0.0449802
vt 0.0814264 0.0497282
vt 0.0818305 0.0441377
vt 0.0835416 0.0444399
vt 0.0806865 0.0494934
vt 0.0814264 0.0497282
vt 0.0813351 0.0520382
vt 0.0820562 0.0413563
vt 0.0818305 0.0441377
vt 0.0835415 0.0444421
vt 0.0810634 0.0442789
vt 0.0818305 0.0441377
vt 0.0820562 0.0413563
vt 0.0820562 0.0413563
vt 0.0810634 0.0442789
vt 0.0811819 0.041302
vt 0.0810634 0.0442789
vt 0.0820562 0.0413563
vt 0.0818305 0.0441377
vt 0.0810634 0.0442789
vt 0.0811819 0.041302
vt 0.0810634 0.0442789
vt 0.0811819 0.041302
vt 0.0810634 0.0442789
vt 0.0820562 0.0413563
vt 0.0844581 0.0415055
vt 0.0820562 0.0413563
vt 0.0835415 0.0444421
vt 0.0813403 0.0520385
vt 0.0806865 0.0494934
vt 0.0804101 0.0519807
vt 0.0813403 0.0520385
vt 0.0814264 0.0497282
vt 0.0806865 0.0494934
vt 0.0813403 0.0520385
vt 0.0838592 0.0475384
vt 0.0814264 0.0497282
vt 0.0852646 0.0498269
vt 0.0838592 0.0475384
vt 0.0838765 0.0521961
vt 0.0862911 0.0505181
vt 0.0852646 0.0498269
vt 0.0838765 0.0521961
vt 0.0874523 0.0508089
vt 0.0862911 0.0505181
vt 0.0873391 0.0524112
vt 0.0886459 0.0506622
vt 0.0874523 0.0508089
vt 0.0873391 0.0524112
vt 0.0897591 0.0501041
vt 0.0886459 0.0506622
vt 0.0908004 0.0526262
vt 0.0914781 0.0480131
vt 0.0897591 0.0501041
vt 0.0908004 0.0526262
vt 0.0941554 0.0421079
vt 0.0922394 0.0449802
vt 0.0933327 0.0527835
vt 0.0917534 0.0419587
vt 0.0922394 0.0449802
vt 0.0941554 0.0421079
vt 0.0950296 0.0421622
vt 0.0941554 0.0421079
vt 0.0942577 0.0528409
vt 0.0941554 0.0421079
vt 0.0950296 0.0421622
vt 0.0942577 0.0528409
vt 0.0917534 0.0419587
vt 0.0941554 0.0421079
vt 0.0922392 0.0449824
vt 0.0914786 0.0480118
vt 0.0922392 0.0449824
vt 0.0933274 0.0527832
vt 0.0897565 0.050106
vt 0.0914786 0.0480118
vt 0.0907912 0.0526256
vt 0.0886397 0.050664
vt 0.0897565 0.050106
vt 0.0907912 0.0526256
vt 0.087447 0.0508086
vt 0.0886397 0.050664
vt 0.0873286 0.0524105
vt 0.0862852 0.0505156
vt 0.087447 0.0508086
vt 0.0873286 0.0524105
vt 0.0852623 0.0498248
vt 0.0862852 0.0505156
vt 0.0838674 0.0521955
vt 0.0838596 0.0475398
vt 0.0852623 0.0498248
vt 0.0838674 0.0521955
vt 0.0838596 0.0475398
vt 0.0814264 0.0497282
vt 0.0835416 0.0444399
vt 0.0844581 0.0415055
vt 0.0835416 0.0444399
vt 0.0820562 0.0413563
vt 0.0873391 0.0524112
vt 0.0862911 0.0505181
vt 0.0838765 0.0521961
vt 0.0838765 0.0521961
vt 0.0838592 0.0475384
vt 0.0813403 0.0520385
vt 0.0806865 0.0494934
vt 0.0804101 0.0519807
vt 0.0806865 0.0494934
vt 0.0804101 0.0519807
vt 0.0806865 0.0494934
vt 0.0813351 0.0520382
vt 0.0813351 0.0520382
vt 0.0838596 0.0475398
vt 0.0838674 0.0521955
vt 0.0838674 0.0521955
vt 0.0862852 0.0505156
vt 0.0873286 0.0524105
vt 0.0873286 0.0524105
vt 0.0886397 0.050664
vt 0.0907912 0.0526256
vt 0.0907912 0.0526256
vt 0.0914786 0.0480118
vt 0.0933274 0.0527832
vt 0.0933274 0.0527832
vt 0.0941554 0.0421079
vt 0.0942577 0.0528409
vt 0.0942577 0.0528409
vt 0.0941554 0.0421079
vt 0.0933327 0.0527835
vt 0.0933327 0.0527835
vt 0.0914781 0.0480131
vt 0.0908004 0.0526262
vt 0.0908004 0.0526262
vt 0.0886459 0.0506622
vt 0.0873391 0.0524112
vt 0.0854928 0.0427026
vt 0.0849941 0.0421301
vt 0.0858182 0.0424201
vt 0.0856025 0.0415766
vt 0.0858182 0.0424201
vt 0.0849941 0.0421301
vt 0.0865629 0.0419913
vt 0.0858182 0.0424201
vt 0.0856025 0.0415766
vt 0.0873495 0.0417682
vt 0.0865629 0.0419913
vt 0.0868325 0.041653
vt 0.0881058 0.0417321
vt 0.0873495 0.0417682
vt 0.0868325 0.041653
vt 0.0868325 0.041653
vt 0.0865629 0.0419913
vt 0.0856025 0.0415766
vt 0.0844581 0.0415055
vt 0.0856025 0.0415766
vt 0.0849941 0.0421301
vt 0.0852584 0.0426573
vt 0.0849941 0.0421301
vt 0.0854928 0.0427026
vt 0.085215 0.0430152
vt 0.0852584 0.0426573
vt 0.0854928 0.0427026
vt 0.0895976 0.0421798
vt 0.0895552 0.0420251
vt 0.0902599 0.0423507
vt 0.0902739 0.0426969
vt 0.0895976 0.0421798
vt 0.0902599 0.0423507
vt 0.0881058 0.0417321
vt 0.0893791 0.0418112
vt 0.0895552 0.0420251
vt 0.0888501 0.0418614
vt 0.0881058 0.0417321
vt 0.0895552 0.0420251
vt 0.0888501 0.0418614
vt 0.0895552 0.0420251
vt 0.0895976 0.0421798
vt 0.0907945 0.0430011
vt 0.0902599 0.0423507
vt 0.0911323 0.0425114
vt 0.0907945 0.0430011
vt 0.0902739 0.0426969
vt 0.0902599 0.0423507
vt 0.0905556 0.0430171
vt 0.0902739 0.0426969
vt 0.0907945 0.0430011
vt 0.090786 0.0433613
vt 0.0905556 0.0430171
vt 0.0907945 0.0430011
vt 0.0906089 0.0418876
vt 0.0895552 0.0420251
vt 0.0893791 0.0418112
vt 0.0906089 0.0418876
vt 0.0902599 0.0423507
vt 0.0895552 0.0420251
vt 0.0906089 0.0418876
vt 0.0911323 0.0425114
vt 0.0902599 0.0423507
vt 0.0917534 0.0419587
vt 0.0911323 0.0425114
vt 0.0906089 0.0418876
vt 0.0847821 0.0437565
vt 0.0845621 0.0446063
vt 0.0846506 0.0437094
vt 0.0840797 0.0446563
vt 0.0843256 0.0434491
vt 0.0846506 0.0437094
vt 0.0835416 0.0444399
vt 0.0843256 0.0434491
vt 0.0840797 0.0446563
vt 0.0844995 0.0457361
vt 0.0848816 0.0467475
vt 0.0845395 0.0472062
vt 0.0848533 0.0463045
vt 0.0844995 0.0457361
vt 0.0845892 0.0454864
vt 0.0848533 0.0463045
vt 0.0848816 0.0467475
vt 0.0844995 0.0457361
vt 0.0838596 0.0475398
vt 0.0852687 0.0483003
vt 0.0852623 0.0498248
vt 0.0855634 0.0476103
vt 0.0848816 0.0467475
vt 0.0848533 0.0463045
vt 0.085959 0.047572
vt 0.08675 0.0479633
vt 0.0864989 0.0482247
vt 0.0862852 0.0505156
vt 0.0873586 0.0494562
vt 0.087447 0.0508086
vt 0.088548 0.0480761
vt 0.0893909 0.0477862
vt 0.0883379 0.048462
vt 0.0897565 0.050106
vt 0.0894184 0.0489871
vt 0.0904562 0.0481176
vt 0.0910504 0.0458885
vt 0.0908173 0.0467482
vt 0.0906715 0.0466653
vt 0.0911682 0.0459547
vt 0.0908173 0.0467482
vt 0.0910504 0.0458885
vt 0.0911682 0.0459547
vt 0.091501 0.0461653
vt 0.0908173 0.0467482
vt 0.0914786 0.0480118
vt 0.091501 0.0461653
vt 0.0922392 0.0449824
vt 0.0911138 0.0471533
vt 0.091501 0.0461653
vt 0.0914786 0.0480118
vt 0.0911138 0.0471533
vt 0.0908173 0.0467482
vt 0.091501 0.0461653
vt 0.0911084 0.0441495
vt 0.0913257 0.0447548
vt 0.0912039 0.0450201
vt 0.0911084 0.0441495
vt 0.0907945 0.0430011
vt 0.0913257 0.0447548
vt 0.0841398 0.0459501
vt 0.0845395 0.0472062
vt 0.0838596 0.0475398
vt 0.0841398 0.0459501
vt 0.0844995 0.0457361
vt 0.0845395 0.0472062
vt 0.0841398 0.0459501
vt 0.0840797 0.0446563
vt 0.0844995 0.0457361
vt 0.0841398 0.0459501
vt 0.0835416 0.0444399
vt 0.0840797 0.0446563
vt 0.0852687 0.0483003
vt 0.0848816 0.0467475
vt 0.0855634 0.0476103
vt 0.0852687 0.0483003
vt 0.0845395 0.0472062
vt 0.0848816 0.0467475
vt 0.0852687 0.0483003
vt 0.0838596 0.0475398
vt 0.0845395 0.0472062
vt 0.0892796 0.048166
vt 0.0883379 0.048462
vt 0.0893909 0.0477862
vt 0.0892796 0.048166
vt 0.0894184 0.0489871
vt 0.0883379 0.048462
vt 0.0892796 0.048166
vt 0.0904562 0.0481176
vt 0.0894184 0.0489871
vt 0.0904562 0.0481176
vt 0.0911138 0.0471533
vt 0.0914786 0.0480118
vt 0.0911682 0.0459547
vt 0.0912039 0.0450201
vt 0.0913257 0.0447548
vt 0.0912039 0.0450201
vt 0.0911682 0.0459547
vt 0.0910504 0.0458885
vt 0.0902187 0.0475081
vt 0.0892796 0.048166
vt 0.0893909 0.0477862
vt 0.0902187 0.0475081
vt 0.0904562 0.0481176
vt 0.0892796 0.048166
vt 0.0902187 0.0475081
vt 0.0911138 0.0471533
vt 0.0904562 0.0481176
vt 0.0902187 0.0475081
vt 0.0908173 0.0467482
vt 0.0911138 0.0471533
vt 0.0902187 0.0475081
vt 0.0906715 0.0466653
vt 0.0908173 0.0467482
vt 0.0906715 0.0466653
vt 0.0902187 0.0475081
vt 0.0893909 0.0477862
vt 0.0876406 0.0481391
vt 0.088548 0.0480761
vt 0.0883379 0.048462
vt 0.0874512 0.0484823
vt 0.0864989 0.0482247
vt 0.08675 0.0479633
vt 0.0874512 0.0484823
vt 0.0873586 0.0494562
vt 0.0864989 0.0482247
vt 0.0874512 0.0484823
vt 0.0883379 0.048462
vt 0.0873586 0.0494562
vt 0.0874512 0.0484823
vt 0.0876406 0.0481391
vt 0.0883379 0.048462
vt 0.0876406 0.0481391
vt 0.0874512 0.0484823
vt 0.08675 0.0479633
vt 0.0855634 0.0476103
vt 0.085959 0.047572
vt 0.0864989 0.0482247
vt 0.085959 0.047572
vt 0.0855634 0.0476103
vt 0.0848533 0.0463045
vt 0.0844323 0.0446864
vt 0.0846506 0.0437094
vt 0.0845621 0.0446063
vt 0.0844323 0.0446864
vt 0.0840797 0.0446563
vt 0.0846506 0.0437094
vt 0.0844323 0.0446864
vt 0.0844995 0.0457361
vt 0.0840797 0.0446563
vt 0.0844323 0.0446864
vt 0.0845892 0.0454864
vt 0.0844995 0.0457361
vt 0.0845892 0.0454864
vt 0.0844323 0.0446864
vt 0.0845621 0.0446063
vt 0.0852584 0.0426573
vt 0.0846506 0.0437094
vt 0.0843256 0.0434491
vt 0.0852584 0.0426573
vt 0.0847821 0.0437565
vt 0.0846506 0.0437094
vt 0.085215 0.0430152
vt 0.0847821 0.0437565
vt 0.0852584 0.0426573
vt 0.0849941 0.0421301
vt 0.0852584 0.0426573
vt 0.0843256 0.0434491
vt 0.0844581 0.0415055
vt 0.0849941 0.0421301
vt 0.0843256 0.0434491
vt 0.0844581 0.0415055
vt 0.0843256 0.0434491
vt 0.0835416 0.0444399
vt 0.0835416 0.0444399
vt 0.0841398 0.0459501
vt 0.0838596 0.0475398
vt 0.0862914 0.0491082
vt 0.0873586 0.0494562
vt 0.0862852 0.0505156
vt 0.0862914 0.0491082
vt 0.0864989 0.0482247
vt 0.0873586 0.0494562
vt 0.0862914 0.0491082
vt 0.0855634 0.0476103
vt 0.0864989 0.0482247
vt 0.0862914 0.0491082
vt 0.0852687 0.0483003
vt 0.0855634 0.0476103
vt 0.0862914 0.0491082
vt 0.0852623 0.0498248
vt 0.0852687 0.0483003
vt 0.0852623 0.0498248
vt 0.0862914 0.0491082
vt 0.0862852 0.0505156
vt 0.0883629 0.04941
vt 0.0894184 0.0489871
vt 0.0897565 0.050106
vt 0.0883629 0.04941
vt 0.0883379 0.048462
vt 0.0894184 0.0489871
vt 0.0883629 0.04941
vt 0.0873586 0.0494562
vt 0.0883379 0.048462
vt 0.0883629 0.04941
vt 0.087447 0.0508086
vt 0.0873586 0.0494562
vt 0.0886397 0.050664
vt 0.087447 0.0508086
vt 0.0883629 0.04941
vt 0.0886397 0.050664
vt 0.0883629 0.04941
vt 0.0897565 0.050106
vt 0.0897565 0.050106
vt 0.0904562 0.0481176
vt 0.0914786 0.0480118
vt 0.0916839 0.0446852
vt 0.0913257 0.0447548
vt 0.0907945 0.0430011
vt 0.0916839 0.0446852
vt 0.0911682 0.0459547
vt 0.0913257 0.0447548
vt 0.0916839 0.0446852
vt 0.091501 0.0461653
vt 0.0911682 0.0459547
vt 0.0916839 0.0446852
vt 0.0922392 0.0449824
vt 0.091501 0.0461653
vt 0.0917534 0.0419587
vt 0.0922392 0.0449824
vt 0.0916839 0.0446852
vt 0.0911323 0.0425114
vt 0.0917534 0.0419587
vt 0.0916839 0.0446852
vt 0.0911323 0.0425114
vt 0.0916839 0.0446852
vt 0.0907945 0.0430011
vt 0.090786 0.0433613
vt 0.0907945 0.0430011
vt 0.0911084 0.0441495
vt 0.0457129 0.155955
vt 0.0467401 0.156004
vt 0.0497614 0.152622
vt 0.0497614 0.152622
vt 0.0467401 0.156004
vt 0.047635 0.155355
vt 0.0448284 0.155221
vt 0.0457129 0.155955
vt 0.0497614 0.152622
vt 0.0469832 0.148709
vt 0.0448284 0.155221
vt 0.0497614 0.152622
vt 0.0443238 0.153998
vt 0.0448284 0.155221
vt 0.0469832 0.148709
vt 0.0443342 0.152615
vt 0.0443238 0.153998
vt 0.0469832 0.148709
vt 0.0448569 0.151442
vt 0.0443342 0.152615
vt 0.0469832 0.148709
vt 0.047635 0.155355
vt 0.0419962 0.152979
vt 0.0497614 0.152622
vt 0.0398699 0.155712
vt 0.0419962 0.152979
vt 0.047635 0.155355
vt 0.0740509 0.113498
vt 0.0497614 0.152622
vt 0.0419962 0.152979
vt 0.0790327 0.113269
vt 0.0497614 0.152622
vt 0.0740509 0.113498
vt 0.0469832 0.148709
vt 0.0497614 0.152622
vt 0.0790327 0.113269
vt 0.0762546 0.109355
vt 0.0469832 0.148709
vt 0.0790327 0.113269
vt 0.0781211 0.108758
vt 0.0771173 0.108708
vt 0.0762546 0.109355
vt 0.0789969 0.109493
vt 0.0781211 0.108758
vt 0.0762546 0.109355
vt 0.0795101 0.110715
vt 0.0789969 0.109493
vt 0.0762546 0.109355
vt 0.0795233 0.112097
vt 0.0795101 0.110715
vt 0.0762546 0.109355
vt 0.0795233 0.112097
vt 0.0762546 0.109355
vt 0.0790327 0.113269
vt 0.0448569 0.151442
vt 0.0469832 0.148709
vt 0.0392181 0.149066
vt 0.0370918 0.151799
vt 0.0448569 0.151442
vt 0.0392181 0.149066
vt 0.0712728 0.109584
vt 0.0392181 0.149066
vt 0.0469832 0.148709
vt 0.0762546 0.109355
vt 0.0712728 0.109584
vt 0.0469832 0.148709
vt 0.0365587 0.154356
vt 0.0443342 0.152615
vt 0.0365691 0.152972
vt 0.0443238 0.153998
vt 0.0443342 0.152615
vt 0.0365587 0.154356
vt 0.0379477 0.156312
vt 0.0448284 0.155221
vt 0.0370633 0.155578
vt 0.0457129 0.155955
vt 0.0448284 0.155221
vt 0.0379477 0.156312
vt 0.0398699 0.155712
vt 0.0467401 0.156004
vt 0.038975 0.156361
vt 0.047635 0.155355
vt 0.0467401 0.156004
vt 0.0398699 0.155712
vt 0.0457129 0.155955
vt 0.038975 0.156361
vt 0.0467401 0.156004
vt 0.038975 0.156361
vt 0.0457129 0.155955
vt 0.0379477 0.156312
vt 0.0443238 0.153998
vt 0.0370633 0.155578
vt 0.0448284 0.155221
vt 0.0370633 0.155578
vt 0.0443238 0.153998
vt 0.0365587 0.154356
vt 0.0448569 0.151442
vt 0.0365691 0.152972
vt 0.0443342 0.152615
vt 0.0370918 0.151799
vt 0.0365691 0.152972
vt 0.0448569 0.151442
vt 0.0365691 0.152972
vt 0.0392181 0.149066
vt 0.0365587 0.154356
vt 0.0370918 0.151799
vt 0.0392181 0.149066
vt 0.0365691 0.152972
vt 0.0370633 0.155578
vt 0.0365587 0.154356
vt 0.0392181 0.149066
vt 0.0419962 0.152979
vt 0.0370633 0.155578
vt 0.0392181 0.149066
vt 0.0379477 0.156312
vt 0.0370633 0.155578
vt 0.0419962 0.152979
vt 0.038975 0.156361
vt 0.0379477 0.156312
vt 0.0419962 0.152979
vt 0.0398699 0.155712
vt 0.038975 0.156361
vt 0.0419962 0.152979
vt 0.0781211 0.108758
vt 0.0721998 0.108934
vt 0.0771173 0.108708
vt 0.0732506 0.108982
vt 0.0721998 0.108934
vt 0.0781211 0.108758
vt 0.0795101 0.110715
vt 0.0741437 0.109716
vt 0.0789969 0.109493
vt 0.0746397 0.110939
vt 0.0741437 0.109716
vt 0.0795101 0.110715
vt 0.0790327 0.113269
vt 0.0746057 0.112323
vt 0.0795233 0.112097
vt 0.0740509 0.113498
vt 0.0746057 0.112323
vt 0.0790327 0.113269
vt 0.0746397 0.110939
vt 0.0795233 0.112097
vt 0.0746057 0.112323
vt 0.0795233 0.112097
vt 0.0746397 0.110939
vt 0.0795101 0.110715
vt 0.0732506 0.108982
vt 0.0789969 0.109493
vt 0.0741437 0.109716
vt 0.0789969 0.109493
vt 0.0732506 0.108982
vt 0.0781211 0.108758
vt 0.0712728 0.109584
vt 0.0771173 0.108708
vt 0.0721998 0.108934
vt 0.0762546 0.109355
vt 0.0771173 0.108708
vt 0.0712728 0.109584
vt 0.0740509 0.113498
vt 0.0741437 0.109716
vt 0.0746397 0.110939
vt 0.0746057 0.112323
vt 0.0740509 0.113498
vt 0.0746397 0.110939
vt 0.0732506 0.108982
vt 0.0741437 0.109716
vt 0.0740509 0.113498
vt 0.0721998 0.108934
vt 0.0732506 0.108982
vt 0.0740509 0.113498
vt 0.0712728 0.109584
vt 0.0721998 0.108934
vt 0.0740509 0.113498
vt 0.0392181 0.149066
vt 0.0740509 0.113498
vt 0.0419962 0.152979
vt 0.0392181 0.149066
vt 0.0712728 0.109584
vt 0.0740509 0.113498
vt 0.0474105 0.153338
vt 0.0201724 0.188352
vt 0.0468879 0.154511
vt 0.0191451 0.188303
vt 0.0201724 0.188352
vt 0.0474105 0.153338
vt 0.0460319 0.149998
vt 0.0182607 0.187569
vt 0.0469163 0.150732
vt 0.0177561 0.186347
vt 0.0182607 0.187569
vt 0.0460319 0.149998
vt 0.0177665 0.184963
vt 0.0177561 0.186347
vt 0.0460319 0.149998
vt 0.0182892 0.18379
vt 0.0177665 0.184963
vt 0.0450046 0.149949
vt 0.0441097 0.150598
vt 0.0182892 0.18379
vt 0.0450046 0.149949
vt 0.0450046 0.149949
vt 0.0177665 0.184963
vt 0.0460319 0.149998
vt 0.0191451 0.188303
vt 0.0469163 0.150732
vt 0.0182607 0.187569
vt 0.0474209 0.151955
vt 0.0469163 0.150732
vt 0.0191451 0.188303
vt 0.0474209 0.151955
vt 0.0191451 0.188303
vt 0.0474105 0.153338
vt 0.0210673 0.187703
vt 0.0468879 0.154511
vt 0.0201724 0.188352
vt 0.0468879 0.154511
vt 0.0210673 0.187703
vt 0.0162141 0.187927
vt 0.0420347 0.154734
vt 0.0468879 0.154511
vt 0.0162141 0.187927
vt 0.0392565 0.150821
vt 0.013436 0.184013
vt 0.0182892 0.18379
vt 0.0441097 0.150598
vt 0.0392565 0.150821
vt 0.0182892 0.18379
vt 0.0177665 0.184963
vt 0.013436 0.184013
vt 0.0129133 0.185187
vt 0.0177561 0.186347
vt 0.0177665 0.184963
vt 0.0129133 0.185187
vt 0.0134075 0.187792
vt 0.0182607 0.187569
vt 0.0129029 0.18657
vt 0.0191451 0.188303
vt 0.0182607 0.187569
vt 0.0134075 0.187792
vt 0.0153192 0.188576
vt 0.0201724 0.188352
vt 0.014292 0.188526
vt 0.0210673 0.187703
vt 0.0201724 0.188352
vt 0.0153192 0.188576
vt 0.0162141 0.187927
vt 0.0210673 0.187703
vt 0.0153192 0.188576
vt 0.0191451 0.188303
vt 0.014292 0.188526
vt 0.0201724 0.188352
vt 0.014292 0.188526
vt 0.0191451 0.188303
vt 0.0134075 0.187792
vt 0.0177561 0.186347
vt 0.0129029 0.18657
vt 0.0182607 0.187569
vt 0.0129029 0.18657
vt 0.0177561 0.186347
vt 0.0129133 0.185187
vt 0.0182892 0.18379
vt 0.013436 0.184013
vt 0.0177665 0.184963
vt 0.0450046 0.149949
vt 0.0401514 0.150172
vt 0.0441097 0.150598
vt 0.0411787 0.150221
vt 0.0401514 0.150172
vt 0.0450046 0.149949
vt 0.0469163 0.150732
vt 0.0420632 0.150955
vt 0.0460319 0.149998
vt 0.0425678 0.152178
vt 0.0420632 0.150955
vt 0.0469163 0.150732
vt 0.0468879 0.154511
vt 0.0425573 0.153561
vt 0.0474105 0.153338
vt 0.0420347 0.154734
vt 0.0425573 0.153561
vt 0.0468879 0.154511
vt 0.0425678 0.152178
vt 0.0474105 0.153338
vt 0.0425573 0.153561
vt 0.0474209 0.151955
vt 0.0474105 0.153338
vt 0.0425678 0.152178
vt 0.0474209 0.151955
vt 0.0425678 0.152178
vt 0.0469163 0.150732
vt 0.0411787 0.150221
vt 0.0460319 0.149998
vt 0.0420632 0.150955
vt 0.0460319 0.149998
vt 0.0411787 0.150221
vt 0.0450046 0.149949
vt 0.0392565 0.150821
vt 0.0441097 0.150598
vt 0.0401514 0.150172
vt 0.014292 0.188526
vt 0.0425678 0.152178
vt 0.0425573 0.153561
vt 0.0411787 0.150221
vt 0.0129133 0.185187
vt 0.0401514 0.150172
vt 0.0129029 0.18657
vt 0.0129133 0.185187
vt 0.0411787 0.150221
vt 0.0134075 0.187792
vt 0.0129029 0.18657
vt 0.0411787 0.150221
vt 0.0153192 0.188576
vt 0.014292 0.188526
vt 0.0425573 0.153561
vt 0.0420347 0.154734
vt 0.0162141 0.187927
vt 0.0153192 0.188576
vt 0.0420347 0.154734
vt 0.0153192 0.188576
vt 0.0425573 0.153561
vt 0.0420632 0.150955
vt 0.0425678 0.152178
vt 0.014292 0.188526
vt 0.0134075 0.187792
vt 0.0420632 0.150955
vt 0.014292 0.188526
vt 0.0420632 0.150955
vt 0.0134075 0.187792
vt 0.0411787 0.150221
vt 0.013436 0.184013
vt 0.0401514 0.150172
vt 0.0129133 0.185187
vt 0.0392565 0.150821
vt 0.0401514 0.150172
vt 0.013436 0.184013
vt 0.0790261 0.0832035
vt 0.0794437 0.0774398
vt 0.0753773 0.0824224
vt 0.0794437 0.0774398
vt 0.0754319 0.0782371
vt 0.0753773 0.0824224
vt 0.0745226 0.0786383
vt 0.0738854 0.0793817
vt 0.0754319 0.0782371
vt 0.0738854 0.0793817
vt 0.0736488 0.0803173
vt 0.0754319 0.0782371
vt 0.0736488 0.0803173
vt 0.0738609 0.0812561
vt 0.0754319 0.0782371
vt 0.0738609 0.0812561
vt 0.0744786 0.0820084
vt 0.0754319 0.0782371
vt 0.0744786 0.0820084
vt 0.0753773 0.0824224
vt 0.0754319 0.0782371
vt 0.0791703 0.126304
vt 0.0827436 0.076995
vt 0.0827096 0.126525
vt 0.0827436 0.076995
vt 0.0791703 0.126304
vt 0.0799607 0.0768217
vt 0.0751066 0.126052
vt 0.0790297 0.0832042
vt 0.0763874 0.126131
vt 0.075671 0.126087
vt 0.0782819 0.0830442
vt 0.0751066 0.126052
vt 0.0782819 0.0830442
vt 0.075671 0.126087
vt 0.0790261 0.0832035
vt 0.0812768 0.126436
vt 0.0815028 0.076918
vt 0.0779294 0.126228
vt 0.0815028 0.076918
vt 0.0812768 0.126436
vt 0.0848501 0.0771265
vt 0.0875989 0.12683
vt 0.0883894 0.077347
vt 0.084816 0.126657
vt 0.0888797 0.126909
vt 0.0924531 0.0776
vt 0.0875989 0.12683
vt 0.0888797 0.126909
vt 0.0883153 0.126874
vt 0.0924531 0.0776
vt 0.0924531 0.0776
vt 0.0883153 0.126874
vt 0.0918887 0.0775647
vt 0.0827096 0.126525
vt 0.0896302 0.0774239
vt 0.0860569 0.126734
vt 0.0827436 0.076995
vt 0.0862829 0.0772154
vt 0.0827096 0.126525
vt 0.0896302 0.0774239
vt 0.0918887 0.0775647
vt 0.0860569 0.126734
vt 0.0860569 0.126734
vt 0.0918887 0.0775647
vt 0.0883153 0.126874
vt 0.0924531 0.0776
vt 0.0911722 0.0775202
vt 0.0875989 0.12683
vt 0.0911722 0.0775202
vt 0.0883894 0.077347
vt 0.0875989 0.12683
vt 0.0883894 0.077347
vt 0.0848501 0.0771265
vt 0.084816 0.126657
vt 0.084816 0.126657
vt 0.0848501 0.0771265
vt 0.0812768 0.126436
vt 0.0792443 0.0767772
vt 0.0794437 0.0774398
vt 0.0815028 0.076918
vt 0.0794437 0.0774398
vt 0.0792443 0.0767772
vt 0.078677 0.0775922
vt 0.0799607 0.0768217
vt 0.0794476 0.077439
vt 0.0786799 0.076742
vt 0.0794476 0.077439
vt 0.0786783 0.0775919
vt 0.0786799 0.076742
vt 0.0786783 0.0775919
vt 0.078677 0.0775922
vt 0.0786799 0.076742
vt 0.0786799 0.076742
vt 0.078677 0.0775922
vt 0.0792443 0.0767772
vt 0.0794437 0.0774398
vt 0.0790261 0.0832035
vt 0.0815028 0.076918
vt 0.0782819 0.0830442
vt 0.0782831 0.0830444
vt 0.0751066 0.126052
vt 0.0782831 0.0830444
vt 0.0790297 0.0832042
vt 0.0751066 0.126052
vt 0.0763874 0.126131
vt 0.0790297 0.0832042
vt 0.0799607 0.0768217
vt 0.0763874 0.126131
vt 0.0799607 0.0768217
vt 0.0791703 0.126304
vt 0.075671 0.126087
vt 0.0779294 0.126228
vt 0.0790261 0.0832035
vt 0.0779294 0.126228
vt 0.0815028 0.076918
vt 0.0790261 0.0832035
vt 0.0794476 0.077439
vt 0.0799607 0.0768217
vt 0.0790297 0.0832042
vt 0.0827096 0.126525
vt 0.0862829 0.0772154
vt 0.0896302 0.0774239
vt 0.0790297 0.0832042
vt 0.0753773 0.0824224
vt 0.0794476 0.077439
vt 0.0794476 0.077439
vt 0.0753773 0.0824224
vt 0.0754319 0.0782371
vt 0.0753773 0.0824224
vt 0.0744786 0.0820084
vt 0.0754319 0.0782371
vt 0.0744786 0.0820084
vt 0.0738609 0.0812561
vt 0.0754319 0.0782371
vt 0.0738609 0.0812561
vt 0.0736488 0.0803173
vt 0.0754319 0.0782371
vt 0.0745226 0.0786383
vt 0.0754319 0.0782371
vt 0.0738854 0.0793817
vt 0.0738854 0.0793817
vt 0.0754319 0.0782371
vt 0.0736488 0.0803173
vt 0.0790297 0.0832042
vt 0.0782831 0.0830444
vt 0.0753773 0.0824224
vt 0.0782831 0.0830444
vt 0.0782819 0.0830442
vt 0.0753773 0.0824224
vt 0.0790261 0.0832035
vt 0.0753773 0.0824224
vt 0.0782819 0.0830442
vt 0.0753773 0.0824224
vt 0.0753773 0.0824224
vt 0.0782819 0.0830442
vt 0.0794437 0.0774398
vt 0.078677 0.0775922
vt 0.0754319 0.0782371
vt 0.0754319 0.0782371
vt 0.078677 0.0775922
vt 0.0754319 0.0782371
vt 0.0794476 0.077439
vt 0.0754319 0.0782371
vt 0.0786783 0.0775919
vt 0.0786783 0.0775919
vt 0.0754319 0.0782371
vt 0.078677 0.0775922
vt 0.0754319 0.0782371
vt 0.0745226 0.0786383
vt 0.0754319 0.0782371
vt 0.0754319 0.0782371
vt 0.0745226 0.0786383
vt 0.0745226 0.0786383
vt 0.0736488 0.0803173
vt 0.0738854 0.0793817
vt 0.0738854 0.0793817
vt 0.0738854 0.0793817
vt 0.0736488 0.0803173
vt 0.0736488 0.0803173
vt 0.0744786 0.0820084
vt 0.0738609 0.0812561
vt 0.0738609 0.0812561
vt 0.0738609 0.0812561
vt 0.0744786 0.0820084
vt 0.0744786 0.0820084
vt 0.0753773 0.0824224
vt 0.0744786 0.0820084
vt 0.0753773 0.0824224
vt 0.0753773 0.0824224
vt 0.0744786 0.0820084
vt 0.0744786 0.0820084
vt 0.0738609 0.0812561
vt 0.0736488 0.0803173
vt 0.0738609 0.0812561
vt 0.0738609 0.0812561
vt 0.0736488 0.0803173
vt 0.0736488 0.0803173
vt 0.0738854 0.0793817
vt 0.0745226 0.0786383
vt 0.0738854 0.0793817
vt 0.0738854 0.0793817
vt 0.0745226 0.0786383
vt 0.0745226 0.0786383
vt 0.0755257 0.129513
vt 0.0767451 0.126402
vt 0.0753904 0.131112
vt 0.0755257 0.129513
vt 0.0753904 0.131112
vt 0.0751617 0.130307
vt 0.0742778 0.13301
vt 0.074789 0.131827
vt 0.0749277 0.132408
vt 0.0743365 0.132371
vt 0.074789 0.131827
vt 0.0742778 0.13301
vt 0.074789 0.131827
vt 0.0743365 0.132371
vt 0.0749426 0.13095
vt 0.074789 0.131827
vt 0.0749426 0.13095
vt 0.074949 0.130294
vt 0.074789 0.131827
vt 0.074949 0.130294
vt 0.0749686 0.130569
vt 0.0743365 0.132371
vt 0.0759265 0.126352
vt 0.0749426 0.13095
vt 0.0759265 0.126352
vt 0.0751034 0.129487
vt 0.0749426 0.13095
vt 0.0749686 0.130569
vt 0.0751617 0.130307
vt 0.074789 0.131827
vt 0.0767451 0.126402
vt 0.0749277 0.132408
vt 0.0753904 0.131112
vt 0.0751617 0.130307
vt 0.0753904 0.131112
vt 0.074789 0.131827
vt 0.0749277 0.132408
vt 0.074789 0.131827
vt 0.0753904 0.131112
vt 0.0751034 0.129487
vt 0.074949 0.130294
vt 0.0749426 0.13095
vt 0.0743365 0.132371
vt 0.0742778 0.13301
vt 0.0736313 0.133623
vt 0.0749277 0.132408
vt 0.0742044 0.133659
vt 0.0742778 0.13301
vt 0.0742044 0.133659
vt 0.0487702 0.178223
vt 0.0742778 0.13301
vt 0.0484622 0.178775
vt 0.040619 0.192376
vt 0.0487702 0.178223
vt 0.0484622 0.178775
vt 0.0481814 0.179302
vt 0.040619 0.192376
vt 0.040619 0.192376
vt 0.0481814 0.179302
vt 0.0399649 0.193807
vt 0.0471586 0.181289
vt 0.0466965 0.182117
vt 0.0475798 0.180499
vt 0.038914 0.195753
vt 0.0399649 0.193807
vt 0.0466965 0.182117
vt 0.040619 0.192376
vt 0.0407011 0.191842
vt 0.0487702 0.178223
vt 0.0487702 0.178223
vt 0.0407011 0.191842
vt 0.0481971 0.178188
vt 0.0487702 0.178223
vt 0.0481971 0.178188
vt 0.0742778 0.13301
vt 0.0392203 0.193761
vt 0.0475564 0.179264
vt 0.0401891 0.192349
vt 0.0380543 0.1957
vt 0.0458369 0.182064
vt 0.0392203 0.193761
vt 0.0463186 0.181237
vt 0.046798 0.18045
vt 0.0458369 0.182064
vt 0.0458369 0.182064
vt 0.046798 0.18045
vt 0.0392203 0.193761
vt 0.0475564 0.179264
vt 0.0478759 0.178739
vt 0.0401891 0.192349
vt 0.0478759 0.178739
vt 0.0481971 0.178188
vt 0.0401891 0.192349
vt 0.0481971 0.178188
vt 0.0736313 0.133623
vt 0.0742778 0.13301
vt 0.0475564 0.179264
vt 0.0392203 0.193761
vt 0.046798 0.18045
vt 0.0481814 0.179302
vt 0.0475798 0.180499
vt 0.0399649 0.193807
vt 0.0401891 0.192349
vt 0.0481971 0.178188
vt 0.0407011 0.191842
vt 0.0466965 0.182117
vt 0.0399649 0.193807
vt 0.0475798 0.180499
vt 0.0501737 0.197049
vt 0.051024 0.197102
vt 0.0502804 0.196461
vt 0.051024 0.197102
vt 0.0511401 0.196515
vt 0.0502804 0.196461
vt 0.0502804 0.196461
vt 0.0511401 0.196515
vt 0.0503437 0.196282
vt 0.0511401 0.196515
vt 0.0512034 0.196335
vt 0.0503437 0.196282
vt 0.0513685 0.19599
vt 0.05042 0.196106
vt 0.0512797 0.19616
vt 0.0513685 0.19599
vt 0.0505088 0.195937
vt 0.05042 0.196106
vt 0.05042 0.196106
vt 0.0503437 0.196282
vt 0.0512797 0.19616
vt 0.0512797 0.19616
vt 0.0503437 0.196282
vt 0.0512034 0.196335
vt 0.0513685 0.19599
vt 0.0555912 0.188088
vt 0.0505088 0.195937
vt 0.0513685 0.19599
vt 0.0565228 0.186959
vt 0.0555912 0.188088
vt 0.0555912 0.188088
vt 0.0552862 0.188069
vt 0.0505088 0.195937
vt 0.0552862 0.188069
vt 0.0556631 0.186906
vt 0.0505088 0.195937
vt 0.0610338 0.18301
vt 0.058105 0.184552
vt 0.0597266 0.184468
vt 0.0556631 0.186906
vt 0.0565398 0.185889
vt 0.058105 0.184552
vt 0.0565398 0.185889
vt 0.0556631 0.186906
vt 0.0561372 0.186775
vt 0.0565398 0.185889
vt 0.0561372 0.186775
vt 0.0570931 0.1864
vt 0.0565398 0.185889
vt 0.0570931 0.1864
vt 0.0575134 0.18566
vt 0.0565398 0.185889
vt 0.0575134 0.18566
vt 0.058105 0.184552
vt 0.0555912 0.188088
vt 0.0560474 0.187448
vt 0.0552862 0.188069
vt 0.0560474 0.187448
vt 0.0555912 0.188088
vt 0.056353 0.187204
vt 0.0560474 0.187448
vt 0.056353 0.187204
vt 0.0572341 0.186759
vt 0.0560474 0.187448
vt 0.0572341 0.186759
vt 0.0569556 0.186963
vt 0.0560474 0.187448
vt 0.0569556 0.186963
vt 0.0559714 0.187304
vt 0.0560474 0.187448
vt 0.0559714 0.187304
vt 0.0552862 0.188069
vt 0.058875 0.184662
vt 0.0575254 0.185699
vt 0.0565228 0.186959
vt 0.0618936 0.183064
vt 0.0605209 0.184517
vt 0.058875 0.184662
vt 0.0605209 0.184517
vt 0.0592917 0.185746
vt 0.058875 0.184662
vt 0.0583933 0.186562
vt 0.0577138 0.186256
vt 0.0592917 0.185746
vt 0.0577138 0.186256
vt 0.0583933 0.186562
vt 0.0572341 0.186759
vt 0.0577138 0.186256
vt 0.0572341 0.186759
vt 0.056353 0.187204
vt 0.0577138 0.186256
vt 0.056353 0.187204
vt 0.0568598 0.186603
vt 0.0577138 0.186256
vt 0.0568598 0.186603
vt 0.0583542 0.185501
vt 0.0577138 0.186256
vt 0.0583542 0.185501
vt 0.0592917 0.185746
vt 0.0580643 0.186542
vt 0.0569051 0.186843
vt 0.0579622 0.186841
vt 0.0569051 0.186843
vt 0.0580643 0.186542
vt 0.0570931 0.1864
vt 0.0569051 0.186843
vt 0.0570931 0.1864
vt 0.0561372 0.186775
vt 0.0569051 0.186843
vt 0.0561372 0.186775
vt 0.0559714 0.187304
vt 0.0569051 0.186843
vt 0.0559714 0.187304
vt 0.0569556 0.186963
vt 0.0569051 0.186843
vt 0.0569556 0.186963
vt 0.0579622 0.186841
vt 0.0597266 0.184468
vt 0.058105 0.184552
vt 0.0586838 0.185708
vt 0.058105 0.184552
vt 0.0575134 0.18566
vt 0.0586838 0.185708
vt 0.0556631 0.186906
vt 0.0552862 0.188069
vt 0.0561372 0.186775
vt 0.0583933 0.186562
vt 0.0579622 0.186841
vt 0.0572341 0.186759
vt 0.056353 0.187204
vt 0.0565228 0.186959
vt 0.0568598 0.186603
vt 0.058875 0.184662
vt 0.0583542 0.185501
vt 0.0575254 0.185699
vt 0.0586838 0.185708
vt 0.0575134 0.18566
vt 0.0570931 0.1864
vt 0.0586838 0.185708
vt 0.0570931 0.1864
vt 0.0580643 0.186542
vt 0.0579622 0.186841
vt 0.0569556 0.186963
vt 0.0572341 0.186759
vt 0.0552862 0.188069
vt 0.0559714 0.187304
vt 0.0561372 0.186775
vt 0.0565228 0.186959
vt 0.056353 0.187204
vt 0.0555912 0.188088
vt 0.0575254 0.185699
vt 0.0583542 0.185501
vt 0.0568598 0.186603
vt 0.0575254 0.185699
vt 0.0568598 0.186603
vt 0.0565228 0.186959
vt 0.058875 0.184662
vt 0.0592917 0.185746
vt 0.0583542 0.185501
vt 0.0761001 0.150812
vt 0.0750912 0.15037
vt 0.0767451 0.126402
vt 0.0738879 0.149999
vt 0.0742044 0.133659
vt 0.0750912 0.15037
vt 0.0742044 0.133659
vt 0.0749277 0.132408
vt 0.0750912 0.15037
vt 0.0767451 0.126402
vt 0.0750912 0.15037
vt 0.0749277 0.132408
vt 0.0690397 0.152955
vt 0.0709609 0.151708
vt 0.0692621 0.152308
vt 0.0690624 0.153178
vt 0.0709891 0.151831
vt 0.0690397 0.152955
vt 0.0693296 0.152973
vt 0.0709891 0.151831
vt 0.0690624 0.153178
vt 0.0698353 0.152344
vt 0.0712781 0.151468
vt 0.0693296 0.152973
vt 0.0716959 0.150502
vt 0.0736165 0.151603
vt 0.0712781 0.151468
vt 0.0716959 0.150502
vt 0.0712781 0.151468
vt 0.0698353 0.152344
vt 0.0716959 0.150502
vt 0.072793 0.150034
vt 0.0736165 0.151603
vt 0.072793 0.150034
vt 0.0738879 0.149999
vt 0.0736165 0.151603
vt 0.0761001 0.150812
vt 0.0748169 0.153579
vt 0.0750912 0.15037
vt 0.0744348 0.15429
vt 0.0733658 0.152243
vt 0.0748169 0.153579
vt 0.0742373 0.154525
vt 0.073269 0.152419
vt 0.0744348 0.15429
vt 0.0742285 0.154278
vt 0.073269 0.152419
vt 0.0742373 0.154525
vt 0.0744088 0.153554
vt 0.0732367 0.1523
vt 0.0742285 0.154278
vt 0.0753203 0.150764
vt 0.0744629 0.150331
vt 0.0744088 0.153554
vt 0.0744088 0.153554
vt 0.0744629 0.150331
vt 0.0733052 0.151563
vt 0.0744088 0.153554
vt 0.0733052 0.151563
vt 0.0732367 0.1523
vt 0.0744629 0.150331
vt 0.0733147 0.149963
vt 0.0733052 0.151563
vt 0.0733147 0.149963
vt 0.0727417 0.149915
vt 0.0733052 0.151563
vt 0.0727417 0.149915
vt 0.0721688 0.150012
vt 0.0733052 0.151563
vt 0.0709609 0.151708
vt 0.0732367 0.1523
vt 0.0710453 0.150513
vt 0.0709609 0.151708
vt 0.0710453 0.150513
vt 0.0692621 0.152308
vt 0.0709891 0.151831
vt 0.0733658 0.152243
vt 0.073269 0.152419
vt 0.0733658 0.152243
vt 0.0712781 0.151468
vt 0.0736165 0.151603
vt 0.0733658 0.152243
vt 0.0736165 0.151603
vt 0.0748169 0.153579
vt 0.0738879 0.149999
vt 0.0750912 0.15037
vt 0.0736165 0.151603
vt 0.073269 0.152419
vt 0.0742285 0.154278
vt 0.0732367 0.1523
vt 0.073269 0.152419
vt 0.0732367 0.1523
vt 0.0709609 0.151708
vt 0.073269 0.152419
vt 0.0709609 0.151708
vt 0.0709891 0.151831
vt 0.0710453 0.150513
vt 0.0733052 0.151563
vt 0.0721688 0.150012
vt 0.0732367 0.1523
vt 0.0733052 0.151563
vt 0.0710453 0.150513
vt 0.0690397 0.152955
vt 0.0709891 0.151831
vt 0.0709609 0.151708
vt 0.0733658 0.152243
vt 0.0709891 0.151831
vt 0.0712781 0.151468
vt 0.0744348 0.15429
vt 0.073269 0.152419
vt 0.0733658 0.152243
vt 0.0693296 0.152973
vt 0.0712781 0.151468
vt 0.0709891 0.151831
vt 0.0750912 0.15037
vt 0.0748169 0.153579
vt 0.0736165 0.151603
vt 0.0733147 0.149963
vt 0.0744629 0.150331
vt 0.0736313 0.133623
vt 0.0759265 0.126352
vt 0.0743365 0.132371
vt 0.0753203 0.150764
vt 0.0736313 0.133623
vt 0.0744629 0.150331
vt 0.0743365 0.132371
vt 0.0753203 0.150764
vt 0.0743365 0.132371
vt 0.0744629 0.150331
vt 0.0487702 0.178223
vt 0.0742044 0.133659
vt 0.0698353 0.152344
vt 0.0487702 0.178223
vt 0.0698353 0.152344
vt 0.0566431 0.175459
vt 0.0487702 0.178223
vt 0.0566431 0.175459
vt 0.0561938 0.177112
vt 0.0487702 0.178223
vt 0.0561938 0.177112
vt 0.0565547 0.178708
vt 0.0738879 0.149999
vt 0.072793 0.150034
vt 0.0742044 0.133659
vt 0.072793 0.150034
vt 0.0716959 0.150502
vt 0.0742044 0.133659
vt 0.0716959 0.150502
vt 0.0698353 0.152344
vt 0.0742044 0.133659
vt 0.0698353 0.152344
vt 0.0693296 0.152973
vt 0.0566431 0.175459
vt 0.0566431 0.175459
vt 0.0693296 0.152973
vt 0.0567283 0.174967
vt 0.0690397 0.152955
vt 0.0565324 0.174955
vt 0.0690624 0.153178
vt 0.0692621 0.152308
vt 0.05607 0.175423
vt 0.0690397 0.152955
vt 0.05607 0.175423
vt 0.0565324 0.174955
vt 0.0690397 0.152955
vt 0.0565324 0.174955
vt 0.0567283 0.174967
vt 0.0690624 0.153178
vt 0.0690624 0.153178
vt 0.0567283 0.174967
vt 0.0693296 0.152973
vt 0.0736313 0.133623
vt 0.0481971 0.178188
vt 0.0692621 0.152308
vt 0.0559816 0.178673
vt 0.0556203 0.177094
vt 0.0481971 0.178188
vt 0.0556203 0.177094
vt 0.05607 0.175423
vt 0.0481971 0.178188
vt 0.05607 0.175423
vt 0.0692621 0.152308
vt 0.0481971 0.178188
vt 0.0692621 0.152308
vt 0.0710453 0.150513
vt 0.0736313 0.133623
vt 0.0710453 0.150513
vt 0.0721688 0.150012
vt 0.0736313 0.133623
vt 0.0721688 0.150012
vt 0.0727417 0.149915
vt 0.0736313 0.133623
vt 0.0727417 0.149915
vt 0.0733147 0.149963
vt 0.0736313 0.133623
vt 0.0813438 0.184275
vt 0.0817918 0.184303
vt 0.0811973 0.186296
vt 0.0811973 0.186296
vt 0.0817918 0.184303
vt 0.0818908 0.186401
vt 0.0828187 0.184367
vt 0.0826655 0.18648
vt 0.0822898 0.184334
vt 0.0826655 0.18648
vt 0.0818908 0.186401
vt 0.0822898 0.184334
vt 0.0822898 0.184334
vt 0.0818908 0.186401
vt 0.0817918 0.184303
vt 0.0829768 0.182671
vt 0.0846394 0.181471
vt 0.0831934 0.180732
vt 0.0829768 0.182671
vt 0.0831934 0.180732
vt 0.0819153 0.182261
vt 0.0829768 0.182671
vt 0.0819153 0.182261
vt 0.0822876 0.183434
vt 0.0849513 0.180204
vt 0.0840293 0.179964
vt 0.0848586 0.180477
vt 0.0840293 0.179964
vt 0.0849513 0.180204
vt 0.0844255 0.179681
vt 0.0840293 0.179964
vt 0.0844255 0.179681
vt 0.0836204 0.17786
vt 0.0840293 0.179964
vt 0.0836204 0.17786
vt 0.0832652 0.178253
vt 0.0840293 0.179964
vt 0.0832652 0.178253
vt 0.0831934 0.180732
vt 0.0840293 0.179964
vt 0.0831934 0.180732
vt 0.0848586 0.180477
vt 0.0851484 0.180606
vt 0.084488 0.179743
vt 0.0850349 0.180126
vt 0.084488 0.179743
vt 0.0851484 0.180606
vt 0.0840842 0.18033
vt 0.084488 0.179743
vt 0.0840842 0.18033
vt 0.0836488 0.178275
vt 0.084488 0.179743
vt 0.0836488 0.178275
vt 0.083819 0.177871
vt 0.084488 0.179743
vt 0.083819 0.177871
vt 0.0838135 0.177725
vt 0.084488 0.179743
vt 0.0838135 0.177725
vt 0.0844255 0.179681
vt 0.084488 0.179743
vt 0.0844255 0.179681
vt 0.0850349 0.180126
vt 0.0837552 0.182719
vt 0.0827176 0.182299
vt 0.0852097 0.181506
vt 0.0837552 0.182719
vt 0.0831265 0.183485
vt 0.0827176 0.182299
vt 0.0827176 0.182299
vt 0.0831265 0.183485
vt 0.0822898 0.184334
vt 0.0827176 0.182299
vt 0.0822898 0.184334
vt 0.0817918 0.184303
vt 0.0827176 0.182299
vt 0.0817918 0.184303
vt 0.0819853 0.181692
vt 0.0827176 0.182299
vt 0.0819853 0.181692
vt 0.0829254 0.179686
vt 0.0827176 0.182299
vt 0.0829254 0.179686
vt 0.0840842 0.18033
vt 0.0827176 0.182299
vt 0.0840842 0.18033
vt 0.0852097 0.181506
vt 0.0828187 0.184367
vt 0.0822898 0.184334
vt 0.082916 0.183914
vt 0.0817918 0.184303
vt 0.0813438 0.184275
vt 0.0819853 0.181692
vt 0.0829254 0.179686
vt 0.0836488 0.178275
vt 0.0840842 0.18033
vt 0.0838135 0.177725
vt 0.0836204 0.17786
vt 0.0844255 0.179681
vt 0.0832652 0.178253
vt 0.0822428 0.179643
vt 0.0831934 0.180732
vt 0.0831934 0.180732
vt 0.0822428 0.179643
vt 0.0819153 0.182261
vt 0.0803885 0.184216
vt 0.080889 0.184247
vt 0.0811059 0.181638
vt 0.0811059 0.181638
vt 0.080889 0.184247
vt 0.0819153 0.182261
vt 0.0811059 0.181638
vt 0.0819153 0.182261
vt 0.0822428 0.179643
vt 0.081959 0.184314
vt 0.0820628 0.183863
vt 0.0814192 0.18428
vt 0.0820628 0.183863
vt 0.0822876 0.183434
vt 0.0814192 0.18428
vt 0.0814192 0.18428
vt 0.0822876 0.183434
vt 0.0819153 0.182261
vt 0.0814192 0.18428
vt 0.0819153 0.182261
vt 0.080889 0.184247
vt 0.0846394 0.181471
vt 0.0848586 0.180477
vt 0.0831934 0.180732
vt 0.0850349 0.180126
vt 0.0844255 0.179681
vt 0.0849513 0.180204
vt 0.0852097 0.181506
vt 0.0840842 0.18033
vt 0.0851484 0.180606
vt 0.082916 0.183914
vt 0.0822898 0.184334
vt 0.0831265 0.183485
vt 0.0803885 0.184216
vt 0.0802421 0.186237
vt 0.080889 0.184247
vt 0.0818058 0.186427
vt 0.0814192 0.18428
vt 0.0810071 0.186346
vt 0.0818058 0.186427
vt 0.081959 0.184314
vt 0.0814192 0.18428
vt 0.0814192 0.18428
vt 0.080889 0.184247
vt 0.0810071 0.186346
vt 0.0810071 0.186346
vt 0.080889 0.184247
vt 0.0802421 0.186237
vt 0.081959 0.184314
vt 0.0818058 0.186427
vt 0.0842775 0.184458
vt 0.0806811 0.186357
vt 0.079816 0.198294
vt 0.0818058 0.186427
vt 0.079816 0.198294
vt 0.0832593 0.198509
vt 0.0818058 0.186427
vt 0.0832593 0.198509
vt 0.0842775 0.184458
vt 0.0818058 0.186427
vt 0.0828187 0.184367
vt 0.082916 0.183914
vt 0.0851372 0.184512
vt 0.082916 0.183914
vt 0.0831265 0.183485
vt 0.0851372 0.184512
vt 0.0851372 0.184512
vt 0.0831265 0.183485
vt 0.085201 0.183397
vt 0.0852097 0.181506
vt 0.0852258 0.182368
vt 0.0837552 0.182719
vt 0.0852258 0.182368
vt 0.085201 0.183397
vt 0.0837552 0.182719
vt 0.0837552 0.182719
vt 0.085201 0.183397
vt 0.0831265 0.183485
vt 0.0828597 0.159586
vt 0.079097 0.186146
vt 0.0801819 0.159419
vt 0.0846665 0.159698
vt 0.0829254 0.179686
vt 0.0828597 0.159586
vt 0.085118 0.159726
vt 0.083819 0.177871
vt 0.0846665 0.159698
vt 0.0840934 0.159663
vt 0.0836204 0.17786
vt 0.085118 0.159726
vt 0.0818671 0.159524
vt 0.0822428 0.179643
vt 0.0840934 0.159663
vt 0.0790357 0.159348
vt 0.0779647 0.186076
vt 0.0818671 0.159524
vt 0.0779647 0.186076
vt 0.0790357 0.159348
vt 0.0762543 0.18597
vt 0.074551 0.159068
vt 0.073643 0.179835
vt 0.0763578 0.159181
vt 0.0740995 0.15904
vt 0.0727797 0.177243
vt 0.074551 0.159068
vt 0.0751242 0.159104
vt 0.0730144 0.177258
vt 0.0740995 0.15904
vt 0.0773505 0.159242
vt 0.0744143 0.179884
vt 0.0751242 0.159104
vt 0.0801819 0.159419
vt 0.0773868 0.18604
vt 0.0773505 0.159242
vt 0.0802421 0.186237
vt 0.0803885 0.184216
vt 0.079647 0.186181
vt 0.079647 0.186181
vt 0.0803885 0.184216
vt 0.0818671 0.159524
vt 0.079647 0.186181
vt 0.0818671 0.159524
vt 0.0779647 0.186076
vt 0.0803885 0.184216
vt 0.0811059 0.181638
vt 0.0818671 0.159524
vt 0.0822428 0.179643
vt 0.0832652 0.178253
vt 0.0840934 0.159663
vt 0.0832652 0.178253
vt 0.0836204 0.17786
vt 0.0840934 0.159663
vt 0.0836204 0.17786
vt 0.0838135 0.177725
vt 0.085118 0.159726
vt 0.0838135 0.177725
vt 0.083819 0.177871
vt 0.085118 0.159726
vt 0.083819 0.177871
vt 0.0836488 0.178275
vt 0.0846665 0.159698
vt 0.0836488 0.178275
vt 0.0829254 0.179686
vt 0.0846665 0.159698
vt 0.0829254 0.179686
vt 0.0819853 0.181692
vt 0.0828597 0.159586
vt 0.0819853 0.181692
vt 0.0813438 0.184275
vt 0.0828597 0.159586
vt 0.0811973 0.186296
vt 0.0806703 0.186245
vt 0.0813438 0.184275
vt 0.0813438 0.184275
vt 0.0806703 0.186245
vt 0.0828597 0.159586
vt 0.079097 0.186146
vt 0.0773868 0.18604
vt 0.0801819 0.159419
vt 0.0773868 0.18604
vt 0.0757043 0.185935
vt 0.0773505 0.159242
vt 0.0747684 0.185931
vt 0.0751991 0.184375
vt 0.0757043 0.185935
vt 0.0751991 0.184375
vt 0.0752261 0.18272
vt 0.0757043 0.185935
vt 0.0757043 0.185935
vt 0.0752261 0.18272
vt 0.0773505 0.159242
vt 0.0744143 0.179884
vt 0.0734001 0.177858
vt 0.0751242 0.159104
vt 0.0734001 0.177858
vt 0.0730144 0.177258
vt 0.0751242 0.159104
vt 0.0730144 0.177258
vt 0.0727955 0.177039
vt 0.0740995 0.15904
vt 0.0727955 0.177039
vt 0.0727797 0.177243
vt 0.0740995 0.15904
vt 0.0727797 0.177243
vt 0.0729526 0.177831
vt 0.074551 0.159068
vt 0.0729526 0.177831
vt 0.073643 0.179835
vt 0.074551 0.159068
vt 0.073643 0.179835
vt 0.0742856 0.182662
vt 0.0763578 0.159181
vt 0.0763578 0.159181
vt 0.0742856 0.182662
vt 0.0746811 0.185872
vt 0.0763578 0.159181
vt 0.0746811 0.185872
vt 0.0762543 0.18597
vt 0.0763578 0.159181
vt 0.0762543 0.18597
vt 0.0790357 0.159348
vt 0.0738597 0.185875
vt 0.0746811 0.185872
vt 0.0742457 0.184318
vt 0.079097 0.186146
vt 0.0828597 0.159586
vt 0.0806703 0.186245
vt 0.0742457 0.184318
vt 0.0746811 0.185872
vt 0.0742856 0.182662
vt 0.0822428 0.179643
vt 0.0818671 0.159524
vt 0.0811059 0.181638
vt 0.0744143 0.179884
vt 0.0773505 0.159242
vt 0.0752261 0.18272
vt 0.0712835 0.186464
vt 0.0739852 0.186106
vt 0.0747684 0.185931
vt 0.0739852 0.186106
vt 0.0712835 0.186464
vt 0.0733894 0.185703
vt 0.0739852 0.186106
vt 0.0733894 0.185703
vt 0.0745087 0.185
vt 0.0739852 0.186106
vt 0.0745087 0.185
vt 0.0747684 0.185931
vt 0.0712835 0.186464
vt 0.072434 0.185639
vt 0.0733894 0.185703
vt 0.0736521 0.184008
vt 0.0739673 0.184785
vt 0.0733981 0.184609
vt 0.0739673 0.184785
vt 0.0736521 0.184008
vt 0.0742187 0.183871
vt 0.0739673 0.184785
vt 0.0742187 0.183871
vt 0.0747486 0.183911
vt 0.0739673 0.184785
vt 0.0747486 0.183911
vt 0.0745087 0.185
vt 0.0739673 0.184785
vt 0.0745087 0.185
vt 0.0733894 0.185703
vt 0.0739673 0.184785
vt 0.0733894 0.185703
vt 0.0733981 0.184609
vt 0.0730275 0.182184
vt 0.0741196 0.182897
vt 0.0736546 0.183378
vt 0.0741196 0.182897
vt 0.0730275 0.182184
vt 0.0730267 0.180956
vt 0.0741196 0.182897
vt 0.0730267 0.180956
vt 0.0737878 0.180457
vt 0.0741196 0.182897
vt 0.0737878 0.180457
vt 0.0746846 0.182758
vt 0.0741196 0.182897
vt 0.0746846 0.182758
vt 0.0742187 0.183871
vt 0.0741196 0.182897
vt 0.0742187 0.183871
vt 0.0736546 0.183378
vt 0.0702381 0.179754
vt 0.0720069 0.179849
vt 0.0710361 0.180331
vt 0.0720069 0.179849
vt 0.0702381 0.179754
vt 0.0714884 0.179405
vt 0.0720069 0.179849
vt 0.0714884 0.179405
vt 0.0725332 0.178536
vt 0.0720069 0.179849
vt 0.0725332 0.178536
vt 0.072951 0.179103
vt 0.0720069 0.179849
vt 0.072951 0.179103
vt 0.0730267 0.180956
vt 0.0720069 0.179849
vt 0.0730267 0.180956
vt 0.0710361 0.180331
vt 0.0699751 0.179738
vt 0.0712449 0.179265
vt 0.0698473 0.179537
vt 0.0712449 0.179265
vt 0.0699751 0.179738
vt 0.0713171 0.179442
vt 0.0712449 0.179265
vt 0.0713171 0.179442
vt 0.0723375 0.178588
vt 0.0712449 0.179265
vt 0.0723375 0.178588
vt 0.0723243 0.178351
vt 0.0712449 0.179265
vt 0.0723243 0.178351
vt 0.0714884 0.179405
vt 0.0712449 0.179265
vt 0.0714884 0.179405
vt 0.0698473 0.179537
vt 0.072236 0.182135
vt 0.071765 0.180055
vt 0.0705448 0.1803
vt 0.0727998 0.183326
vt 0.0732952 0.182962
vt 0.072236 0.182135
vt 0.0732952 0.182962
vt 0.0727998 0.183326
vt 0.0732893 0.184197
vt 0.0732952 0.182962
vt 0.0732893 0.184197
vt 0.0737865 0.184307
vt 0.0732952 0.182962
vt 0.0737865 0.184307
vt 0.0738216 0.182842
vt 0.0732952 0.182962
vt 0.0738216 0.182842
vt 0.0727786 0.181617
vt 0.0732952 0.182962
vt 0.0727786 0.181617
vt 0.072236 0.182135
vt 0.0727998 0.183326
vt 0.0727928 0.183956
vt 0.0732893 0.184197
vt 0.0716803 0.18559
vt 0.0726451 0.1856
vt 0.0725569 0.184557
vt 0.0716803 0.18559
vt 0.0706695 0.186426
vt 0.0726451 0.1856
vt 0.0726451 0.1856
vt 0.0706695 0.186426
vt 0.0732066 0.185991
vt 0.0726451 0.1856
vt 0.0732066 0.185991
vt 0.0732893 0.184197
vt 0.0726451 0.1856
vt 0.0732893 0.184197
vt 0.0725569 0.184557
vt 0.0742457 0.184318
vt 0.0737865 0.184307
vt 0.0738597 0.185875
vt 0.0737865 0.184307
vt 0.0742457 0.184318
vt 0.0738216 0.182842
vt 0.073643 0.179835
vt 0.0734203 0.18125
vt 0.0742856 0.182662
vt 0.0734203 0.18125
vt 0.073643 0.179835
vt 0.0726424 0.179366
vt 0.0734203 0.18125
vt 0.0726424 0.179366
vt 0.071765 0.180055
vt 0.0734203 0.18125
vt 0.071765 0.180055
vt 0.0727786 0.181617
vt 0.0734203 0.18125
vt 0.0727786 0.181617
vt 0.0738216 0.182842
vt 0.0734203 0.18125
vt 0.0738216 0.182842
vt 0.0742856 0.182662
vt 0.0727797 0.177243
vt 0.0723375 0.178588
vt 0.0729526 0.177831
vt 0.0723375 0.178588
vt 0.0727797 0.177243
vt 0.0723243 0.178351
vt 0.0727797 0.177243
vt 0.0727955 0.177039
vt 0.0723243 0.178351
vt 0.0734001 0.177858
vt 0.0725332 0.178536
vt 0.0730144 0.177258
vt 0.0725332 0.178536
vt 0.0734001 0.177858
vt 0.072951 0.179103
vt 0.0752261 0.18272
vt 0.0746846 0.182758
vt 0.0744143 0.179884
vt 0.0746846 0.182758
vt 0.0752261 0.18272
vt 0.0747486 0.183911
vt 0.0746846 0.182758
vt 0.0747486 0.183911
vt 0.0742187 0.183871
vt 0.0747684 0.185931
vt 0.0745087 0.185
vt 0.0751991 0.184375
vt 0.0730267 0.180956
vt 0.072951 0.179103
vt 0.0737878 0.180457
vt 0.071765 0.180055
vt 0.072236 0.182135
vt 0.0727786 0.181617
vt 0.0751991 0.184375
vt 0.0745087 0.185
vt 0.0747486 0.183911
vt 0.0751991 0.184375
vt 0.0747486 0.183911
vt 0.0752261 0.18272
vt 0.072434 0.185639
vt 0.0733981 0.184609
vt 0.0733894 0.185703
vt 0.0736546 0.183378
vt 0.0742187 0.183871
vt 0.0736521 0.184008
vt 0.0744143 0.179884
vt 0.0746846 0.182758
vt 0.0737878 0.180457
vt 0.0744143 0.179884
vt 0.0737878 0.180457
vt 0.072951 0.179103
vt 0.0744143 0.179884
vt 0.072951 0.179103
vt 0.0734001 0.177858
vt 0.0710361 0.180331
vt 0.0730267 0.180956
vt 0.0730275 0.182184
vt 0.0730144 0.177258
vt 0.0725332 0.178536
vt 0.0723243 0.178351
vt 0.0730144 0.177258
vt 0.0723243 0.178351
vt 0.0727955 0.177039
vt 0.0698473 0.179537
vt 0.0714884 0.179405
vt 0.0702381 0.179754
vt 0.0723243 0.178351
vt 0.0725332 0.178536
vt 0.0714884 0.179405
vt 0.071765 0.180055
vt 0.0726424 0.179366
vt 0.0713171 0.179442
vt 0.071765 0.180055
vt 0.0713171 0.179442
vt 0.0705448 0.1803
vt 0.0705448 0.1803
vt 0.0713171 0.179442
vt 0.0699751 0.179738
vt 0.0723375 0.178588
vt 0.0713171 0.179442
vt 0.0726424 0.179366
vt 0.0723375 0.178588
vt 0.0726424 0.179366
vt 0.0729526 0.177831
vt 0.073643 0.179835
vt 0.0729526 0.177831
vt 0.0726424 0.179366
vt 0.0742457 0.184318
vt 0.0742856 0.182662
vt 0.0738216 0.182842
vt 0.0738597 0.185875
vt 0.0737865 0.184307
vt 0.0732066 0.185991
vt 0.0738597 0.185875
vt 0.0732066 0.185991
vt 0.0706695 0.186426
vt 0.0732066 0.185991
vt 0.0737865 0.184307
vt 0.0732893 0.184197
vt 0.0727928 0.183956
vt 0.0725569 0.184557
vt 0.0732893 0.184197
vt 0.0466965 0.182117
vt 0.0471586 0.181289
vt 0.0618936 0.183064
vt 0.0475798 0.180499
vt 0.0730275 0.182184
vt 0.0471586 0.181289
vt 0.0479408 0.179781
vt 0.0578297 0.180397
vt 0.0475798 0.180499
vt 0.0587089 0.179267
vt 0.0710361 0.180331
vt 0.0578297 0.180397
vt 0.0710361 0.180331
vt 0.0587089 0.179267
vt 0.0702381 0.179754
vt 0.0588864 0.178854
vt 0.0698473 0.179537
vt 0.0588915 0.178962
vt 0.0588864 0.178854
vt 0.0586939 0.178949
vt 0.0698473 0.179537
vt 0.0698473 0.179537
vt 0.0586939 0.178949
vt 0.0699751 0.179738
vt 0.0571419 0.180354
vt 0.0705448 0.1803
vt 0.0583245 0.179243
vt 0.047253 0.179738
vt 0.046798 0.18045
vt 0.0571419 0.180354
vt 0.0571419 0.180354
vt 0.046798 0.18045
vt 0.072236 0.182135
vt 0.0571419 0.180354
vt 0.072236 0.182135
vt 0.0705448 0.1803
vt 0.0458369 0.182064
vt 0.0610338 0.18301
vt 0.0463186 0.181237
vt 0.0597266 0.184468
vt 0.0725569 0.184557
vt 0.0610338 0.18301
vt 0.0725569 0.184557
vt 0.0597266 0.184468
vt 0.0716803 0.18559
vt 0.0580643 0.186542
vt 0.0706695 0.186426
vt 0.0586838 0.185708
vt 0.0579622 0.186841
vt 0.0809739 0.188275
vt 0.0580643 0.186542
vt 0.0579622 0.186841
vt 0.0583933 0.186562
vt 0.0809739 0.188275
vt 0.0592917 0.185746
vt 0.0712835 0.186464
vt 0.0583933 0.186562
vt 0.0712835 0.186464
vt 0.0592917 0.185746
vt 0.072434 0.185639
vt 0.0618936 0.183064
vt 0.0733981 0.184609
vt 0.0605209 0.184517
vt 0.080754 0.187054
vt 0.0706695 0.186426
vt 0.08083 0.187952
vt 0.0706695 0.186426
vt 0.0716803 0.18559
vt 0.0586838 0.185708
vt 0.0586838 0.185708
vt 0.0716803 0.18559
vt 0.0597266 0.184468
vt 0.0725569 0.184557
vt 0.0727928 0.183956
vt 0.0610338 0.18301
vt 0.0727928 0.183956
vt 0.0727998 0.183326
vt 0.0610338 0.18301
vt 0.0610338 0.18301
vt 0.0727998 0.183326
vt 0.0463186 0.181237
vt 0.0705448 0.1803
vt 0.0699751 0.179738
vt 0.0583245 0.179243
vt 0.0583245 0.179243
vt 0.0699751 0.179738
vt 0.0586939 0.178949
vt 0.0698473 0.179537
vt 0.0702381 0.179754
vt 0.0588915 0.178962
vt 0.0588915 0.178962
vt 0.0702381 0.179754
vt 0.0587089 0.179267
vt 0.0710361 0.180331
vt 0.0730275 0.182184
vt 0.0578297 0.180397
vt 0.0730275 0.182184
vt 0.0736546 0.183378
vt 0.0471586 0.181289
vt 0.0471586 0.181289
vt 0.0736546 0.183378
vt 0.0618936 0.183064
vt 0.0736546 0.183378
vt 0.0736521 0.184008
vt 0.0618936 0.183064
vt 0.0733981 0.184609
vt 0.072434 0.185639
vt 0.0605209 0.184517
vt 0.0605209 0.184517
vt 0.072434 0.185639
vt 0.0592917 0.185746
vt 0.0813679 0.187092
vt 0.081163 0.187973
vt 0.0712835 0.186464
vt 0.0712835 0.186464
vt 0.081163 0.187973
vt 0.0583933 0.186562
vt 0.0809739 0.188275
vt 0.08083 0.187952
vt 0.0580643 0.186542
vt 0.0706695 0.186426
vt 0.0580643 0.186542
vt 0.08083 0.187952
vt 0.0809739 0.188275
vt 0.0583933 0.186562
vt 0.081163 0.187973
vt 0.0578297 0.180397
vt 0.0730275 0.182184
vt 0.0475798 0.180499
vt 0.046798 0.18045
vt 0.0463186 0.181237
vt 0.072236 0.182135
vt 0.072236 0.182135
vt 0.0463186 0.181237
vt 0.0727998 0.183326
vt 0.0733981 0.184609
vt 0.0618936 0.183064
vt 0.0736521 0.184008
vt 0.0479408 0.179781
vt 0.0481814 0.179302
vt 0.0578297 0.180397
vt 0.0578297 0.180397
vt 0.0481814 0.179302
vt 0.0571446 0.179613
vt 0.0487702 0.178223
vt 0.0565547 0.178708
vt 0.0484622 0.178775
vt 0.0565547 0.178708
vt 0.0571446 0.179613
vt 0.0484622 0.178775
vt 0.0484622 0.178775
vt 0.0571446 0.179613
vt 0.0481814 0.179302
vt 0.0567283 0.174967
vt 0.0564002 0.176678
vt 0.0566431 0.175459
vt 0.0565324 0.174955
vt 0.0562609 0.176667
vt 0.0567283 0.174967
vt 0.05607 0.175423
vt 0.0559036 0.176993
vt 0.0565324 0.174955
vt 0.0559036 0.176993
vt 0.0570059 0.178283
vt 0.0562609 0.176667
vt 0.0559036 0.176993
vt 0.0562609 0.176667
vt 0.0565324 0.174955
vt 0.0559816 0.178673
vt 0.0565522 0.178674
vt 0.0556203 0.177094
vt 0.0565522 0.178674
vt 0.0559816 0.178673
vt 0.0561954 0.179028
vt 0.0565522 0.178674
vt 0.0561954 0.179028
vt 0.0583245 0.179243
vt 0.0565522 0.178674
vt 0.0583245 0.179243
vt 0.0570059 0.178283
vt 0.0565522 0.178674
vt 0.0570059 0.178283
vt 0.0559036 0.176993
vt 0.0565522 0.178674
vt 0.0559036 0.176993
vt 0.0556203 0.177094
vt 0.0571419 0.180354
vt 0.0583245 0.179243
vt 0.0565407 0.179575
vt 0.0583245 0.179243
vt 0.0586939 0.178949
vt 0.0570059 0.178283
vt 0.0588864 0.178854
vt 0.0572209 0.178172
vt 0.0586939 0.178949
vt 0.0588915 0.178962
vt 0.0572294 0.178294
vt 0.0588864 0.178854
vt 0.0587089 0.179267
vt 0.0570138 0.178689
vt 0.0588915 0.178962
vt 0.0578297 0.180397
vt 0.0571446 0.179613
vt 0.0587089 0.179267
vt 0.0587089 0.179267
vt 0.0571446 0.179613
vt 0.0567783 0.179053
vt 0.0587089 0.179267
vt 0.0567783 0.179053
vt 0.0570138 0.178689
vt 0.0561938 0.177112
vt 0.0562059 0.177328
vt 0.0565547 0.178708
vt 0.0562059 0.177328
vt 0.0561938 0.177112
vt 0.0563343 0.177005
vt 0.0562059 0.177328
vt 0.0563343 0.177005
vt 0.0570138 0.178689
vt 0.0562059 0.177328
vt 0.0570138 0.178689
vt 0.0565547 0.178708
vt 0.0559036 0.176993
vt 0.05607 0.175423
vt 0.0556203 0.177094
vt 0.0565407 0.179575
vt 0.0583245 0.179243
vt 0.0561954 0.179028
vt 0.0565407 0.179575
vt 0.0561954 0.179028
vt 0.0559816 0.178673
vt 0.0588915 0.178962
vt 0.0570138 0.178689
vt 0.0572294 0.178294
vt 0.0570138 0.178689
vt 0.0563343 0.177005
vt 0.0572294 0.178294
vt 0.0562609 0.176667
vt 0.0572209 0.178172
vt 0.0564002 0.176678
vt 0.0562609 0.176667
vt 0.0564002 0.176678
vt 0.0567283 0.174967
vt 0.0572209 0.178172
vt 0.0588864 0.178854
vt 0.0572294 0.178294
vt 0.0572209 0.178172
vt 0.0572294 0.178294
vt 0.0564002 0.176678
vt 0.0564002 0.176678
vt 0.0572294 0.178294
vt 0.0563343 0.177005
vt 0.0564002 0.176678
vt 0.0563343 0.177005
vt 0.0566431 0.175459
vt 0.0586939 0.178949
vt 0.0572209 0.178172
vt 0.0570059 0.178283
vt 0.0570059 0.178283
vt 0.0572209 0.178172
vt 0.0562609 0.176667
vt 0.0561938 0.177112
vt 0.0566431 0.175459
vt 0.0563343 0.177005
vt 0.0571446 0.179613
vt 0.0565547 0.178708
vt 0.0567783 0.179053
vt 0.0565547 0.178708
vt 0.0570138 0.178689
vt 0.0567783 0.179053
vt 0.0481971 0.178188
vt 0.0478759 0.178739
vt 0.0559816 0.178673
vt 0.0559816 0.178673
vt 0.0478759 0.178739
vt 0.0565407 0.179575
vt 0.047253 0.179738
vt 0.0571419 0.180354
vt 0.0475564 0.179264
vt 0.0571419 0.180354
vt 0.0565407 0.179575
vt 0.0475564 0.179264
vt 0.0475564 0.179264
vt 0.0565407 0.179575
vt 0.0478759 0.178739
vt 0.0818058 0.186427
vt 0.0810071 0.186346
vt 0.0806811 0.186357
vt 0.0806811 0.186357
vt 0.0810071 0.186346
vt 0.0738597 0.185875
vt 0.0806811 0.186357
vt 0.0738597 0.185875
vt 0.0807141 0.186524
vt 0.079647 0.186181
vt 0.0746811 0.185872
vt 0.0802421 0.186237
vt 0.0746811 0.185872
vt 0.0738597 0.185875
vt 0.0802421 0.186237
vt 0.0738597 0.185875
vt 0.0706695 0.186426
vt 0.0807141 0.186524
vt 0.080754 0.187054
vt 0.0807387 0.186759
vt 0.0706695 0.186426
vt 0.0807387 0.186759
vt 0.0807141 0.186524
vt 0.0706695 0.186426
vt 0.0802421 0.186237
vt 0.0738597 0.185875
vt 0.0810071 0.186346
vt 0.0806811 0.186357
vt 0.0807141 0.186524
vt 0.079816 0.198294
vt 0.0807141 0.186524
vt 0.0807387 0.186759
vt 0.079816 0.198294
vt 0.0807387 0.186759
vt 0.080754 0.187054
vt 0.079816 0.198294
vt 0.080754 0.187054
vt 0.08083 0.187952
vt 0.079816 0.198294
vt 0.079816 0.198294
vt 0.08083 0.187952
vt 0.0797796 0.201776
vt 0.079816 0.198294
vt 0.0797796 0.201776
vt 0.0797285 0.2003
vt 0.081163 0.187973
vt 0.0802095 0.201802
vt 0.0809739 0.188275
vt 0.0802095 0.201802
vt 0.081163 0.187973
vt 0.0806757 0.198348
vt 0.0802095 0.201802
vt 0.0806757 0.198348
vt 0.080473 0.200346
vt 0.081163 0.187973
vt 0.0813679 0.187092
vt 0.0806757 0.198348
vt 0.0813679 0.187092
vt 0.0814258 0.186801
vt 0.0806757 0.198348
vt 0.0815408 0.18641
vt 0.0806757 0.198348
vt 0.0814839 0.186572
vt 0.0802095 0.201802
vt 0.0799557 0.202326
vt 0.0809739 0.188275
vt 0.0799557 0.202326
vt 0.0797796 0.201776
vt 0.0809739 0.188275
vt 0.0814839 0.186572
vt 0.0806757 0.198348
vt 0.0814258 0.186801
vt 0.0809739 0.188275
vt 0.0797796 0.201776
vt 0.08083 0.187952
vt 0.0814839 0.186572
vt 0.0747684 0.185931
vt 0.0815408 0.18641
vt 0.0747684 0.185931
vt 0.0814839 0.186572
vt 0.0712835 0.186464
vt 0.0813679 0.187092
vt 0.0712835 0.186464
vt 0.0814258 0.186801
vt 0.0814258 0.186801
vt 0.0712835 0.186464
vt 0.0814839 0.186572
vt 0.0815408 0.18641
vt 0.0747684 0.185931
vt 0.0811973 0.186296
vt 0.0815408 0.18641
vt 0.0811973 0.186296
vt 0.0818908 0.186401
vt 0.0815408 0.18641
vt 0.0818908 0.186401
vt 0.0826655 0.18648
vt 0.0806703 0.186245
vt 0.0811973 0.186296
vt 0.0757043 0.185935
vt 0.0757043 0.185935
vt 0.0811973 0.186296
vt 0.0747684 0.185931
vt 0.0806703 0.186245
vt 0.0757043 0.185935
vt 0.079097 0.186146
vt 0.0757043 0.185935
vt 0.0773868 0.18604
vt 0.079097 0.186146
vt 0.0366414 0.193601
vt 0.0364387 0.195599
vt 0.0380543 0.1957
vt 0.0366414 0.193601
vt 0.0380543 0.1957
vt 0.0392203 0.193761
vt 0.0366414 0.193601
vt 0.0392203 0.193761
vt 0.036905 0.192145
vt 0.0364023 0.199081
vt 0.0501233 0.198797
vt 0.0363512 0.197605
vt 0.0501233 0.198797
vt 0.0364023 0.199081
vt 0.0501873 0.200034
vt 0.0368322 0.199107
vt 0.0505798 0.200059
vt 0.0365784 0.19963
vt 0.0505798 0.200059
vt 0.0368322 0.199107
vt 0.0508217 0.19884
vt 0.0372984 0.195653
vt 0.038914 0.195753
vt 0.0370957 0.197651
vt 0.0372984 0.195653
vt 0.0373859 0.193647
vt 0.038914 0.195753
vt 0.038914 0.195753
vt 0.0373859 0.193647
vt 0.0399649 0.193807
vt 0.0371588 0.191621
vt 0.040619 0.192376
vt 0.0373348 0.192171
vt 0.036905 0.192145
vt 0.0401891 0.192349
vt 0.0371588 0.191621
vt 0.0401891 0.192349
vt 0.036905 0.192145
vt 0.0392203 0.193761
vt 0.0502804 0.196461
vt 0.0380543 0.1957
vt 0.0501737 0.197049
vt 0.0401891 0.192349
vt 0.0407011 0.191842
vt 0.0371588 0.191621
vt 0.0407011 0.191842
vt 0.040619 0.192376
vt 0.0371588 0.191621
vt 0.040619 0.192376
vt 0.0399649 0.193807
vt 0.0373348 0.192171
vt 0.0373348 0.192171
vt 0.0399649 0.193807
vt 0.0373859 0.193647
vt 0.0511401 0.196515
vt 0.051024 0.197102
vt 0.038914 0.195753
vt 0.038914 0.195753
vt 0.051024 0.197102
vt 0.0370957 0.197651
vt 0.0505798 0.200059
vt 0.0503515 0.200488
vt 0.0365784 0.19963
vt 0.0503515 0.200488
vt 0.0501873 0.200034
vt 0.0365784 0.19963
vt 0.0365784 0.19963
vt 0.0501873 0.200034
vt 0.0364023 0.199081
vt 0.0501233 0.198797
vt 0.0501737 0.197049
vt 0.0363512 0.197605
vt 0.0364387 0.195599
vt 0.0363512 0.197605
vt 0.0380543 0.1957
vt 0.0363512 0.197605
vt 0.0501737 0.197049
vt 0.0380543 0.1957
vt 0.0368322 0.199107
vt 0.0370957 0.197651
vt 0.0508217 0.19884
vt 0.0508217 0.19884
vt 0.0370957 0.197651
vt 0.051024 0.197102
vt 0.051024 0.197102
vt 0.0501737 0.197049
vt 0.0508217 0.19884
vt 0.0501737 0.197049
vt 0.0501233 0.198797
vt 0.0508217 0.19884
vt 0.0508217 0.19884
vt 0.0501233 0.198797
vt 0.0505798 0.200059
vt 0.0503515 0.200488
vt 0.0505798 0.200059
vt 0.0501873 0.200034
vt 0.0501873 0.200034
vt 0.0505798 0.200059
vt 0.0501233 0.198797
vt 0.0366414 0.193601
vt 0.0373348 0.192171
vt 0.0364387 0.195599
vt 0.036905 0.192145
vt 0.0371588 0.191621
vt 0.0366414 0.193601
vt 0.0371588 0.191621
vt 0.0373348 0.192171
vt 0.0366414 0.193601
vt 0.0373348 0.192171
vt 0.0373859 0.193647
vt 0.0364387 0.195599
vt 0.0364387 0.195599
vt 0.0373859 0.193647
vt 0.0363512 0.197605
vt 0.0373859 0.193647
vt 0.0372984 0.195653
vt 0.0363512 0.197605
vt 0.0372984 0.195653
vt 0.0370957 0.197651
vt 0.0363512 0.197605
vt 0.0370957 0.197651
vt 0.0368322 0.199107
vt 0.0363512 0.197605
vt 0.0364023 0.199081
vt 0.0363512 0.197605
vt 0.0365784 0.19963
vt 0.0365784 0.19963
vt 0.0363512 0.197605
vt 0.0368322 0.199107
vt 0.0511401 0.196515
vt 0.038914 0.195753
vt 0.0512034 0.196335
vt 0.0466965 0.182117
vt 0.0513685 0.19599
vt 0.038914 0.195753
vt 0.0618936 0.183064
vt 0.058875 0.184662
vt 0.0466965 0.182117
vt 0.058875 0.184662
vt 0.0565228 0.186959
vt 0.0466965 0.182117
vt 0.0565228 0.186959
vt 0.0513685 0.19599
vt 0.0466965 0.182117
vt 0.0513685 0.19599
vt 0.0512797 0.19616
vt 0.038914 0.195753
vt 0.0512797 0.19616
vt 0.0512034 0.196335
vt 0.038914 0.195753
vt 0.0502804 0.196461
vt 0.0503437 0.196282
vt 0.0380543 0.1957
vt 0.0503437 0.196282
vt 0.05042 0.196106
vt 0.0380543 0.1957
vt 0.05042 0.196106
vt 0.0505088 0.195937
vt 0.0380543 0.1957
vt 0.0380543 0.1957
vt 0.0505088 0.195937
vt 0.0458369 0.182064
vt 0.0505088 0.195937
vt 0.0556631 0.186906
vt 0.0458369 0.182064
vt 0.0610338 0.18301
vt 0.0458369 0.182064
vt 0.058105 0.184552
vt 0.0458369 0.182064
vt 0.0556631 0.186906
vt 0.058105 0.184552
vt 0.0806757 0.198348
vt 0.084119 0.198562
vt 0.080473 0.200346
vt 0.084119 0.198562
vt 0.0839163 0.200561
vt 0.080473 0.200346
vt 0.080473 0.200346
vt 0.0839163 0.200561
vt 0.0802095 0.201802
vt 0.0833989 0.20254
vt 0.0799557 0.202326
vt 0.0836528 0.202017
vt 0.0833989 0.20254
vt 0.0832229 0.20199
vt 0.0799557 0.202326
vt 0.0799557 0.202326
vt 0.0832229 0.20199
vt 0.0797796 0.201776
vt 0.0832593 0.198509
vt 0.0797285 0.2003
vt 0.0831718 0.200515
vt 0.0832593 0.198509
vt 0.079816 0.198294
vt 0.0797285 0.2003
vt 0.0797285 0.2003
vt 0.0797796 0.201776
vt 0.0831718 0.200515
vt 0.0831718 0.200515
vt 0.0797796 0.201776
vt 0.0832229 0.20199
vt 0.0799557 0.202326
vt 0.0802095 0.201802
vt 0.0836528 0.202017
vt 0.0836528 0.202017
vt 0.0802095 0.201802
vt 0.0839163 0.200561
vt 0.0827436 0.076995
vt 0.0799607 0.0768217
vt 0.0862829 0.0772154
vt 0.0786799 0.076742
vt 0.0911722 0.0775202
vt 0.0799607 0.0768217
vt 0.0786799 0.076742
vt 0.0792443 0.0767772
vt 0.0911722 0.0775202
vt 0.0911722 0.0775202
vt 0.0792443 0.0767772
vt 0.0883894 0.077347
vt 0.0848501 0.0771265
vt 0.0883894 0.077347
vt 0.0815028 0.076918
vt 0.0815028 0.076918
vt 0.0883894 0.077347
vt 0.0792443 0.0767772
vt 0.0911722 0.0775202
vt 0.0924531 0.0776
vt 0.0799607 0.0768217
vt 0.0924531 0.0776
vt 0.0918887 0.0775647
vt 0.0799607 0.0768217
vt 0.0918887 0.0775647
vt 0.0896302 0.0774239
vt 0.0799607 0.0768217
vt 0.0896302 0.0774239
vt 0.0862829 0.0772154
vt 0.0799607 0.0768217
vt 0.0759265 0.126352
vt 0.0753203 0.150764
vt 0.0779294 0.126228
vt 0.0744088 0.153554
vt 0.074551 0.159068
vt 0.0753203 0.150764
vt 0.0744088 0.153554
vt 0.0742285 0.154278
vt 0.074551 0.159068
vt 0.074551 0.159068
vt 0.0742285 0.154278
vt 0.0740995 0.15904
vt 0.0742285 0.154278
vt 0.0742373 0.154525
vt 0.0740995 0.15904
vt 0.0748169 0.153579
vt 0.0751242 0.159104
vt 0.0744348 0.15429
vt 0.0748169 0.153579
vt 0.0761001 0.150812
vt 0.0751242 0.159104
vt 0.0761001 0.150812
vt 0.0767451 0.126402
vt 0.0791703 0.126304
vt 0.0791703 0.126304
vt 0.0767451 0.126402
vt 0.0763874 0.126131
vt 0.0751617 0.130307
vt 0.0751066 0.126052
vt 0.0755257 0.129513
vt 0.0751617 0.130307
vt 0.0749686 0.130569
vt 0.0751066 0.126052
vt 0.0749686 0.130569
vt 0.074949 0.130294
vt 0.0751066 0.126052
vt 0.074949 0.130294
vt 0.0751034 0.129487
vt 0.0751066 0.126052
vt 0.0751066 0.126052
vt 0.0751034 0.129487
vt 0.075671 0.126087
vt 0.0860569 0.126734
vt 0.0801819 0.159419
vt 0.0827096 0.126525
vt 0.0801819 0.159419
vt 0.0860569 0.126734
vt 0.0828597 0.159586
vt 0.0888797 0.126909
vt 0.0846665 0.159698
vt 0.0883153 0.126874
vt 0.0846665 0.159698
vt 0.0888797 0.126909
vt 0.085118 0.159726
vt 0.084816 0.126657
vt 0.0840934 0.159663
vt 0.0875989 0.12683
vt 0.0812768 0.126436
vt 0.0790357 0.159348
vt 0.084816 0.126657
vt 0.0790357 0.159348
vt 0.0812768 0.126436
vt 0.0763578 0.159181
vt 0.0779294 0.126228
vt 0.075671 0.126087
vt 0.0759265 0.126352
vt 0.0759265 0.126352
vt 0.075671 0.126087
vt 0.0751034 0.129487
vt 0.0751066 0.126052
vt 0.0763874 0.126131
vt 0.0755257 0.129513
vt 0.0755257 0.129513
vt 0.0763874 0.126131
vt 0.0767451 0.126402
vt 0.0761001 0.150812
vt 0.0791703 0.126304
vt 0.0773505 0.159242
vt 0.0761001 0.150812
vt 0.0773505 0.159242
vt 0.0751242 0.159104
vt 0.0801819 0.159419
vt 0.0773505 0.159242
vt 0.0827096 0.126525
vt 0.0751242 0.159104
vt 0.0740995 0.15904
vt 0.0744348 0.15429
vt 0.074551 0.159068
vt 0.0763578 0.159181
vt 0.0753203 0.150764
vt 0.0790357 0.159348
vt 0.0818671 0.159524
vt 0.084816 0.126657
vt 0.0818671 0.159524
vt 0.0840934 0.159663
vt 0.084816 0.126657
vt 0.0840934 0.159663
vt 0.085118 0.159726
vt 0.0875989 0.12683
vt 0.0875989 0.12683
vt 0.085118 0.159726
vt 0.0888797 0.126909
vt 0.0846665 0.159698
vt 0.0828597 0.159586
vt 0.0883153 0.126874
vt 0.0883153 0.126874
vt 0.0828597 0.159586
vt 0.0860569 0.126734
vt 0.0812768 0.126436
vt 0.0779294 0.126228
vt 0.0763578 0.159181
vt 0.0763578 0.159181
vt 0.0779294 0.126228
vt 0.0753203 0.150764
vt 0.0740995 0.15904
vt 0.0742373 0.154525
vt 0.0744348 0.15429
vt 0.0773505 0.159242
vt 0.0791703 0.126304
vt 0.0827096 0.126525
vt 0.0828187 0.184367
vt 0.0851372 0.184512
vt 0.0826655 0.18648
vt 0.0851372 0.184512
vt 0.084119 0.198562
vt 0.0826655 0.18648
vt 0.084119 0.198562
vt 0.0806757 0.198348
vt 0.0826655 0.18648
vt 0.0806757 0.198348
vt 0.0815408 0.18641
vt 0.0826655 0.18648
vt 0.0839163 0.200561
vt 0.084119 0.198562
vt 0.0836528 0.202017
vt 0.085201 0.183397
vt 0.0852258 0.182368
vt 0.0851372 0.184512
vt 0.0852258 0.182368
vt 0.0852097 0.181506
vt 0.0851372 0.184512
vt 0.0851372 0.184512
vt 0.0852097 0.181506
vt 0.0836528 0.202017
vt 0.0851372 0.184512
vt 0.0836528 0.202017
vt 0.084119 0.198562
vt 0.0850349 0.180126
vt 0.0833989 0.20254
vt 0.0851484 0.180606
vt 0.0850349 0.180126
vt 0.0849513 0.180204
vt 0.0833989 0.20254
vt 0.0849513 0.180204
vt 0.0848586 0.180477
vt 0.0833989 0.20254
vt 0.0833989 0.20254
vt 0.0848586 0.180477
vt 0.0832229 0.20199
vt 0.0844991 0.182323
vt 0.0842775 0.184458
vt 0.0846394 0.181471
vt 0.0844991 0.182323
vt 0.0843752 0.183345
vt 0.0842775 0.184458
vt 0.0846394 0.181471
vt 0.0842775 0.184458
vt 0.0832229 0.20199
vt 0.0846394 0.181471
vt 0.0832229 0.20199
vt 0.0848586 0.180477
vt 0.0831718 0.200515
vt 0.0832229 0.20199
vt 0.0832593 0.198509
vt 0.0833989 0.20254
vt 0.0836528 0.202017
vt 0.0851484 0.180606
vt 0.0851484 0.180606
vt 0.0836528 0.202017
vt 0.0852097 0.181506
vt 0.0832593 0.198509
vt 0.0832229 0.20199
vt 0.0842775 0.184458
vt 0.0846394 0.181471
vt 0.0829768 0.182671
vt 0.0844991 0.182323
vt 0.0844991 0.182323
vt 0.0829768 0.182671
vt 0.0843752 0.183345
vt 0.0820628 0.183863
vt 0.0842775 0.184458
vt 0.0822876 0.183434
vt 0.0820628 0.183863
vt 0.081959 0.184314
vt 0.0842775 0.184458
vt 0.0842775 0.184458
vt 0.0843752 0.183345
vt 0.0822876 0.183434
vt 0.0822876 0.183434
vt 0.0843752 0.183345
vt 0.0829768 0.182671
vt 0.079647 0.186181
vt 0.0779647 0.186076
vt 0.0746811 0.185872
vt 0.0779647 0.186076
vt 0.0762543 0.18597
vt 0.0746811 0.185872
vt 0.0782529 0.100854
vt 0.0777757 0.107529
vt 0.0877566 0.101439
vt 0.0777757 0.107529
vt 0.0872794 0.108113
vt 0.0877566 0.101439
vt 0.0782529 0.100854
vt 0.0761879 0.100727
vt 0.0777757 0.107529
vt 0.0777757 0.107529
vt 0.0761879 0.100727
vt 0.0757106 0.107402
vt 0.0720913 0.100476
vt 0.071614 0.107151
vt 0.0739784 0.100592
vt 0.0720913 0.100476
vt 0.0709251 0.100405
vt 0.071614 0.107151
vt 0.0707263 0.100393
vt 0.070249 0.107067
vt 0.0709251 0.100405
vt 0.0707263 0.100393
vt 0.0715368 0.100443
vt 0.070249 0.107067
vt 0.0715368 0.100443
vt 0.0710596 0.107117
vt 0.070249 0.107067
vt 0.070249 0.107067
vt 0.0704478 0.107079
vt 0.0709251 0.100405
vt 0.0704478 0.107079
vt 0.071614 0.107151
vt 0.0709251 0.100405
vt 0.071614 0.107151
vt 0.0735011 0.107266
vt 0.0739784 0.100592
vt 0.0735011 0.107266
vt 0.0757106 0.107402
vt 0.0739784 0.100592
vt 0.0739784 0.100592
vt 0.0757106 0.107402
vt 0.0761879 0.100727
vt 0.0781216 0.100848
vt 0.0776444 0.107523
vt 0.0715368 0.100443
vt 0.0776444 0.107523
vt 0.0710596 0.107117
vt 0.0715368 0.100443
vt 0.0776444 0.107523
vt 0.0781216 0.100848
vt 0.0802322 0.107682
vt 0.0840574 0.101213
vt 0.0835802 0.107887
vt 0.0807095 0.101007
vt 0.0835802 0.107887
vt 0.0840574 0.101213
vt 0.0868682 0.108089
vt 0.0840574 0.101213
vt 0.0873455 0.101415
vt 0.0868682 0.108089
vt 0.090733 0.101622
vt 0.0902558 0.108297
vt 0.0897685 0.101563
vt 0.090733 0.101622
vt 0.0900028 0.101577
vt 0.0902558 0.108297
vt 0.0877566 0.101439
vt 0.0872794 0.108113
vt 0.0900028 0.101577
vt 0.0872794 0.108113
vt 0.0895255 0.108251
vt 0.0900028 0.101577
vt 0.0895255 0.108251
vt 0.0902558 0.108297
vt 0.0900028 0.101577
vt 0.0902558 0.108297
vt 0.0892913 0.108238
vt 0.0897685 0.101563
vt 0.0892913 0.108238
vt 0.0868682 0.108089
vt 0.0897685 0.101563
vt 0.0835802 0.107887
vt 0.0802322 0.107682
vt 0.0807095 0.101007
vt 0.0897685 0.101563
vt 0.0868682 0.108089
vt 0.0873455 0.101415
vt 0.0807095 0.101007
vt 0.0802322 0.107682
vt 0.0781216 0.100848
vt 0.0761879 0.100727
vt 0.0782529 0.100854
vt 0.0715368 0.100443
vt 0.0761879 0.100727
vt 0.0715368 0.100443
vt 0.0707263 0.100393
vt 0.0761879 0.100727
vt 0.0707263 0.100393
vt 0.0709251 0.100405
vt 0.0761879 0.100727
vt 0.0709251 0.100405
vt 0.0720913 0.100476
vt 0.0761879 0.100727
vt 0.0720913 0.100476
vt 0.0739784 0.100592
vt 0.0900028 0.101577
vt 0.0781216 0.100848
vt 0.0877566 0.101439
vt 0.0900028 0.101577
vt 0.090733 0.101622
vt 0.0781216 0.100848
vt 0.090733 0.101622
vt 0.0897685 0.101563
vt 0.0781216 0.100848
vt 0.0897685 0.101563
vt 0.0873455 0.101415
vt 0.0781216 0.100848
vt 0.0873455 0.101415
vt 0.0840574 0.101213
vt 0.0781216 0.100848
vt 0.0840574 0.101213
vt 0.0807095 0.101007
vt 0.0781216 0.100848
vt 0.0781216 0.100848
vt 0.0715368 0.100443
vt 0.0877566 0.101439
vt 0.0877566 0.101439
vt 0.0715368 0.100443
vt 0.0782529 0.100854
vt 0.0802322 0.107682
vt 0.0868682 0.108089
vt 0.0776444 0.107523
vt 0.0802322 0.107682
vt 0.0835802 0.107887
vt 0.0868682 0.108089
vt 0.0868682 0.108089
vt 0.0892913 0.108238
vt 0.0776444 0.107523
vt 0.0892913 0.108238
vt 0.0902558 0.108297
vt 0.0776444 0.107523
vt 0.0902558 0.108297
vt 0.0895255 0.108251
vt 0.0776444 0.107523
vt 0.0895255 0.108251
vt 0.0872794 0.108113
vt 0.0776444 0.107523
vt 0.0776444 0.107523
vt 0.0872794 0.108113
vt 0.0710596 0.107117
vt 0.0757106 0.107402
vt 0.0704478 0.107079
vt 0.0777757 0.107529
vt 0.0757106 0.107402
vt 0.0735011 0.107266
vt 0.0704478 0.107079
vt 0.0735011 0.107266
vt 0.071614 0.107151
vt 0.0704478 0.107079
vt 0.0704478 0.107079
vt 0.070249 0.107067
vt 0.0777757 0.107529
vt 0.070249 0.107067
vt 0.0710596 0.107117
vt 0.0777757 0.107529
vt 0.0777757 0.107529
vt 0.0710596 0.107117
vt 0.0872794 0.108113
vt 0.0780818 0.0805127
vt 0.0779421 0.0795532
vt 0.0780818 0.0805127
vt 0.0742709 0.0818266
vt 0.0751153 0.0823498
vt 0.0751153 0.0823498
vt 0.0777674 0.0814353
vt 0.0780818 0.0805127
vt 0.0780818 0.0805127
vt 0.0770635 0.0821317
vt 0.0770635 0.0821317
vt 0.0777674 0.0814353
vt 0.0761145 0.0824589
vt 0.0770635 0.0821317
vt 0.0770635 0.0821317
vt 0.0742709 0.0818266
vt 0.0751153 0.0823498
vt 0.0742709 0.0818266
vt 0.0737547 0.080997
vt 0.0737547 0.080997
vt 0.0742709 0.0818266
vt 0.0737547 0.080997
vt 0.0742709 0.0818266
vt 0.0742709 0.0818266
vt 0.0761145 0.0824589
vt 0.0751153 0.0823498
vt 0.0751153 0.0823498
vt 0.0761145 0.0824589
vt 0.0761145 0.0824589
vt 0.0751153 0.0823498
vt 0.0761145 0.0824589
vt 0.0761145 0.0824589
vt 0.0770635 0.0821317
vt 0.0777674 0.0814353
vt 0.0777674 0.0814353
vt 0.0770635 0.0821317
vt 0.0777674 0.0814353
vt 0.0777674 0.0814353
vt 0.0780818 0.0805127
vt 0.0779421 0.0795532
vt 0.0779421 0.0795532
vt 0.0780818 0.0805127
vt 0.0710102 0.0622521
vt 0.0710102 0.0622521
vt 0.0722257 0.0652859
vt 0.0722257 0.0652859
vt 0.0710102 0.0622521
vt 0.0722257 0.0652859
vt 0.0767668 0.0766198
vt 0.0722257 0.0652859
vt 0.0722257 0.0652859
vt 0.0779421 0.0795532
vt 0.0767668 0.0766198
vt 0.0767668 0.0766198
vt 0.0779421 0.0795532
vt 0.0779421 0.0795532
vt 0.0767668 0.0766198
vt 0.0767668 0.0766198
vt 0.0767668 0.0766198
vt 0.0722257 0.0652859
vt 0.0737547 0.080997
vt 0.0737547 0.080997
vt 0.0727568 0.0780023
vt 0.0727568 0.0780023
vt 0.0737547 0.080997
vt 0.0727568 0.0780023
vt 0.0689015 0.0664321
vt 0.0727568 0.0780023
vt 0.0689015 0.0664321
vt 0.0678695 0.0633349
vt 0.0689015 0.0664321
vt 0.0689015 0.0664321
vt 0.0678695 0.0633349
vt 0.0678695 0.0633349
vt 0.0689015 0.0664321
vt 0.0689015 0.0664321
vt 0.0727568 0.0780023
vt 0.0727568 0.0780023
vt 0.0779421 0.0795532
vt 0.0770635 0.0821317
vt 0.0777674 0.0814353
vt 0.0780818 0.0805127
vt 0.0779421 0.0795532
vt 0.0777674 0.0814353
vt 0.0761145 0.0824589
vt 0.0770635 0.0821317
vt 0.0779421 0.0795532
vt 0.0751153 0.0823498
vt 0.0761145 0.0824589
vt 0.0779421 0.0795532
vt 0.0742709 0.0818266
vt 0.0751153 0.0823498
vt 0.0779421 0.0795532
vt 0.0737547 0.080997
vt 0.0742709 0.0818266
vt 0.0779421 0.0795532
vt 0.0767668 0.0766198
vt 0.0737547 0.080997
vt 0.0779421 0.0795532
vt 0.0727568 0.0780023
vt 0.0737547 0.080997
vt 0.0767668 0.0766198
vt 0.0727568 0.0780023
vt 0.0767668 0.0766198
vt 0.0722257 0.0652859
vt 0.0689015 0.0664321
vt 0.0727568 0.0780023
vt 0.0722257 0.0652859
vt 0.0742709 0.0818266
vt 0.0737547 0.080997
vt 0.0779421 0.0795532
vt 0.0751153 0.0823498
vt 0.0742709 0.0818266
vt 0.0779421 0.0795532
vt 0.0761145 0.0824589
vt 0.0751153 0.0823498
vt 0.0779421 0.0795532
vt 0.0770635 0.0821317
vt 0.0761145 0.0824589
vt 0.0779421 0.0795532
vt 0.0777674 0.0814353
vt 0.0770635 0.0821317
vt 0.0779421 0.0795532
vt 0.0780818 0.0805127
vt 0.0777674 0.0814353
vt 0.0779421 0.0795532
vt 0.0767668 0.0766198
vt 0.0779421 0.0795532
vt 0.0737547 0.080997
vt 0.0727568 0.0780023
vt 0.0767668 0.0766198
vt 0.0737547 0.080997
vt 0.0722257 0.0652859
vt 0.0767668 0.0766198
vt 0.0727568 0.0780023
vt 0.0689015 0.0664321
vt 0.0722257 0.0652859
vt 0.0727568 0.0780023
vt 0.0682011 0.0617875
vt 0.0678695 0.0633349
vt 0.0689019 0.061326
vt 0.0678245 0.0625204
vt 0.0678695 0.0633349
vt 0.0682011 0.0617875
vt 0.0697458 0.0612549
vt 0.0689019 0.061326
vt 0.0678695 0.0633349
vt 0.0705148 0.0615928
vt 0.0697458 0.0612549
vt 0.0678695 0.0633349
vt 0.0710102 0.0622521
vt 0.0705148 0.0615928
vt 0.0678695 0.0633349
vt 0.0689015 0.0664321
vt 0.0710102 0.0622521
vt 0.0678695 0.0633349
vt 0.0722257 0.0652859
vt 0.0710102 0.0622521
vt 0.0689015 0.0664321
vt 0.0697458 0.0612549
vt 0.0705148 0.0615928
vt 0.0705148 0.0615928
vt 0.0697458 0.0612549
vt 0.0705148 0.0615928
vt 0.0697458 0.0612549
vt 0.0689019 0.061326
vt 0.0697458 0.0612549
vt 0.0697458 0.0612549
vt 0.0682011 0.0617875
vt 0.0682011 0.0617875
vt 0.0689019 0.061326
vt 0.0678245 0.0625204
vt 0.0682011 0.0617875
vt 0.0682011 0.0617875
vt 0.0678695 0.0633349
vt 0.0678245 0.0625204
vt 0.0678245 0.0625204
vt 0.0678695 0.0633349
vt 0.0678695 0.0633349
vt 0.0678245 0.0625204
vt 0.0678245 0.0625204
vt 0.0678245 0.0625204
vt 0.0682011 0.0617875
vt 0.0689019 0.061326
vt 0.0689019 0.061326
vt 0.0682011 0.0617875
vt 0.0689019 0.061326
vt 0.0689019 0.061326
vt 0.0697458 0.0612549
vt 0.0710102 0.0622521
vt 0.0705148 0.0615928
vt 0.0705148 0.0615928
vt 0.0710102 0.0622521
vt 0.0705148 0.0615928
vt 0.0710102 0.0622521
vt 0.0705148 0.0615928
vt 0.0710102 0.0622521
vt 0.0678695 0.0633349
vt 0.0697458 0.0612549
vt 0.0705148 0.0615928
vt 0.0678695 0.0633349
vt 0.0689019 0.061326
vt 0.0697458 0.0612549
vt 0.0678695 0.0633349
vt 0.0682011 0.0617875
vt 0.0689019 0.061326
vt 0.0678695 0.0633349
vt 0.0678245 0.0625204
vt 0.0682011 0.0617875
vt 0.0678695 0.0633349
vt 0.0689015 0.0664321
vt 0.0678695 0.0633349
vt 0.0710102 0.0622521
vt 0.0722257 0.0652859
vt 0.0689015 0.0664321
vt 0.0710102 0.0622521
vt 0.0814764 0.0470005
vt 0.0811465 0.0479182
vt 0.0814764 0.0470005
vt 0.0813528 0.0460388
vt 0.0814764 0.0470005
vt 0.0814764 0.0470005
vt 0.0808013 0.0452306
vt 0.0808013 0.0452306
vt 0.0813528 0.0460388
vt 0.079935 0.0447417
vt 0.0808013 0.0452306
vt 0.0808013 0.0452306
vt 0.0779974 0.0450371
vt 0.0789317 0.0446725
vt 0.0789317 0.0446725
vt 0.0779974 0.0450371
vt 0.0789317 0.0446725
vt 0.0779974 0.0450371
vt 0.0773238 0.0457609
vt 0.0773238 0.0457609
vt 0.0779974 0.0450371
vt 0.0773238 0.0457609
vt 0.0779974 0.0450371
vt 0.0779974 0.0450371
vt 0.079935 0.0447417
vt 0.0789317 0.0446725
vt 0.0789317 0.0446725
vt 0.079935 0.0447417
vt 0.0789317 0.0446725
vt 0.079935 0.0447417
vt 0.079935 0.0447417
vt 0.079935 0.0447417
vt 0.0808013 0.0452306
vt 0.0813528 0.0460388
vt 0.0813528 0.0460388
vt 0.0808013 0.0452306
vt 0.0813528 0.0460388
vt 0.0813528 0.0460388
vt 0.0814764 0.0470005
vt 0.0811465 0.0479182
vt 0.0811465 0.0479182
vt 0.0814764 0.0470005
vt 0.0708649 0.0636859
vt 0.0708649 0.0636859
vt 0.0726678 0.0609209
vt 0.0726678 0.0609209
vt 0.0708649 0.0636859
vt 0.0726678 0.0609209
vt 0.0794033 0.0505916
vt 0.0726678 0.0609209
vt 0.0726678 0.0609209
vt 0.0811465 0.0479182
vt 0.0811465 0.0479182
vt 0.0794033 0.0505916
vt 0.0794033 0.0505916
vt 0.0811465 0.0479182
vt 0.0794033 0.0505916
vt 0.0794033 0.0505916
vt 0.0794033 0.0505916
vt 0.0726678 0.0609209
vt 0.0773238 0.0457609
vt 0.0773238 0.0457609
vt 0.0757426 0.0485257
vt 0.0757426 0.0485257
vt 0.0773238 0.0457609
vt 0.0757426 0.0485257
vt 0.0696332 0.0592084
vt 0.0757426 0.0485257
vt 0.0696332 0.0592084
vt 0.0679979 0.0620679
vt 0.0696332 0.0592084
vt 0.0696332 0.0592084
vt 0.0679979 0.0620679
vt 0.0679979 0.0620679
vt 0.0696332 0.0592084
vt 0.0696332 0.0592084
vt 0.0757426 0.0485257
vt 0.0757426 0.0485257
vt 0.0811465 0.0479182
vt 0.0808013 0.0452306
vt 0.0813528 0.0460388
vt 0.0814764 0.0470005
vt 0.0811465 0.0479182
vt 0.0813528 0.0460388
vt 0.079935 0.0447417
vt 0.0808013 0.0452306
vt 0.0811465 0.0479182
vt 0.0789317 0.0446725
vt 0.079935 0.0447417
vt 0.0811465 0.0479182
vt 0.0779974 0.0450371
vt 0.0789317 0.0446725
vt 0.0811465 0.0479182
vt 0.0773238 0.0457609
vt 0.0779974 0.0450371
vt 0.0811465 0.0479182
vt 0.0794033 0.0505916
vt 0.0773238 0.0457609
vt 0.0811465 0.0479182
vt 0.0757426 0.0485257
vt 0.0773238 0.0457609
vt 0.0794033 0.0505916
vt 0.0757426 0.0485257
vt 0.0794033 0.0505916
vt 0.0726678 0.0609209
vt 0.0696332 0.0592084
vt 0.0757426 0.0485257
vt 0.0726678 0.0609209
vt 0.0779974 0.0450371
vt 0.0773238 0.0457609
vt 0.0811465 0.0479182
vt 0.0789317 0.0446725
vt 0.0779974 0.0450371
vt 0.0811465 0.0479182
vt 0.079935 0.0447417
vt 0.0789317 0.0446725
vt 0.0811465 0.0479182
vt 0.0808013 0.0452306
vt 0.079935 0.0447417
vt 0.0811465 0.0479182
vt 0.0813528 0.0460388
vt 0.0808013 0.0452306
vt 0.0811465 0.0479182
vt 0.0814764 0.0470005
vt 0.0813528 0.0460388
vt 0.0811465 0.0479182
vt 0.0794033 0.0505916
vt 0.0811465 0.0479182
vt 0.0773238 0.0457609
vt 0.0757426 0.0485257
vt 0.0794033 0.0505916
vt 0.0773238 0.0457609
vt 0.0726678 0.0609209
vt 0.0794033 0.0505916
vt 0.0757426 0.0485257
vt 0.0696332 0.0592084
vt 0.0726678 0.0609209
vt 0.0757426 0.0485257
vt 0.0680128 0.0636461
vt 0.0679979 0.0620679
vt 0.0686084 0.0642232
vt 0.0677901 0.0628599
vt 0.0679979 0.0620679
vt 0.0680128 0.0636461
vt 0.069423 0.064442
vt 0.0686084 0.0642232
vt 0.0679979 0.0620679
vt 0.0702461 0.064246
vt 0.069423 0.064442
vt 0.0679979 0.0620679
vt 0.0708649 0.0636859
vt 0.0702461 0.064246
vt 0.0679979 0.0620679
vt 0.0696332 0.0592084
vt 0.0708649 0.0636859
vt 0.0679979 0.0620679
vt 0.0726678 0.0609209
vt 0.0708649 0.0636859
vt 0.0696332 0.0592084
vt 0.0680128 0.0636461
vt 0.0680128 0.0636461
vt 0.0677901 0.0628599
vt 0.069423 0.064442
vt 0.0702461 0.064246
vt 0.0702461 0.064246
vt 0.069423 0.064442
vt 0.0702461 0.064246
vt 0.069423 0.064442
vt 0.0686084 0.0642232
vt 0.069423 0.064442
vt 0.069423 0.064442
vt 0.0677901 0.0628599
vt 0.0680128 0.0636461
vt 0.0677901 0.0628599
vt 0.0679979 0.0620679
vt 0.0679979 0.0620679
vt 0.0677901 0.0628599
vt 0.0679979 0.0620679
vt 0.0677901 0.0628599
vt 0.0677901 0.0628599
vt 0.0686084 0.0642232
vt 0.0680128 0.0636461
vt 0.0680128 0.0636461
vt 0.0686084 0.0642232
vt 0.0686084 0.0642232
vt 0.0680128 0.0636461
vt 0.0686084 0.0642232
vt 0.0686084 0.0642232
vt 0.069423 0.064442
vt 0.0708649 0.0636859
vt 0.0702461 0.064246
vt 0.0702461 0.064246
vt 0.0708649 0.0636859
vt 0.0702461 0.064246
vt 0.0708649 0.0636859
vt 0.0702461 0.064246
vt 0.0708649 0.0636859
vt 0.0679979 0.0620679
vt 0.069423 0.064442
vt 0.0702461 0.064246
vt 0.0679979 0.0620679
vt 0.0686084 0.0642232
vt 0.069423 0.064442
vt 0.0679979 0.0620679
vt 0.0680128 0.0636461
vt 0.0686084 0.0642232
vt 0.0679979 0.0620679
vt 0.0677901 0.0628599
vt 0.0680128 0.0636461
vt 0.0679979 0.0620679
vt 0.0696332 0.0592084
vt 0.0679979 0.0620679
vt 0.0708649 0.0636859
vt 0.0726678 0.0609209
vt 0.0696332 0.0592084
vt 0.0708649 0.0636859
vt 0.0784173 0.109105
vt 0.0859839 0.109575
vt 0.0880113 0.109701
vt 0.0776752 0.109059
vt 0.0784173 0.109105
vt 0.0880113 0.109701
vt 0.0784173 0.109105
vt 0.0776752 0.109059
vt 0.0880113 0.109701
vt 0.0804447 0.109231
vt 0.0784173 0.109105
vt 0.0880113 0.109701
vt 0.0832143 0.109403
vt 0.0804447 0.109231
vt 0.0880113 0.109701
vt 0.0859839 0.109575
vt 0.0832143 0.109403
vt 0.0880113 0.109701
vt 0.0887534 0.109748
vt 0.0880113 0.109701
vt 0.0784173 0.109105
vt 0.0887534 0.109748
vt 0.0784173 0.109105
vt 0.0880113 0.109701
vt 0.0832143 0.109403
vt 0.0859839 0.109575
vt 0.0784173 0.109105
vt 0.0804447 0.109231
vt 0.0832143 0.109403
vt 0.0784173 0.109105
vt 0.0926712 0.0452337
vt 0.0830772 0.0446377
vt 0.0823351 0.0445916
vt 0.0934132 0.0452798
vt 0.0926712 0.0452337
vt 0.0823351 0.0445916
vt 0.0926712 0.0452337
vt 0.0934132 0.0452798
vt 0.0823351 0.0445916
vt 0.0906437 0.0451077
vt 0.0926712 0.0452337
vt 0.0830772 0.0446377
vt 0.0878742 0.0449357
vt 0.0906437 0.0451077
vt 0.0830772 0.0446377
vt 0.0851046 0.0447637
vt 0.0878742 0.0449357
vt 0.0830772 0.0446377
vt 0.0830772 0.0446377
vt 0.0926712 0.0452337
vt 0.0823351 0.0445916
vt 0.0851046 0.0447637
vt 0.0830772 0.0446377
vt 0.0926712 0.0452337
vt 0.0878742 0.0449357
vt 0.0851046 0.0447637
vt 0.0926712 0.0452337
vt 0.0906437 0.0451077
vt 0.0878742 0.0449357
vt 0.0926712 0.0452337
vt 0.0832143 0.109403
vt 0.0878742 0.0449357
vt 0.0859839 0.109575
vt 0.0851046 0.0447637
vt 0.0878742 0.0449357
vt 0.0832143 0.109403
vt 0.0830772 0.0446377
vt 0.0804447 0.109231
vt 0.0784173 0.109105
vt 0.0823351 0.0445916
vt 0.0830772 0.0446377
vt 0.0784173 0.109105
vt 0.0784173 0.109105
vt 0.0830772 0.0446377
vt 0.0776752 0.109059
vt 0.0851046 0.0447637
vt 0.0830772 0.0446377
vt 0.0784173 0.109105
vt 0.0832143 0.109403
vt 0.0878742 0.0449357
vt 0.0804447 0.109231
vt 0.0906437 0.0451077
vt 0.0878742 0.0449357
vt 0.0832143 0.109403
vt 0.0880113 0.109701
vt 0.0926712 0.0452337
vt 0.0859839 0.109575
vt 0.0934132 0.0452798
vt 0.0926712 0.0452337
vt 0.0880113 0.109701
vt 0.0880113 0.109701
vt 0.0926712 0.0452337
vt 0.0887534 0.109748
vt 0.0906437 0.0451077
vt 0.0926712 0.0452337
vt 0.0880113 0.109701
vt 0.0906437 0.0451077
vt 0.0859839 0.109575
vt 0.0878742 0.0449357
vt 0.0859839 0.109575
vt 0.0906437 0.0451077
vt 0.0880113 0.109701
vt 0.0934132 0.0452798
vt 0.0887534 0.109748
vt 0.0926712 0.0452337
vt 0.0887534 0.109748
vt 0.0934132 0.0452798
vt 0.0880113 0.109701
vt 0.0906437 0.0451077
vt 0.0859839 0.109575
vt 0.0926712 0.0452337
vt 0.0859839 0.109575
vt 0.0906437 0.0451077
vt 0.0832143 0.109403
vt 0.0851046 0.0447637
vt 0.0804447 0.109231
vt 0.0878742 0.0449357
vt 0.0804447 0.109231
vt 0.0851046 0.0447637
vt 0.0784173 0.109105
vt 0.0823351 0.0445916
vt 0.0776752 0.109059
vt 0.0830772 0.0446377
vt 0.0776752 0.109059
vt 0.0823351 0.0445916
vt 0.0784173 0.109105
vt 0.0851046 0.0447637
vt 0.0804447 0.109231
vt 0.0830772 0.0446377
vt 0.0804447 0.109231
vt 0.0851046 0.0447637
vt 0.0832143 0.109403
g ACTUTATOR
f 5/1 10/2 8/3
f 1/4 10/5 5/6
f 6/7 1/8 5/9
f 2/10 6/11 7/12
f 3/13 2/14 7/15
f 4/16 3/17 7/18
f 7/19 6/20 5/21
f 9/22 8/23 10/24
f 11/25 9/26 10/27
f 12/28 11/29 10/30
f 13/31 18/32 16/33
f 35/34 40/35 38/36
f 42/37 46/38 47/39
f 30/40 33/41 34/42
f 31/43 33/44 30/45
f 25/46 28/47 29/48
f 26/49 28/50 25/51
f 20/52 23/53 24/54
f 21/55 23/56 20/57
f 14/58 18/59 13/60
f 43/61 46/62 42/63
f 36/64 40/65 35/66
f 14/67 45/68 46/69
f 15/70 45/71 14/72
f 15/73 14/74 13/75
f 17/76 16/77 18/78
f 19/79 17/80 18/81
f 21/82 19/83 18/84
f 22/85 19/86 21/87
f 22/88 21/89 20/90
f 26/91 24/92 23/93
f 27/94 24/95 26/96
f 27/97 26/98 25/99
f 31/100 29/101 28/102
f 32/103 29/104 31/105
f 32/106 31/107 30/108
f 36/109 34/110 33/111
f 37/112 34/113 36/114
f 37/115 36/116 35/117
f 39/118 38/119 40/120
f 41/121 39/122 40/123
f 43/124 41/125 40/126
f 44/127 41/128 43/129
f 44/130 43/131 42/132
f 48/133 46/134 45/135
f 48/136 47/137 46/138
f 49/139 53/140 51/141
f 54/142 57/143 59/144
f 55/145 57/146 54/147
f 50/148 53/149 49/150
f 52/151 51/152 53/153
f 56/154 52/155 53/156
f 55/157 56/158 53/159
f 56/160 55/161 54/162
f 58/163 59/164 57/165
f 60/166 59/167 58/168
f 64/169 62/170 61/171
f 86/172 84/173 81/174
f 94/175 91/176 88/177
f 93/178 64/179 61/180
f 89/181 94/182 88/183
f 82/184 86/185 81/186
f 76/187 79/188 80/189
f 77/190 79/191 76/192
f 71/193 74/194 75/195
f 72/196 74/197 71/198
f 66/199 69/200 70/201
f 67/202 69/203 66/204
f 92/205 93/206 61/207
f 63/208 62/209 64/210
f 65/211 63/212 64/213
f 67/214 65/215 64/216
f 68/217 65/218 67/219
f 68/220 67/221 66/222
f 72/223 70/224 69/225
f 73/226 70/227 72/228
f 73/229 72/230 71/231
f 77/232 75/233 74/234
f 78/235 75/236 77/237
f 78/238 77/239 76/240
f 82/241 80/242 79/243
f 83/244 80/245 82/246
f 83/247 82/248 81/249
f 85/250 84/251 86/252
f 87/253 85/254 86/255
f 89/256 87/257 86/258
f 90/259 87/260 89/261
f 90/262 89/263 88/264
f 95/265 91/266 94/267
f 96/268 93/269 92/270
f 96/271 94/272 93/273
f 96/274 95/275 94/276
f 114/277 115/278 111/279
f 97/280 113/281 114/282
f 98/283 97/284 114/285
f 109/286 98/287 114/288
f 100/289 99/290 109/291
f 101/292 100/293 109/294
f 102/295 101/296 109/297
f 103/298 102/299 109/300
f 104/301 103/302 109/303
f 105/304 104/305 109/306
f 106/307 105/308 109/309
f 107/310 106/311 109/312
f 108/313 107/314 109/315
f 110/316 108/317 109/318
f 110/319 109/320 114/321
f 112/322 114/323 111/324
f 116/325 114/326 113/327
f 116/328 115/329 114/330
f 118/331 121/332 120/333
f 122/334 125/335 127/336
f 117/337 125/338 122/339
f 123/340 117/341 122/342
f 119/343 121/344 118/345
f 124/346 120/347 121/348
f 123/349 124/350 121/351
f 124/352 123/353 122/354
f 126/355 127/356 125/357
f 128/358 127/359 126/360
f 136/361 139/362 141/363
f 137/364 139/365 136/366
f 132/367 135/368 138/369
f 133/370 135/371 132/372
f 129/373 131/374 134/375
f 130/376 131/377 129/378
f 133/379 134/380 131/381
f 134/382 133/383 132/384
f 137/385 138/386 135/387
f 138/388 137/389 136/390
f 140/391 141/392 139/393
f 142/394 141/395 140/396
f 143/397 146/398 145/399
f 144/400 143/401 145/402
f 147/403 145/404 146/405
f 148/406 147/407 146/408
f 149/409 151/410 153/411
f 150/412 151/413 149/414
f 152/415 153/416 151/417
f 154/418 153/419 152/420
f 156/421 159/422 160/423
f 157/424 159/425 156/426
f 158/427 155/428 157/429
f 158/430 157/431 156/432
f 161/433 160/434 159/435
f 162/436 160/437 161/438
f 163/439 162/440 161/441
f 166/442 169/443 171/444
f 167/445 169/446 166/447
f 164/448 167/449 168/450
f 165/451 164/452 168/453
f 168/454 167/455 166/456
f 170/457 171/458 169/459
f 172/460 171/461 170/462
f 176/463 182/464 179/465
f 173/466 182/467 176/468
f 174/469 173/470 176/471
f 178/472 182/473 184/474
f 178/475 179/476 182/477
f 181/478 182/479 173/480
f 177/481 174/482 176/483
f 175/484 174/485 177/486
f 177/487 176/488 179/489
f 180/490 179/491 178/492
f 183/493 182/494 181/495
f 183/496 184/497 182/498
f 185/499 184/500 183/501
f 187/502 194/503 195/504
f 189/505 187/506 195/507
f 188/508 193/509 194/510
f 186/511 193/512 188/513
f 188/514 194/515 187/516
f 191/517 189/518 195/519
f 190/520 195/521 197/522
f 190/523 191/524 195/525
f 192/526 191/527 190/528
f 196/529 194/530 193/531
f 196/532 195/533 194/534
f 196/535 197/536 195/537
f 198/538 197/539 196/540
f 218/541 214/542 217/543
f 212/544 222/545 217/546
f 226/547 222/548 212/549
f 210/550 213/551 216/552
f 210/553 199/554 213/555
f 210/556 228/557 199/558
f 224/559 229/560 232/561
f 200/562 199/563 228/564
f 211/565 207/566 227/567
f 230/568 234/569 237/570
f 233/571 240/572 241/573
f 235/574 241/575 244/576
f 205/577 233/578 209/579
f 205/580 240/581 233/582
f 206/583 202/584 239/585
f 242/586 238/587 247/588
f 201/589 246/590 204/591
f 201/592 245/593 246/594
f 252/595 253/596 245/597
f 225/598 200/599 224/600
f 225/601 199/602 200/603
f 225/604 213/605 199/606
f 225/607 212/608 213/609
f 225/610 226/611 212/612
f 229/613 200/614 228/615
f 229/616 224/617 200/618
f 248/619 242/620 247/621
f 252/622 245/623 201/624
f 203/625 239/626 202/627
f 203/628 238/629 239/630
f 203/631 247/632 238/633
f 203/634 246/635 247/636
f 203/637 204/638 246/639
f 204/640 203/641 202/642
f 240/643 206/644 239/645
f 206/646 240/647 205/648
f 208/649 227/650 207/651
f 208/652 234/653 227/654
f 208/655 233/656 234/657
f 208/658 209/659 233/660
f 209/661 208/662 207/663
f 228/664 211/665 227/666
f 211/667 228/668 210/669
f 215/670 217/671 214/672
f 215/673 212/674 217/675
f 215/676 213/677 212/678
f 215/679 216/680 213/681
f 216/682 215/683 214/684
f 220/685 217/686 222/687
f 220/688 218/689 217/690
f 219/691 218/692 220/693
f 221/694 220/695 222/696
f 223/697 221/698 222/699
f 223/700 222/701 226/702
f 226/703 225/704 224/705
f 231/706 234/707 230/708
f 231/709 227/710 234/711
f 231/712 228/713 227/714
f 231/715 229/716 228/717
f 231/718 232/719 229/720
f 232/721 231/722 230/723
f 236/724 241/725 235/726
f 236/727 233/728 241/729
f 236/730 234/731 233/732
f 236/733 237/734 234/735
f 237/736 236/737 235/738
f 243/739 238/740 242/741
f 243/742 239/743 238/744
f 243/745 240/746 239/747
f 243/748 241/749 240/750
f 243/751 244/752 241/753
f 244/754 243/755 242/756
f 250/757 245/758 253/759
f 250/760 246/761 245/762
f 250/763 247/764 246/765
f 250/766 248/767 247/768
f 249/769 248/770 250/771
f 251/772 249/773 250/774
f 251/775 250/776 253/777
f 254/778 253/779 252/780
f 275/781 286/782 287/783
f 260/784 263/785 281/786
f 276/787 277/788 256/789
f 271/790 294/791 295/792
f 255/793 263/794 260/795
f 298/796 299/797 267/798
f 275/799 256/800 277/801
f 284/802 275/803 287/804
f 261/805 255/806 260/807
f 258/808 255/809 261/810
f 276/811 257/812 259/813
f 257/814 276/815 256/816
f 258/817 259/818 257/819
f 259/820 258/821 261/822
f 262/823 261/824 260/825
f 280/826 283/827 285/828
f 280/829 263/830 283/831
f 280/832 281/833 263/834
f 264/835 281/836 282/837
f 279/838 264/839 282/840
f 265/841 279/842 300/843
f 301/844 265/845 300/846
f 266/847 301/848 302/849
f 298/850 266/851 302/852
f 296/853 267/854 299/855
f 268/856 267/857 296/858
f 269/859 296/860 297/861
f 294/862 269/863 297/864
f 270/865 294/866 271/867
f 292/868 271/869 295/870
f 272/871 292/872 293/873
f 290/874 272/875 293/876
f 273/877 290/878 291/879
f 288/880 273/881 291/882
f 274/883 288/884 289/885
f 286/886 274/887 289/888
f 286/889 275/890 277/891
f 278/892 277/893 276/894
f 300/895 279/896 282/897
f 282/898 281/899 280/900
f 284/901 285/902 283/903
f 285/904 284/905 287/906
f 287/907 286/908 289/909
f 289/910 288/911 291/912
f 291/913 290/914 293/915
f 293/916 292/917 295/918
f 295/919 294/920 297/921
f 297/922 296/923 299/924
f 299/925 298/926 302/927
f 302/928 301/929 300/930
f 311/931 310/932 303/933
f 308/934 303/935 310/936
f 306/937 303/938 308/939
f 304/940 306/941 307/942
f 305/943 304/944 307/945
f 307/946 306/947 308/948
f 309/949 308/950 310/951
f 312/952 310/953 311/954
f 313/955 312/956 311/957
f 315/958 322/959 323/960
f 317/961 315/962 323/963
f 314/964 321/965 322/966
f 316/967 314/968 322/969
f 316/970 322/971 315/972
f 318/973 323/974 325/975
f 318/976 317/977 323/978
f 319/979 317/980 318/981
f 320/982 319/983 318/984
f 324/985 322/986 321/987
f 324/988 323/989 322/990
f 324/991 325/992 323/993
f 326/994 325/995 324/996
f 349/997 345/998 348/999
f 343/1000 353/1001 348/1002
f 357/1003 353/1004 343/1005
f 344/1006 327/1007 328/1008
f 341/1009 344/1010 347/1011
f 341/1012 327/1013 344/1014
f 355/1015 360/1016 363/1017
f 359/1018 327/1019 341/1020
f 342/1021 338/1022 358/1023
f 361/1024 366/1025 367/1026
f 337/1027 334/1028 365/1029
f 372/1030 364/1031 371/1032
f 329/1033 333/1034 336/1035
f 374/1036 333/1037 329/1038
f 374/1039 375/1040 333/1041
f 370/1042 375/1043 376/1044
f 332/1045 375/1046 370/1047
f 332/1048 333/1049 375/1050
f 380/1051 373/1052 330/1053
f 380/1054 381/1055 373/1056
f 356/1057 328/1058 355/1059
f 356/1060 344/1061 328/1062
f 356/1063 343/1064 344/1065
f 356/1066 357/1067 343/1068
f 360/1069 327/1070 359/1071
f 360/1072 328/1073 327/1074
f 360/1075 355/1076 328/1077
f 331/1078 365/1079 334/1080
f 331/1081 364/1082 365/1083
f 331/1084 371/1085 364/1086
f 371/1087 332/1088 370/1089
f 374/1090 330/1091 373/1092
f 330/1093 374/1094 329/1095
f 335/1096 331/1097 334/1098
f 335/1099 371/1100 331/1101
f 335/1102 332/1103 371/1104
f 335/1105 333/1106 332/1107
f 335/1108 336/1109 333/1110
f 336/1111 335/1112 334/1113
f 340/1114 337/1115 365/1116
f 339/1117 358/1118 338/1119
f 339/1120 366/1121 358/1122
f 339/1123 365/1124 366/1125
f 339/1126 340/1127 365/1128
f 340/1129 339/1130 338/1131
f 359/1132 342/1133 358/1134
f 342/1135 359/1136 341/1137
f 346/1138 348/1139 345/1140
f 346/1141 343/1142 348/1143
f 346/1144 344/1145 343/1146
f 346/1147 347/1148 344/1149
f 347/1150 346/1151 345/1152
f 351/1153 348/1154 353/1155
f 351/1156 349/1157 348/1158
f 350/1159 349/1160 351/1161
f 352/1162 351/1163 353/1164
f 354/1165 352/1166 353/1167
f 354/1168 353/1169 357/1170
f 357/1171 356/1172 355/1173
f 362/1174 366/1175 361/1176
f 362/1177 358/1178 366/1179
f 362/1180 359/1181 358/1182
f 362/1183 360/1184 359/1185
f 362/1186 363/1187 360/1188
f 363/1189 362/1190 361/1191
f 368/1192 364/1193 372/1194
f 368/1195 365/1196 364/1197
f 368/1198 366/1199 365/1200
f 368/1201 367/1202 366/1203
f 369/1204 367/1205 368/1206
f 369/1207 368/1208 372/1209
f 372/1210 371/1211 370/1212
f 378/1213 373/1214 381/1215
f 378/1216 374/1217 373/1218
f 378/1219 375/1220 374/1221
f 378/1222 376/1223 375/1224
f 377/1225 376/1226 378/1227
f 379/1228 377/1229 378/1230
f 379/1231 378/1232 381/1233
f 382/1234 381/1235 380/1236
g D_STRUCT.L
f 385/1237 383/1238 386/1239
f 386/1240 383/1241 384/1242
f 387/1243 385/1244 386/1245
f 389/1246 387/1247 386/1248
f 388/1249 387/1250 389/1251
f 390/1252 388/1253 389/1254
f 391/1255 390/1256 389/1257
f 392/1258 394/1259 396/1260
f 393/1261 394/1262 392/1263
f 395/1264 396/1265 394/1266
f 397/1267 396/1268 395/1269
f 399/1270 398/1271 404/1272
f 405/1273 399/1274 404/1275
f 401/1276 400/1277 405/1278
f 402/1279 401/1280 405/1281
f 403/1282 402/1283 405/1284
f 406/1285 403/1286 405/1287
f 406/1288 405/1289 404/1290
f 407/1291 410/1292 409/1293
f 408/1294 407/1295 409/1296
f 411/1297 409/1298 410/1299
f 412/1300 411/1301 410/1302
f 420/1303 423/1304 425/1305
f 421/1306 423/1307 420/1308
f 416/1309 419/1310 422/1311
f 417/1312 419/1313 416/1314
f 413/1315 415/1316 418/1317
f 414/1318 415/1319 413/1320
f 417/1321 418/1322 415/1323
f 418/1324 417/1325 416/1326
f 421/1327 422/1328 419/1329
f 422/1330 421/1331 420/1332
f 424/1333 425/1334 423/1335
f 426/1336 425/1337 424/1338
f 427/1339 430/1340 429/1341
f 428/1342 430/1343 427/1344
f 431/1345 429/1346 430/1347
f 433/1348 431/1349 430/1350
f 432/1351 431/1352 433/1353
f 434/1354 432/1355 433/1356
f 435/1357 434/1358 433/1359
f 443/1360 446/1361 448/1362
f 444/1363 446/1364 443/1365
f 439/1366 442/1367 445/1368
f 440/1369 442/1370 439/1371
f 436/1372 438/1373 441/1374
f 437/1375 438/1376 436/1377
f 440/1378 441/1379 438/1380
f 441/1381 440/1382 439/1383
f 444/1384 445/1385 442/1386
f 445/1387 444/1388 443/1389
f 447/1390 448/1391 446/1392
f 449/1393 448/1394 447/1395
f 456/1396 452/1397 450/1398
f 451/1399 456/1400 450/1401
f 453/1402 452/1403 456/1404
f 454/1405 453/1406 456/1407
f 457/1408 454/1409 456/1410
f 458/1411 456/1412 455/1413
f 458/1414 457/1415 456/1416
g D_STRUCT.U
f 467/1417 470/1418 471/1419
f 468/1420 470/1421 467/1422
f 462/1423 465/1424 466/1425
f 459/1426 465/1427 462/1428
f 463/1429 459/1430 462/1431
f 460/1432 463/1433 464/1434
f 461/1435 460/1436 464/1437
f 464/1438 463/1439 462/1440
f 468/1441 466/1442 465/1443
f 469/1444 466/1445 468/1446
f 469/1447 468/1448 467/1449
f 472/1450 471/1451 470/1452
f 475/1453 473/1454 474/1455
f 476/1456 475/1457 474/1458
f 479/1459 477/1460 478/1461
f 480/1462 479/1463 478/1464
f 492/1465 493/1466 489/1467
f 490/1468 492/1469 489/1470
f 485/1471 488/1472 491/1473
f 486/1474 488/1475 485/1476
f 481/1477 484/1478 487/1479
f 482/1480 484/1481 481/1482
f 483/1483 482/1484 481/1485
f 486/1486 487/1487 484/1488
f 487/1489 486/1490 485/1491
f 490/1492 491/1493 488/1494
f 491/1495 490/1496 489/1497
f 494/1498 493/1499 492/1500
f 503/1501 506/1502 507/1503
f 504/1504 506/1505 503/1506
f 499/1507 502/1508 505/1509
f 500/1510 502/1511 499/1512
f 495/1513 497/1514 498/1515
f 496/1516 497/1517 495/1518
f 500/1519 498/1520 497/1521
f 501/1522 498/1523 500/1524
f 501/1525 500/1526 499/1527
f 504/1528 505/1529 502/1530
f 505/1531 504/1532 503/1533
f 508/1534 507/1535 506/1536
f 515/1537 514/1538 511/1539
f 516/1540 519/1541 521/1542
f 509/1543 519/1544 516/1545
f 517/1546 509/1547 516/1548
f 512/1549 515/1550 511/1551
f 513/1552 510/1553 512/1554
f 513/1555 512/1556 511/1557
f 518/1558 514/1559 515/1560
f 517/1561 518/1562 515/1563
f 518/1564 517/1565 516/1566
f 520/1567 521/1568 519/1569
f 522/1570 521/1571 520/1572
g FITTING
f 523/1573 524/1574 525/1575
f 524/1576 526/1577 525/1578
f 527/1579 528/1580 526/1581
f 528/1582 529/1583 526/1584
f 529/1585 530/1586 526/1587
f 530/1588 531/1589 526/1590
f 531/1591 525/1592 526/1593
f 532/1594 533/1595 534/1596
f 533/1597 532/1598 535/1599
f 536/1600 537/1601 538/1602
f 539/1603 540/1604 536/1605
f 540/1606 539/1607 541/1608
f 542/1609 543/1610 544/1611
f 543/1612 542/1613 545/1614
f 546/1615 547/1616 548/1617
f 549/1618 550/1619 546/1620
f 549/1621 551/1622 550/1623
f 550/1624 551/1625 552/1626
f 534/1627 553/1628 554/1629
f 533/1630 555/1631 534/1632
f 553/1633 552/1634 554/1635
f 554/1636 552/1637 551/1638
f 550/1639 556/1640 546/1641
f 556/1642 547/1643 546/1644
f 547/1645 545/1646 548/1647
f 548/1648 545/1649 542/1650
f 557/1651 558/1652 543/1653
f 558/1654 557/1655 559/1656
f 535/1657 560/1658 561/1659
f 560/1660 562/1661 561/1662
f 562/1663 559/1664 561/1665
f 561/1666 559/1667 557/1668
f 558/1669 541/1670 543/1671
f 540/1672 563/1673 536/1674
f 563/1675 537/1676 536/1677
f 538/1678 537/1679 535/1680
f 538/1681 535/1682 532/1683
f 539/1684 544/1685 541/1686
f 544/1687 543/1688 541/1689
f 560/1690 535/1691 537/1692
f 534/1693 555/1694 553/1695
f 564/1696 565/1697 566/1698
f 566/1699 565/1700 567/1701
f 565/1702 568/1703 567/1704
f 568/1705 569/1706 567/1707
f 569/1708 570/1709 567/1710
f 571/1711 567/1712 572/1713
f 572/1714 567/1715 570/1716
f 573/1717 574/1718 575/1719
f 574/1720 576/1721 575/1722
f 577/1723 578/1724 576/1725
f 578/1726 575/1727 576/1728
f 579/1729 580/1730 581/1731
f 581/1732 580/1733 582/1734
f 583/1735 582/1736 584/1737
f 584/1738 582/1739 580/1740
f 585/1741 586/1742 587/1743
f 587/1744 586/1745 588/1746
f 589/1747 590/1748 591/1749
f 590/1750 589/1751 592/1752
f 593/1753 594/1754 595/1755
f 594/1756 593/1757 596/1758
f 597/1759 596/1760 598/1761
f 598/1762 596/1763 593/1764
f 594/1765 592/1766 595/1767
f 595/1768 592/1769 589/1770
f 590/1771 588/1772 591/1773
f 591/1774 588/1775 586/1776
f 599/1777 600/1778 601/1779
f 599/1780 601/1781 602/1782
f 603/1783 609/1784 604/1785
f 605/1786 609/1787 603/1788
f 609/1789 605/1790 606/1791
f 609/1792 606/1793 607/1794
f 609/1795 607/1796 608/1797
f 605/1798 610/1799 606/1800
f 610/1801 611/1802 606/1803
f 608/1804 602/1805 609/1806
f 600/1807 604/1808 601/1809
f 602/1810 601/1811 609/1812
f 604/1813 609/1814 601/1815
f 611/1816 607/1817 606/1818
f 612/1819 613/1820 614/1821
f 615/1822 616/1823 613/1824
f 616/1825 617/1826 613/1827
f 618/1828 619/1829 617/1830
f 618/1831 620/1832 619/1833
f 619/1834 620/1835 621/1836
f 622/1837 623/1838 624/1839
f 625/1840 621/1841 623/1842
f 619/1843 626/1844 617/1845
f 617/1846 626/1847 627/1848
f 617/1849 627/1850 613/1851
f 628/1852 629/1853 630/1854
f 631/1855 632/1856 628/1857
f 633/1858 634/1859 632/1860
f 632/1861 634/1862 628/1863
f 629/1864 635/1865 630/1866
f 635/1867 627/1868 630/1869
f 627/1870 614/1871 613/1872
f 629/1873 628/1874 634/1875
f 620/1876 624/1877 621/1878
f 630/1879 627/1880 626/1881
f 623/1882 621/1883 624/1884
f 636/1885 637/1886 638/1887
f 637/1888 639/1889 638/1890
f 638/1891 639/1892 640/1893
f 639/1894 641/1895 640/1896
f 642/1897 643/1898 644/1899
f 642/1900 645/1901 643/1902
f 643/1903 640/1904 644/1905
f 644/1906 640/1907 641/1908
f 646/1909 647/1910 648/1911
f 646/1912 649/1913 647/1914
f 647/1915 650/1916 648/1917
f 650/1918 651/1919 648/1920
f 652/1921 653/1922 654/1923
f 655/1924 656/1925 653/1926
f 656/1927 655/1928 657/1929
f 656/1930 657/1931 658/1932
f 656/1933 658/1934 659/1935
f 656/1936 659/1937 653/1938
f 660/1939 661/1940 662/1941
f 661/1942 660/1943 663/1944
f 661/1945 663/1946 664/1947
f 661/1948 664/1949 665/1950
f 661/1951 665/1952 666/1953
f 661/1954 666/1955 662/1956
f 667/1957 668/1958 669/1959
f 670/1960 671/1961 667/1962
f 671/1963 672/1964 667/1965
f 673/1966 674/1967 672/1968
f 674/1969 673/1970 664/1971
f 674/1972 664/1973 663/1974
f 674/1975 663/1976 675/1977
f 674/1978 675/1979 676/1980
f 674/1981 676/1982 672/1983
f 677/1984 678/1985 679/1986
f 678/1987 677/1988 658/1989
f 678/1990 658/1991 657/1992
f 678/1993 657/1994 666/1995
f 678/1996 666/1997 665/1998
f 678/1999 665/2000 679/2001
f 654/2002 653/2003 680/2004
f 653/2005 659/2006 680/2007
f 655/2008 662/2009 657/2010
f 673/2011 679/2012 664/2013
f 663/2014 669/2015 675/2016
f 667/2017 676/2018 668/2019
f 680/2020 659/2021 658/2022
f 680/2023 658/2024 677/2025
f 679/2026 665/2027 664/2028
f 662/2029 666/2030 657/2031
f 669/2032 663/2033 660/2034
f 668/2035 676/2036 675/2037
f 668/2038 675/2039 669/2040
f 667/2041 672/2042 676/2043
f 684/2044 685/2045 683/2046
f 686/2047 681/2048 685/2049
f 681/2050 682/2051 685/2052
f 683/2053 685/2054 682/2055
f 687/2056 711/2057 688/2058
f 689/2059 713/2060 687/2061
f 690/2062 713/2063 689/2064
f 691/2065 694/2066 690/2067
f 692/2068 693/2069 694/2070
f 692/2071 694/2072 691/2073
f 692/2074 695/2075 693/2076
f 695/2077 696/2078 693/2079
f 697/2080 698/2081 699/2082
f 700/2083 715/2084 698/2085
f 701/2086 714/2087 700/2088
f 702/2089 714/2090 701/2091
f 703/2092 712/2093 702/2094
f 704/2095 705/2096 703/2097
f 703/2098 705/2099 706/2100
f 703/2101 706/2102 712/2103
f 705/2104 707/2105 706/2106
f 707/2107 708/2108 706/2109
f 708/2110 709/2111 706/2112
f 711/2113 712/2114 710/2115
f 711/2116 710/2117 688/2118
f 713/2119 715/2120 714/2121
f 715/2122 694/2123 693/2124
f 715/2125 693/2126 698/2127
f 696/2128 699/2129 693/2130
f 714/2131 702/2132 712/2133
f 714/2134 712/2135 711/2136
f 714/2137 711/2138 713/2139
f 710/2140 706/2141 709/2142
f 712/2143 706/2144 710/2145
f 687/2146 713/2147 711/2148
f 715/2149 713/2150 694/2151
f 700/2152 714/2153 715/2154
f 690/2155 694/2156 713/2157
f 699/2158 698/2159 693/2160
f 718/2161 719/2162 716/2163
f 721/2164 717/2165 720/2166
f 716/2167 719/2168 717/2169
f 720/2170 717/2171 719/2172
f 722/2173 723/2174 724/2175
f 722/2176 724/2177 725/2178
f 722/2179 725/2180 726/2181
f 722/2182 726/2183 727/2184
f 728/2185 729/2186 723/2187
f 729/2188 730/2189 723/2190
f 730/2191 724/2192 723/2193
f 731/2194 732/2195 733/2196
f 733/2197 732/2198 734/2199
f 735/2200 736/2201 737/2202
f 738/2203 739/2204 735/2205
f 739/2206 736/2207 735/2208
f 736/2209 734/2210 737/2211
f 737/2212 734/2213 732/2214
f 740/2215 742/2216 741/2217
f 743/2218 744/2219 742/2220
f 744/2221 745/2222 742/2223
f 745/2224 741/2225 742/2226
f 741/2227 746/2228 740/2229
f 746/2230 747/2231 740/2232
f 747/2233 748/2234 740/2235
f 748/2236 749/2237 740/2238
f 750/2239 751/2240 752/2241
f 752/2242 751/2243 753/2244
f 754/2245 755/2246 756/2247
f 755/2248 753/2249 756/2250
f 756/2251 753/2252 751/2253
f 757/2254 758/2255 759/2256
f 757/2257 759/2258 760/2259
f 757/2260 760/2261 761/2262
f 762/2263 763/2264 764/2265
f 763/2266 762/2267 765/2268
f 763/2269 765/2270 766/2271
f 763/2272 766/2273 767/2274
f 763/2275 767/2276 759/2277
f 763/2278 759/2279 764/2280
f 768/2281 769/2282 770/2283
f 769/2284 768/2285 771/2286
f 769/2287 771/2288 772/2289
f 769/2290 772/2291 773/2292
f 769/2293 773/2294 774/2295
f 769/2296 774/2297 765/2298
f 769/2299 765/2300 770/2301
f 775/2302 776/2303 777/2304
f 775/2305 778/2306 776/2307
f 776/2308 778/2309 779/2310
f 776/2311 779/2312 780/2313
f 776/2314 780/2315 781/2316
f 776/2317 781/2318 782/2319
f 776/2320 782/2321 771/2322
f 776/2323 771/2324 777/2325
f 783/2326 779/2327 784/2328
f 780/2329 785/2330 781/2331
f 782/2332 772/2333 771/2334
f 774/2335 766/2336 765/2337
f 767/2338 786/2339 759/2340
f 759/2341 786/2342 760/2343
f 787/2344 788/2345 789/2346
f 789/2347 788/2348 760/2349
f 789/2350 760/2351 786/2352
f 790/2353 791/2354 792/2355
f 791/2356 761/2357 792/2358
f 792/2359 761/2360 760/2361
f 792/2362 760/2363 788/2364
f 758/2365 764/2366 759/2367
f 770/2368 765/2369 762/2370
f 777/2371 771/2372 768/2373
f 784/2374 779/2375 778/2376
f 793/2377 794/2378 795/2379
f 796/2380 797/2381 798/2382
f 796/2383 799/2384 797/2385
f 797/2386 795/2387 798/2388
f 798/2389 795/2390 794/2391
f 800/2392 801/2393 802/2394
f 803/2395 804/2396 801/2397
f 804/2398 805/2399 801/2400
f 805/2401 802/2402 801/2403
f 806/2404 807/2405 808/2406
f 807/2407 809/2408 808/2409
f 808/2410 809/2411 810/2412
f 811/2413 812/2414 813/2415
f 812/2416 810/2417 813/2418
f 813/2419 810/2420 809/2421
f 814/2422 815/2423 816/2424
f 817/2425 818/2426 814/2427
f 819/2428 820/2429 817/2430
f 821/2431 822/2432 819/2433
f 823/2434 824/2435 821/2436
f 825/2437 826/2438 823/2439
f 826/2440 825/2441 827/2442
f 828/2443 829/2444 830/2445
f 831/2446 832/2447 828/2448
f 833/2449 834/2450 831/2451
f 835/2452 836/2453 833/2454
f 816/2455 837/2456 835/2457
f 838/2458 839/2459 840/2460
f 840/2461 839/2462 823/2463
f 840/2464 823/2465 826/2466
f 839/2467 841/2468 823/2469
f 824/2470 842/2471 821/2472
f 842/2473 822/2474 821/2475
f 822/2476 843/2477 819/2478
f 843/2479 820/2480 819/2481
f 820/2482 844/2483 817/2484
f 844/2485 818/2486 817/2487
f 818/2488 845/2489 814/2490
f 845/2491 846/2492 814/2493
f 847/2494 848/2495 846/2496
f 846/2497 848/2498 814/2499
f 815/2500 837/2501 816/2502
f 837/2503 849/2504 835/2505
f 850/2506 851/2507 849/2508
f 851/2509 852/2510 849/2511
f 849/2512 852/2513 835/2514
f 836/2515 853/2516 833/2517
f 853/2518 834/2519 833/2520
f 834/2521 854/2522 831/2523
f 854/2524 832/2525 831/2526
f 832/2527 855/2528 828/2529
f 855/2530 829/2531 828/2532
f 829/2533 856/2534 830/2535
f 830/2536 856/2537 857/2538
f 830/2539 857/2540 827/2541
f 830/2542 827/2543 825/2544
f 858/2545 857/2546 859/2547
f 815/2548 814/2549 848/2550
f 859/2551 857/2552 856/2553
f 824/2554 823/2555 841/2556
f 836/2557 835/2558 852/2559
f 860/2560 861/2561 862/2562
f 861/2563 860/2564 863/2565
f 861/2566 863/2567 864/2568
f 861/2569 864/2570 862/2571
f 860/2572 865/2573 863/2574
f 866/2575 867/2576 868/2577
f 867/2578 866/2579 869/2580
f 867/2581 869/2582 870/2583
f 867/2584 870/2585 864/2586
f 867/2587 864/2588 863/2589
f 867/2590 863/2591 868/2592
f 871/2593 872/2594 873/2595
f 872/2596 871/2597 874/2598
f 872/2599 874/2600 875/2601
f 872/2602 875/2603 876/2604
f 872/2605 876/2606 869/2607
f 872/2608 869/2609 873/2610
f 877/2611 878/2612 879/2613
f 878/2614 877/2615 880/2616
f 878/2617 880/2618 881/2619
f 878/2620 881/2621 882/2622
f 878/2623 882/2624 874/2625
f 878/2626 874/2627 879/2628
f 883/2629 884/2630 885/2631
f 884/2632 883/2633 886/2634
f 884/2635 886/2636 887/2637
f 884/2638 887/2639 888/2640
f 884/2641 888/2642 880/2643
f 884/2644 880/2645 885/2646
f 889/2647 890/2648 891/2649
f 892/2650 893/2651 889/2652
f 893/2653 892/2654 894/2655
f 893/2656 894/2657 895/2658
f 893/2659 895/2660 896/2661
f 893/2662 896/2663 897/2664
f 893/2665 897/2666 889/2667
f 892/2668 898/2669 894/2670
f 899/2671 900/2672 901/2673
f 899/2674 902/2675 900/2676
f 900/2677 902/2678 903/2679
f 900/2680 903/2681 894/2682
f 900/2683 894/2684 901/2685
f 904/2686 895/2687 905/2688
f 895/2689 904/2690 896/2691
f 906/2692 907/2693 908/2694
f 907/2695 906/2696 909/2697
f 907/2698 909/2699 890/2700
f 907/2701 890/2702 897/2703
f 907/2704 897/2705 896/2706
f 907/2707 896/2708 908/2709
f 910/2710 887/2711 911/2712
f 887/2713 910/2714 888/2715
f 910/2716 912/2717 888/2718
f 913/2719 881/2720 914/2721
f 881/2722 913/2723 882/2724
f 915/2725 876/2726 916/2727
f 876/2728 915/2729 870/2730
f 876/2731 870/2732 869/2733
f 862/2734 864/2735 917/2736
f 874/2737 882/2738 875/2739
f 890/2740 889/2741 897/2742
f 917/2743 864/2744 870/2745
f 917/2746 870/2747 915/2748
f 865/2749 868/2750 863/2751
f 873/2752 869/2753 866/2754
f 916/2755 876/2756 875/2757
f 916/2758 875/2759 882/2760
f 916/2761 882/2762 913/2763
f 879/2764 874/2765 871/2766
f 914/2767 881/2768 888/2769
f 914/2770 888/2771 912/2772
f 885/2773 880/2774 877/2775
f 888/2776 881/2777 880/2778
f 890/2779 909/2780 886/2781
f 890/2782 886/2783 891/2784
f 891/2785 886/2786 883/2787
f 887/2788 886/2789 909/2790
f 887/2791 909/2792 911/2793
f 906/2794 911/2795 909/2796
f 904/2797 908/2798 896/2799
f 905/2800 895/2801 903/2802
f 905/2803 903/2804 902/2805
f 903/2806 895/2807 894/2808
f 898/2809 901/2810 894/2811
f 918/2812 919/2813 920/2814
f 921/2815 922/2816 919/2817
f 923/2818 924/2819 921/2820
f 925/2821 926/2822 924/2823
f 926/2824 925/2825 927/2826
f 928/2827 929/2828 930/2829
f 928/2830 931/2831 929/2832
f 929/2833 931/2834 932/2835
f 933/2836 934/2837 935/2838
f 936/2839 937/2840 933/2841
f 933/2842 937/2843 938/2844
f 933/2845 938/2846 934/2847
f 939/2848 940/2849 941/2850
f 942/2851 943/2852 940/2853
f 943/2854 942/2855 944/2856
f 945/2857 946/2858 947/2859
f 948/2860 949/2861 945/2862
f 948/2863 950/2864 949/2865
f 951/2866 952/2867 950/2868
f 952/2869 951/2870 953/2871
f 920/2872 954/2873 955/2874
f 956/2875 946/2876 957/2877
f 946/2878 944/2879 947/2880
f 947/2881 944/2882 942/2883
f 943/2884 958/2885 940/2886
f 958/2887 959/2888 940/2889
f 940/2890 959/2891 941/2892
f 934/2893 932/2894 935/2895
f 935/2896 932/2897 931/2898
f 929/2899 927/2900 930/2901
f 930/2902 927/2903 925/2904
f 926/2905 922/2906 924/2907
f 922/2908 960/2909 919/2910
f 919/2911 960/2912 920/2913
f 960/2914 961/2915 920/2916
f 954/2917 953/2918 955/2919
f 955/2920 953/2921 951/2922
f 962/2923 963/2924 952/2925
f 952/2926 963/2927 950/2928
f 949/2929 957/2930 945/2931
f 946/2932 945/2933 957/2934
f 949/2935 950/2936 963/2937
f 924/2938 922/2939 921/2940
f 937/2941 941/2942 938/2943
f 938/2944 941/2945 959/2946
f 954/2947 920/2948 961/2949
f 964/2950 965/2951 966/2952
f 966/2953 965/2954 967/2955
f 968/2956 969/2957 970/2958
f 969/2959 967/2960 970/2961
f 970/2962 967/2963 965/2964
f 971/2965 997/2966 972/2967
f 973/2968 977/2969 971/2970
f 974/2971 975/2972 973/2973
f 975/2974 976/2975 977/2976
f 975/2977 977/2978 973/2979
f 978/2980 979/2981 980/2982
f 979/2983 978/2984 981/2985
f 979/2986 981/2987 982/2988
f 979/2989 982/2990 976/2991
f 979/2992 976/2993 975/2994
f 979/2995 975/2996 980/2997
f 983/2998 982/2999 984/3000
f 982/3001 985/3002 976/3003
f 986/3004 999/3005 985/3006
f 987/3007 998/3008 986/3009
f 988/3010 992/3011 987/3012
f 989/3013 990/3014 988/3015
f 988/3016 990/3017 991/3018
f 988/3019 991/3020 992/3021
f 993/3022 994/3023 995/3024
f 994/3025 993/3026 996/3027
f 994/3028 996/3029 992/3030
f 994/3031 992/3032 995/3033
f 975/3034 974/3035 980/3036
f 984/3037 982/3038 981/3039
f 984/3040 981/3041 978/3042
f 987/3043 992/3044 998/3045
f 992/3046 996/3047 998/3048
f 977/3049 999/3050 997/3051
f 977/3052 997/3053 971/3054
f 999/3055 986/3056 998/3057
f 999/3058 998/3059 997/3060
f 997/3061 998/3062 996/3063
f 997/3064 996/3065 972/3066
f 985/3067 999/3068 976/3069
f 976/3070 999/3071 977/3072
f 993/3073 972/3074 996/3075
f 990/3076 995/3077 991/3078
f 995/3079 992/3080 991/3081
f 1000/3082 1001/3083 1002/3084
f 1002/3085 1001/3086 1003/3087
f 1004/3088 1005/3089 1006/3090
f 1005/3091 1003/3092 1006/3093
f 1006/3094 1003/3095 1001/3096
f 1007/3097 1008/3098 1009/3099
f 1009/3100 1008/3101 1010/3102
f 1009/3103 1010/3104 1011/3105
f 1012/3106 1013/3107 1014/3108
f 1013/3109 1010/3110 1014/3111
f 1010/3112 1015/3113 1011/3114
f 1016/3115 1017/3116 1015/3117
f 1017/3118 1011/3119 1015/3120
f 1014/3121 1010/3122 1008/3123
f 1018/3124 1019/3125 1020/3126
f 1019/3127 1021/3128 1020/3129
f 1021/3130 1022/3131 1020/3132
f 1022/3133 1023/3134 1020/3135
f 1020/3136 1023/3137 1024/3138
f 1020/3139 1024/3140 1025/3141
f 1026/3142 1027/3143 1028/3144
f 1027/3145 1026/3146 1029/3147
f 1027/3148 1029/3149 1030/3150
f 1026/3151 1031/3152 1029/3153
f 1031/3154 1032/3155 1029/3156
f 1033/3157 1029/3158 1034/3159
f 1027/3160 1035/3161 1028/3162
f 1035/3163 1024/3164 1028/3165
f 1034/3166 1029/3167 1032/3168
f 1028/3169 1024/3170 1023/3171
f 1036/3172 1037/3173 1038/3174
f 1037/3175 1036/3176 1039/3177
f 1040/3178 1039/3179 1041/3180
f 1041/3181 1039/3182 1036/3183
f 1038/3184 1037/3185 1042/3186
f 1038/3187 1042/3188 1043/3189
f 1038/3190 1043/3191 1044/3192
f 1045/3193 1042/3194 1046/3195
f 1046/3196 1042/3197 1037/3198
f 1047/3199 1048/3200 1049/3201
f 1048/3202 1050/3203 1049/3204
f 1051/3205 1052/3206 1053/3207
f 1051/3208 1053/3209 1054/3210
f 1051/3211 1054/3212 1055/3213
f 1056/3214 1057/3215 1058/3216
f 1057/3217 1056/3218 1059/3219
f 1060/3220 1061/3221 1062/3222
f 1061/3223 1060/3224 1063/3225
f 1064/3226 1065/3227 1066/3228
f 1064/3229 1067/3230 1065/3231
f 1065/3232 1067/3233 1068/3234
f 1069/3235 1070/3236 1071/3237
f 1055/3238 1072/3239 1069/3240
f 1072/3241 1055/3242 1054/3243
f 1073/3244 1053/3245 1074/3246
f 1072/3247 1075/3248 1069/3249
f 1075/3250 1070/3251 1069/3252
f 1070/3253 1068/3254 1071/3255
f 1071/3256 1068/3257 1067/3258
f 1076/3259 1077/3260 1065/3261
f 1065/3262 1077/3263 1066/3264
f 1061/3265 1078/3266 1062/3267
f 1078/3268 1059/3269 1062/3270
f 1062/3271 1059/3272 1056/3273
f 1057/3274 1074/3275 1058/3276
f 1052/3277 1058/3278 1053/3279
f 1058/3280 1074/3281 1053/3282
f 1060/3283 1066/3284 1063/3285
f 1063/3286 1066/3287 1077/3288
f 1079/3289 1080/3290 1081/3291
f 1080/3292 1082/3293 1081/3294
f 1081/3295 1082/3296 1083/3297
f 1084/3298 1083/3299 1085/3300
f 1085/3301 1083/3302 1082/3303
f 1086/3304 1087/3305 1088/3306
f 1089/3307 1090/3308 1086/3309
f 1090/3310 1087/3311 1086/3312
f 1087/3313 1091/3314 1088/3315
f 1088/3316 1091/3317 1092/3318
f 1091/3319 1093/3320 1092/3321
f 1093/3322 1094/3323 1092/3324
f 1094/3325 1095/3326 1092/3327
f 1096/3328 1092/3329 1097/3330
f 1097/3331 1092/3332 1095/3333
f 1098/3334 1099/3335 1100/3336
f 1101/3337 1102/3338 1099/3339
f 1103/3340 1104/3341 1101/3342
f 1104/3343 1105/3344 1101/3345
f 1105/3346 1102/3347 1101/3348
f 1102/3349 1106/3350 1099/3351
f 1106/3352 1100/3353 1099/3354
f 1107/3355 1108/3356 1109/3357
f 1108/3358 1110/3359 1109/3360
f 1110/3361 1111/3362 1109/3363
f 1109/3364 1111/3365 1112/3366
f 1111/3367 1113/3368 1112/3369
f 1114/3370 1112/3371 1115/3372
f 1112/3373 1113/3374 1115/3375
f 1116/3376 1117/3377 1118/3378
f 1117/3379 1119/3380 1118/3381
f 1118/3382 1119/3383 1120/3384
f 1121/3385 1122/3386 1123/3387
f 1121/3388 1124/3389 1122/3390
f 1122/3391 1124/3392 1125/3393
f 1126/3394 1127/3395 1128/3396
f 1126/3397 1129/3398 1127/3399
f 1127/3400 1125/3401 1128/3402
f 1128/3403 1125/3404 1124/3405
f 1122/3406 1120/3407 1123/3408
f 1123/3409 1120/3410 1119/3411
f 1130/3412 1131/3413 1132/3414
f 1133/3415 1134/3416 1131/3417
f 1133/3418 1135/3419 1134/3420
f 1134/3421 1135/3422 1136/3423
f 1137/3424 1136/3425 1138/3426
f 1138/3427 1136/3428 1135/3429
f 1134/3430 1139/3431 1131/3432
f 1139/3433 1140/3434 1131/3435
f 1140/3436 1141/3437 1131/3438
f 1141/3439 1132/3440 1131/3441
f 1143/3442 1144/3443 1142/3444
f 1145/3445 1146/3446 1144/3447
f 1145/3448 1147/3449 1146/3450
f 1146/3451 1147/3452 1148/3453
f 1147/3454 1149/3455 1148/3456
f 1150/3457 1151/3458 1152/3459
f 1150/3460 1153/3461 1151/3462
f 1153/3463 1155/3464 1154/3465
f 1154/3466 1155/3467 1156/3468
f 1157/3469 1158/3470 1159/3471
f 1157/3472 1160/3473 1158/3474
f 1160/3475 1161/3476 1158/3477
f 1161/3478 1162/3479 1158/3480
f 1158/3481 1162/3482 1163/3483
f 1164/3484 1165/3485 1166/3486
f 1165/3487 1164/3488 1167/3489
f 1168/3490 1169/3491 1170/3492
f 1169/3493 1168/3494 1171/3495
f 1172/3496 1173/3497 1174/3498
f 1175/3499 1176/3500 1172/3501
f 1176/3502 1175/3503 1177/3504
f 1142/3505 1163/3506 1143/3507
f 1143/3508 1163/3509 1162/3510
f 1158/3511 1156/3512 1159/3513
f 1159/3514 1156/3515 1155/3516
f 1153/3517 1154/3518 1178/3519
f 1153/3520 1178/3521 1151/3522
f 1165/3523 1178/3524 1166/3525
f 1151/3526 1148/3527 1152/3528
f 1146/3529 1177/3530 1144/3531
f 1176/3532 1179/3533 1172/3534
f 1179/3535 1173/3536 1172/3537
f 1173/3538 1171/3539 1174/3540
f 1174/3541 1171/3542 1168/3543
f 1169/3544 1167/3545 1170/3546
f 1170/3547 1167/3548 1164/3549
f 1175/3550 1142/3551 1177/3552
f 1177/3553 1142/3554 1144/3555
f 1148/3556 1149/3557 1152/3558
f 1178/3559 1154/3560 1166/3561
f 1180/3562 1181/3563 1182/3564
f 1181/3565 1183/3566 1182/3567
f 1183/3568 1184/3569 1182/3570
f 1184/3571 1185/3572 1182/3573
f 1186/3574 1187/3575 1188/3576
f 1189/3577 1190/3578 1191/3579
f 1190/3580 1192/3581 1191/3582
f 1191/3583 1192/3584 1188/3585
f 1191/3586 1188/3587 1187/3588
f 1193/3589 1194/3590 1195/3591
f 1193/3592 1196/3593 1194/3594
f 1196/3595 1197/3596 1194/3597
f 1194/3598 1197/3599 1198/3600
f 1199/3601 1200/3602 1201/3603
f 1199/3604 1202/3605 1200/3606
f 1201/3607 1200/3608 1198/3609
f 1201/3610 1198/3611 1197/3612
f 1203/3613 1198/3614 1204/3615
f 1194/3616 1188/3617 1195/3618
f 1195/3619 1188/3620 1192/3621
f 1204/3622 1198/3623 1200/3624
f 1205/3625 1206/3626 1207/3627
f 1207/3628 1206/3629 1208/3630
f 1209/3631 1210/3632 1211/3633
f 1209/3634 1212/3635 1210/3636
f 1210/3637 1208/3638 1211/3639
f 1211/3640 1208/3641 1206/3642
f 1213/3643 1214/3644 1215/3645
f 1214/3646 1216/3647 1215/3648
f 1217/3649 1218/3650 1219/3651
f 1218/3652 1220/3653 1219/3654
f 1221/3655 1222/3656 1223/3657
f 1223/3658 1222/3659 1224/3660
f 1225/3661 1226/3662 1227/3663
f 1225/3664 1228/3665 1226/3666
f 1229/3667 1230/3668 1228/3669
f 1229/3670 1231/3671 1230/3672
f 1231/3673 1232/3674 1230/3675
f 1230/3676 1233/3677 1228/3678
f 1233/3679 1226/3680 1228/3681
f 1226/3682 1234/3683 1227/3684
f 1234/3685 1224/3686 1227/3687
f 1227/3688 1224/3689 1222/3690
f 1235/3691 1236/3692 1237/3693
f 1236/3694 1238/3695 1237/3696
f 1239/3697 1240/3698 1241/3699
f 1242/3700 1243/3701 1244/3702
f 1243/3703 1242/3704 1245/3705
f 1242/3706 1246/3707 1245/3708
f 1247/3709 1248/3710 1249/3711
f 1247/3712 1250/3713 1248/3714
f 1251/3715 1252/3716 1250/3717
f 1252/3718 1253/3719 1250/3720
f 1253/3721 1248/3722 1250/3723
f 1248/3724 1254/3725 1249/3726
f 1254/3727 1245/3728 1249/3729
f 1243/3730 1241/3731 1244/3732
f 1249/3733 1245/3734 1246/3735
f 1244/3736 1241/3737 1240/3738
f 1255/3739 1256/3740 1257/3741
f 1255/3742 1257/3743 1258/3744
f 1255/3745 1258/3746 1259/3747
f 1255/3748 1259/3749 1260/3750
f 1255/3751 1260/3752 1261/3753
f 1262/3754 1263/3755 1264/3756
f 1262/3757 1265/3758 1263/3759
f 1265/3760 1266/3761 1263/3762
f 1266/3763 1267/3764 1263/3765
f 1267/3766 1268/3767 1263/3768
f 1268/3769 1269/3770 1263/3771
f 1263/3772 1257/3773 1264/3774
f 1264/3775 1257/3776 1256/3777
f 1270/3778 1271/3779 1272/3780
f 1270/3781 1273/3782 1271/3783
f 1271/3784 1274/3785 1272/3786
f 1274/3787 1275/3788 1272/3789
f 1275/3790 1276/3791 1272/3792
f 1276/3793 1277/3794 1272/3795
f 1272/3796 1277/3797 1278/3798
f 1279/3799 1280/3800 1281/3801
f 1279/3802 1282/3803 1280/3804
f 1282/3805 1283/3806 1280/3807
f 1280/3808 1284/3809 1281/3810
f 1284/3811 1278/3812 1281/3813
f 1281/3814 1278/3815 1277/3816
g LINKS.01
f 1298/3817 1299/3818 1295/3819
f 1286/3820 1290/3821 1289/3822
f 1296/3823 1298/3824 1295/3825
f 1291/3826 1294/3827 1297/3828
f 1292/3829 1294/3830 1291/3831
f 1287/3832 1290/3833 1286/3834
f 1288/3835 1285/3836 1287/3837
f 1288/3838 1287/3839 1286/3840
f 1293/3841 1289/3842 1290/3843
f 1292/3844 1293/3845 1290/3846
f 1293/3847 1292/3848 1291/3849
f 1296/3850 1297/3851 1294/3852
f 1297/3853 1296/3854 1295/3855
f 1300/3856 1299/3857 1298/3858
f 1302/3859 1301/3860 1306/3861
f 1303/3862 1302/3863 1306/3864
f 1307/3865 1303/3866 1306/3867
f 1304/3868 1307/3869 1308/3870
f 1305/3871 1304/3872 1308/3873
f 1308/3874 1307/3875 1306/3876
f 1310/3877 1309/3878 1314/3879
f 1315/3880 1310/3881 1314/3882
f 1311/3883 1315/3884 1316/3885
f 1312/3886 1311/3887 1316/3888
f 1313/3889 1312/3890 1316/3891
f 1316/3892 1315/3893 1314/3894
f 1323/3895 1319/3896 1317/3897
f 1318/3898 1323/3899 1317/3900
f 1320/3901 1319/3902 1323/3903
f 1321/3904 1320/3905 1323/3906
f 1322/3907 1321/3908 1323/3909
f 1325/3910 1322/3911 1323/3912
f 1324/3913 1325/3914 1323/3915
f 1326/3916 1325/3917 1324/3918
f 1329/3919 1327/3920 1328/3921
f 1330/3922 1329/3923 1328/3924
f 1331/3925 1338/3926 1337/3927
f 1332/3928 1331/3929 1337/3930
f 1333/3931 1332/3932 1337/3933
f 1334/3934 1333/3935 1337/3936
f 1335/3937 1334/3938 1337/3939
f 1336/3940 1335/3941 1337/3942
f 1339/3943 1337/3944 1338/3945
f 1340/3946 1339/3947 1338/3948
f 1343/3949 1341/3950 1342/3951
f 1344/3952 1343/3953 1342/3954
f 1345/3955 1350/3956 1347/3957
f 1346/3958 1350/3959 1345/3960
f 1348/3961 1347/3962 1350/3963
f 1349/3964 1348/3965 1350/3966
f 1352/3967 1349/3968 1350/3969
f 1351/3970 1352/3971 1350/3972
f 1353/3973 1352/3974 1351/3975
f 1361/3976 1364/3977 1366/3978
f 1354/3979 1364/3980 1361/3981
f 1362/3982 1354/3983 1361/3984
f 1357/3985 1360/3986 1363/3987
f 1358/3988 1360/3989 1357/3990
f 1355/3991 1358/3992 1359/3993
f 1356/3994 1355/3995 1359/3996
f 1359/3997 1358/3998 1357/3999
f 1362/4000 1363/4001 1360/4002
f 1363/4003 1362/4004 1361/4005
f 1365/4006 1366/4007 1364/4008
f 1367/4009 1366/4010 1365/4011
f 1368/4012 1374/4013 1373/4014
f 1369/4015 1368/4016 1373/4017
f 1370/4018 1369/4019 1373/4020
f 1371/4021 1370/4022 1373/4023
f 1372/4024 1371/4025 1373/4026
f 1375/4027 1373/4028 1374/4029
f 1376/4030 1375/4031 1374/4032
g LINKS.02
f 1390/4033 1391/4034 1387/4035
f 1388/4036 1390/4037 1387/4038
f 1383/4039 1386/4040 1389/4041
f 1384/4042 1386/4043 1383/4044
f 1378/4045 1381/4046 1382/4047
f 1379/4048 1381/4049 1378/4050
f 1380/4051 1377/4052 1379/4053
f 1380/4054 1379/4055 1378/4056
f 1384/4057 1382/4058 1381/4059
f 1385/4060 1382/4061 1384/4062
f 1385/4063 1384/4064 1383/4065
f 1388/4066 1389/4067 1386/4068
f 1389/4069 1388/4070 1387/4071
f 1392/4072 1391/4073 1390/4074
f 1394/4075 1393/4076 1398/4077
f 1395/4078 1394/4079 1398/4080
f 1399/4081 1395/4082 1398/4083
f 1397/4084 1396/4085 1399/4086
f 1400/4087 1397/4088 1399/4089
f 1400/4090 1399/4091 1398/4092
f 1402/4093 1401/4094 1406/4095
f 1407/4096 1402/4097 1406/4098
f 1403/4099 1407/4100 1408/4101
f 1404/4102 1403/4103 1408/4104
f 1405/4105 1404/4106 1408/4107
f 1408/4108 1407/4109 1406/4110
f 1415/4111 1411/4112 1409/4113
f 1410/4114 1415/4115 1409/4116
f 1412/4117 1411/4118 1415/4119
f 1413/4120 1412/4121 1415/4122
f 1414/4123 1413/4124 1415/4125
f 1417/4126 1414/4127 1415/4128
f 1416/4129 1417/4130 1415/4131
f 1418/4132 1417/4133 1416/4134
f 1421/4135 1419/4136 1420/4137
f 1422/4138 1421/4139 1420/4140
f 1423/4141 1430/4142 1429/4143
f 1424/4144 1423/4145 1429/4146
f 1425/4147 1424/4148 1429/4149
f 1426/4150 1425/4151 1429/4152
f 1427/4153 1426/4154 1429/4155
f 1428/4156 1427/4157 1429/4158
f 1431/4159 1429/4160 1430/4161
f 1432/4162 1431/4163 1430/4164
f 1435/4165 1433/4166 1434/4167
f 1436/4168 1435/4169 1434/4170
f 1437/4171 1442/4172 1439/4173
f 1438/4174 1442/4175 1437/4176
f 1440/4177 1439/4178 1442/4179
f 1441/4180 1440/4181 1442/4182
f 1444/4183 1441/4184 1442/4185
f 1443/4186 1444/4187 1442/4188
f 1445/4189 1444/4190 1443/4191
f 1452/4192 1451/4193 1448/4194
f 1453/4195 1456/4196 1458/4197
f 1446/4198 1456/4199 1453/4200
f 1454/4201 1446/4202 1453/4203
f 1449/4204 1452/4205 1448/4206
f 1450/4207 1447/4208 1449/4209
f 1450/4210 1449/4211 1448/4212
f 1455/4213 1451/4214 1452/4215
f 1454/4216 1455/4217 1452/4218
f 1455/4219 1454/4220 1453/4221
f 1457/4222 1458/4223 1456/4224
f 1459/4225 1458/4226 1457/4227
f 1460/4228 1466/4229 1465/4230
f 1461/4231 1460/4232 1465/4233
f 1462/4234 1461/4235 1465/4236
f 1463/4237 1462/4238 1465/4239
f 1464/4240 1463/4241 1465/4242
f 1467/4243 1465/4244 1466/4245
f 1468/4246 1467/4247 1466/4248
g OLEO
f 1478/4249 1477/4250 1474/4251
f 1469/4252 1478/4253 1474/4254
f 1475/4255 1469/4256 1474/4257
f 1470/4258 1475/4259 1473/4260
f 1471/4261 1470/4262 1473/4263
f 1472/4264 1471/4265 1473/4266
f 1476/4267 1473/4268 1475/4269
f 1476/4270 1475/4271 1474/4272
f 1479/4273 1477/4274 1478/4275
f 1480/4276 1479/4277 1478/4278
f 1490/4279 1488/4280 1485/4281
f 1481/4282 1490/4283 1485/4284
f 1486/4285 1481/4286 1485/4287
f 1482/4288 1486/4289 1487/4290
f 1483/4291 1482/4292 1487/4293
f 1484/4294 1483/4295 1487/4296
f 1487/4297 1486/4298 1485/4299
f 1489/4300 1488/4301 1490/4302
f 1491/4303 1489/4304 1490/4305
f 1492/4306 1491/4307 1490/4308
f 1514/4309 1493/4310 1496/4311
f 1515/4312 1493/4313 1514/4314
f 1513/4315 1516/4316 1510/4317
f 1511/4318 1513/4319 1510/4320
f 1506/4321 1509/4322 1512/4323
f 1507/4324 1509/4325 1506/4326
f 1502/4327 1505/4328 1508/4329
f 1503/4330 1505/4331 1502/4332
f 1498/4333 1501/4334 1504/4335
f 1499/4336 1501/4337 1498/4338
f 1494/4339 1497/4340 1500/4341
f 1495/4342 1497/4343 1494/4344
f 1495/4345 1496/4346 1493/4347
f 1496/4348 1495/4349 1494/4350
f 1499/4351 1500/4352 1497/4353
f 1500/4354 1499/4355 1498/4356
f 1503/4357 1504/4358 1501/4359
f 1504/4360 1503/4361 1502/4362
f 1507/4363 1508/4364 1505/4365
f 1508/4366 1507/4367 1506/4368
f 1511/4369 1512/4370 1509/4371
f 1512/4372 1511/4373 1510/4374
f 1515/4375 1516/4376 1513/4377
f 1516/4378 1515/4379 1514/4380
