# Converted from a320src/A320-family-master/Models/LandingGears/a320.mlg.tires.ac by simengine's ac3d_to_obj tool
# NOTE: materials/textures are not exported — see tools/ac3d_to_obj/main.cpp LIMITATIONS.
v 0.087988 0.0508 0.64135
v 0 -0.1016 0.64135
v 0.1016 0 0.64135
v 0.0508 0.087988 0.64135
v 0 0.1016 0.64135
v -0.0508 -0.087988 0.64135
v -0.087988 0.0508 0.64135
v -0.087988 -0.0508 0.64135
v -0.0508 0.087988 0.64135
v -0.1016 0 0.64135
v 0.0508 -0.087988 0.64135
v 0.087988 -0.0508 0.64135
v 0.131982 0.0762 0.55245
v 0.1524 0 0.55245
v 0 0.1524 0.55245
v 0.0762 0.131982 0.55245
v -0.131982 0.0762 0.55245
v -0.0762 0.131982 0.55245
v -0.131982 -0.0762 0.55245
v -0.1524 0 0.55245
v 0 -0.1524 0.55245
v -0.0762 -0.131982 0.55245
v 0.0762 -0.131982 0.55245
v 0.131982 -0.0762 0.55245
v 0.197973 0.1143 0.55245
v 0.2286 0 0.55245
v 0.1143 0.197973 0.55245
v -0.1143 0.197973 0.55245
v 0 0.2286 0.55245
v -0.197973 0.1143 0.55245
v -0.197973 -0.1143 0.55245
v -0.2286 0 0.55245
v 0 -0.2286 0.55245
v -0.1143 -0.197973 0.55245
v 0.197973 -0.1143 0.55245
v 0.1143 -0.197973 0.55245
v 0.197973 0.1143 0.64135
v 0.2286 0 0.64135
v 0 0.2286 0.64135
v 0.1143 0.197973 0.64135
v -0.197973 0.1143 0.64135
v -0.1143 0.197973 0.64135
v -0.2286 0 0.64135
v -0.1143 -0.197973 0.64135
v -0.197973 -0.1143 0.64135
v 0 -0.2286 0.64135
v 0.1143 -0.197973 0.64135
v 0.197973 -0.1143 0.64135
v 0.21997 0.127 0.66675
v 0.254 0 0.66675
v 0 0.254 0.66675
v 0.127 0.21997 0.66675
v -0.21997 0.127 0.66675
v -0.127 0.21997 0.66675
v -0.21997 -0.127 0.66675
v -0.254 0 0.66675
v 0 -0.254 0.66675
v -0.127 -0.21997 0.66675
v 0.21997 -0.127 0.66675
v 0.127 -0.21997 0.66675
v 0.241967 0.1397 0.66675
v 0.2794 0 0.66675
v 0.1397 0.241967 0.66675
v -0.1397 0.241967 0.66675
v 0 0.2794 0.66675
v -0.241967 0.1397 0.66675
v -0.2794 0 0.66675
v -0.241967 -0.1397 0.66675
v -0.1397 -0.241967 0.66675
v 0.1397 -0.241967 0.66675
v 0 -0.2794 0.66675
v 0.241967 -0.1397 0.66675
v 0.241967 0.1397 0.26035
v 0.2794 0 0.26035
v 0.1397 0.241967 0.26035
v 0 0.2794 0.26035
v -0.1397 0.241967 0.26035
v -0.2794 0 0.26035
v -0.241967 0.1397 0.26035
v -0.241967 -0.1397 0.26035
v 0 -0.2794 0.26035
v -0.1397 -0.241967 0.26035
v 0.241967 -0.1397 0.26035
v 0.1397 -0.241967 0.26035
v -0.127 -0.21997 0.26035
v 0 -0.254 0.26035
v -0.21997 -0.127 0.26035
v 0.21997 -0.127 0.26035
v 0.127 -0.21997 0.26035
v 0.21997 0.127 0.26035
v 0.254 0 0.26035
v 0 0.254 0.26035
v 0.127 0.21997 0.26035
v -0.127 0.21997 0.26035
v -0.254 0 0.26035
v -0.21997 0.127 0.26035
v -0.1143 -0.197973 0.28575
v -0.197973 -0.1143 0.28575
v -0.2286 0 0.28575
v -0.197973 0.1143 0.28575
v -0.1143 0.197973 0.28575
v 0.1143 0.197973 0.28575
v 0.197973 0.1143 0.28575
v 0.2286 0 0.28575
v 0.197973 -0.1143 0.28575
v 0.1143 -0.197973 0.28575
v 0 -0.2286 0.28575
v 0 0.2286 0.28575
v -0.1143 -0.197973 0.37465
v -0.2286 0 0.37465
v -0.197973 0.1143 0.37465
v -0.1143 0.197973 0.37465
v 0 0.2286 0.37465
v 0.1143 0.197973 0.37465
v 0.197973 0.1143 0.37465
v 0.2286 0 0.37465
v 0.197973 -0.1143 0.37465
v 0.1143 -0.197973 0.37465
v 0 -0.2286 0.37465
v -0.197973 -0.1143 0.37465
v 0 0 0.37465
v 0.087988 0.0508 -0.64135
v 0 -0.1016 -0.64135
v 0.1016 0 -0.64135
v 0.0508 0.087988 -0.64135
v 0 0.1016 -0.64135
v -0.0508 -0.087988 -0.64135
v -0.087988 0.0508 -0.64135
v -0.087988 -0.0508 -0.64135
v -0.0508 0.087988 -0.64135
v -0.1016 0 -0.64135
v 0.0508 -0.087988 -0.64135
v 0.087988 -0.0508 -0.64135
v 0.131982 0.0762 -0.55245
v 0.1524 0 -0.55245
v 0 0.1524 -0.55245
v 0.0762 0.131982 -0.55245
v -0.131982 0.0762 -0.55245
v -0.0762 0.131982 -0.55245
v -0.131982 -0.0762 -0.55245
v -0.1524 0 -0.55245
v 0 -0.1524 -0.55245
v -0.0762 -0.131982 -0.55245
v 0.0762 -0.131982 -0.55245
v 0.131982 -0.0762 -0.55245
v 0.197973 0.1143 -0.55245
v 0.2286 0 -0.55245
v 0.1143 0.197973 -0.55245
v -0.1143 0.197973 -0.55245
v 0 0.2286 -0.55245
v -0.197973 0.1143 -0.55245
v -0.197973 -0.1143 -0.55245
v -0.2286 0 -0.55245
v 0 -0.2286 -0.55245
v -0.1143 -0.197973 -0.55245
v 0.197973 -0.1143 -0.55245
v 0.1143 -0.197973 -0.55245
v 0.197973 0.1143 -0.64135
v 0.2286 0 -0.64135
v 0 0.2286 -0.64135
v 0.1143 0.197973 -0.64135
v -0.197973 0.1143 -0.64135
v -0.1143 0.197973 -0.64135
v -0.2286 0 -0.64135
v -0.1143 -0.197973 -0.64135
v -0.197973 -0.1143 -0.64135
v 0 -0.2286 -0.64135
v 0.1143 -0.197973 -0.64135
v 0.197973 -0.1143 -0.64135
v 0.21997 0.127 -0.66675
v 0.254 0 -0.66675
v 0 0.254 -0.66675
v 0.127 0.21997 -0.66675
v -0.21997 0.127 -0.66675
v -0.127 0.21997 -0.66675
v -0.21997 -0.127 -0.66675
v -0.254 0 -0.66675
v 0 -0.254 -0.66675
v -0.127 -0.21997 -0.66675
v 0.21997 -0.127 -0.66675
v 0.127 -0.21997 -0.66675
v 0.241967 0.1397 -0.66675
v 0.2794 0 -0.66675
v 0.1397 0.241967 -0.66675
v -0.1397 0.241967 -0.66675
v 0 0.2794 -0.66675
v -0.241967 0.1397 -0.66675
v -0.2794 0 -0.66675
v -0.241967 -0.1397 -0.66675
v -0.1397 -0.241967 -0.66675
v 0.1397 -0.241967 -0.66675
v 0 -0.2794 -0.66675
v 0.241967 -0.1397 -0.66675
v 0.241967 0.1397 -0.26035
v 0.2794 0 -0.26035
v 0.1397 0.241967 -0.26035
v 0 0.2794 -0.26035
v -0.1397 0.241967 -0.26035
v -0.2794 0 -0.26035
v -0.241967 0.1397 -0.26035
v -0.241967 -0.1397 -0.26035
v 0 -0.2794 -0.26035
v -0.1397 -0.241967 -0.26035
v 0.241967 -0.1397 -0.26035
v 0.1397 -0.241967 -0.26035
v -0.127 -0.21997 -0.26035
v 0 -0.254 -0.26035
v -0.21997 -0.127 -0.26035
v 0.21997 -0.127 -0.26035
v 0.127 -0.21997 -0.26035
v 0.21997 0.127 -0.26035
v 0.254 0 -0.26035
v 0 0.254 -0.26035
v 0.127 0.21997 -0.26035
v -0.127 0.21997 -0.26035
v -0.254 0 -0.26035
v -0.21997 0.127 -0.26035
v -0.1143 -0.197973 -0.28575
v -0.197973 -0.1143 -0.28575
v -0.2286 0 -0.28575
v -0.197973 0.1143 -0.28575
v -0.1143 0.197973 -0.28575
v 0.1143 0.197973 -0.28575
v 0.197973 0.1143 -0.28575
v 0.2286 0 -0.28575
v 0.197973 -0.1143 -0.28575
v 0.1143 -0.197973 -0.28575
v 0 -0.2286 -0.28575
v 0 0.2286 -0.28575
v -0.1143 -0.197973 -0.37465
v -0.2286 0 -0.37465
v -0.197973 0.1143 -0.37465
v -0.1143 0.197973 -0.37465
v 0 0.2286 -0.37465
v 0.1143 0.197973 -0.37465
v 0.197973 0.1143 -0.37465
v 0.2286 0 -0.37465
v 0.197973 -0.1143 -0.37465
v 0.1143 -0.197973 -0.37465
v 0 -0.2286 -0.37465
v -0.197973 -0.1143 -0.37465
v 0 0 -0.37465
v 0.21997 0.127 -0.624213
v 0.406479 0.071673 -0.66675
v 0.254 0 -0.624213
v 0.127 0.21997 -0.624213
v 0.265311 0.316185 -0.66675
v 0.141169 0.387858 -0.66675
v 0.328441 0.36477 -0.656995
v 0.357452 0.206375 -0.66675
v -0.127 0.21997 -0.624213
v -0.141169 0.387858 -0.66675
v 0 0.254 -0.624213
v -0.265311 0.316185 -0.66675
v -0.245423 0.425086 -0.656995
v -0.051307 0.488158 -0.656995
v 0 0.41275 -0.66675
v -0.254 0 -0.624213
v -0.406479 0.071673 -0.66675
v -0.21997 0.127 -0.624213
v -0.406479 -0.071673 -0.66675
v -0.480121 0.102053 -0.656995
v -0.357452 0.206375 -0.66675
v -0.127 -0.21997 -0.624213
v -0.265311 -0.316185 -0.66675
v -0.21997 -0.127 -0.624213
v -0.141169 -0.387858 -0.66675
v -0.245423 -0.425086 -0.656995
v -0.397103 -0.288513 -0.656995
v -0.357452 -0.206375 -0.66675
v 0.127 -0.21997 -0.624213
v 0.141169 -0.387858 -0.66675
v 0 -0.254 -0.624213
v 0.265311 -0.316185 -0.66675
v 0.15168 -0.466823 -0.656995
v 0 -0.41275 -0.66675
v 0.406479 -0.071673 -0.66675
v 0.21997 -0.127 -0.624213
v 0.448411 -0.199645 -0.656995
v 0.490847 0 -0.656995
v 0.357452 -0.206375 -0.66675
v 0.328441 -0.36477 -0.656995
v -0.051307 -0.488158 -0.656995
v -0.480121 -0.102053 -0.656995
v -0.397103 0.288513 -0.656995
v 0.15168 0.466823 -0.656995
v 0.448411 0.199645 -0.656995
v 0.21997 0.127 -0.302887
v 0.254 0 -0.302887
v 0 0.254 -0.302887
v 0.127 0.21997 -0.302887
v -0.21997 0.127 -0.302887
v -0.127 0.21997 -0.302887
v -0.21997 -0.127 -0.302887
v -0.254 0 -0.302887
v 0 -0.254 -0.302887
v -0.127 -0.21997 -0.302887
v 0.21997 -0.127 -0.302887
v 0.127 -0.21997 -0.302887
v 0.448411 0.199645 -0.270105
v 0.406479 0.071673 -0.26035
v 0.490847 0 -0.270105
v 0.357452 0.206375 -0.26035
v 0.406479 -0.071673 -0.26035
v 0.15168 0.466823 -0.270105
v 0.141169 0.387858 -0.26035
v 0.328441 0.36477 -0.270105
v 0 0.41275 -0.26035
v 0.265311 0.316185 -0.26035
v -0.245423 0.425086 -0.270105
v -0.141169 0.387858 -0.26035
v -0.051307 0.488158 -0.270105
v -0.265311 0.316185 -0.26035
v -0.480121 0.102053 -0.270105
v -0.357452 0.206375 -0.26035
v -0.397103 0.288513 -0.270105
v -0.480121 -0.102053 -0.270105
v -0.406479 -0.071673 -0.26035
v -0.357452 -0.206375 -0.26035
v -0.406479 0.071673 -0.26035
v -0.245423 -0.425086 -0.270105
v -0.265311 -0.316185 -0.26035
v -0.397103 -0.288513 -0.270105
v -0.141169 -0.387858 -0.26035
v 0.15168 -0.466823 -0.270105
v 0 -0.41275 -0.26035
v -0.051307 -0.488158 -0.270105
v 0.328441 -0.36477 -0.270105
v 0.265311 -0.316185 -0.26035
v 0.357452 -0.206375 -0.26035
v 0.141169 -0.387858 -0.26035
v 0.448411 -0.199645 -0.270105
v 0.476035 0.211944 -0.291876
v 0.500992 0.052656 -0.27535
v 0.521085 0 -0.291876
v 0.436261 0.251876 -0.27535
v 0.479096 -0.155668 -0.27535
v 0.161024 0.495581 -0.291876
v 0.296098 0.407543 -0.27535
v 0.348674 0.387242 -0.291876
v 0.104736 0.492743 -0.27535
v -0.260542 0.451273 -0.291876
v -0.104736 0.492743 -0.27535
v -0.054468 0.51823 -0.291876
v -0.296098 0.407543 -0.27535
v -0.509698 0.10834 -0.291876
v -0.436261 0.251876 -0.27535
v -0.421567 0.306286 -0.291876
v -0.500992 0.052656 -0.27535
v -0.421567 -0.306286 -0.291876
v -0.479096 -0.155668 -0.27535
v -0.509698 -0.10834 -0.291876
v -0.37436 -0.337075 -0.27535
v -0.054468 -0.51823 -0.291876
v -0.204894 -0.4602 -0.27535
v -0.260542 -0.451273 -0.291876
v 0 -0.503751 -0.27535
v 0.348674 -0.387242 -0.291876
v 0.204894 -0.4602 -0.27535
v 0.161024 -0.495581 -0.291876
v 0.37436 -0.337075 -0.27535
v 0.476035 -0.211944 -0.291876
v 0.476035 0.211944 -0.635224
v 0.492142 0.203852 -0.615661
v 0.521085 0 -0.635224
v 0.376669 0.376669 -0.615661
v 0.404112 0.404112 -0.46355
v 0.527997 0.218704 -0.46355
v 0.532691 0 -0.615661
v 0.161024 0.495581 -0.635224
v 0.203852 0.492142 -0.615661
v 0.348674 0.387242 -0.635224
v -0.054468 0.51823 -0.635224
v 0 0.532691 -0.615661
v -0.260542 0.451273 -0.635224
v -0.203852 0.492142 -0.615661
v -0.421567 0.306286 -0.635224
v -0.376669 0.376669 -0.615661
v -0.509698 0.10834 -0.635224
v -0.492142 0.203852 -0.615661
v -0.509698 -0.10834 -0.635224
v -0.532691 0 -0.615661
v -0.421567 -0.306286 -0.635224
v -0.492142 -0.203852 -0.615661
v -0.260542 -0.451273 -0.635224
v -0.376669 -0.376669 -0.615661
v -0.054468 -0.51823 -0.635224
v -0.203852 -0.492142 -0.615661
v 0.161024 -0.495581 -0.635224
v 0 -0.532691 -0.615661
v 0.203852 -0.492142 -0.615661
v 0.218704 -0.527997 -0.46355
v 0 -0.5715 -0.46355
v 0.476035 -0.211944 -0.635224
v 0.376669 -0.376669 -0.615661
v 0.348674 -0.387242 -0.635224
v 0.492142 -0.203852 -0.615661
v 0.527997 -0.218704 -0.46355
v 0.404112 -0.404112 -0.46355
v 0.492142 -0.203852 -0.311439
v 0.376669 -0.376669 -0.311439
v 0.532691 0 -0.311439
v 0.203852 -0.492142 -0.311439
v 0 -0.532691 -0.311439
v -0.203852 -0.492142 -0.311439
v -0.376669 -0.376669 -0.311439
v -0.492142 -0.203852 -0.311439
v -0.532691 0 -0.311439
v -0.492142 0.203852 -0.311439
v -0.376669 0.376669 -0.311439
v -0.203852 0.492142 -0.311439
v 0 0.532691 -0.311439
v 0.203852 0.492142 -0.311439
v 0.218704 0.527997 -0.46355
v 0 0.5715 -0.46355
v 0.376669 0.376669 -0.311439
v 0.492142 0.203852 -0.311439
v -0.218704 -0.527997 -0.46355
v 0.5715 0 -0.46355
v -0.218704 0.527997 -0.46355
v -0.404112 0.404112 -0.46355
v -0.527997 0.218704 -0.46355
v -0.5715 0 -0.46355
v -0.527997 -0.218704 -0.46355
v -0.404112 -0.404112 -0.46355
v 0.500992 0.052656 -0.65175
v 0.436261 0.251876 -0.65175
v 0.479096 -0.155668 -0.65175
v 0.296098 0.407543 -0.65175
v 0.104736 0.492743 -0.65175
v -0.104736 0.492743 -0.65175
v -0.296098 0.407543 -0.65175
v -0.436261 0.251876 -0.65175
v -0.500992 0.052656 -0.65175
v -0.479096 -0.155668 -0.65175
v -0.37436 -0.337075 -0.65175
v -0.204894 -0.4602 -0.65175
v 0 -0.503751 -0.65175
v 0.204894 -0.4602 -0.65175
v 0.37436 -0.337075 -0.65175
v 0.21997 0.127 0.624213
v 0.406479 0.071673 0.66675
v 0.254 0 0.624213
v 0.127 0.21997 0.624213
v 0.265311 0.316185 0.66675
v 0.141169 0.387858 0.66675
v 0.328441 0.36477 0.656995
v 0.357452 0.206375 0.66675
v -0.127 0.21997 0.624213
v -0.141169 0.387858 0.66675
v 0 0.254 0.624213
v -0.265311 0.316185 0.66675
v -0.245423 0.425086 0.656995
v -0.051307 0.488158 0.656995
v 0 0.41275 0.66675
v -0.254 0 0.624213
v -0.406479 0.071673 0.66675
v -0.21997 0.127 0.624213
v -0.406479 -0.071673 0.66675
v -0.480121 0.102053 0.656995
v -0.357452 0.206375 0.66675
v -0.127 -0.21997 0.624213
v -0.265311 -0.316185 0.66675
v -0.21997 -0.127 0.624213
v -0.141169 -0.387858 0.66675
v -0.245423 -0.425086 0.656995
v -0.397103 -0.288513 0.656995
v -0.357452 -0.206375 0.66675
v 0.127 -0.21997 0.624213
v 0.141169 -0.387858 0.66675
v 0 -0.254 0.624213
v 0.265311 -0.316185 0.66675
v 0.15168 -0.466823 0.656995
v 0 -0.41275 0.66675
v 0.406479 -0.071673 0.66675
v 0.21997 -0.127 0.624213
v 0.448411 -0.199645 0.656995
v 0.490847 0 0.656995
v 0.357452 -0.206375 0.66675
v 0.328441 -0.36477 0.656995
v -0.051307 -0.488158 0.656995
v -0.480121 -0.102053 0.656995
v -0.397103 0.288513 0.656995
v 0.15168 0.466823 0.656995
v 0.448411 0.199645 0.656995
v 0.21997 0.127 0.302887
v 0.254 0 0.302887
v 0 0.254 0.302887
v 0.127 0.21997 0.302887
v -0.21997 0.127 0.302887
v -0.127 0.21997 0.302887
v -0.21997 -0.127 0.302887
v -0.254 0 0.302887
v 0 -0.254 0.302887
v -0.127 -0.21997 0.302887
v 0.21997 -0.127 0.302887
v 0.127 -0.21997 0.302887
v 0.448411 0.199645 0.270105
v 0.406479 0.071673 0.26035
v 0.490847 0 0.270105
v 0.357452 0.206375 0.26035
v 0.406479 -0.071673 0.26035
v 0.15168 0.466823 0.270105
v 0.141169 0.387858 0.26035
v 0.328441 0.36477 0.270105
v 0 0.41275 0.26035
v 0.265311 0.316185 0.26035
v -0.245423 0.425086 0.270105
v -0.141169 0.387858 0.26035
v -0.051307 0.488158 0.270105
v -0.265311 0.316185 0.26035
v -0.480121 0.102053 0.270105
v -0.357452 0.206375 0.26035
v -0.397103 0.288513 0.270105
v -0.480121 -0.102053 0.270105
v -0.406479 -0.071673 0.26035
v -0.357452 -0.206375 0.26035
v -0.406479 0.071673 0.26035
v -0.245423 -0.425086 0.270105
v -0.265311 -0.316185 0.26035
v -0.397103 -0.288513 0.270105
v -0.141169 -0.387858 0.26035
v 0.15168 -0.466823 0.270105
v 0 -0.41275 0.26035
v -0.051307 -0.488158 0.270105
v 0.328441 -0.36477 0.270105
v 0.265311 -0.316185 0.26035
v 0.357452 -0.206375 0.26035
v 0.141169 -0.387858 0.26035
v 0.448411 -0.199645 0.270105
v 0.476035 0.211944 0.291876
v 0.500992 0.052656 0.27535
v 0.521085 0 0.291876
v 0.436261 0.251876 0.27535
v 0.479096 -0.155668 0.27535
v 0.161024 0.495581 0.291876
v 0.296098 0.407543 0.27535
v 0.348674 0.387242 0.291876
v 0.104736 0.492743 0.27535
v -0.260542 0.451273 0.291876
v -0.104736 0.492743 0.27535
v -0.054468 0.51823 0.291876
v -0.296098 0.407543 0.27535
v -0.509698 0.10834 0.291876
v -0.436261 0.251876 0.27535
v -0.421567 0.306286 0.291876
v -0.500992 0.052656 0.27535
v -0.421567 -0.306286 0.291876
v -0.479096 -0.155668 0.27535
v -0.509698 -0.10834 0.291876
v -0.37436 -0.337075 0.27535
v -0.054468 -0.51823 0.291876
v -0.204894 -0.4602 0.27535
v -0.260542 -0.451273 0.291876
v 0 -0.503751 0.27535
v 0.348674 -0.387242 0.291876
v 0.204894 -0.4602 0.27535
v 0.161024 -0.495581 0.291876
v 0.37436 -0.337075 0.27535
v 0.476035 -0.211944 0.291876
v 0.476035 0.211944 0.635224
v 0.492142 0.203852 0.615661
v 0.521085 0 0.635224
v 0.376669 0.376669 0.615661
v 0.404112 0.404112 0.46355
v 0.527997 0.218704 0.46355
v 0.532691 0 0.615661
v 0.161024 0.495581 0.635224
v 0.203852 0.492142 0.615661
v 0.348674 0.387242 0.635224
v -0.054468 0.51823 0.635224
v 0 0.532691 0.615661
v -0.260542 0.451273 0.635224
v -0.203852 0.492142 0.615661
v -0.421567 0.306286 0.635224
v -0.376669 0.376669 0.615661
v -0.509698 0.10834 0.635224
v -0.492142 0.203852 0.615661
v -0.509698 -0.10834 0.635224
v -0.532691 0 0.615661
v -0.421567 -0.306286 0.635224
v -0.492142 -0.203852 0.615661
v -0.260542 -0.451273 0.635224
v -0.376669 -0.376669 0.615661
v -0.054468 -0.51823 0.635224
v -0.203852 -0.492142 0.615661
v 0.161024 -0.495581 0.635224
v 0 -0.532691 0.615661
v 0.203852 -0.492142 0.615661
v 0.218704 -0.527997 0.46355
v 0 -0.5715 0.46355
v 0.476035 -0.211944 0.635224
v 0.376669 -0.376669 0.615661
v 0.348674 -0.387242 0.635224
v 0.492142 -0.203852 0.615661
v 0.527997 -0.218704 0.46355
v 0.404112 -0.404112 0.46355
v 0.492142 -0.203852 0.311439
v 0.376669 -0.376669 0.311439
v 0.532691 0 0.311439
v 0.203852 -0.492142 0.311439
v 0 -0.532691 0.311439
v -0.203852 -0.492142 0.311439
v -0.376669 -0.376669 0.311439
v -0.492142 -0.203852 0.311439
v -0.532691 0 0.311439
v -0.492142 0.203852 0.311439
v -0.376669 0.376669 0.311439
v -0.203852 0.492142 0.311439
v 0 0.532691 0.311439
v 0.203852 0.492142 0.311439
v 0.218704 0.527997 0.46355
v 0 0.5715 0.46355
v 0.376669 0.376669 0.311439
v 0.492142 0.203852 0.311439
v -0.218704 -0.527997 0.46355
v 0.5715 0 0.46355
v -0.218704 0.527997 0.46355
v -0.404112 0.404112 0.46355
v -0.527997 0.218704 0.46355
v -0.5715 0 0.46355
v -0.527997 -0.218704 0.46355
v -0.404112 -0.404112 0.46355
v 0.500992 0.052656 0.65175
v 0.436261 0.251876 0.65175
v 0.479096 -0.155668 0.65175
v 0.296098 0.407543 0.65175
v 0.104736 0.492743 0.65175
v -0.104736 0.492743 0.65175
v -0.296098 0.407543 0.65175
v -0.436261 0.251876 0.65175
v -0.500992 0.052656 0.65175
v -0.479096 -0.155668 0.65175
v -0.37436 -0.337075 0.65175
v -0.204894 -0.4602 0.65175
v 0 -0.503751 0.65175
v 0.204894 -0.4602 0.65175
v 0.37436 -0.337075 0.65175
vt 0.282716 0.537778
vt 0.25 0.424444
vt 0.287778 0.5
vt 0.282716 0.537778
vt 0.268889 0.565433
vt 0.25 0.424444
vt 0.268889 0.565433
vt 0.25 0.575556
vt 0.25 0.424444
vt 0.25 0.424444
vt 0.25 0.575556
vt 0.231111 0.434567
vt 0.217284 0.537778
vt 0.217284 0.462222
vt 0.231111 0.565433
vt 0.217284 0.537778
vt 0.212222 0.5
vt 0.217284 0.462222
vt 0.217284 0.462222
vt 0.231111 0.434567
vt 0.231111 0.565433
vt 0.231111 0.565433
vt 0.231111 0.434567
vt 0.25 0.575556
vt 0.25 0.424444
vt 0.268889 0.434567
vt 0.287778 0.5
vt 0.268889 0.434567
vt 0.282716 0.462222
vt 0.287778 0.5
vt 0.299075 0.556667
vt 0.282716 0.537778
vt 0.306667 0.5
vt 0.282716 0.537778
vt 0.299075 0.556667
vt 0.268889 0.565433
vt 0.25 0.613333
vt 0.25 0.575556
vt 0.278333 0.598149
vt 0.25 0.575556
vt 0.25 0.613333
vt 0.231111 0.565433
vt 0.200925 0.556667
vt 0.217284 0.537778
vt 0.221667 0.598149
vt 0.217284 0.537778
vt 0.200925 0.556667
vt 0.212222 0.5
vt 0.200925 0.443333
vt 0.217284 0.462222
vt 0.193333 0.5
vt 0.217284 0.462222
vt 0.200925 0.443333
vt 0.231111 0.434567
vt 0.25 0.386667
vt 0.25 0.424444
vt 0.221667 0.401851
vt 0.25 0.424444
vt 0.25 0.386667
vt 0.268889 0.434567
vt 0.25 0.386667
vt 0.278333 0.401851
vt 0.268889 0.434567
vt 0.306667 0.5
vt 0.287778 0.5
vt 0.299075 0.443333
vt 0.287778 0.5
vt 0.282716 0.462222
vt 0.299075 0.443333
vt 0.282716 0.462222
vt 0.268889 0.434567
vt 0.299075 0.443333
vt 0.25 0.424444
vt 0.231111 0.434567
vt 0.221667 0.401851
vt 0.221667 0.401851
vt 0.231111 0.434567
vt 0.200925 0.443333
vt 0.217284 0.462222
vt 0.212222 0.5
vt 0.193333 0.5
vt 0.193333 0.5
vt 0.212222 0.5
vt 0.200925 0.556667
vt 0.217284 0.537778
vt 0.231111 0.565433
vt 0.221667 0.598149
vt 0.221667 0.598149
vt 0.231111 0.565433
vt 0.25 0.613333
vt 0.25 0.575556
vt 0.268889 0.565433
vt 0.278333 0.598149
vt 0.278333 0.598149
vt 0.268889 0.565433
vt 0.299075 0.556667
vt 0.282716 0.537778
vt 0.287778 0.5
vt 0.306667 0.5
vt 0.268889 0.434567
vt 0.278333 0.401851
vt 0.299075 0.443333
vt 0.323612 0.585
vt 0.299075 0.556667
vt 0.335 0.5
vt 0.323612 0.585
vt 0.2925 0.647224
vt 0.299075 0.556667
vt 0.299075 0.556667
vt 0.2925 0.647224
vt 0.278333 0.598149
vt 0.2075 0.647224
vt 0.221667 0.598149
vt 0.25 0.67
vt 0.221667 0.598149
vt 0.2075 0.647224
vt 0.200925 0.556667
vt 0.2075 0.647224
vt 0.176388 0.585
vt 0.200925 0.556667
vt 0.176388 0.415
vt 0.193333 0.5
vt 0.165 0.5
vt 0.193333 0.5
vt 0.176388 0.415
vt 0.200925 0.443333
vt 0.25 0.33
vt 0.221667 0.401851
vt 0.2075 0.352776
vt 0.221667 0.401851
vt 0.25 0.33
vt 0.25 0.386667
vt 0.323612 0.415
vt 0.299075 0.443333
vt 0.2925 0.352776
vt 0.299075 0.443333
vt 0.323612 0.415
vt 0.306667 0.5
vt 0.299075 0.443333
vt 0.278333 0.401851
vt 0.2925 0.352776
vt 0.278333 0.401851
vt 0.25 0.386667
vt 0.2925 0.352776
vt 0.2925 0.352776
vt 0.25 0.386667
vt 0.25 0.33
vt 0.221667 0.401851
vt 0.200925 0.443333
vt 0.2075 0.352776
vt 0.2075 0.352776
vt 0.200925 0.443333
vt 0.176388 0.415
vt 0.193333 0.5
vt 0.200925 0.556667
vt 0.165 0.5
vt 0.221667 0.598149
vt 0.25 0.613333
vt 0.25 0.67
vt 0.25 0.613333
vt 0.278333 0.598149
vt 0.25 0.67
vt 0.25 0.67
vt 0.278333 0.598149
vt 0.2925 0.647224
vt 0.299075 0.556667
vt 0.306667 0.5
vt 0.335 0.5
vt 0.335 0.5
vt 0.306667 0.5
vt 0.323612 0.415
vt 0.165 0.5
vt 0.200925 0.556667
vt 0.176388 0.585
vt 0.323612 0.585
vt 0.323612 0.585
vt 0.335 0.5
vt 0.323612 0.585
vt 0.323612 0.585
vt 0.2925 0.647224
vt 0.25 0.67
vt 0.25 0.67
vt 0.2925 0.647224
vt 0.25 0.67
vt 0.25 0.67
vt 0.2075 0.647224
vt 0.176388 0.585
vt 0.176388 0.585
vt 0.2075 0.647224
vt 0.176388 0.585
vt 0.176388 0.585
vt 0.165 0.5
vt 0.176388 0.585
vt 0.165 0.5
vt 0.165 0.5
vt 0.2075 0.352776
vt 0.176388 0.415
vt 0.176388 0.415
vt 0.25 0.33
vt 0.25 0.33
vt 0.2075 0.352776
vt 0.25 0.33
vt 0.2925 0.352776
vt 0.25 0.33
vt 0.323612 0.415
vt 0.323612 0.415
vt 0.2925 0.352776
vt 0.323612 0.415
vt 0.323612 0.415
vt 0.335 0.5
vt 0.323612 0.415
vt 0.2925 0.352776
vt 0.2925 0.352776
vt 0.2925 0.352776
vt 0.25 0.33
vt 0.2925 0.352776
vt 0.25 0.33
vt 0.2075 0.352776
vt 0.2075 0.352776
vt 0.2075 0.352776
vt 0.176388 0.415
vt 0.2075 0.352776
vt 0.176388 0.415
vt 0.165 0.5
vt 0.176388 0.415
vt 0.176388 0.585
vt 0.2075 0.647224
vt 0.2075 0.647224
vt 0.2075 0.647224
vt 0.2075 0.647224
vt 0.25 0.67
vt 0.25 0.67
vt 0.2925 0.647224
vt 0.2925 0.647224
vt 0.2925 0.647224
vt 0.2925 0.647224
vt 0.323612 0.585
vt 0.323612 0.585
vt 0.335 0.5
vt 0.335 0.5
vt 0.165 0.5
vt 0.165 0.5
vt 0.176388 0.415
vt 0.335 0.5
vt 0.335 0.5
vt 0.323612 0.415
vt 0.331791 0.594444
vt 0.323612 0.585
vt 0.344444 0.5
vt 0.323612 0.585
vt 0.331791 0.594444
vt 0.2925 0.647224
vt 0.25 0.688889
vt 0.25 0.67
vt 0.297222 0.663582
vt 0.25 0.67
vt 0.25 0.688889
vt 0.2075 0.647224
vt 0.168209 0.594444
vt 0.176388 0.585
vt 0.202778 0.663582
vt 0.176388 0.585
vt 0.168209 0.594444
vt 0.165 0.5
vt 0.168209 0.405556
vt 0.176388 0.415
vt 0.155556 0.5
vt 0.176388 0.415
vt 0.168209 0.405556
vt 0.2075 0.352776
vt 0.25 0.311111
vt 0.25 0.33
vt 0.202778 0.336418
vt 0.25 0.33
vt 0.25 0.311111
vt 0.2925 0.352776
vt 0.331791 0.405555
vt 0.323612 0.415
vt 0.297222 0.336418
vt 0.323612 0.415
vt 0.331791 0.405555
vt 0.335 0.5
vt 0.323612 0.415
vt 0.2925 0.352776
vt 0.297222 0.336418
vt 0.297222 0.336418
vt 0.2925 0.352776
vt 0.25 0.311111
vt 0.25 0.33
vt 0.2075 0.352776
vt 0.202778 0.336418
vt 0.202778 0.336418
vt 0.2075 0.352776
vt 0.168209 0.405556
vt 0.176388 0.415
vt 0.165 0.5
vt 0.155556 0.5
vt 0.155556 0.5
vt 0.165 0.5
vt 0.168209 0.594444
vt 0.176388 0.585
vt 0.2075 0.647224
vt 0.202778 0.663582
vt 0.202778 0.663582
vt 0.2075 0.647224
vt 0.25 0.688889
vt 0.25 0.67
vt 0.2925 0.647224
vt 0.297222 0.663582
vt 0.297222 0.663582
vt 0.2925 0.647224
vt 0.331791 0.594444
vt 0.323612 0.585
vt 0.335 0.5
vt 0.344444 0.5
vt 0.344444 0.5
vt 0.335 0.5
vt 0.331791 0.405555
vt 0.33997 0.603889
vt 0.331791 0.594444
vt 0.353889 0.5
vt 0.331791 0.594444
vt 0.33997 0.603889
vt 0.297222 0.663582
vt 0.33997 0.603889
vt 0.301944 0.67994
vt 0.297222 0.663582
vt 0.198056 0.67994
vt 0.25 0.688889
vt 0.25 0.707778
vt 0.16003 0.603889
vt 0.168209 0.594444
vt 0.198056 0.67994
vt 0.16003 0.603889
vt 0.146111 0.5
vt 0.168209 0.594444
vt 0.16003 0.396111
vt 0.168209 0.405556
vt 0.146111 0.5
vt 0.16003 0.396111
vt 0.198056 0.32006
vt 0.168209 0.405556
vt 0.168209 0.405556
vt 0.198056 0.32006
vt 0.202778 0.336418
vt 0.301944 0.320059
vt 0.25 0.311111
vt 0.25 0.292222
vt 0.25 0.311111
vt 0.301944 0.320059
vt 0.297222 0.336418
vt 0.353889 0.5
vt 0.344444 0.5
vt 0.33997 0.396111
vt 0.344444 0.5
vt 0.331791 0.405555
vt 0.33997 0.396111
vt 0.331791 0.405555
vt 0.297222 0.336418
vt 0.33997 0.396111
vt 0.33997 0.396111
vt 0.297222 0.336418
vt 0.301944 0.320059
vt 0.25 0.311111
vt 0.202778 0.336418
vt 0.25 0.292222
vt 0.25 0.292222
vt 0.202778 0.336418
vt 0.198056 0.32006
vt 0.168209 0.405556
vt 0.155556 0.5
vt 0.146111 0.5
vt 0.155556 0.5
vt 0.168209 0.594444
vt 0.146111 0.5
vt 0.168209 0.594444
vt 0.202778 0.663582
vt 0.198056 0.67994
vt 0.202778 0.663582
vt 0.25 0.688889
vt 0.198056 0.67994
vt 0.25 0.688889
vt 0.297222 0.663582
vt 0.25 0.707778
vt 0.331791 0.594444
vt 0.344444 0.5
vt 0.353889 0.5
vt 0.25 0.707778
vt 0.297222 0.663582
vt 0.301944 0.67994
vt 0.33997 0.603889
vt 0.33997 0.603889
vt 0.353889 0.5
vt 0.33997 0.603889
vt 0.301944 0.67994
vt 0.33997 0.603889
vt 0.25 0.707778
vt 0.25 0.707778
vt 0.301944 0.67994
vt 0.25 0.707778
vt 0.198056 0.67994
vt 0.25 0.707778
vt 0.25 0.707778
vt 0.198056 0.67994
vt 0.198056 0.67994
vt 0.146111 0.5
vt 0.146111 0.5
vt 0.16003 0.603889
vt 0.146111 0.5
vt 0.16003 0.396111
vt 0.146111 0.5
vt 0.146111 0.5
vt 0.16003 0.396111
vt 0.16003 0.396111
vt 0.25 0.292222
vt 0.25 0.292222
vt 0.198056 0.32006
vt 0.25 0.292222
vt 0.25 0.292222
vt 0.301944 0.320059
vt 0.33997 0.396111
vt 0.33997 0.396111
vt 0.301944 0.32006
vt 0.33997 0.396111
vt 0.33997 0.396111
vt 0.353889 0.5
vt 0.33997 0.396111
vt 0.301944 0.320059
vt 0.301944 0.32006
vt 0.301944 0.32006
vt 0.301944 0.320059
vt 0.25 0.292222
vt 0.25 0.292222
vt 0.198056 0.32006
vt 0.198056 0.32006
vt 0.198056 0.32006
vt 0.16003 0.396111
vt 0.198056 0.32006
vt 0.198056 0.32006
vt 0.16003 0.396111
vt 0.16003 0.396111
vt 0.146111 0.5
vt 0.16003 0.603889
vt 0.16003 0.603889
vt 0.16003 0.603889
vt 0.198056 0.67994
vt 0.16003 0.603889
vt 0.16003 0.603889
vt 0.198056 0.67994
vt 0.198056 0.67994
vt 0.25 0.707778
vt 0.301944 0.67994
vt 0.301944 0.67994
vt 0.301944 0.67994
vt 0.33997 0.603889
vt 0.301944 0.67994
vt 0.33997 0.603889
vt 0.353889 0.5
vt 0.353889 0.5
vt 0.353889 0.5
vt 0.353889 0.5
vt 0.33997 0.396111
vt 0.202778 0.336418
vt 0.25 0.311111
vt 0.25 0.292222
vt 0.202778 0.336418
vt 0.25 0.292222
vt 0.198056 0.32006
vt 0.202778 0.336418
vt 0.198056 0.32006
vt 0.168209 0.405556
vt 0.331791 0.405556
vt 0.301944 0.32006
vt 0.297222 0.336418
vt 0.301944 0.32006
vt 0.331791 0.405556
vt 0.33997 0.396111
vt 0.331791 0.594444
vt 0.33997 0.603889
vt 0.344444 0.5
vt 0.33997 0.603889
vt 0.331791 0.594444
vt 0.301944 0.67994
vt 0.25 0.688889
vt 0.25 0.707778
vt 0.297222 0.663582
vt 0.25 0.688889
vt 0.202778 0.663582
vt 0.25 0.707778
vt 0.25 0.707778
vt 0.202778 0.663582
vt 0.198056 0.67994
vt 0.155556 0.5
vt 0.16003 0.603889
vt 0.168209 0.594444
vt 0.168209 0.405556
vt 0.16003 0.396111
vt 0.155556 0.5
vt 0.16003 0.396111
vt 0.168209 0.405556
vt 0.198056 0.32006
vt 0.33997 0.603889
vt 0.353889 0.5
vt 0.344444 0.5
vt 0.301944 0.32006
vt 0.25 0.292222
vt 0.297222 0.336418
vt 0.16003 0.396111
vt 0.146111 0.5
vt 0.155556 0.5
vt 0.146111 0.5
vt 0.16003 0.603889
vt 0.155556 0.5
vt 0.16003 0.603889
vt 0.198056 0.67994
vt 0.168209 0.594444
vt 0.168209 0.594444
vt 0.198056 0.67994
vt 0.202778 0.663582
vt 0.25 0.707778
vt 0.301944 0.67994
vt 0.297222 0.663582
vt 0.297222 0.663582
vt 0.301944 0.67994
vt 0.331791 0.594444
vt 0.353889 0.5
vt 0.33997 0.396111
vt 0.344444 0.5
vt 0.25 0.292222
vt 0.25 0.311111
vt 0.297222 0.336418
vt 0.344444 0.5
vt 0.33997 0.396111
vt 0.331791 0.405556
vt 0.202778 0.336418
vt 0.2075 0.352776
vt 0.25 0.311111
vt 0.2075 0.352776
vt 0.202778 0.336418
vt 0.176388 0.415
vt 0.155556 0.5
vt 0.165 0.5
vt 0.168209 0.405556
vt 0.165 0.5
vt 0.155556 0.5
vt 0.176388 0.585
vt 0.155556 0.5
vt 0.168209 0.594444
vt 0.176388 0.585
vt 0.25 0.688889
vt 0.2075 0.647224
vt 0.202778 0.663582
vt 0.297222 0.663582
vt 0.2925 0.647224
vt 0.25 0.688889
vt 0.2925 0.647224
vt 0.297222 0.663582
vt 0.323612 0.585
vt 0.344444 0.5
vt 0.335 0.5
vt 0.331791 0.594444
vt 0.335 0.5
vt 0.344444 0.5
vt 0.323612 0.415
vt 0.297222 0.336418
vt 0.2925 0.352776
vt 0.331791 0.405556
vt 0.297222 0.336418
vt 0.25 0.311111
vt 0.2925 0.352776
vt 0.2075 0.352776
vt 0.25 0.33
vt 0.25 0.311111
vt 0.2925 0.352776
vt 0.323612 0.415
vt 0.331791 0.405556
vt 0.331791 0.405556
vt 0.323612 0.415
vt 0.344444 0.5
vt 0.335 0.5
vt 0.323612 0.585
vt 0.331791 0.594444
vt 0.331791 0.594444
vt 0.323612 0.585
vt 0.297222 0.663582
vt 0.2925 0.647224
vt 0.25 0.67
vt 0.25 0.688889
vt 0.25 0.67
vt 0.2075 0.647224
vt 0.25 0.688889
vt 0.2075 0.647224
vt 0.176388 0.585
vt 0.202778 0.663582
vt 0.165 0.5
vt 0.176388 0.415
vt 0.168209 0.405556
vt 0.168209 0.405556
vt 0.176388 0.415
vt 0.202778 0.336418
vt 0.25 0.311111
vt 0.25 0.33
vt 0.2925 0.352776
vt 0.176388 0.585
vt 0.168209 0.594444
vt 0.202778 0.663582
vt 0.2075 0.352776
vt 0.2075 0.352776
vt 0.25 0.33
vt 0.2075 0.352776
vt 0.176388 0.415
vt 0.2075 0.352776
vt 0.165 0.5
vt 0.165 0.5
vt 0.176388 0.415
vt 0.165 0.5
vt 0.165 0.5
vt 0.176388 0.585
vt 0.2075 0.647224
vt 0.2075 0.647224
vt 0.176388 0.585
vt 0.2075 0.647224
vt 0.2075 0.647224
vt 0.25 0.67
vt 0.2925 0.647224
vt 0.2925 0.647224
vt 0.25 0.67
vt 0.2925 0.647224
vt 0.2925 0.647224
vt 0.323612 0.585
vt 0.335 0.5
vt 0.335 0.5
vt 0.323612 0.585
vt 0.335 0.5
vt 0.335 0.5
vt 0.323612 0.415
vt 0.2925 0.352776
vt 0.2925 0.352776
vt 0.323612 0.415
vt 0.2925 0.352776
vt 0.2925 0.352776
vt 0.25 0.33
vt 0.2925 0.352776
vt 0.323612 0.415
vt 0.323612 0.415
vt 0.323612 0.415
vt 0.323612 0.415
vt 0.335 0.5
vt 0.335 0.5
vt 0.323612 0.585
vt 0.323612 0.585
vt 0.323612 0.585
vt 0.323612 0.585
vt 0.2925 0.647224
vt 0.2925 0.647224
vt 0.25 0.67
vt 0.25 0.67
vt 0.25 0.67
vt 0.25 0.67
vt 0.2075 0.647224
vt 0.2075 0.647224
vt 0.176388 0.585
vt 0.176388 0.585
vt 0.176388 0.585
vt 0.176388 0.585
vt 0.165 0.5
vt 0.165 0.5
vt 0.176388 0.415
vt 0.176388 0.415
vt 0.176388 0.415
vt 0.2075 0.352776
vt 0.176388 0.415
vt 0.2075 0.352776
vt 0.25 0.33
vt 0.25 0.33
vt 0.25 0.33
vt 0.25 0.33
vt 0.2925 0.352776
vt 0.2075 0.352776
vt 0.25 0.5
vt 0.25 0.33
vt 0.165 0.5
vt 0.25 0.5
vt 0.176388 0.415
vt 0.2075 0.647224
vt 0.25 0.5
vt 0.176388 0.585
vt 0.2925 0.647224
vt 0.25 0.5
vt 0.25 0.67
vt 0.335 0.5
vt 0.25 0.5
vt 0.323612 0.585
vt 0.2925 0.352776
vt 0.25 0.5
vt 0.323612 0.415
vt 0.323612 0.585
vt 0.25 0.5
vt 0.2925 0.647224
vt 0.25 0.67
vt 0.25 0.5
vt 0.2075 0.647224
vt 0.176388 0.585
vt 0.25 0.5
vt 0.165 0.5
vt 0.176388 0.415
vt 0.25 0.5
vt 0.2075 0.352776
vt 0.25 0.33
vt 0.25 0.5
vt 0.2925 0.352776
vt 0.323612 0.415
vt 0.25 0.5
vt 0.335 0.5
vt 0.282716 0.537778
vt 0.287778 0.5
vt 0.25 0.424444
vt 0.282716 0.537778
vt 0.25 0.424444
vt 0.268889 0.565433
vt 0.268889 0.565433
vt 0.25 0.424444
vt 0.25 0.575556
vt 0.25 0.424444
vt 0.231111 0.434567
vt 0.25 0.575556
vt 0.217284 0.537778
vt 0.231111 0.565433
vt 0.217284 0.462222
vt 0.217284 0.537778
vt 0.217284 0.462222
vt 0.212222 0.5
vt 0.217284 0.462222
vt 0.231111 0.565433
vt 0.231111 0.434567
vt 0.231111 0.565433
vt 0.25 0.575556
vt 0.231111 0.434567
vt 0.25 0.424444
vt 0.287778 0.5
vt 0.268889 0.434567
vt 0.268889 0.434567
vt 0.287778 0.5
vt 0.282716 0.462222
vt 0.299075 0.556667
vt 0.306667 0.5
vt 0.282716 0.537778
vt 0.282716 0.537778
vt 0.268889 0.565433
vt 0.299075 0.556667
vt 0.25 0.613333
vt 0.278333 0.598149
vt 0.25 0.575556
vt 0.25 0.575556
vt 0.231111 0.565433
vt 0.25 0.613333
vt 0.200925 0.556667
vt 0.221667 0.598149
vt 0.217284 0.537778
vt 0.217284 0.537778
vt 0.212222 0.5
vt 0.200925 0.556667
vt 0.200925 0.443333
vt 0.193333 0.5
vt 0.217284 0.462222
vt 0.217284 0.462222
vt 0.231111 0.434567
vt 0.200925 0.443333
vt 0.25 0.386667
vt 0.221667 0.401851
vt 0.25 0.424444
vt 0.25 0.424444
vt 0.268889 0.434567
vt 0.25 0.386667
vt 0.25 0.386667
vt 0.268889 0.434567
vt 0.278333 0.401851
vt 0.306667 0.5
vt 0.299075 0.443333
vt 0.287778 0.5
vt 0.287778 0.5
vt 0.299075 0.443333
vt 0.282716 0.462222
vt 0.282716 0.462222
vt 0.299075 0.443333
vt 0.268889 0.434567
vt 0.25 0.424444
vt 0.221667 0.401851
vt 0.231111 0.434567
vt 0.221667 0.401851
vt 0.200925 0.443333
vt 0.231111 0.434567
vt 0.217284 0.462222
vt 0.193333 0.5
vt 0.212222 0.5
vt 0.193333 0.5
vt 0.200925 0.556667
vt 0.212222 0.5
vt 0.217284 0.537778
vt 0.221667 0.598149
vt 0.231111 0.565433
vt 0.221667 0.598149
vt 0.25 0.613333
vt 0.231111 0.565433
vt 0.25 0.575556
vt 0.278333 0.598149
vt 0.268889 0.565433
vt 0.278333 0.598149
vt 0.299075 0.556667
vt 0.268889 0.565433
vt 0.282716 0.537778
vt 0.306667 0.5
vt 0.287778 0.5
vt 0.268889 0.434567
vt 0.299075 0.443333
vt 0.278333 0.401851
vt 0.323612 0.585
vt 0.335 0.5
vt 0.299075 0.556667
vt 0.323612 0.585
vt 0.299075 0.556667
vt 0.2925 0.647224
vt 0.299075 0.556667
vt 0.278333 0.598149
vt 0.2925 0.647224
vt 0.2075 0.647224
vt 0.25 0.67
vt 0.221667 0.598149
vt 0.221667 0.598149
vt 0.200925 0.556667
vt 0.2075 0.647224
vt 0.2075 0.647224
vt 0.200925 0.556667
vt 0.176388 0.585
vt 0.176388 0.415
vt 0.165 0.5
vt 0.193333 0.5
vt 0.193333 0.5
vt 0.200925 0.443333
vt 0.176388 0.415
vt 0.25 0.33
vt 0.2075 0.352776
vt 0.221667 0.401851
vt 0.221667 0.401851
vt 0.25 0.386667
vt 0.25 0.33
vt 0.323612 0.415
vt 0.2925 0.352776
vt 0.299075 0.443333
vt 0.299075 0.443333
vt 0.306667 0.5
vt 0.323612 0.415
vt 0.299075 0.443333
vt 0.2925 0.352776
vt 0.278333 0.401851
vt 0.278333 0.401851
vt 0.2925 0.352776
vt 0.25 0.386667
vt 0.2925 0.352776
vt 0.25 0.33
vt 0.25 0.386667
vt 0.221667 0.401851
vt 0.2075 0.352776
vt 0.200925 0.443333
vt 0.2075 0.352776
vt 0.176388 0.415
vt 0.200925 0.443333
vt 0.193333 0.5
vt 0.165 0.5
vt 0.200925 0.556667
vt 0.221667 0.598149
vt 0.25 0.67
vt 0.25 0.613333
vt 0.25 0.613333
vt 0.25 0.67
vt 0.278333 0.598149
vt 0.25 0.67
vt 0.2925 0.647224
vt 0.278333 0.598149
vt 0.299075 0.556667
vt 0.335 0.5
vt 0.306667 0.5
vt 0.335 0.5
vt 0.323612 0.415
vt 0.306667 0.5
vt 0.165 0.5
vt 0.176388 0.585
vt 0.200925 0.556667
vt 0.323612 0.585
vt 0.335 0.5
vt 0.323612 0.585
vt 0.323612 0.585
vt 0.2925 0.647224
vt 0.323612 0.585
vt 0.25 0.67
vt 0.2925 0.647224
vt 0.25 0.67
vt 0.25 0.67
vt 0.2075 0.647224
vt 0.25 0.67
vt 0.176388 0.585
vt 0.2075 0.647224
vt 0.176388 0.585
vt 0.176388 0.585
vt 0.165 0.5
vt 0.176388 0.585
vt 0.176388 0.585
vt 0.165 0.5
vt 0.165 0.5
vt 0.2075 0.352776
vt 0.176388 0.415
vt 0.176388 0.415
vt 0.25 0.33
vt 0.2075 0.352776
vt 0.25 0.33
vt 0.25 0.33
vt 0.25 0.33
vt 0.2925 0.352776
vt 0.323612 0.415
vt 0.2925 0.352776
vt 0.323612 0.415
vt 0.323612 0.415
vt 0.335 0.5
vt 0.323612 0.415
vt 0.323612 0.415
vt 0.2925 0.352776
vt 0.2925 0.352776
vt 0.2925 0.352776
vt 0.2925 0.352776
vt 0.25 0.33
vt 0.25 0.33
vt 0.2075 0.352776
vt 0.2075 0.352776
vt 0.2075 0.352776
vt 0.2075 0.352776
vt 0.176388 0.415
vt 0.176388 0.415
vt 0.176388 0.415
vt 0.165 0.5
vt 0.176388 0.585
vt 0.2075 0.647224
vt 0.2075 0.647224
vt 0.2075 0.647224
vt 0.25 0.67
vt 0.2075 0.647224
vt 0.25 0.67
vt 0.2925 0.647224
vt 0.2925 0.647224
vt 0.2925 0.647224
vt 0.323612 0.585
vt 0.2925 0.647224
vt 0.323612 0.585
vt 0.335 0.5
vt 0.335 0.5
vt 0.165 0.5
vt 0.176388 0.415
vt 0.165 0.5
vt 0.335 0.5
vt 0.323612 0.415
vt 0.335 0.5
vt 0.331791 0.594445
vt 0.344444 0.5
vt 0.323612 0.585
vt 0.323612 0.585
vt 0.2925 0.647224
vt 0.331791 0.594445
vt 0.25 0.688889
vt 0.297222 0.663582
vt 0.25 0.67
vt 0.25 0.67
vt 0.2075 0.647224
vt 0.25 0.688889
vt 0.168209 0.594445
vt 0.202778 0.663582
vt 0.176388 0.585
vt 0.176388 0.585
vt 0.165 0.5
vt 0.168209 0.594445
vt 0.168209 0.405556
vt 0.155556 0.5
vt 0.176388 0.415
vt 0.176388 0.415
vt 0.2075 0.352776
vt 0.168209 0.405556
vt 0.25 0.311111
vt 0.202778 0.336418
vt 0.25 0.33
vt 0.25 0.33
vt 0.2925 0.352776
vt 0.25 0.311111
vt 0.331791 0.405556
vt 0.297222 0.336418
vt 0.323612 0.415
vt 0.323612 0.415
vt 0.335 0.5
vt 0.331791 0.405556
vt 0.323612 0.415
vt 0.297222 0.336418
vt 0.2925 0.352776
vt 0.297222 0.336418
vt 0.25 0.311111
vt 0.2925 0.352776
vt 0.25 0.33
vt 0.202778 0.336418
vt 0.2075 0.352776
vt 0.202778 0.336418
vt 0.168209 0.405556
vt 0.2075 0.352776
vt 0.176388 0.415
vt 0.155556 0.5
vt 0.165 0.5
vt 0.155556 0.5
vt 0.168209 0.594445
vt 0.165 0.5
vt 0.176388 0.585
vt 0.202778 0.663582
vt 0.2075 0.647224
vt 0.202778 0.663582
vt 0.25 0.688889
vt 0.2075 0.647224
vt 0.25 0.67
vt 0.297222 0.663582
vt 0.2925 0.647224
vt 0.297222 0.663582
vt 0.331791 0.594445
vt 0.2925 0.647224
vt 0.323612 0.585
vt 0.344444 0.5
vt 0.335 0.5
vt 0.344444 0.5
vt 0.331791 0.405556
vt 0.335 0.5
vt 0.33997 0.603889
vt 0.353889 0.5
vt 0.331791 0.594445
vt 0.331791 0.594445
vt 0.297222 0.663582
vt 0.33997 0.603889
vt 0.33997 0.603889
vt 0.297222 0.663582
vt 0.301944 0.67994
vt 0.198056 0.679941
vt 0.25 0.707778
vt 0.25 0.688889
vt 0.16003 0.603889
vt 0.198056 0.679941
vt 0.168209 0.594445
vt 0.16003 0.603889
vt 0.168209 0.594445
vt 0.146111 0.5
vt 0.16003 0.396111
vt 0.146111 0.5
vt 0.168209 0.405556
vt 0.16003 0.396111
vt 0.168209 0.405556
vt 0.198056 0.32006
vt 0.168209 0.405556
vt 0.202778 0.336418
vt 0.198056 0.32006
vt 0.301944 0.32006
vt 0.25 0.292222
vt 0.25 0.311111
vt 0.25 0.311111
vt 0.297222 0.336418
vt 0.301944 0.32006
vt 0.353889 0.5
vt 0.33997 0.396111
vt 0.344444 0.5
vt 0.344444 0.5
vt 0.33997 0.396111
vt 0.331791 0.405556
vt 0.331791 0.405556
vt 0.33997 0.396111
vt 0.297222 0.336418
vt 0.33997 0.396111
vt 0.301944 0.32006
vt 0.297222 0.336418
vt 0.25 0.311111
vt 0.25 0.292222
vt 0.202778 0.336418
vt 0.25 0.292222
vt 0.198056 0.32006
vt 0.202778 0.336418
vt 0.168209 0.405556
vt 0.146111 0.5
vt 0.155556 0.5
vt 0.155556 0.5
vt 0.146111 0.5
vt 0.168209 0.594445
vt 0.168209 0.594445
vt 0.198056 0.679941
vt 0.202778 0.663582
vt 0.202778 0.663582
vt 0.198056 0.679941
vt 0.25 0.688889
vt 0.25 0.688889
vt 0.25 0.707778
vt 0.297222 0.663582
vt 0.331791 0.594445
vt 0.353889 0.5
vt 0.344444 0.5
vt 0.25 0.707778
vt 0.301944 0.67994
vt 0.297222 0.663582
vt 0.33997 0.603889
vt 0.353889 0.5
vt 0.33997 0.603889
vt 0.33997 0.603889
vt 0.33997 0.603889
vt 0.301944 0.67994
vt 0.25 0.707778
vt 0.301944 0.67994
vt 0.25 0.707778
vt 0.25 0.707778
vt 0.25 0.707778
vt 0.198056 0.67994
vt 0.25 0.707778
vt 0.198056 0.679941
vt 0.198056 0.67994
vt 0.146111 0.5
vt 0.16003 0.603889
vt 0.146111 0.5
vt 0.146111 0.5
vt 0.146111 0.5
vt 0.16003 0.396111
vt 0.146111 0.5
vt 0.16003 0.396111
vt 0.16003 0.396111
vt 0.25 0.292222
vt 0.198056 0.32006
vt 0.25 0.292222
vt 0.25 0.292222
vt 0.301944 0.32006
vt 0.25 0.292222
vt 0.33997 0.396111
vt 0.301944 0.32006
vt 0.33997 0.396111
vt 0.33997 0.396111
vt 0.353889 0.5
vt 0.33997 0.396111
vt 0.33997 0.396111
vt 0.301944 0.32006
vt 0.301944 0.32006
vt 0.301944 0.32006
vt 0.25 0.292222
vt 0.301944 0.32006
vt 0.25 0.292222
vt 0.198056 0.32006
vt 0.198056 0.32006
vt 0.198056 0.32006
vt 0.198056 0.32006
vt 0.16003 0.396111
vt 0.198056 0.32006
vt 0.16003 0.396111
vt 0.16003 0.396111
vt 0.146111 0.5
vt 0.16003 0.603889
vt 0.16003 0.603889
vt 0.16003 0.603889
vt 0.16003 0.603889
vt 0.198056 0.679941
vt 0.16003 0.603889
vt 0.198056 0.67994
vt 0.198056 0.679941
vt 0.25 0.707778
vt 0.301944 0.67994
vt 0.301944 0.67994
vt 0.301944 0.67994
vt 0.301944 0.67994
vt 0.33997 0.603889
vt 0.33997 0.603889
vt 0.353889 0.5
vt 0.353889 0.5
vt 0.353889 0.5
vt 0.33997 0.396111
vt 0.353889 0.5
vt 0.202778 0.336418
vt 0.25 0.292222
vt 0.25 0.311111
vt 0.202778 0.336418
vt 0.198056 0.32006
vt 0.25 0.292222
vt 0.202778 0.336418
vt 0.168209 0.405556
vt 0.198056 0.32006
vt 0.331791 0.405556
vt 0.297222 0.336418
vt 0.301944 0.32006
vt 0.301944 0.32006
vt 0.33997 0.396111
vt 0.331791 0.405556
vt 0.331791 0.594445
vt 0.344444 0.5
vt 0.33997 0.603889
vt 0.33997 0.603889
vt 0.301944 0.67994
vt 0.331791 0.594445
vt 0.25 0.688889
vt 0.297222 0.663582
vt 0.25 0.707778
vt 0.25 0.688889
vt 0.25 0.707778
vt 0.202778 0.663582
vt 0.25 0.707778
vt 0.198056 0.67994
vt 0.202778 0.663582
vt 0.155556 0.5
vt 0.168209 0.594445
vt 0.16003 0.603889
vt 0.168209 0.405556
vt 0.155556 0.5
vt 0.16003 0.396111
vt 0.16003 0.396111
vt 0.198056 0.32006
vt 0.168209 0.405556
vt 0.33997 0.603889
vt 0.344444 0.5
vt 0.353889 0.5
vt 0.301944 0.32006
vt 0.297222 0.336418
vt 0.25 0.292222
vt 0.16003 0.396111
vt 0.155556 0.5
vt 0.146111 0.5
vt 0.146111 0.5
vt 0.155556 0.5
vt 0.16003 0.603889
vt 0.16003 0.603889
vt 0.168209 0.594445
vt 0.198056 0.67994
vt 0.168209 0.594445
vt 0.202778 0.663582
vt 0.198056 0.67994
vt 0.25 0.707778
vt 0.297222 0.663582
vt 0.301944 0.67994
vt 0.297222 0.663582
vt 0.331791 0.594445
vt 0.301944 0.67994
vt 0.353889 0.5
vt 0.344444 0.5
vt 0.33997 0.396111
vt 0.25 0.292222
vt 0.297222 0.336418
vt 0.25 0.311111
vt 0.344444 0.5
vt 0.331791 0.405556
vt 0.33997 0.396111
vt 0.202778 0.336418
vt 0.25 0.311111
vt 0.2075 0.352776
vt 0.2075 0.352776
vt 0.176388 0.415
vt 0.202778 0.336418
vt 0.155556 0.5
vt 0.168209 0.405556
vt 0.165 0.5
vt 0.165 0.5
vt 0.176388 0.585
vt 0.155556 0.5
vt 0.155556 0.5
vt 0.176388 0.585
vt 0.168209 0.594445
vt 0.25 0.688889
vt 0.202778 0.663582
vt 0.2075 0.647224
vt 0.297222 0.663582
vt 0.25 0.688889
vt 0.2925 0.647224
vt 0.2925 0.647224
vt 0.323612 0.585
vt 0.297222 0.663582
vt 0.344444 0.5
vt 0.331791 0.594445
vt 0.335 0.5
vt 0.335 0.5
vt 0.323612 0.415
vt 0.344444 0.5
vt 0.297222 0.336418
vt 0.331791 0.405556
vt 0.2925 0.352776
vt 0.297222 0.336418
vt 0.2925 0.352776
vt 0.25 0.311111
vt 0.2075 0.352776
vt 0.25 0.311111
vt 0.25 0.33
vt 0.2925 0.352776
vt 0.331791 0.405556
vt 0.323612 0.415
vt 0.331791 0.405556
vt 0.344444 0.5
vt 0.323612 0.415
vt 0.335 0.5
vt 0.331791 0.594445
vt 0.323612 0.585
vt 0.331791 0.594445
vt 0.297222 0.663582
vt 0.323612 0.585
vt 0.2925 0.647224
vt 0.25 0.688889
vt 0.25 0.67
vt 0.25 0.67
vt 0.25 0.688889
vt 0.2075 0.647224
vt 0.2075 0.647224
vt 0.202778 0.663582
vt 0.176388 0.585
vt 0.165 0.5
vt 0.168209 0.405556
vt 0.176388 0.415
vt 0.168209 0.405556
vt 0.202778 0.336418
vt 0.176388 0.415
vt 0.25 0.311111
vt 0.2925 0.352776
vt 0.25 0.33
vt 0.176388 0.585
vt 0.202778 0.663582
vt 0.168209 0.594445
vt 0.2075 0.352776
vt 0.25 0.33
vt 0.2075 0.352776
vt 0.2075 0.352776
vt 0.2075 0.352776
vt 0.176388 0.415
vt 0.165 0.5
vt 0.176388 0.415
vt 0.165 0.5
vt 0.165 0.5
vt 0.176388 0.585
vt 0.165 0.5
vt 0.2075 0.647224
vt 0.176388 0.585
vt 0.2075 0.647224
vt 0.2075 0.647224
vt 0.25 0.67
vt 0.2075 0.647224
vt 0.2925 0.647224
vt 0.25 0.67
vt 0.2925 0.647224
vt 0.2925 0.647224
vt 0.323612 0.585
vt 0.2925 0.647224
vt 0.335 0.5
vt 0.323612 0.585
vt 0.335 0.5
vt 0.335 0.5
vt 0.323612 0.415
vt 0.335 0.5
vt 0.2925 0.352776
vt 0.323612 0.415
vt 0.2925 0.352776
vt 0.2925 0.352776
vt 0.25 0.33
vt 0.2925 0.352776
vt 0.2925 0.352776
vt 0.323612 0.415
vt 0.323612 0.415
vt 0.323612 0.415
vt 0.335 0.5
vt 0.323612 0.415
vt 0.335 0.5
vt 0.323612 0.585
vt 0.323612 0.585
vt 0.323612 0.585
vt 0.2925 0.647224
vt 0.323612 0.585
vt 0.2925 0.647224
vt 0.25 0.67
vt 0.25 0.67
vt 0.25 0.67
vt 0.2075 0.647224
vt 0.25 0.67
vt 0.2075 0.647224
vt 0.176388 0.585
vt 0.176388 0.585
vt 0.176388 0.585
vt 0.165 0.5
vt 0.176388 0.585
vt 0.165 0.5
vt 0.176388 0.415
vt 0.176388 0.415
vt 0.176388 0.415
vt 0.176388 0.415
vt 0.2075 0.352776
vt 0.2075 0.352776
vt 0.25 0.33
vt 0.25 0.33
vt 0.25 0.33
vt 0.2925 0.352776
vt 0.25 0.33
vt 0.25 0.33
vt 0.25 0.5
vt 0.2075 0.352776
vt 0.176388 0.415
vt 0.25 0.5
vt 0.165 0.5
vt 0.176388 0.585
vt 0.25 0.5
vt 0.2075 0.647224
vt 0.25 0.67
vt 0.25 0.5
vt 0.2925 0.647224
vt 0.323612 0.585
vt 0.25 0.5
vt 0.335 0.5
vt 0.323612 0.415
vt 0.25 0.5
vt 0.2925 0.352776
vt 0.2925 0.647224
vt 0.25 0.5
vt 0.323612 0.585
vt 0.2075 0.647224
vt 0.25 0.5
vt 0.25 0.67
vt 0.165 0.5
vt 0.25 0.5
vt 0.176388 0.585
vt 0.2075 0.352776
vt 0.25 0.5
vt 0.176388 0.415
vt 0.2925 0.352776
vt 0.25 0.5
vt 0.25 0.33
vt 0.335 0.5
vt 0.25 0.5
vt 0.323612 0.415
vt 0.331791 0.594445
vt 0.401141 0.5533
vt 0.344444 0.5
vt 0.34865 0.735133
vt 0.331791 0.594445
vt 0.297222 0.663582
vt 0.34865 0.735133
vt 0.297222 0.663582
vt 0.302491 0.788433
vt 0.34865 0.735133
vt 0.302491 0.788433
vt 0.372124 0.771264
vt 0.34865 0.735133
vt 0.372124 0.771264
vt 0.382911 0.653472
vt 0.382911 0.653472
vt 0.331791 0.594445
vt 0.34865 0.735133
vt 0.202778 0.663582
vt 0.197509 0.788433
vt 0.25 0.688889
vt 0.197509 0.788433
vt 0.202778 0.663582
vt 0.15135 0.735133
vt 0.197509 0.788433
vt 0.15135 0.735133
vt 0.158745 0.816118
vt 0.197509 0.788433
vt 0.158745 0.816118
vt 0.230923 0.863022
vt 0.197509 0.788433
vt 0.230923 0.863022
vt 0.25 0.806944
vt 0.197509 0.788433
vt 0.25 0.806944
vt 0.25 0.688889
vt 0.155556 0.5
vt 0.0988595 0.5533
vt 0.168209 0.594445
vt 0.0988595 0.5533
vt 0.155556 0.5
vt 0.0988595 0.4467
vt 0.0988595 0.5533
vt 0.0988595 0.4467
vt 0.0714773 0.575893
vt 0.0988595 0.5533
vt 0.0714773 0.575893
vt 0.117089 0.653472
vt 0.0988595 0.5533
vt 0.117089 0.653472
vt 0.168209 0.594445
vt 0.202778 0.336418
vt 0.15135 0.264867
vt 0.168209 0.405556
vt 0.15135 0.264867
vt 0.202778 0.336418
vt 0.197509 0.211567
vt 0.15135 0.264867
vt 0.197509 0.211567
vt 0.158745 0.183882
vt 0.15135 0.264867
vt 0.158745 0.183882
vt 0.102346 0.285445
vt 0.15135 0.264867
vt 0.102346 0.285445
vt 0.117089 0.346528
vt 0.15135 0.264867
vt 0.117089 0.346528
vt 0.168209 0.405556
vt 0.297222 0.336418
vt 0.302491 0.211567
vt 0.25 0.311111
vt 0.302491 0.211567
vt 0.297222 0.336418
vt 0.34865 0.264867
vt 0.302491 0.211567
vt 0.34865 0.264867
vt 0.306399 0.152844
vt 0.302491 0.211567
vt 0.306399 0.152844
vt 0.25 0.193056
vt 0.302491 0.211567
vt 0.25 0.193056
vt 0.25 0.311111
vt 0.344444 0.5
vt 0.401141 0.4467
vt 0.331791 0.405556
vt 0.416732 0.351533
vt 0.401141 0.4467
vt 0.432511 0.5
vt 0.401141 0.4467
vt 0.416732 0.351533
vt 0.382911 0.346528
vt 0.401141 0.4467
vt 0.382911 0.346528
vt 0.331791 0.405556
vt 0.306399 0.152844
vt 0.34865 0.264867
vt 0.372124 0.228736
vt 0.306399 0.152844
vt 0.230923 0.136978
vt 0.25 0.193056
vt 0.25 0.193056
vt 0.230923 0.136978
vt 0.197509 0.211567
vt 0.25 0.193056
vt 0.197509 0.211567
vt 0.25 0.311111
vt 0.102346 0.285445
vt 0.0714773 0.424108
vt 0.117089 0.346528
vt 0.117089 0.346528
vt 0.0714773 0.424108
vt 0.0988595 0.4467
vt 0.117089 0.346528
vt 0.0988595 0.4467
vt 0.168209 0.405556
vt 0.0714773 0.575893
vt 0.102346 0.714555
vt 0.117089 0.653472
vt 0.117089 0.653472
vt 0.102346 0.714555
vt 0.15135 0.735133
vt 0.117089 0.653472
vt 0.15135 0.735133
vt 0.168209 0.594445
vt 0.230923 0.863022
vt 0.306399 0.847156
vt 0.25 0.806944
vt 0.25 0.806944
vt 0.306399 0.847156
vt 0.302491 0.788433
vt 0.25 0.806944
vt 0.302491 0.788433
vt 0.25 0.688889
vt 0.372124 0.771264
vt 0.416732 0.648467
vt 0.382911 0.653472
vt 0.382911 0.653472
vt 0.416732 0.648467
vt 0.401141 0.5533
vt 0.401141 0.5533
vt 0.331791 0.594445
vt 0.382911 0.653472
vt 0.202778 0.336418
vt 0.25 0.311111
vt 0.197509 0.211567
vt 0.372124 0.228736
vt 0.34865 0.264867
vt 0.382911 0.346528
vt 0.372124 0.228736
vt 0.382911 0.346528
vt 0.416732 0.351533
vt 0.306399 0.847156
vt 0.372124 0.771264
vt 0.302491 0.788433
vt 0.297222 0.663582
vt 0.25 0.688889
vt 0.302491 0.788433
vt 0.202778 0.663582
vt 0.168209 0.594445
vt 0.15135 0.735133
vt 0.0714773 0.424108
vt 0.0714773 0.575893
vt 0.0988595 0.4467
vt 0.155556 0.5
vt 0.168209 0.405556
vt 0.0988595 0.4467
vt 0.432511 0.5
vt 0.401141 0.4467
vt 0.401141 0.5533
vt 0.432511 0.5
vt 0.401141 0.5533
vt 0.416732 0.648467
vt 0.344444 0.5
vt 0.401141 0.5533
vt 0.401141 0.4467
vt 0.102346 0.714555
vt 0.158745 0.816118
vt 0.15135 0.735133
vt 0.230923 0.136978
vt 0.158745 0.183882
vt 0.197509 0.211567
vt 0.297222 0.336418
vt 0.331791 0.405556
vt 0.34865 0.264867
vt 0.331791 0.405556
vt 0.382911 0.346528
vt 0.34865 0.264867
vt 0.416732 0.648467
vt 0.401141 0.5533
vt 0.432511 0.5
vt 0.401141 0.5533
vt 0.416732 0.648467
vt 0.382911 0.653472
vt 0.401141 0.5533
vt 0.382911 0.653472
vt 0.331791 0.594445
vt 0.401141 0.5533
vt 0.331791 0.594445
vt 0.344444 0.5
vt 0.401141 0.5533
vt 0.344444 0.5
vt 0.401141 0.4467
vt 0.401141 0.5533
vt 0.401141 0.4467
vt 0.432511 0.5
vt 0.306399 0.847156
vt 0.302491 0.788433
vt 0.372124 0.771264
vt 0.302491 0.788433
vt 0.306399 0.847156
vt 0.25 0.806944
vt 0.302491 0.788433
vt 0.25 0.806944
vt 0.25 0.688889
vt 0.302491 0.788433
vt 0.25 0.688889
vt 0.297222 0.663582
vt 0.302491 0.788433
vt 0.297222 0.663582
vt 0.34865 0.735133
vt 0.302491 0.788433
vt 0.34865 0.735133
vt 0.372124 0.771264
vt 0.158745 0.816118
vt 0.197509 0.788433
vt 0.230923 0.863022
vt 0.197509 0.788433
vt 0.158745 0.816118
vt 0.15135 0.735133
vt 0.197509 0.788433
vt 0.15135 0.735133
vt 0.202778 0.663582
vt 0.197509 0.788433
vt 0.202778 0.663582
vt 0.25 0.688889
vt 0.197509 0.788433
vt 0.25 0.688889
vt 0.25 0.806944
vt 0.197509 0.788433
vt 0.25 0.806944
vt 0.230923 0.863022
vt 0.0714773 0.575892
vt 0.117089 0.653472
vt 0.102346 0.714555
vt 0.0714773 0.424108
vt 0.0988595 0.4467
vt 0.0714773 0.575892
vt 0.0988595 0.4467
vt 0.0714773 0.424108
vt 0.117089 0.346528
vt 0.0988595 0.4467
vt 0.117089 0.346528
vt 0.168209 0.405556
vt 0.0988595 0.4467
vt 0.168209 0.405556
vt 0.155556 0.5
vt 0.0988595 0.4467
vt 0.155556 0.5
vt 0.0988595 0.5533
vt 0.0988595 0.4467
vt 0.0988595 0.5533
vt 0.0714773 0.575892
vt 0.158745 0.183882
vt 0.15135 0.264867
vt 0.102346 0.285445
vt 0.15135 0.264867
vt 0.158745 0.183882
vt 0.197509 0.211567
vt 0.15135 0.264867
vt 0.197509 0.211567
vt 0.202778 0.336418
vt 0.15135 0.264867
vt 0.202778 0.336418
vt 0.168209 0.405556
vt 0.15135 0.264867
vt 0.168209 0.405556
vt 0.117089 0.346528
vt 0.15135 0.264867
vt 0.117089 0.346528
vt 0.102346 0.285445
vt 0.306399 0.152844
vt 0.25 0.193056
vt 0.230923 0.136978
vt 0.372124 0.228736
vt 0.34865 0.264867
vt 0.306399 0.152844
vt 0.34865 0.264867
vt 0.372124 0.228736
vt 0.382911 0.346528
vt 0.34865 0.264867
vt 0.382911 0.346528
vt 0.331791 0.405556
vt 0.34865 0.264867
vt 0.331791 0.405556
vt 0.297222 0.336418
vt 0.34865 0.264867
vt 0.297222 0.336418
vt 0.302491 0.211567
vt 0.34865 0.264867
vt 0.302491 0.211567
vt 0.306399 0.152844
vt 0.432511 0.5
vt 0.401141 0.4467
vt 0.416732 0.351533
vt 0.344444 0.5
vt 0.331791 0.405556
vt 0.401141 0.4467
vt 0.297222 0.336418
vt 0.25 0.311111
vt 0.302491 0.211567
vt 0.202778 0.336418
vt 0.197509 0.211567
vt 0.25 0.311111
vt 0.155556 0.5
vt 0.168209 0.594445
vt 0.0988595 0.5533
vt 0.202778 0.663582
vt 0.15135 0.735133
vt 0.168209 0.594445
vt 0.297222 0.663582
vt 0.331791 0.594445
vt 0.34865 0.735133
vt 0.306399 0.152844
vt 0.302491 0.211567
vt 0.25 0.193056
vt 0.230923 0.136978
vt 0.25 0.193056
vt 0.197509 0.211567
vt 0.230923 0.136978
vt 0.197509 0.211567
vt 0.158745 0.183882
vt 0.416732 0.351533
vt 0.401141 0.4467
vt 0.382911 0.346528
vt 0.416732 0.351533
vt 0.382911 0.346528
vt 0.372124 0.228736
vt 0.372124 0.771264
vt 0.34865 0.735133
vt 0.382911 0.653472
vt 0.372124 0.771264
vt 0.382911 0.653472
vt 0.416732 0.648467
vt 0.0714773 0.575892
vt 0.0988595 0.5533
vt 0.117089 0.653472
vt 0.34865 0.735133
vt 0.331791 0.594445
vt 0.382911 0.653472
vt 0.230923 0.863022
vt 0.25 0.806944
vt 0.306399 0.847156
vt 0.102346 0.714555
vt 0.117089 0.653472
vt 0.15135 0.735133
vt 0.102346 0.714555
vt 0.15135 0.735133
vt 0.158745 0.816118
vt 0.0988595 0.5533
vt 0.168209 0.594445
vt 0.117089 0.653472
vt 0.168209 0.594445
vt 0.15135 0.735133
vt 0.117089 0.653472
vt 0.102346 0.285445
vt 0.117089 0.346528
vt 0.0714773 0.424108
vt 0.25 0.311111
vt 0.197509 0.211567
vt 0.25 0.193056
vt 0.25 0.311111
vt 0.25 0.193056
vt 0.302491 0.211567
vt 0.401141 0.4467
vt 0.331791 0.405556
vt 0.382911 0.346528
vt 0.427003 0.657614
vt 0.436283 0.539158
vt 0.443754 0.5
vt 0.436283 0.539158
vt 0.427003 0.657614
vt 0.412214 0.687309
vt 0.436283 0.539158
vt 0.412214 0.687309
vt 0.416732 0.648467
vt 0.436283 0.539158
vt 0.416732 0.648467
vt 0.432511 0.5
vt 0.436283 0.539158
vt 0.432511 0.5
vt 0.428142 0.384236
vt 0.436283 0.539158
vt 0.428142 0.384236
vt 0.443754 0.5
vt 0.309873 0.868542
vt 0.360098 0.803072
vt 0.379647 0.787975
vt 0.360098 0.803072
vt 0.309873 0.868542
vt 0.288944 0.866432
vt 0.360098 0.803072
vt 0.288944 0.866432
vt 0.306399 0.847156
vt 0.360098 0.803072
vt 0.306399 0.847156
vt 0.372124 0.771264
vt 0.360098 0.803072
vt 0.372124 0.771264
vt 0.412214 0.687309
vt 0.360098 0.803072
vt 0.412214 0.687309
vt 0.379647 0.787975
vt 0.153123 0.835592
vt 0.211056 0.866432
vt 0.229747 0.885385
vt 0.211056 0.866432
vt 0.153123 0.835592
vt 0.139902 0.803072
vt 0.211056 0.866432
vt 0.139902 0.803072
vt 0.158745 0.816118
vt 0.211056 0.866432
vt 0.158745 0.816118
vt 0.230923 0.863022
vt 0.211056 0.866432
vt 0.230923 0.863022
vt 0.288944 0.866432
vt 0.211056 0.866432
vt 0.288944 0.866432
vt 0.229747 0.885385
vt 0.0604797 0.580568
vt 0.0877857 0.687309
vt 0.0932494 0.727772
vt 0.0877857 0.687309
vt 0.0604797 0.580568
vt 0.0637169 0.539158
vt 0.0877857 0.687309
vt 0.0637169 0.539158
vt 0.0714773 0.575892
vt 0.0877857 0.687309
vt 0.0714773 0.575892
vt 0.102346 0.714555
vt 0.0877857 0.687309
vt 0.102346 0.714555
vt 0.139902 0.803072
vt 0.0877857 0.687309
vt 0.139902 0.803072
vt 0.0932494 0.727772
vt 0.0932494 0.272228
vt 0.0718584 0.384236
vt 0.0604797 0.419432
vt 0.0718584 0.384236
vt 0.0932494 0.272228
vt 0.110802 0.249332
vt 0.0718584 0.384236
vt 0.110802 0.249332
vt 0.102346 0.285445
vt 0.0718584 0.384236
vt 0.102346 0.285445
vt 0.0714773 0.424108
vt 0.0718584 0.384236
vt 0.0714773 0.424108
vt 0.0637169 0.539158
vt 0.0718584 0.384236
vt 0.0637169 0.539158
vt 0.0604797 0.419432
vt 0.229747 0.114615
vt 0.173815 0.157769
vt 0.153123 0.164408
vt 0.173815 0.157769
vt 0.229747 0.114615
vt 0.25 0.125382
vt 0.173815 0.157769
vt 0.25 0.125382
vt 0.230923 0.136978
vt 0.173815 0.157769
vt 0.230923 0.136978
vt 0.158745 0.183882
vt 0.173815 0.157769
vt 0.158745 0.183882
vt 0.110802 0.249332
vt 0.173815 0.157769
vt 0.110802 0.249332
vt 0.153123 0.164408
vt 0.379647 0.212025
vt 0.326185 0.157769
vt 0.309873 0.131458
vt 0.326185 0.157769
vt 0.379647 0.212025
vt 0.389198 0.249332
vt 0.326185 0.157769
vt 0.389198 0.249332
vt 0.372124 0.228736
vt 0.326185 0.157769
vt 0.372124 0.228736
vt 0.306399 0.152844
vt 0.326185 0.157769
vt 0.306399 0.152844
vt 0.25 0.125382
vt 0.326185 0.157769
vt 0.25 0.125382
vt 0.309873 0.131458
vt 0.443754 0.5
vt 0.428142 0.384236
vt 0.427003 0.342386
vt 0.432511 0.5
vt 0.416732 0.351533
vt 0.428142 0.384236
vt 0.428142 0.384236
vt 0.416732 0.351533
vt 0.389198 0.249332
vt 0.428142 0.384236
vt 0.389198 0.249332
vt 0.427003 0.342386
vt 0.306399 0.152844
vt 0.230923 0.136978
vt 0.25 0.125382
vt 0.158745 0.183882
vt 0.102346 0.285445
vt 0.110802 0.249332
vt 0.0714773 0.424108
vt 0.0714773 0.575892
vt 0.0637169 0.539158
vt 0.102346 0.714555
vt 0.158745 0.816118
vt 0.139902 0.803072
vt 0.230923 0.863022
vt 0.306399 0.847156
vt 0.288944 0.866432
vt 0.372124 0.771264
vt 0.416732 0.648467
vt 0.412214 0.687309
vt 0.379647 0.787975
vt 0.412214 0.687309
vt 0.427003 0.657614
vt 0.229747 0.885385
vt 0.288944 0.866432
vt 0.309873 0.868542
vt 0.0932494 0.727772
vt 0.139902 0.803072
vt 0.153123 0.835592
vt 0.0604797 0.419432
vt 0.0637169 0.539158
vt 0.0604797 0.580568
vt 0.153123 0.164408
vt 0.110802 0.249332
vt 0.0932494 0.272228
vt 0.309873 0.131458
vt 0.25 0.125382
vt 0.229747 0.114615
vt 0.427003 0.342386
vt 0.389198 0.249332
vt 0.379647 0.212025
vt 0.416732 0.351533
vt 0.372124 0.228736
vt 0.389198 0.249332
vt 0.427003 0.657614
vt 0.432992 0.651596
vt 0.443754 0.5
vt 0.432992 0.651596
vt 0.427003 0.657614
vt 0.390056 0.780113
vt 0.721617 0.305578
vt 0.721617 0.145722
vt 0.80737 0.120337
vt 0.721617 0.305578
vt 0.80737 0.120337
vt 0.80737 0.291839
vt 0.721617 0.305578
vt 0.80737 0.291839
vt 0.721617 0.494141
vt 0.432992 0.651596
vt 0.44807 0.5
vt 0.443754 0.5
vt 0.309873 0.868542
vt 0.325798 0.865985
vt 0.379647 0.787975
vt 0.229747 0.885385
vt 0.25 0.896139
vt 0.309873 0.868542
vt 0.153123 0.835592
vt 0.174202 0.865985
vt 0.229747 0.885385
vt 0.0932494 0.727772
vt 0.109944 0.780113
vt 0.153123 0.835592
vt 0.0604797 0.580568
vt 0.0670076 0.651596
vt 0.0932494 0.727772
vt 0.0604797 0.419432
vt 0.0519303 0.5
vt 0.0604797 0.580568
vt 0.0932494 0.272228
vt 0.0670075 0.348404
vt 0.0604797 0.419432
vt 0.153123 0.164408
vt 0.109944 0.219888
vt 0.0932494 0.272228
vt 0.229747 0.114615
vt 0.174202 0.134015
vt 0.153123 0.164408
vt 0.309873 0.131458
vt 0.25 0.103861
vt 0.229747 0.114615
vt 0.25 0.103861
vt 0.309873 0.131458
vt 0.325798 0.134015
vt 0.721617 0.494141
vt 0.721617 0.305578
vt 0.80737 0.291839
vt 0.721617 0.494141
vt 0.80737 0.291839
vt 0.80737 0.494141
vt 0.721617 0.494141
vt 0.80737 0.494141
vt 0.710589 0.544523
vt 0.427003 0.342386
vt 0.390056 0.219887
vt 0.379647 0.212025
vt 0.390056 0.219887
vt 0.427003 0.342386
vt 0.432992 0.348404
vt 0.721617 0.842559
vt 0.721617 0.682704
vt 0.80737 0.696442
vt 0.721617 0.842559
vt 0.80737 0.696442
vt 0.80737 0.867944
vt 0.721617 0.145722
vt 0.80737 0.120337
vt 0.721617 0.305578
vt 0.390056 0.219887
vt 0.325798 0.134015
vt 0.379647 0.212025
vt 0.427003 0.342386
vt 0.432992 0.348404
vt 0.443754 0.5
vt 0.432992 0.348404
vt 0.427003 0.342386
vt 0.390056 0.219887
vt 0.893122 0.682704
vt 0.893122 0.842559
vt 0.80737 0.867944
vt 0.893122 0.682704
vt 0.80737 0.867944
vt 0.80737 0.696442
vt 0.893122 0.682704
vt 0.80737 0.696442
vt 0.893122 0.494141
vt 0.432992 0.348404
vt 0.44807 0.5
vt 0.443754 0.5
vt 0.309873 0.131458
vt 0.325798 0.134015
vt 0.379647 0.212025
vt 0.229747 0.114615
vt 0.25 0.103861
vt 0.309873 0.131458
vt 0.153123 0.164408
vt 0.174202 0.134015
vt 0.229747 0.114615
vt 0.0932494 0.272228
vt 0.109944 0.219887
vt 0.153123 0.164408
vt 0.0604797 0.419432
vt 0.0670075 0.348404
vt 0.0932494 0.272228
vt 0.0604797 0.580568
vt 0.0519303 0.5
vt 0.0604797 0.419432
vt 0.0932494 0.727772
vt 0.0670076 0.651596
vt 0.0604797 0.580568
vt 0.153123 0.835592
vt 0.109944 0.780113
vt 0.0932494 0.727772
vt 0.229747 0.885385
vt 0.174202 0.865985
vt 0.153123 0.835592
vt 0.309873 0.868542
vt 0.25 0.896139
vt 0.229747 0.885385
vt 0.25 0.896139
vt 0.309873 0.868542
vt 0.325798 0.865985
vt 0.893122 0.494141
vt 0.893122 0.305578
vt 0.80737 0.291839
vt 0.893122 0.494141
vt 0.80737 0.291839
vt 0.80737 0.494141
vt 0.893122 0.494141
vt 0.80737 0.494141
vt 0.904151 0.544523
vt 0.427003 0.657614
vt 0.390056 0.780113
vt 0.379647 0.787975
vt 0.390056 0.780113
vt 0.427003 0.657614
vt 0.432992 0.651596
vt 0.893122 0.145722
vt 0.893122 0.305578
vt 0.80737 0.291839
vt 0.893122 0.145722
vt 0.80737 0.291839
vt 0.80737 0.120337
vt 0.893122 0.145722
vt 0.80737 0.120337
vt 0.893122 0.305578
vt 0.390056 0.780113
vt 0.325798 0.865985
vt 0.379647 0.787975
vt 0.721617 0.682704
vt 0.710589 0.544523
vt 0.80737 0.494141
vt 0.721617 0.682704
vt 0.80737 0.494141
vt 0.80737 0.696442
vt 0.721617 0.682704
vt 0.80737 0.696442
vt 0.710589 0.735142
vt 0.893122 0.494141
vt 0.904151 0.544523
vt 0.80737 0.494141
vt 0.893122 0.494141
vt 0.80737 0.494141
vt 0.904151 0.345193
vt 0.893122 0.305578
vt 0.904151 0.345193
vt 0.80737 0.494141
vt 0.893122 0.305578
vt 0.80737 0.494141
vt 0.80737 0.291839
vt 0.893122 0.305578
vt 0.80737 0.291839
vt 0.893122 0.145722
vt 0.325798 0.134015
vt 0.390056 0.219887
vt 0.379647 0.212025
vt 0.443754 0.5
vt 0.44807 0.5
vt 0.432992 0.651596
vt 0.443754 0.5
vt 0.432992 0.651596
vt 0.427003 0.657614
vt 0.443754 0.5
vt 0.44807 0.5
vt 0.432992 0.348404
vt 0.443754 0.5
vt 0.432992 0.348404
vt 0.427003 0.342386
vt 0.80737 0.291839
vt 0.893122 0.305578
vt 0.80737 0.494141
vt 0.80737 0.291839
vt 0.80737 0.494141
vt 0.721617 0.494141
vt 0.893122 0.305578
vt 0.893122 0.494141
vt 0.80737 0.494141
vt 0.721617 0.682704
vt 0.721617 0.494141
vt 0.80737 0.494141
vt 0.721617 0.682704
vt 0.80737 0.494141
vt 0.80737 0.696442
vt 0.80737 0.494141
vt 0.893122 0.494141
vt 0.80737 0.696442
vt 0.80737 0.120337
vt 0.721617 0.145722
vt 0.80737 0.291839
vt 0.80737 0.120337
vt 0.80737 0.291839
vt 0.893122 0.305578
vt 0.379647 0.787975
vt 0.325798 0.865985
vt 0.390056 0.780113
vt 0.379647 0.787975
vt 0.390056 0.780113
vt 0.427003 0.657614
vt 0.80737 0.291839
vt 0.721617 0.305578
vt 0.80737 0.494141
vt 0.309873 0.868542
vt 0.379647 0.787975
vt 0.325798 0.865985
vt 0.721617 0.305578
vt 0.80737 0.291839
vt 0.721617 0.145722
vt 0.721617 0.305578
vt 0.710589 0.345193
vt 0.80737 0.494141
vt 0.721617 0.494141
vt 0.710589 0.544523
vt 0.80737 0.494141
vt 0.721617 0.494141
vt 0.80737 0.494141
vt 0.710589 0.345193
vt 0.893122 0.682704
vt 0.904151 0.544523
vt 0.80737 0.494141
vt 0.893122 0.682704
vt 0.80737 0.494141
vt 0.80737 0.696442
vt 0.893122 0.682704
vt 0.80737 0.696442
vt 0.904151 0.735142
vt 0.710589 0.544523
vt 0.721617 0.682704
vt 0.80737 0.494141
vt 0.721617 0.682704
vt 0.710589 0.735142
vt 0.80737 0.696442
vt 0.721617 0.682704
vt 0.80737 0.696442
vt 0.80737 0.494141
vt 0.893122 0.842559
vt 0.904151 0.735142
vt 0.80737 0.696442
vt 0.893122 0.842559
vt 0.80737 0.696442
vt 0.80737 0.867944
vt 0.893122 0.145722
vt 0.80737 0.120337
vt 0.904151 0.210826
vt 0.710589 0.735142
vt 0.721617 0.842559
vt 0.80737 0.696442
vt 0.721617 0.145722
vt 0.710589 0.210826
vt 0.80737 0.120337
vt 0.721617 0.842559
vt 0.80737 0.867944
vt 0.80737 0.696442
vt 0.80737 0.120337
vt 0.710589 0.210826
vt 0.80737 0.291839
vt 0.80737 0.120337
vt 0.80737 0.291839
vt 0.904151 0.210826
vt 0.904151 0.393926
vt 0.893122 0.305578
vt 0.80737 0.291839
vt 0.904151 0.393926
vt 0.80737 0.291839
vt 0.80737 0.494141
vt 0.904151 0.393926
vt 0.80737 0.494141
vt 0.893122 0.494141
vt 0.80737 0.494141
vt 0.80737 0.291839
vt 0.710589 0.393926
vt 0.80737 0.494141
vt 0.710589 0.393926
vt 0.721617 0.494141
vt 0.80737 0.494141
vt 0.721617 0.494141
vt 0.710589 0.594355
vt 0.80737 0.494141
vt 0.710589 0.594355
vt 0.80737 0.696442
vt 0.80737 0.494141
vt 0.80737 0.696442
vt 0.904151 0.594355
vt 0.80737 0.494141
vt 0.904151 0.594355
vt 0.893122 0.494141
vt 0.904151 0.210826
vt 0.80737 0.291839
vt 0.893122 0.305578
vt 0.710589 0.393926
vt 0.80737 0.291839
vt 0.721617 0.305578
vt 0.710589 0.594355
vt 0.721617 0.682704
vt 0.80737 0.696442
vt 0.904151 0.777455
vt 0.893122 0.682704
vt 0.80737 0.696442
vt 0.904151 0.777455
vt 0.80737 0.696442
vt 0.80737 0.867944
vt 0.904151 0.777455
vt 0.80737 0.867944
vt 0.893122 0.842559
vt 0.80737 0.867944
vt 0.80737 0.696442
vt 0.710589 0.777455
vt 0.80737 0.867944
vt 0.710589 0.777455
vt 0.721617 0.842559
vt 0.80737 0.867944
vt 0.721617 0.842559
vt 0.80737 0.696442
vt 0.80737 0.867944
vt 0.80737 0.696442
vt 0.893122 0.842559
vt 0.904151 0.594355
vt 0.80737 0.696442
vt 0.893122 0.682704
vt 0.710589 0.777455
vt 0.80737 0.696442
vt 0.721617 0.682704
vt 0.710589 0.735142
vt 0.80737 0.696442
vt 0.721617 0.842559
vt 0.904151 0.735142
vt 0.893122 0.842559
vt 0.80737 0.696442
vt 0.904151 0.735142
vt 0.80737 0.696442
vt 0.893122 0.682704
vt 0.893122 0.682704
vt 0.80737 0.696442
vt 0.80737 0.494141
vt 0.893122 0.682704
vt 0.80737 0.494141
vt 0.904151 0.544523
vt 0.893122 0.145722
vt 0.80737 0.291839
vt 0.80737 0.120337
vt 0.379647 0.212025
vt 0.325798 0.134015
vt 0.309873 0.131458
vt 0.80737 0.120337
vt 0.80737 0.291839
vt 0.721617 0.305578
vt 0.427003 0.342386
vt 0.379647 0.212025
vt 0.390056 0.219887
vt 0.80737 0.291839
vt 0.710589 0.210826
vt 0.721617 0.305578
vt 0.416732 0.648467
vt 0.436283 0.539158
vt 0.432511 0.5
vt 0.436283 0.539158
vt 0.416732 0.648467
vt 0.412214 0.687309
vt 0.436283 0.539158
vt 0.412214 0.687309
vt 0.427003 0.657614
vt 0.436283 0.539158
vt 0.427003 0.657614
vt 0.443754 0.5
vt 0.436283 0.539158
vt 0.443754 0.5
vt 0.428142 0.384236
vt 0.436283 0.539158
vt 0.428142 0.384236
vt 0.432511 0.5
vt 0.306399 0.847156
vt 0.360098 0.803072
vt 0.372124 0.771264
vt 0.360098 0.803072
vt 0.306399 0.847156
vt 0.288944 0.866432
vt 0.360098 0.803072
vt 0.288944 0.866432
vt 0.309873 0.868542
vt 0.360098 0.803072
vt 0.309873 0.868542
vt 0.379647 0.787975
vt 0.360098 0.803072
vt 0.379647 0.787975
vt 0.412214 0.687309
vt 0.360098 0.803072
vt 0.412214 0.687309
vt 0.372124 0.771264
vt 0.158745 0.816118
vt 0.211056 0.866432
vt 0.230923 0.863022
vt 0.211056 0.866432
vt 0.158745 0.816118
vt 0.139902 0.803072
vt 0.211056 0.866432
vt 0.139902 0.803072
vt 0.153123 0.835592
vt 0.211056 0.866432
vt 0.153123 0.835592
vt 0.229747 0.885385
vt 0.211056 0.866432
vt 0.229747 0.885385
vt 0.288944 0.866432
vt 0.211056 0.866432
vt 0.288944 0.866432
vt 0.230923 0.863022
vt 0.0714773 0.575893
vt 0.0877857 0.687309
vt 0.102346 0.714555
vt 0.0877857 0.687309
vt 0.0714773 0.575893
vt 0.0637169 0.539158
vt 0.0877857 0.687309
vt 0.0637169 0.539158
vt 0.0604797 0.580568
vt 0.0877857 0.687309
vt 0.0604797 0.580568
vt 0.0932494 0.727772
vt 0.0877857 0.687309
vt 0.0932494 0.727772
vt 0.139902 0.803072
vt 0.0877857 0.687309
vt 0.139902 0.803072
vt 0.102346 0.714555
vt 0.102346 0.285445
vt 0.0718584 0.384237
vt 0.0714773 0.424108
vt 0.0718584 0.384237
vt 0.102346 0.285445
vt 0.110802 0.249332
vt 0.0718584 0.384237
vt 0.110802 0.249332
vt 0.0932494 0.272228
vt 0.0718584 0.384237
vt 0.0932494 0.272228
vt 0.0604797 0.419432
vt 0.0718584 0.384237
vt 0.0604797 0.419432
vt 0.0637169 0.539158
vt 0.0718584 0.384237
vt 0.0637169 0.539158
vt 0.0714773 0.424108
vt 0.230923 0.136978
vt 0.173815 0.157769
vt 0.158745 0.183882
vt 0.173815 0.157769
vt 0.230923 0.136978
vt 0.25 0.125382
vt 0.173815 0.157769
vt 0.25 0.125382
vt 0.229747 0.114615
vt 0.173815 0.157769
vt 0.229747 0.114615
vt 0.153123 0.164408
vt 0.173815 0.157769
vt 0.153123 0.164408
vt 0.110802 0.249332
vt 0.173815 0.157769
vt 0.110802 0.249332
vt 0.158745 0.183882
vt 0.372124 0.228736
vt 0.326185 0.157769
vt 0.306399 0.152844
vt 0.326185 0.157769
vt 0.372124 0.228736
vt 0.389198 0.249332
vt 0.326185 0.157769
vt 0.389198 0.249332
vt 0.379647 0.212025
vt 0.326185 0.157769
vt 0.379647 0.212025
vt 0.309873 0.131458
vt 0.326185 0.157769
vt 0.309873 0.131458
vt 0.25 0.125382
vt 0.326185 0.157769
vt 0.25 0.125382
vt 0.306399 0.152844
vt 0.432511 0.5
vt 0.428142 0.384236
vt 0.416732 0.351533
vt 0.443754 0.5
vt 0.427003 0.342386
vt 0.428142 0.384236
vt 0.428142 0.384236
vt 0.427003 0.342386
vt 0.389198 0.249332
vt 0.428142 0.384236
vt 0.389198 0.249332
vt 0.416732 0.351533
vt 0.309873 0.131458
vt 0.229747 0.114615
vt 0.25 0.125382
vt 0.153123 0.164408
vt 0.0932494 0.272228
vt 0.110802 0.249332
vt 0.0604797 0.419432
vt 0.0604797 0.580568
vt 0.0637169 0.539158
vt 0.0932494 0.727772
vt 0.153123 0.835592
vt 0.139902 0.803072
vt 0.229747 0.885385
vt 0.309873 0.868542
vt 0.288944 0.866432
vt 0.379647 0.787975
vt 0.427003 0.657614
vt 0.412214 0.687309
vt 0.372124 0.771264
vt 0.412214 0.687309
vt 0.416732 0.648467
vt 0.230923 0.863022
vt 0.288944 0.866432
vt 0.306399 0.847156
vt 0.102346 0.714555
vt 0.139902 0.803072
vt 0.158745 0.816118
vt 0.0714773 0.424108
vt 0.0637169 0.539158
vt 0.0714773 0.575893
vt 0.158745 0.183882
vt 0.110802 0.249332
vt 0.102346 0.285445
vt 0.306399 0.152844
vt 0.25 0.125382
vt 0.230923 0.136978
vt 0.416732 0.351533
vt 0.389198 0.249332
vt 0.372124 0.228736
vt 0.427003 0.342386
vt 0.379647 0.212025
vt 0.389198 0.249332
vt 0.331791 0.594444
vt 0.344444 0.5
vt 0.401141 0.5533
vt 0.297222 0.663582
vt 0.331791 0.594444
vt 0.34865 0.735133
vt 0.34865 0.735133
vt 0.302491 0.788433
vt 0.297222 0.663582
vt 0.34865 0.735133
vt 0.372124 0.771264
vt 0.302491 0.788433
vt 0.34865 0.735133
vt 0.382911 0.653472
vt 0.372124 0.771264
vt 0.34865 0.735133
vt 0.331791 0.594444
vt 0.382911 0.653472
vt 0.202778 0.663582
vt 0.25 0.688889
vt 0.197509 0.788433
vt 0.197509 0.788433
vt 0.15135 0.735133
vt 0.202778 0.663582
vt 0.197509 0.788433
vt 0.158745 0.816118
vt 0.15135 0.735133
vt 0.197509 0.788433
vt 0.230923 0.863022
vt 0.158745 0.816118
vt 0.197509 0.788433
vt 0.25 0.806944
vt 0.230923 0.863022
vt 0.197509 0.788433
vt 0.25 0.688889
vt 0.25 0.806944
vt 0.155556 0.5
vt 0.168209 0.594444
vt 0.0988595 0.5533
vt 0.0988595 0.5533
vt 0.0988595 0.4467
vt 0.155556 0.5
vt 0.0988595 0.5533
vt 0.0714773 0.575892
vt 0.0988595 0.4467
vt 0.0988595 0.5533
vt 0.117089 0.653472
vt 0.0714773 0.575892
vt 0.0988595 0.5533
vt 0.168209 0.594444
vt 0.117089 0.653472
vt 0.202778 0.336418
vt 0.168209 0.405556
vt 0.15135 0.264867
vt 0.15135 0.264867
vt 0.197509 0.211567
vt 0.202778 0.336418
vt 0.15135 0.264867
vt 0.158745 0.183882
vt 0.197509 0.211567
vt 0.15135 0.264867
vt 0.102346 0.285445
vt 0.158745 0.183882
vt 0.15135 0.264867
vt 0.117089 0.346528
vt 0.102346 0.285445
vt 0.15135 0.264867
vt 0.168209 0.405556
vt 0.117089 0.346528
vt 0.297222 0.336418
vt 0.25 0.311111
vt 0.302491 0.211567
vt 0.302491 0.211567
vt 0.34865 0.264867
vt 0.297222 0.336418
vt 0.302491 0.211567
vt 0.306399 0.152844
vt 0.34865 0.264867
vt 0.302491 0.211567
vt 0.25 0.193056
vt 0.306399 0.152844
vt 0.302491 0.211567
vt 0.25 0.311111
vt 0.25 0.193056
vt 0.344444 0.5
vt 0.331791 0.405555
vt 0.401141 0.4467
vt 0.416732 0.351533
vt 0.432511 0.5
vt 0.401141 0.4467
vt 0.401141 0.4467
vt 0.382911 0.346528
vt 0.416732 0.351533
vt 0.401141 0.4467
vt 0.331791 0.405555
vt 0.382911 0.346528
vt 0.306399 0.152844
vt 0.372124 0.228736
vt 0.34865 0.264867
vt 0.306399 0.152844
vt 0.25 0.193056
vt 0.230923 0.136978
vt 0.25 0.193056
vt 0.197509 0.211567
vt 0.230923 0.136978
vt 0.25 0.193056
vt 0.25 0.311111
vt 0.197509 0.211567
vt 0.102346 0.285445
vt 0.117089 0.346528
vt 0.0714773 0.424108
vt 0.117089 0.346528
vt 0.0988595 0.4467
vt 0.0714773 0.424108
vt 0.117089 0.346528
vt 0.168209 0.405556
vt 0.0988595 0.4467
vt 0.0714773 0.575892
vt 0.117089 0.653472
vt 0.102346 0.714555
vt 0.117089 0.653472
vt 0.15135 0.735133
vt 0.102346 0.714555
vt 0.117089 0.653472
vt 0.168209 0.594444
vt 0.15135 0.735133
vt 0.230923 0.863022
vt 0.25 0.806944
vt 0.306399 0.847156
vt 0.25 0.806944
vt 0.302491 0.788433
vt 0.306399 0.847156
vt 0.25 0.806944
vt 0.25 0.688889
vt 0.302491 0.788433
vt 0.372124 0.771264
vt 0.382911 0.653472
vt 0.416732 0.648467
vt 0.382911 0.653472
vt 0.401141 0.5533
vt 0.416732 0.648467
vt 0.382911 0.653472
vt 0.331791 0.594444
vt 0.401141 0.5533
vt 0.202778 0.336418
vt 0.197509 0.211567
vt 0.25 0.311111
vt 0.372124 0.228736
vt 0.382911 0.346528
vt 0.34865 0.264867
vt 0.372124 0.228736
vt 0.416732 0.351533
vt 0.382911 0.346528
vt 0.306399 0.847156
vt 0.302491 0.788433
vt 0.372124 0.771264
vt 0.297222 0.663582
vt 0.302491 0.788433
vt 0.25 0.688889
vt 0.202778 0.663582
vt 0.15135 0.735133
vt 0.168209 0.594444
vt 0.0714773 0.424108
vt 0.0988595 0.4467
vt 0.0714773 0.575892
vt 0.155556 0.5
vt 0.0988595 0.4467
vt 0.168209 0.405556
vt 0.432511 0.5
vt 0.401141 0.5533
vt 0.401141 0.4467
vt 0.432511 0.5
vt 0.416732 0.648467
vt 0.401141 0.5533
vt 0.344444 0.5
vt 0.401141 0.4467
vt 0.401141 0.5533
vt 0.102346 0.714555
vt 0.15135 0.735133
vt 0.158745 0.816118
vt 0.230923 0.136978
vt 0.197509 0.211567
vt 0.158745 0.183882
vt 0.297222 0.336418
vt 0.34865 0.264867
vt 0.331791 0.405555
vt 0.331791 0.405555
vt 0.34865 0.264867
vt 0.382911 0.346528
vt 0.416732 0.648467
vt 0.432511 0.5
vt 0.401141 0.5533
vt 0.401141 0.5533
vt 0.382911 0.653472
vt 0.416732 0.648467
vt 0.401141 0.5533
vt 0.331791 0.594444
vt 0.382911 0.653472
vt 0.401141 0.5533
vt 0.344444 0.5
vt 0.331791 0.594444
vt 0.401141 0.5533
vt 0.401141 0.4467
vt 0.344444 0.5
vt 0.401141 0.5533
vt 0.432511 0.5
vt 0.401141 0.4467
vt 0.306399 0.847156
vt 0.372124 0.771264
vt 0.302491 0.788433
vt 0.302491 0.788433
vt 0.25 0.806944
vt 0.306399 0.847156
vt 0.302491 0.788433
vt 0.25 0.688889
vt 0.25 0.806944
vt 0.302491 0.788433
vt 0.297222 0.663582
vt 0.25 0.688889
vt 0.302491 0.788433
vt 0.34865 0.735133
vt 0.297222 0.663582
vt 0.302491 0.788433
vt 0.372124 0.771264
vt 0.34865 0.735133
vt 0.158745 0.816118
vt 0.230923 0.863022
vt 0.197509 0.788433
vt 0.197509 0.788433
vt 0.15135 0.735133
vt 0.158745 0.816118
vt 0.197509 0.788433
vt 0.202778 0.663582
vt 0.15135 0.735133
vt 0.197509 0.788433
vt 0.25 0.688889
vt 0.202778 0.663582
vt 0.197509 0.788433
vt 0.25 0.806944
vt 0.25 0.688889
vt 0.197509 0.788433
vt 0.230923 0.863022
vt 0.25 0.806944
vt 0.0714773 0.575892
vt 0.102346 0.714555
vt 0.117089 0.653472
vt 0.0714773 0.424108
vt 0.0714773 0.575892
vt 0.0988595 0.4467
vt 0.0988595 0.4467
vt 0.117089 0.346528
vt 0.0714773 0.424108
vt 0.0988595 0.4467
vt 0.168209 0.405556
vt 0.117089 0.346528
vt 0.0988595 0.4467
vt 0.155556 0.5
vt 0.168209 0.405556
vt 0.0988595 0.4467
vt 0.0988595 0.5533
vt 0.155556 0.5
vt 0.0988595 0.4467
vt 0.0714773 0.575892
vt 0.0988595 0.5533
vt 0.158745 0.183882
vt 0.102346 0.285445
vt 0.15135 0.264867
vt 0.15135 0.264867
vt 0.197509 0.211567
vt 0.158745 0.183882
vt 0.15135 0.264867
vt 0.202778 0.336418
vt 0.197509 0.211567
vt 0.15135 0.264867
vt 0.168209 0.405556
vt 0.202778 0.336418
vt 0.15135 0.264867
vt 0.117089 0.346528
vt 0.168209 0.405556
vt 0.15135 0.264867
vt 0.102346 0.285445
vt 0.117089 0.346528
vt 0.306399 0.152844
vt 0.230923 0.136978
vt 0.25 0.193056
vt 0.372124 0.228736
vt 0.306399 0.152844
vt 0.34865 0.264867
vt 0.34865 0.264867
vt 0.382911 0.346528
vt 0.372124 0.228736
vt 0.34865 0.264867
vt 0.331791 0.405556
vt 0.382911 0.346528
vt 0.34865 0.264867
vt 0.297222 0.336418
vt 0.331791 0.405556
vt 0.34865 0.264867
vt 0.302491 0.211567
vt 0.297222 0.336418
vt 0.34865 0.264867
vt 0.306399 0.152844
vt 0.302491 0.211567
vt 0.432511 0.5
vt 0.416732 0.351533
vt 0.401141 0.4467
vt 0.344444 0.5
vt 0.401141 0.4467
vt 0.331791 0.405556
vt 0.297222 0.336418
vt 0.302491 0.211567
vt 0.25 0.311111
vt 0.202778 0.336418
vt 0.25 0.311111
vt 0.197509 0.211567
vt 0.155556 0.5
vt 0.0988595 0.5533
vt 0.168209 0.594444
vt 0.202778 0.663582
vt 0.168209 0.594444
vt 0.15135 0.735133
vt 0.297222 0.663582
vt 0.34865 0.735133
vt 0.331791 0.594444
vt 0.306399 0.152844
vt 0.25 0.193056
vt 0.302491 0.211567
vt 0.230923 0.136978
vt 0.197509 0.211567
vt 0.25 0.193056
vt 0.230923 0.136978
vt 0.158745 0.183882
vt 0.197509 0.211567
vt 0.416732 0.351533
vt 0.382911 0.346528
vt 0.401141 0.4467
vt 0.416732 0.351533
vt 0.372124 0.228736
vt 0.382911 0.346528
vt 0.372124 0.771264
vt 0.382911 0.653472
vt 0.34865 0.735133
vt 0.372124 0.771264
vt 0.416732 0.648467
vt 0.382911 0.653472
vt 0.0714773 0.575892
vt 0.117089 0.653472
vt 0.0988595 0.5533
vt 0.34865 0.735133
vt 0.382911 0.653472
vt 0.331791 0.594444
vt 0.230923 0.863022
vt 0.306399 0.847156
vt 0.25 0.806944
vt 0.102346 0.714555
vt 0.15135 0.735133
vt 0.117089 0.653472
vt 0.102346 0.714555
vt 0.158745 0.816118
vt 0.15135 0.735133
vt 0.0988595 0.5533
vt 0.117089 0.653472
vt 0.168209 0.594444
vt 0.168209 0.594444
vt 0.117089 0.653472
vt 0.15135 0.735133
vt 0.102346 0.285445
vt 0.0714773 0.424108
vt 0.117089 0.346528
vt 0.25 0.311111
vt 0.25 0.193056
vt 0.197509 0.211567
vt 0.25 0.311111
vt 0.302491 0.211567
vt 0.25 0.193056
vt 0.401141 0.4467
vt 0.382911 0.346528
vt 0.331791 0.405556
vt 0.427003 0.657614
vt 0.443754 0.5
vt 0.436283 0.539158
vt 0.436283 0.539158
vt 0.412214 0.687309
vt 0.427003 0.657614
vt 0.436283 0.539158
vt 0.416732 0.648467
vt 0.412214 0.687309
vt 0.436283 0.539158
vt 0.432511 0.5
vt 0.416732 0.648467
vt 0.436283 0.539158
vt 0.428142 0.384236
vt 0.432511 0.5
vt 0.436283 0.539158
vt 0.443754 0.5
vt 0.428142 0.384236
vt 0.309873 0.868542
vt 0.379647 0.787975
vt 0.360098 0.803072
vt 0.360098 0.803072
vt 0.288944 0.866432
vt 0.309873 0.868542
vt 0.360098 0.803072
vt 0.306399 0.847156
vt 0.288944 0.866432
vt 0.360098 0.803072
vt 0.372124 0.771264
vt 0.306399 0.847156
vt 0.360098 0.803072
vt 0.412214 0.687309
vt 0.372124 0.771264
vt 0.360098 0.803072
vt 0.379647 0.787975
vt 0.412214 0.687309
vt 0.153123 0.835592
vt 0.229747 0.885385
vt 0.211056 0.866432
vt 0.211056 0.866432
vt 0.139902 0.803072
vt 0.153123 0.835592
vt 0.211056 0.866432
vt 0.158745 0.816118
vt 0.139902 0.803072
vt 0.211056 0.866432
vt 0.230923 0.863022
vt 0.158745 0.816118
vt 0.211056 0.866432
vt 0.288944 0.866432
vt 0.230923 0.863022
vt 0.211056 0.866432
vt 0.229747 0.885385
vt 0.288944 0.866432
vt 0.0604797 0.580568
vt 0.0932494 0.727772
vt 0.0877857 0.687309
vt 0.0877857 0.687309
vt 0.0637169 0.539158
vt 0.0604797 0.580568
vt 0.0877857 0.687309
vt 0.0714773 0.575892
vt 0.0637169 0.539158
vt 0.0877857 0.687309
vt 0.102346 0.714555
vt 0.0714773 0.575892
vt 0.0877857 0.687309
vt 0.139902 0.803072
vt 0.102346 0.714555
vt 0.0877857 0.687309
vt 0.0932494 0.727772
vt 0.139902 0.803072
vt 0.0932494 0.272228
vt 0.0604797 0.419432
vt 0.0718584 0.384236
vt 0.0718584 0.384236
vt 0.110802 0.249332
vt 0.0932494 0.272228
vt 0.0718584 0.384236
vt 0.102346 0.285445
vt 0.110802 0.249332
vt 0.0718584 0.384236
vt 0.0714773 0.424108
vt 0.102346 0.285445
vt 0.0718584 0.384236
vt 0.0637169 0.539158
vt 0.0714773 0.424108
vt 0.0718584 0.384236
vt 0.0604797 0.419432
vt 0.0637169 0.539158
vt 0.229747 0.114615
vt 0.153123 0.164408
vt 0.173815 0.157769
vt 0.173815 0.157769
vt 0.25 0.125382
vt 0.229747 0.114615
vt 0.173815 0.157769
vt 0.230923 0.136978
vt 0.25 0.125382
vt 0.173815 0.157769
vt 0.158745 0.183882
vt 0.230923 0.136978
vt 0.173815 0.157769
vt 0.110802 0.249332
vt 0.158745 0.183882
vt 0.173815 0.157769
vt 0.153123 0.164408
vt 0.110802 0.249332
vt 0.379647 0.212025
vt 0.309873 0.131458
vt 0.326185 0.157769
vt 0.326185 0.157769
vt 0.389198 0.249332
vt 0.379647 0.212025
vt 0.326185 0.157769
vt 0.372124 0.228736
vt 0.389198 0.249332
vt 0.326185 0.157769
vt 0.306399 0.152844
vt 0.372124 0.228736
vt 0.326185 0.157769
vt 0.25 0.125382
vt 0.306399 0.152844
vt 0.326185 0.157769
vt 0.309873 0.131458
vt 0.25 0.125382
vt 0.443754 0.5
vt 0.427003 0.342386
vt 0.428142 0.384236
vt 0.432511 0.5
vt 0.428142 0.384236
vt 0.416732 0.351533
vt 0.428142 0.384236
vt 0.389198 0.249332
vt 0.416732 0.351533
vt 0.428142 0.384236
vt 0.427003 0.342386
vt 0.389198 0.249332
vt 0.306399 0.152844
vt 0.25 0.125382
vt 0.230923 0.136978
vt 0.158745 0.183882
vt 0.110802 0.249332
vt 0.102346 0.285445
vt 0.0714773 0.424108
vt 0.0637169 0.539158
vt 0.0714773 0.575892
vt 0.102346 0.714555
vt 0.139902 0.803072
vt 0.158745 0.816118
vt 0.230923 0.863022
vt 0.288944 0.866432
vt 0.306399 0.847156
vt 0.372124 0.771264
vt 0.412214 0.687309
vt 0.416732 0.648467
vt 0.379647 0.787975
vt 0.427003 0.657614
vt 0.412214 0.687309
vt 0.229747 0.885385
vt 0.309873 0.868542
vt 0.288944 0.866432
vt 0.0932494 0.727772
vt 0.153123 0.835592
vt 0.139902 0.803072
vt 0.0604797 0.419432
vt 0.0604797 0.580568
vt 0.0637169 0.539158
vt 0.153123 0.164408
vt 0.0932494 0.272228
vt 0.110802 0.249332
vt 0.309873 0.131458
vt 0.229747 0.114615
vt 0.25 0.125382
vt 0.427003 0.342386
vt 0.379647 0.212025
vt 0.389198 0.249332
vt 0.416732 0.351533
vt 0.389198 0.249332
vt 0.372124 0.228736
vt 0.427003 0.657614
vt 0.443754 0.5
vt 0.432992 0.651596
vt 0.432992 0.651596
vt 0.390056 0.780113
vt 0.427003 0.657614
vt 0.891664 0.305578
vt 0.805911 0.120337
vt 0.891664 0.145722
vt 0.891664 0.305578
vt 0.805911 0.291839
vt 0.805911 0.120337
vt 0.891664 0.305578
vt 0.891664 0.494141
vt 0.805911 0.291839
vt 0.432992 0.651596
vt 0.443754 0.5
vt 0.44807 0.5
vt 0.309873 0.868542
vt 0.379647 0.787975
vt 0.325798 0.865985
vt 0.229747 0.885385
vt 0.309873 0.868542
vt 0.25 0.896139
vt 0.153123 0.835592
vt 0.229747 0.885385
vt 0.174202 0.865985
vt 0.0932494 0.727772
vt 0.153123 0.835592
vt 0.109944 0.780113
vt 0.0604797 0.580568
vt 0.0932494 0.727772
vt 0.0670076 0.651596
vt 0.0604797 0.419432
vt 0.0604797 0.580568
vt 0.0519303 0.5
vt 0.0932494 0.272228
vt 0.0604797 0.419432
vt 0.0670075 0.348404
vt 0.153123 0.164408
vt 0.0932494 0.272228
vt 0.109944 0.219887
vt 0.229747 0.114615
vt 0.153123 0.164408
vt 0.174202 0.134015
vt 0.309873 0.131458
vt 0.229747 0.114615
vt 0.25 0.103861
vt 0.25 0.103861
vt 0.325798 0.134015
vt 0.309873 0.131458
vt 0.891664 0.494141
vt 0.805911 0.291839
vt 0.891664 0.305578
vt 0.891664 0.494141
vt 0.805911 0.494141
vt 0.805911 0.291839
vt 0.891664 0.494141
vt 0.902692 0.544523
vt 0.805911 0.494141
vt 0.427003 0.342386
vt 0.379647 0.212025
vt 0.390056 0.219887
vt 0.390056 0.219887
vt 0.432992 0.348404
vt 0.427003 0.342386
vt 0.891664 0.842559
vt 0.805911 0.696442
vt 0.891664 0.682704
vt 0.891664 0.842559
vt 0.805911 0.867944
vt 0.805911 0.696442
vt 0.891664 0.145722
vt 0.891664 0.305578
vt 0.805911 0.120337
vt 0.390056 0.219887
vt 0.379647 0.212025
vt 0.325798 0.134015
vt 0.427003 0.342386
vt 0.443754 0.5
vt 0.432992 0.348404
vt 0.432992 0.348404
vt 0.390056 0.219887
vt 0.427003 0.342386
vt 0.720159 0.682704
vt 0.805911 0.867944
vt 0.720159 0.842559
vt 0.720159 0.682704
vt 0.805911 0.696442
vt 0.805911 0.867944
vt 0.720159 0.682704
vt 0.720159 0.494141
vt 0.805911 0.696442
vt 0.432992 0.348404
vt 0.443754 0.5
vt 0.44807 0.5
vt 0.309873 0.131458
vt 0.379647 0.212025
vt 0.325798 0.134015
vt 0.229747 0.114615
vt 0.309873 0.131458
vt 0.25 0.103861
vt 0.153123 0.164408
vt 0.229747 0.114615
vt 0.174202 0.134015
vt 0.0932494 0.272228
vt 0.153123 0.164408
vt 0.109944 0.219887
vt 0.0604797 0.419432
vt 0.0932494 0.272228
vt 0.0670075 0.348404
vt 0.0604797 0.580568
vt 0.0604797 0.419432
vt 0.0519303 0.5
vt 0.0932494 0.727772
vt 0.0604797 0.580568
vt 0.0670076 0.651596
vt 0.153123 0.835592
vt 0.0932494 0.727772
vt 0.109944 0.780113
vt 0.229747 0.885385
vt 0.153123 0.835592
vt 0.174202 0.865985
vt 0.309873 0.868542
vt 0.229747 0.885385
vt 0.25 0.896139
vt 0.25 0.896139
vt 0.325798 0.865985
vt 0.309873 0.868542
vt 0.720159 0.494141
vt 0.805911 0.291839
vt 0.720159 0.305578
vt 0.720159 0.494141
vt 0.805911 0.494141
vt 0.805911 0.291839
vt 0.720159 0.494141
vt 0.70913 0.544523
vt 0.805911 0.494141
vt 0.427003 0.657614
vt 0.379647 0.787975
vt 0.390056 0.780113
vt 0.390056 0.780113
vt 0.432992 0.651596
vt 0.427003 0.657614
vt 0.720159 0.145722
vt 0.805911 0.291839
vt 0.720159 0.305578
vt 0.720159 0.145722
vt 0.805911 0.120337
vt 0.805911 0.291839
vt 0.720159 0.145722
vt 0.720159 0.305578
vt 0.805911 0.120337
vt 0.390056 0.780113
vt 0.379647 0.787975
vt 0.325798 0.865985
vt 0.891664 0.682704
vt 0.805911 0.494141
vt 0.902692 0.544523
vt 0.891664 0.682704
vt 0.805911 0.696442
vt 0.805911 0.494141
vt 0.891664 0.682704
vt 0.902693 0.735142
vt 0.805911 0.696442
vt 0.720159 0.494141
vt 0.805911 0.494141
vt 0.70913 0.544523
vt 0.720159 0.494141
vt 0.70913 0.345193
vt 0.805911 0.494141
vt 0.720159 0.305578
vt 0.805911 0.494141
vt 0.70913 0.345193
vt 0.720159 0.305578
vt 0.805911 0.291839
vt 0.805911 0.494141
vt 0.720159 0.305578
vt 0.720159 0.145722
vt 0.805911 0.291839
vt 0.325798 0.134015
vt 0.379647 0.212025
vt 0.390056 0.219887
vt 0.443754 0.5
vt 0.432992 0.651596
vt 0.44807 0.5
vt 0.443754 0.5
vt 0.427003 0.657614
vt 0.432992 0.651596
vt 0.443754 0.5
vt 0.432992 0.348404
vt 0.44807 0.5
vt 0.443754 0.5
vt 0.427003 0.342386
vt 0.432992 0.348404
vt 0.805911 0.291839
vt 0.805911 0.494141
vt 0.720159 0.305578
vt 0.805911 0.291839
vt 0.891664 0.494141
vt 0.805911 0.494141
vt 0.720159 0.305578
vt 0.805911 0.494141
vt 0.720159 0.494141
vt 0.891664 0.682704
vt 0.805911 0.494141
vt 0.891664 0.494141
vt 0.891664 0.682704
vt 0.805911 0.696442
vt 0.805911 0.494141
vt 0.805911 0.494141
vt 0.805911 0.696442
vt 0.720159 0.494141
vt 0.805911 0.120337
vt 0.805911 0.291839
vt 0.891664 0.145722
vt 0.805911 0.120337
vt 0.720159 0.305578
vt 0.805911 0.291839
vt 0.379647 0.787975
vt 0.390056 0.780113
vt 0.325798 0.865985
vt 0.379647 0.787975
vt 0.427003 0.657614
vt 0.390056 0.780113
vt 0.805911 0.291839
vt 0.805911 0.494141
vt 0.891664 0.305578
vt 0.309873 0.868542
vt 0.325798 0.865985
vt 0.379647 0.787975
vt 0.891664 0.305578
vt 0.891664 0.145722
vt 0.805911 0.291839
vt 0.891664 0.305578
vt 0.805911 0.494141
vt 0.902692 0.345193
vt 0.891664 0.494141
vt 0.805911 0.494141
vt 0.902692 0.544523
vt 0.891664 0.494141
vt 0.902692 0.345193
vt 0.805911 0.494141
vt 0.720159 0.682704
vt 0.805911 0.494141
vt 0.70913 0.544523
vt 0.720159 0.682704
vt 0.805911 0.696442
vt 0.805911 0.494141
vt 0.720159 0.682704
vt 0.70913 0.735142
vt 0.805911 0.696442
vt 0.902692 0.544523
vt 0.805911 0.494141
vt 0.891664 0.682704
vt 0.891664 0.682704
vt 0.805911 0.696442
vt 0.902693 0.735142
vt 0.891664 0.682704
vt 0.805911 0.494141
vt 0.805911 0.696442
vt 0.720159 0.842559
vt 0.805911 0.696442
vt 0.70913 0.735142
vt 0.720159 0.842559
vt 0.805911 0.867944
vt 0.805911 0.696442
vt 0.720159 0.145722
vt 0.70913 0.210826
vt 0.805911 0.120337
vt 0.902693 0.735142
vt 0.805911 0.696442
vt 0.891664 0.842559
vt 0.891664 0.145722
vt 0.805911 0.120337
vt 0.902692 0.210826
vt 0.891664 0.842559
vt 0.805911 0.696442
vt 0.805911 0.867944
vt 0.805911 0.120337
vt 0.805911 0.291839
vt 0.902692 0.210826
vt 0.805911 0.120337
vt 0.70913 0.210826
vt 0.805911 0.291839
vt 0.70913 0.393926
vt 0.805911 0.291839
vt 0.720159 0.305578
vt 0.70913 0.393926
vt 0.805911 0.494141
vt 0.805911 0.291839
vt 0.70913 0.393926
vt 0.720159 0.494141
vt 0.805911 0.494141
vt 0.805911 0.494141
vt 0.902692 0.393926
vt 0.805911 0.291839
vt 0.805911 0.494141
vt 0.891664 0.494141
vt 0.902692 0.393926
vt 0.805911 0.494141
vt 0.902692 0.594355
vt 0.891664 0.494141
vt 0.805911 0.494141
vt 0.805911 0.696442
vt 0.902692 0.594355
vt 0.805911 0.494141
vt 0.70913 0.594355
vt 0.805911 0.696442
vt 0.805911 0.494141
vt 0.720159 0.494141
vt 0.70913 0.594355
vt 0.70913 0.210826
vt 0.720159 0.305578
vt 0.805911 0.291839
vt 0.902692 0.393926
vt 0.891664 0.305578
vt 0.805911 0.291839
vt 0.902692 0.594355
vt 0.805911 0.696442
vt 0.891664 0.682704
vt 0.70913 0.777455
vt 0.805911 0.696442
vt 0.720159 0.682704
vt 0.70913 0.777455
vt 0.805911 0.867944
vt 0.805911 0.696442
vt 0.70913 0.777455
vt 0.720159 0.842559
vt 0.805911 0.867944
vt 0.805911 0.867944
vt 0.902693 0.777455
vt 0.805911 0.696442
vt 0.805911 0.867944
vt 0.891664 0.842559
vt 0.902693 0.777455
vt 0.805911 0.867944
vt 0.805911 0.696442
vt 0.891664 0.842559
vt 0.805911 0.867944
vt 0.720159 0.842559
vt 0.805911 0.696442
vt 0.70913 0.594355
vt 0.720159 0.682704
vt 0.805911 0.696442
vt 0.902693 0.777455
vt 0.891664 0.682704
vt 0.805911 0.696442
vt 0.902693 0.735142
vt 0.891664 0.842559
vt 0.805911 0.696442
vt 0.70913 0.735142
vt 0.805911 0.696442
vt 0.720159 0.842559
vt 0.70913 0.735142
vt 0.720159 0.682704
vt 0.805911 0.696442
vt 0.720159 0.682704
vt 0.805911 0.494141
vt 0.805911 0.696442
vt 0.720159 0.682704
vt 0.70913 0.544523
vt 0.805911 0.494141
vt 0.720159 0.145722
vt 0.805911 0.120337
vt 0.805911 0.291839
vt 0.379647 0.212025
vt 0.309873 0.131458
vt 0.325798 0.134015
vt 0.805911 0.120337
vt 0.891664 0.305578
vt 0.805911 0.291839
vt 0.427003 0.342386
vt 0.390056 0.219887
vt 0.379647 0.212025
vt 0.805911 0.291839
vt 0.891664 0.305578
vt 0.902692 0.210826
vt 0.416732 0.648467
vt 0.432511 0.5
vt 0.436283 0.539158
vt 0.436283 0.539158
vt 0.412214 0.687309
vt 0.416732 0.648467
vt 0.436283 0.539158
vt 0.427003 0.657614
vt 0.412214 0.687309
vt 0.436283 0.539158
vt 0.443754 0.5
vt 0.427003 0.657614
vt 0.436283 0.539158
vt 0.428142 0.384236
vt 0.443754 0.5
vt 0.436283 0.539158
vt 0.432511 0.5
vt 0.428142 0.384236
vt 0.306399 0.847156
vt 0.372124 0.771264
vt 0.360098 0.803072
vt 0.360098 0.803072
vt 0.288944 0.866432
vt 0.306399 0.847156
vt 0.360098 0.803072
vt 0.309873 0.868542
vt 0.288944 0.866432
vt 0.360098 0.803072
vt 0.379647 0.787975
vt 0.309873 0.868542
vt 0.360098 0.803072
vt 0.412214 0.687309
vt 0.379647 0.787975
vt 0.360098 0.803072
vt 0.372124 0.771264
vt 0.412214 0.687309
vt 0.158745 0.816118
vt 0.230923 0.863022
vt 0.211056 0.866432
vt 0.211056 0.866432
vt 0.139902 0.803072
vt 0.158745 0.816118
vt 0.211056 0.866432
vt 0.153123 0.835592
vt 0.139902 0.803072
vt 0.211056 0.866432
vt 0.229747 0.885385
vt 0.153123 0.835592
vt 0.211056 0.866432
vt 0.288944 0.866432
vt 0.229747 0.885385
vt 0.211056 0.866432
vt 0.230923 0.863022
vt 0.288944 0.866432
vt 0.0714773 0.575892
vt 0.102346 0.714555
vt 0.0877857 0.687309
vt 0.0877857 0.687309
vt 0.0637169 0.539158
vt 0.0714773 0.575892
vt 0.0877857 0.687309
vt 0.0604797 0.580568
vt 0.0637169 0.539158
vt 0.0877857 0.687309
vt 0.0932494 0.727772
vt 0.0604797 0.580568
vt 0.0877857 0.687309
vt 0.139902 0.803072
vt 0.0932494 0.727772
vt 0.0877857 0.687309
vt 0.102346 0.714555
vt 0.139902 0.803072
vt 0.102346 0.285445
vt 0.0714773 0.424108
vt 0.0718584 0.384236
vt 0.0718584 0.384236
vt 0.110802 0.249332
vt 0.102346 0.285445
vt 0.0718584 0.384236
vt 0.0932494 0.272228
vt 0.110802 0.249332
vt 0.0718584 0.384236
vt 0.0604797 0.419432
vt 0.0932494 0.272228
vt 0.0718584 0.384236
vt 0.0637169 0.539158
vt 0.0604797 0.419432
vt 0.0718584 0.384236
vt 0.0714773 0.424108
vt 0.0637169 0.539158
vt 0.230923 0.136978
vt 0.158745 0.183882
vt 0.173815 0.157769
vt 0.173815 0.157769
vt 0.25 0.125382
vt 0.230923 0.136978
vt 0.173815 0.157769
vt 0.229747 0.114615
vt 0.25 0.125382
vt 0.173815 0.157769
vt 0.153123 0.164408
vt 0.229747 0.114615
vt 0.173815 0.157769
vt 0.110802 0.249332
vt 0.153123 0.164408
vt 0.173815 0.157769
vt 0.158745 0.183882
vt 0.110802 0.249332
vt 0.372124 0.228736
vt 0.306399 0.152844
vt 0.326185 0.157769
vt 0.326185 0.157769
vt 0.389198 0.249332
vt 0.372124 0.228736
vt 0.326185 0.157769
vt 0.379647 0.212025
vt 0.389198 0.249332
vt 0.326185 0.157769
vt 0.309873 0.131458
vt 0.379647 0.212025
vt 0.326185 0.157769
vt 0.25 0.125382
vt 0.309873 0.131458
vt 0.326185 0.157769
vt 0.306399 0.152844
vt 0.25 0.125382
vt 0.432511 0.5
vt 0.416732 0.351533
vt 0.428142 0.384236
vt 0.443754 0.5
vt 0.428142 0.384236
vt 0.427003 0.342386
vt 0.428142 0.384236
vt 0.389198 0.249332
vt 0.427003 0.342386
vt 0.428142 0.384236
vt 0.416732 0.351533
vt 0.389198 0.249332
vt 0.309873 0.131458
vt 0.25 0.125382
vt 0.229747 0.114615
vt 0.153123 0.164408
vt 0.110802 0.249332
vt 0.0932494 0.272228
vt 0.0604797 0.419432
vt 0.0637169 0.539158
vt 0.0604797 0.580568
vt 0.0932494 0.727772
vt 0.139902 0.803072
vt 0.153123 0.835592
vt 0.229747 0.885385
vt 0.288944 0.866432
vt 0.309873 0.868542
vt 0.379647 0.787975
vt 0.412214 0.687309
vt 0.427003 0.657614
vt 0.372124 0.771264
vt 0.416732 0.648467
vt 0.412214 0.687309
vt 0.230923 0.863022
vt 0.306399 0.847156
vt 0.288944 0.866432
vt 0.102346 0.714555
vt 0.158745 0.816118
vt 0.139902 0.803072
vt 0.0714773 0.424108
vt 0.0714773 0.575892
vt 0.0637169 0.539158
vt 0.158745 0.183882
vt 0.102346 0.285445
vt 0.110802 0.249332
vt 0.306399 0.152844
vt 0.230923 0.136978
vt 0.25 0.125382
vt 0.416732 0.351533
vt 0.372124 0.228736
vt 0.389198 0.249332
vt 0.427003 0.342386
vt 0.389198 0.249332
vt 0.379647 0.212025
g Bearing
f 1/1 2/2 3/3
f 1/4 4/5 2/6
f 4/7 5/8 2/9
f 2/10 5/11 6/12
f 7/13 8/14 9/15
f 7/16 10/17 8/18
f 8/19 6/20 9/21
f 9/22 6/23 5/24
f 2/25 11/26 3/27
f 11/28 12/29 3/30
f 13/31 1/32 14/33
f 1/34 13/35 4/36
f 15/37 5/38 16/39
f 5/40 15/41 9/42
f 17/43 7/44 18/45
f 7/46 17/47 10/48
f 19/49 8/50 20/51
f 8/52 19/53 6/54
f 21/55 2/56 22/57
f 2/58 21/59 11/60
f 21/61 23/62 11/63
f 14/64 3/65 24/66
f 3/67 12/68 24/69
f 12/70 11/71 24/72
f 2/73 6/74 22/75
f 22/76 6/77 19/78
f 8/79 10/80 20/81
f 20/82 10/83 17/84
f 7/85 9/86 18/87
f 18/88 9/89 15/90
f 5/91 4/92 16/93
f 16/94 4/95 13/96
f 1/97 3/98 14/99
f 11/100 23/101 24/102
f 25/103 13/104 26/105
f 25/106 27/107 13/108
f 13/109 27/110 16/111
f 28/112 18/113 29/114
f 18/115 28/116 17/117
f 28/118 30/119 17/120
f 31/121 20/122 32/123
f 20/124 31/125 19/126
f 33/127 22/128 34/129
f 22/130 33/131 21/132
f 35/133 24/134 36/135
f 24/136 35/137 14/138
f 24/139 23/140 36/141
f 23/142 21/143 36/144
f 36/145 21/146 33/147
f 22/148 19/149 34/150
f 34/151 19/152 31/153
f 20/154 17/155 32/156
f 18/157 15/158 29/159
f 15/160 16/161 29/162
f 29/163 16/164 27/165
f 13/166 14/167 26/168
f 26/169 14/170 35/171
f 32/172 17/173 30/174
f 37/175 25/176 38/177
f 25/178 37/179 27/180
f 39/181 29/182 40/183
f 29/184 39/185 28/186
f 41/187 30/188 42/189
f 30/190 41/191 32/192
f 41/193 43/194 32/195
f 44/196 31/197 45/198
f 46/199 33/200 44/201
f 46/202 47/203 33/204
f 48/205 35/206 47/207
f 35/208 48/209 26/210
f 35/211 36/212 47/213
f 36/214 33/215 47/216
f 33/217 34/218 44/219
f 34/220 31/221 44/222
f 31/223 32/224 45/225
f 30/226 28/227 42/228
f 42/229 28/230 39/231
f 29/232 27/233 40/234
f 40/235 27/236 37/237
f 25/238 26/239 38/240
f 32/241 43/242 45/243
f 38/244 26/245 48/246
f 49/247 37/248 50/249
f 37/250 49/251 40/252
f 51/253 39/254 52/255
f 39/256 51/257 42/258
f 53/259 41/260 54/261
f 41/262 53/263 43/264
f 55/265 45/266 56/267
f 45/268 55/269 44/270
f 57/271 46/272 58/273
f 46/274 57/275 47/276
f 59/277 48/278 60/279
f 48/280 59/281 38/282
f 48/283 47/284 60/285
f 60/286 47/287 57/288
f 46/289 44/290 58/291
f 58/292 44/293 55/294
f 45/295 43/296 56/297
f 56/298 43/299 53/300
f 41/301 42/302 54/303
f 54/304 42/305 51/306
f 39/307 40/308 52/309
f 52/310 40/311 49/312
f 37/313 38/314 50/315
f 50/316 38/317 59/318
f 61/319 49/320 62/321
f 49/322 61/323 52/324
f 61/325 63/326 52/327
f 64/328 51/329 65/330
f 66/331 53/332 64/333
f 66/334 67/335 53/336
f 68/337 55/338 67/339
f 68/340 69/341 55/342
f 55/343 69/344 58/345
f 70/346 57/347 71/348
f 57/349 70/350 60/351
f 62/352 50/353 72/354
f 50/355 59/356 72/357
f 59/358 60/359 72/360
f 72/361 60/362 70/363
f 57/364 58/365 71/366
f 71/367 58/368 69/369
f 55/370 56/371 67/372
f 56/373 53/374 67/375
f 53/376 54/377 64/378
f 54/379 51/380 64/381
f 51/382 52/383 65/384
f 49/385 50/386 62/387
f 65/388 52/389 63/390
f 73/391 61/392 74/393
f 73/394 75/395 61/396
f 76/397 65/398 75/399
f 76/400 77/401 65/402
f 65/403 77/404 64/405
f 78/406 67/407 79/408
f 78/409 80/410 67/411
f 67/412 80/413 68/414
f 81/415 71/416 82/417
f 71/418 81/419 70/420
f 83/421 72/422 84/423
f 72/424 83/425 62/426
f 72/427 70/428 84/429
f 84/430 70/431 81/432
f 71/433 69/434 82/435
f 69/436 68/437 82/438
f 82/439 68/440 80/441
f 67/442 66/443 79/444
f 66/445 64/446 79/447
f 79/448 64/449 77/450
f 65/451 63/452 75/453
f 63/454 61/455 75/456
f 61/457 62/458 74/459
f 74/460 62/461 83/462
f 85/463 86/464 81/465
f 85/466 81/467 82/468
f 85/469 82/470 87/471
f 88/472 84/473 89/474
f 84/475 88/476 83/477
f 90/478 73/479 91/480
f 73/481 90/482 75/483
f 92/484 76/485 93/486
f 92/487 94/488 76/489
f 76/490 94/491 77/492
f 95/493 79/494 96/495
f 87/496 80/497 95/498
f 80/499 87/500 82/501
f 73/502 74/503 91/504
f 84/505 81/506 89/507
f 80/508 78/509 95/510
f 78/511 79/512 95/513
f 79/514 77/515 96/516
f 96/517 77/518 94/519
f 76/520 75/521 93/522
f 93/523 75/524 90/525
f 74/526 83/527 91/528
f 81/529 86/530 89/531
f 91/532 83/533 88/534
f 85/535 97/536 86/537
f 97/538 85/539 98/540
f 95/541 99/542 87/543
f 99/544 95/545 100/546
f 95/547 96/548 100/549
f 92/550 101/551 94/552
f 93/553 102/554 92/555
f 102/556 93/557 103/558
f 91/559 104/560 90/561
f 104/562 91/563 105/564
f 89/565 106/566 88/567
f 89/568 86/569 106/570
f 97/571 107/572 86/573
f 106/574 105/575 88/576
f 88/577 105/578 91/579
f 104/580 103/581 90/582
f 90/583 103/584 93/585
f 102/586 108/587 92/588
f 108/589 101/590 92/591
f 101/592 100/593 94/594
f 99/595 98/596 87/597
f 87/598 98/599 85/600
f 86/601 107/602 106/603
f 100/604 96/605 94/606
f 97/607 109/608 107/609
f 97/610 98/611 109/612
f 99/613 110/614 98/615
f 110/616 99/617 111/618
f 101/619 112/620 100/621
f 112/622 101/623 113/624
f 102/625 114/626 108/627
f 114/628 102/629 115/630
f 104/631 116/632 103/633
f 116/634 104/635 117/636
f 106/637 118/638 105/639
f 118/640 106/641 119/642
f 118/643 117/644 105/645
f 105/646 117/647 104/648
f 116/649 115/650 103/651
f 103/652 115/653 102/654
f 114/655 113/656 108/657
f 108/658 113/659 101/660
f 112/661 111/662 100/663
f 100/664 111/665 99/666
f 110/667 120/668 98/669
f 120/670 109/671 98/672
f 109/673 119/674 107/675
f 107/676 119/677 106/678
f 109/679 121/680 119/681
f 110/682 121/683 120/684
f 112/685 121/686 111/687
f 114/688 121/689 113/690
f 116/691 121/692 115/693
f 118/694 121/695 117/696
f 115/697 121/698 114/699
f 113/700 121/701 112/702
f 111/703 121/704 110/705
f 120/706 121/707 109/708
f 119/709 121/710 118/711
f 117/712 121/713 116/714
f 122/715 124/716 123/717
f 122/718 123/719 125/720
f 125/721 123/722 126/723
f 123/724 127/725 126/726
f 128/727 130/728 129/729
f 128/730 129/731 131/732
f 129/733 130/734 127/735
f 130/736 126/737 127/738
f 123/739 124/740 132/741
f 132/742 124/743 133/744
f 134/745 135/746 122/747
f 122/748 125/749 134/750
f 136/751 137/752 126/753
f 126/754 130/755 136/756
f 138/757 139/758 128/759
f 128/760 131/761 138/762
f 140/763 141/764 129/765
f 129/766 127/767 140/768
f 142/769 143/770 123/771
f 123/772 132/773 142/774
f 142/775 132/776 144/777
f 135/778 145/779 124/780
f 124/781 145/782 133/783
f 133/784 145/785 132/786
f 123/787 143/788 127/789
f 143/790 140/791 127/792
f 129/793 141/794 131/795
f 141/796 138/797 131/798
f 128/799 139/800 130/801
f 139/802 136/803 130/804
f 126/805 137/806 125/807
f 137/808 134/809 125/810
f 122/811 135/812 124/813
f 132/814 145/815 144/816
f 146/817 147/818 134/819
f 146/820 134/821 148/822
f 134/823 137/824 148/825
f 149/826 150/827 139/828
f 139/829 138/830 149/831
f 149/832 138/833 151/834
f 152/835 153/836 141/837
f 141/838 140/839 152/840
f 154/841 155/842 143/843
f 143/844 142/845 154/846
f 156/847 157/848 145/849
f 145/850 135/851 156/852
f 145/853 157/854 144/855
f 144/856 157/857 142/858
f 157/859 154/860 142/861
f 143/862 155/863 140/864
f 155/865 152/866 140/867
f 141/868 153/869 138/870
f 139/871 150/872 136/873
f 136/874 150/875 137/876
f 150/877 148/878 137/879
f 134/880 147/881 135/882
f 147/883 156/884 135/885
f 153/886 151/887 138/888
f 158/889 159/890 146/891
f 146/892 148/893 158/894
f 160/895 161/896 150/897
f 150/898 149/899 160/900
f 162/901 163/902 151/903
f 151/904 153/905 162/906
f 162/907 153/908 164/909
f 165/910 166/911 152/912
f 167/913 165/914 154/915
f 167/916 154/917 168/918
f 169/919 168/920 156/921
f 156/922 147/923 169/924
f 156/925 168/926 157/927
f 157/928 168/929 154/930
f 154/931 165/932 155/933
f 155/934 165/935 152/936
f 152/937 166/938 153/939
f 151/940 163/941 149/942
f 163/943 160/944 149/945
f 150/946 161/947 148/948
f 161/949 158/950 148/951
f 146/952 159/953 147/954
f 153/955 166/956 164/957
f 159/958 169/959 147/960
f 170/961 171/962 158/963
f 158/964 161/965 170/966
f 172/967 173/968 160/969
f 160/970 163/971 172/972
f 174/973 175/974 162/975
f 162/976 164/977 174/978
f 176/979 177/980 166/981
f 166/982 165/983 176/984
f 178/985 179/986 167/987
f 167/988 168/989 178/990
f 180/991 181/992 169/993
f 169/994 159/995 180/996
f 169/997 181/998 168/999
f 181/1000 178/1001 168/1002
f 167/1003 179/1004 165/1005
f 179/1006 176/1007 165/1008
f 166/1009 177/1010 164/1011
f 177/1012 174/1013 164/1014
f 162/1015 175/1016 163/1017
f 175/1018 172/1019 163/1020
f 160/1021 173/1022 161/1023
f 173/1024 170/1025 161/1026
f 158/1027 171/1028 159/1029
f 171/1030 180/1031 159/1032
f 182/1033 183/1034 170/1035
f 170/1036 173/1037 182/1038
f 182/1039 173/1040 184/1041
f 185/1042 186/1043 172/1044
f 187/1045 185/1046 174/1047
f 187/1048 174/1049 188/1050
f 189/1051 188/1052 176/1053
f 189/1054 176/1055 190/1056
f 176/1057 179/1058 190/1059
f 191/1060 192/1061 178/1062
f 178/1063 181/1064 191/1065
f 183/1066 193/1067 171/1068
f 171/1069 193/1070 180/1071
f 180/1072 193/1073 181/1074
f 193/1075 191/1076 181/1077
f 178/1078 192/1079 179/1080
f 192/1081 190/1082 179/1083
f 176/1084 188/1085 177/1086
f 177/1087 188/1088 174/1089
f 174/1090 185/1091 175/1092
f 175/1093 185/1094 172/1095
f 172/1096 186/1097 173/1098
f 170/1099 183/1100 171/1101
f 186/1102 184/1103 173/1104
f 194/1105 195/1106 182/1107
f 194/1108 182/1109 196/1110
f 197/1111 196/1112 186/1113
f 197/1114 186/1115 198/1116
f 186/1117 185/1118 198/1119
f 199/1120 200/1121 188/1122
f 199/1123 188/1124 201/1125
f 188/1126 189/1127 201/1128
f 202/1129 203/1130 192/1131
f 192/1132 191/1133 202/1134
f 204/1135 205/1136 193/1137
f 193/1138 183/1139 204/1140
f 193/1141 205/1142 191/1143
f 205/1144 202/1145 191/1146
f 192/1147 203/1148 190/1149
f 190/1150 203/1151 189/1152
f 203/1153 201/1154 189/1155
f 188/1156 200/1157 187/1158
f 187/1159 200/1160 185/1161
f 200/1162 198/1163 185/1164
f 186/1165 196/1166 184/1167
f 184/1168 196/1169 182/1170
f 182/1171 195/1172 183/1173
f 195/1174 204/1175 183/1176
f 206/1177 202/1178 207/1179
f 206/1180 203/1181 202/1182
f 206/1183 208/1184 203/1185
f 209/1186 210/1187 205/1188
f 205/1189 204/1190 209/1191
f 211/1192 212/1193 194/1194
f 194/1195 196/1196 211/1197
f 213/1198 214/1199 197/1200
f 213/1201 197/1202 215/1203
f 197/1204 198/1205 215/1206
f 216/1207 217/1208 200/1209
f 208/1210 216/1211 201/1212
f 201/1213 203/1214 208/1215
f 194/1216 212/1217 195/1218
f 205/1219 210/1220 202/1221
f 201/1222 216/1223 199/1224
f 199/1225 216/1226 200/1227
f 200/1228 217/1229 198/1230
f 217/1231 215/1232 198/1233
f 197/1234 214/1235 196/1236
f 214/1237 211/1238 196/1239
f 195/1240 212/1241 204/1242
f 202/1243 210/1244 207/1245
f 212/1246 209/1247 204/1248
f 206/1249 207/1250 218/1251
f 218/1252 219/1253 206/1254
f 216/1255 208/1256 220/1257
f 220/1258 221/1259 216/1260
f 216/1261 221/1262 217/1263
f 213/1264 215/1265 222/1266
f 214/1267 213/1268 223/1269
f 223/1270 224/1271 214/1272
f 212/1273 211/1274 225/1275
f 225/1276 226/1277 212/1278
f 210/1279 209/1280 227/1281
f 210/1282 227/1283 207/1284
f 218/1285 207/1286 228/1287
f 227/1288 209/1289 226/1290
f 209/1291 212/1292 226/1293
f 225/1294 211/1295 224/1296
f 211/1297 214/1298 224/1299
f 223/1300 213/1301 229/1302
f 229/1303 213/1304 222/1305
f 222/1306 215/1307 221/1308
f 220/1309 208/1310 219/1311
f 208/1312 206/1313 219/1314
f 207/1315 227/1316 228/1317
f 221/1318 215/1319 217/1320
f 218/1321 228/1322 230/1323
f 218/1324 230/1325 219/1326
f 220/1327 219/1328 231/1329
f 231/1330 232/1331 220/1332
f 222/1333 221/1334 233/1335
f 233/1336 234/1337 222/1338
f 223/1339 229/1340 235/1341
f 235/1342 236/1343 223/1344
f 225/1345 224/1346 237/1347
f 237/1348 238/1349 225/1350
f 227/1351 226/1352 239/1353
f 239/1354 240/1355 227/1356
f 239/1357 226/1358 238/1359
f 226/1360 225/1361 238/1362
f 237/1363 224/1364 236/1365
f 224/1366 223/1367 236/1368
f 235/1369 229/1370 234/1371
f 229/1372 222/1373 234/1374
f 233/1375 221/1376 232/1377
f 221/1378 220/1379 232/1380
f 231/1381 219/1382 241/1383
f 241/1384 219/1385 230/1386
f 230/1387 228/1388 240/1389
f 228/1390 227/1391 240/1392
f 240/1393 242/1394 230/1395
f 241/1396 242/1397 231/1398
f 232/1399 242/1400 233/1401
f 234/1402 242/1403 235/1404
f 236/1405 242/1406 237/1407
f 238/1408 242/1409 239/1410
f 235/1411 242/1412 236/1413
f 233/1414 242/1415 234/1416
f 231/1417 242/1418 232/1419
f 230/1420 242/1421 241/1422
f 239/1423 242/1424 240/1425
f 237/1426 242/1427 238/1428
g Tires
f 243/1429 244/1430 245/1431
f 247/1432 243/1433 246/1434
f 247/1435 246/1436 248/1437
f 247/1438 248/1439 249/1440
f 247/1441 249/1442 250/1443
f 250/1444 243/1445 247/1446
f 251/1447 252/1448 253/1449
f 252/1450 251/1451 254/1452
f 252/1453 254/1454 255/1455
f 252/1456 255/1457 256/1458
f 252/1459 256/1460 257/1461
f 252/1462 257/1463 253/1464
f 258/1465 259/1466 260/1467
f 259/1468 258/1469 261/1470
f 259/1471 261/1472 262/1473
f 259/1474 262/1475 263/1476
f 259/1477 263/1478 260/1479
f 264/1480 265/1481 266/1482
f 265/1483 264/1484 267/1485
f 265/1486 267/1487 268/1488
f 265/1489 268/1490 269/1491
f 265/1492 269/1493 270/1494
f 265/1495 270/1496 266/1497
f 271/1498 272/1499 273/1500
f 272/1501 271/1502 274/1503
f 272/1504 274/1505 275/1506
f 272/1507 275/1508 276/1509
f 272/1510 276/1511 273/1512
f 245/1513 277/1514 278/1515
f 279/1516 277/1517 280/1518
f 277/1519 279/1520 281/1521
f 277/1522 281/1523 278/1524
f 275/1525 274/1526 282/1527
f 275/1528 283/1529 276/1530
f 276/1531 283/1532 267/1533
f 276/1534 267/1535 273/1536
f 269/1537 284/1538 270/1539
f 270/1540 284/1541 261/1542
f 270/1543 261/1544 266/1545
f 262/1546 285/1547 263/1548
f 263/1549 285/1550 254/1551
f 263/1552 254/1553 260/1554
f 256/1555 286/1556 257/1557
f 257/1558 286/1559 248/1560
f 257/1561 248/1562 253/1563
f 249/1564 287/1565 250/1566
f 250/1567 287/1568 244/1569
f 244/1570 243/1571 250/1572
f 264/1573 273/1574 267/1575
f 282/1576 274/1577 281/1578
f 282/1579 281/1580 279/1581
f 286/1582 249/1583 248/1584
f 246/1585 253/1586 248/1587
f 251/1588 260/1589 254/1590
f 284/1591 262/1592 261/1593
f 258/1594 266/1595 261/1596
f 280/1597 277/1598 244/1599
f 280/1600 244/1601 287/1602
f 245/1603 244/1604 277/1605
f 285/1606 255/1607 254/1608
f 283/1609 268/1610 267/1611
f 271/1612 278/1613 274/1614
f 278/1615 281/1616 274/1617
f 300/1618 301/1619 302/1620
f 301/1621 300/1622 303/1623
f 301/1624 303/1625 288/1626
f 301/1627 288/1628 289/1629
f 301/1630 289/1631 304/1632
f 301/1633 304/1634 302/1635
f 305/1636 306/1637 307/1638
f 306/1639 305/1640 308/1641
f 306/1642 308/1643 290/1644
f 306/1645 290/1646 291/1647
f 306/1648 291/1649 309/1650
f 306/1651 309/1652 307/1653
f 310/1654 311/1655 312/1656
f 311/1657 310/1658 313/1659
f 311/1660 313/1661 293/1662
f 311/1663 293/1664 290/1665
f 311/1666 290/1667 308/1668
f 311/1669 308/1670 312/1671
f 314/1672 315/1673 316/1674
f 317/1675 318/1676 314/1677
f 318/1678 317/1679 319/1680
f 318/1681 319/1682 294/1683
f 318/1684 294/1685 295/1686
f 318/1687 295/1688 320/1689
f 318/1690 320/1691 314/1692
f 321/1693 322/1694 323/1695
f 322/1696 321/1697 324/1698
f 322/1699 324/1700 297/1701
f 322/1702 297/1703 294/1704
f 322/1705 294/1706 319/1707
f 322/1708 319/1709 323/1710
f 325/1711 326/1712 327/1713
f 328/1714 329/1715 325/1716
f 329/1717 328/1718 330/1719
f 329/1720 330/1721 298/1722
f 329/1723 298/1724 299/1725
f 329/1726 299/1727 331/1728
f 329/1729 331/1730 325/1731
f 302/1732 304/1733 332/1734
f 289/1735 298/1736 304/1737
f 299/1738 296/1739 331/1740
f 297/1741 324/1742 296/1743
f 295/1744 292/1745 320/1746
f 293/1747 313/1748 292/1749
f 291/1750 288/1751 309/1752
f 325/1753 331/1754 326/1755
f 327/1756 326/1757 324/1758
f 327/1759 324/1760 321/1761
f 332/1762 304/1763 330/1764
f 332/1765 330/1766 328/1767
f 307/1768 309/1769 303/1770
f 307/1771 303/1772 300/1773
f 314/1774 320/1775 315/1776
f 309/1777 288/1778 303/1779
f 312/1780 308/1781 305/1782
f 316/1783 315/1784 313/1785
f 316/1786 313/1787 310/1788
f 320/1789 292/1790 315/1791
f 292/1792 313/1793 315/1794
f 323/1795 319/1796 317/1797
f 296/1798 324/1799 326/1800
f 296/1801 326/1802 331/1803
f 304/1804 298/1805 330/1806
f 333/1807 334/1808 335/1809
f 334/1810 333/1811 336/1812
f 334/1813 336/1814 300/1815
f 334/1816 300/1817 302/1818
f 334/1819 302/1820 337/1821
f 334/1822 337/1823 335/1824
f 338/1825 339/1826 340/1827
f 339/1828 338/1829 341/1830
f 339/1831 341/1832 305/1833
f 339/1834 305/1835 307/1836
f 339/1837 307/1838 336/1839
f 339/1840 336/1841 340/1842
f 342/1843 343/1844 344/1845
f 343/1846 342/1847 345/1848
f 343/1849 345/1850 310/1851
f 343/1852 310/1853 312/1854
f 343/1855 312/1856 341/1857
f 343/1858 341/1859 344/1860
f 346/1861 347/1862 348/1863
f 347/1864 346/1865 349/1866
f 347/1867 349/1868 314/1869
f 347/1870 314/1871 316/1872
f 347/1873 316/1874 345/1875
f 347/1876 345/1877 348/1878
f 350/1879 351/1880 352/1881
f 351/1882 350/1883 353/1884
f 351/1885 353/1886 323/1887
f 351/1888 323/1889 317/1890
f 351/1891 317/1892 349/1893
f 351/1894 349/1895 352/1896
f 354/1897 355/1898 356/1899
f 355/1900 354/1901 357/1902
f 355/1903 357/1904 327/1905
f 355/1906 327/1907 321/1908
f 355/1909 321/1910 353/1911
f 355/1912 353/1913 356/1914
f 358/1915 359/1916 360/1917
f 359/1918 358/1919 361/1920
f 359/1921 361/1922 328/1923
f 359/1924 328/1925 325/1926
f 359/1927 325/1928 357/1929
f 359/1930 357/1931 360/1932
f 335/1933 337/1934 362/1935
f 302/1936 332/1937 337/1938
f 337/1939 332/1940 361/1941
f 337/1942 361/1943 362/1944
f 325/1945 327/1946 357/1947
f 321/1948 323/1949 353/1950
f 317/1951 314/1952 349/1953
f 316/1954 310/1955 345/1956
f 312/1957 305/1958 341/1959
f 307/1960 300/1961 336/1962
f 340/1963 336/1964 333/1965
f 344/1966 341/1967 338/1968
f 348/1969 345/1970 342/1971
f 352/1972 349/1973 346/1974
f 356/1975 353/1976 350/1977
f 360/1978 357/1979 354/1980
f 362/1981 361/1982 358/1983
f 332/1984 328/1985 361/1986
f 363/1987 364/1988 365/1989
f 364/1990 363/1991 366/1992
f 364/1993 366/1994 367/1995
f 364/1996 367/1997 368/1998
f 364/1999 368/2000 369/2001
f 364/2002 369/2003 365/2004
f 370/2005 371/2006 372/2007
f 373/2008 374/2009 370/2010
f 375/2011 376/2012 373/2013
f 377/2014 378/2015 375/2016
f 379/2017 380/2018 377/2019
f 381/2020 382/2021 379/2022
f 383/2023 384/2024 381/2025
f 385/2026 386/2027 383/2028
f 387/2029 388/2030 385/2031
f 389/2032 390/2033 387/2034
f 390/2035 389/2036 391/2037
f 390/2038 391/2039 392/2040
f 390/2041 392/2042 393/2043
f 390/2044 393/2045 387/2046
f 394/2047 395/2048 396/2049
f 395/2050 394/2051 397/2052
f 395/2053 397/2054 398/2055
f 395/2056 398/2057 399/2058
f 395/2059 399/2060 391/2061
f 395/2062 391/2063 396/2064
f 362/2065 400/2066 335/2067
f 400/2068 362/2069 401/2070
f 400/2071 401/2072 399/2073
f 400/2074 399/2075 398/2076
f 400/2077 398/2078 402/2079
f 400/2080 402/2081 335/2082
f 360/2083 403/2084 358/2085
f 354/2086 404/2087 360/2088
f 356/2089 405/2090 354/2091
f 350/2092 406/2093 356/2094
f 352/2095 407/2096 350/2097
f 346/2098 408/2099 352/2100
f 348/2101 409/2102 346/2103
f 342/2104 410/2105 348/2106
f 344/2107 411/2108 342/2109
f 338/2110 412/2111 344/2112
f 412/2113 338/2114 413/2115
f 412/2116 413/2117 414/2118
f 412/2119 414/2120 415/2121
f 412/2122 415/2123 344/2124
f 333/2125 416/2126 340/2127
f 416/2128 333/2129 417/2130
f 416/2131 417/2132 368/2133
f 416/2134 368/2135 367/2136
f 416/2137 367/2138 413/2139
f 416/2140 413/2141 340/2142
f 388/2143 387/2144 393/2145
f 388/2146 393/2147 418/2148
f 388/2149 418/2150 385/2151
f 404/2152 354/2153 393/2154
f 404/2155 393/2156 360/2157
f 403/2158 360/2159 393/2160
f 403/2161 393/2162 392/2163
f 403/2164 392/2165 401/2166
f 403/2167 401/2168 358/2169
f 335/2170 402/2171 417/2172
f 335/2173 417/2174 333/2175
f 365/2176 369/2177 397/2178
f 365/2179 397/2180 394/2181
f 368/2182 417/2183 419/2184
f 368/2185 419/2186 369/2187
f 417/2188 402/2189 419/2190
f 397/2191 369/2192 419/2193
f 397/2194 419/2195 398/2196
f 419/2197 402/2198 398/2199
f 367/2200 366/2201 414/2202
f 367/2203 414/2204 413/2205
f 372/2206 371/2207 366/2208
f 372/2209 366/2210 363/2211
f 414/2212 371/2213 415/2214
f 338/2215 340/2216 413/2217
f 371/2218 414/2219 366/2220
f 371/2221 370/2222 415/2223
f 374/2224 373/2225 415/2226
f 374/2227 415/2228 370/2229
f 411/2230 344/2231 415/2232
f 411/2233 415/2234 420/2235
f 411/2236 420/2237 342/2238
f 373/2239 376/2240 415/2241
f 376/2242 375/2243 420/2244
f 376/2245 420/2246 415/2247
f 410/2248 342/2249 420/2250
f 410/2251 420/2252 421/2253
f 410/2254 421/2255 348/2256
f 375/2257 378/2258 420/2259
f 378/2260 377/2261 421/2262
f 378/2263 421/2264 420/2265
f 421/2266 377/2267 422/2268
f 421/2269 422/2270 348/2271
f 346/2272 409/2273 422/2274
f 346/2275 422/2276 423/2277
f 346/2278 423/2279 408/2280
f 423/2281 422/2282 379/2283
f 423/2284 379/2285 382/2286
f 423/2287 382/2288 381/2289
f 423/2290 381/2291 424/2292
f 423/2293 424/2294 352/2295
f 423/2296 352/2297 408/2298
f 348/2299 422/2300 409/2301
f 379/2302 422/2303 380/2304
f 381/2305 384/2306 424/2307
f 350/2308 407/2309 424/2310
f 350/2311 424/2312 425/2313
f 350/2314 425/2315 406/2316
f 425/2317 424/2318 383/2319
f 425/2320 383/2321 386/2322
f 425/2323 386/2324 418/2325
f 425/2326 418/2327 406/2328
f 352/2329 424/2330 407/2331
f 383/2332 424/2333 384/2334
f 385/2335 418/2336 386/2337
f 356/2338 406/2339 418/2340
f 356/2341 418/2342 405/2343
f 405/2344 418/2345 393/2346
f 405/2347 393/2348 354/2349
f 401/2350 392/2351 399/2352
f 396/2353 391/2354 389/2355
f 399/2356 392/2357 391/2358
f 362/2359 358/2360 401/2361
f 422/2362 377/2363 380/2364
f 287/2365 426/2366 280/2367
f 426/2368 287/2369 427/2370
f 426/2371 427/2372 363/2373
f 426/2374 363/2375 365/2376
f 426/2377 365/2378 428/2379
f 426/2380 428/2381 280/2382
f 286/2383 429/2384 249/2385
f 429/2386 286/2387 430/2388
f 429/2389 430/2390 370/2391
f 429/2392 370/2393 372/2394
f 429/2395 372/2396 427/2397
f 429/2398 427/2399 249/2400
f 255/2401 431/2402 256/2403
f 431/2404 255/2405 432/2406
f 431/2407 432/2408 375/2409
f 431/2410 375/2411 373/2412
f 431/2413 373/2414 430/2415
f 431/2416 430/2417 256/2418
f 262/2419 433/2420 285/2421
f 433/2422 262/2423 434/2424
f 433/2425 434/2426 379/2427
f 433/2428 379/2429 377/2430
f 433/2431 377/2432 432/2433
f 433/2434 432/2435 285/2436
f 269/2437 435/2438 284/2439
f 435/2440 269/2441 436/2442
f 435/2443 436/2444 383/2445
f 435/2446 383/2447 381/2448
f 435/2449 381/2450 434/2451
f 435/2452 434/2453 284/2454
f 283/2455 437/2456 268/2457
f 437/2458 283/2459 438/2460
f 437/2461 438/2462 387/2463
f 437/2464 387/2465 385/2466
f 437/2467 385/2468 436/2469
f 437/2470 436/2471 268/2472
f 282/2473 439/2474 275/2475
f 439/2476 282/2477 440/2478
f 439/2479 440/2480 396/2481
f 439/2482 396/2483 389/2484
f 439/2485 389/2486 438/2487
f 439/2488 438/2489 275/2490
f 280/2491 428/2492 279/2493
f 365/2494 394/2495 428/2496
f 428/2497 394/2498 440/2499
f 428/2500 440/2501 279/2502
f 389/2503 387/2504 438/2505
f 385/2506 383/2507 436/2508
f 381/2509 379/2510 434/2511
f 377/2512 375/2513 432/2514
f 373/2515 370/2516 430/2517
f 372/2518 363/2519 427/2520
f 249/2521 427/2522 287/2523
f 256/2524 430/2525 286/2526
f 285/2527 432/2528 255/2529
f 284/2530 434/2531 262/2532
f 268/2533 436/2534 269/2535
f 275/2536 438/2537 283/2538
f 279/2539 440/2540 282/2541
f 394/2542 396/2543 440/2544
f 441/2545 443/2546 442/2547
f 444/2548 441/2549 445/2550
f 445/2551 446/2552 444/2553
f 445/2554 447/2555 446/2556
f 445/2557 448/2558 447/2559
f 445/2560 441/2561 448/2562
f 449/2563 451/2564 450/2565
f 450/2566 452/2567 449/2568
f 450/2569 453/2570 452/2571
f 450/2572 454/2573 453/2574
f 450/2575 455/2576 454/2577
f 450/2578 451/2579 455/2580
f 456/2581 458/2582 457/2583
f 457/2584 459/2585 456/2586
f 457/2587 460/2588 459/2589
f 457/2590 461/2591 460/2592
f 457/2593 458/2594 461/2595
f 462/2596 464/2597 463/2598
f 463/2599 465/2600 462/2601
f 463/2602 466/2603 465/2604
f 463/2605 467/2606 466/2607
f 463/2608 468/2609 467/2610
f 463/2611 464/2612 468/2613
f 469/2614 471/2615 470/2616
f 470/2617 472/2618 469/2619
f 470/2620 473/2621 472/2622
f 470/2623 474/2624 473/2625
f 470/2626 471/2627 474/2628
f 443/2629 476/2630 475/2631
f 477/2632 478/2633 475/2634
f 475/2635 479/2636 477/2637
f 475/2638 476/2639 479/2640
f 473/2641 480/2642 472/2643
f 473/2644 474/2645 481/2646
f 474/2647 465/2648 481/2649
f 474/2650 471/2651 465/2652
f 467/2653 468/2654 482/2655
f 468/2656 459/2657 482/2658
f 468/2659 464/2660 459/2661
f 460/2662 461/2663 483/2664
f 461/2665 452/2666 483/2667
f 461/2668 458/2669 452/2670
f 454/2671 455/2672 484/2673
f 455/2674 446/2675 484/2676
f 455/2677 451/2678 446/2679
f 447/2680 448/2681 485/2682
f 448/2683 442/2684 485/2685
f 448/2686 441/2687 442/2688
f 462/2689 465/2690 471/2691
f 480/2692 479/2693 472/2694
f 480/2695 477/2696 479/2697
f 484/2698 446/2699 447/2700
f 444/2701 446/2702 451/2703
f 449/2704 452/2705 458/2706
f 482/2707 459/2708 460/2709
f 456/2710 459/2711 464/2712
f 478/2713 442/2714 475/2715
f 478/2716 485/2717 442/2718
f 443/2719 475/2720 442/2721
f 483/2722 452/2723 453/2724
f 481/2725 465/2726 466/2727
f 469/2728 472/2729 476/2730
f 476/2731 472/2732 479/2733
f 498/2734 500/2735 499/2736
f 499/2737 501/2738 498/2739
f 499/2740 486/2741 501/2742
f 499/2743 487/2744 486/2745
f 499/2746 502/2747 487/2748
f 499/2749 500/2750 502/2751
f 503/2752 505/2753 504/2754
f 504/2755 506/2756 503/2757
f 504/2758 488/2759 506/2760
f 504/2761 489/2762 488/2763
f 504/2764 507/2765 489/2766
f 504/2767 505/2768 507/2769
f 508/2770 510/2771 509/2772
f 509/2773 511/2774 508/2775
f 509/2776 491/2777 511/2778
f 509/2779 488/2780 491/2781
f 509/2782 506/2783 488/2784
f 509/2785 510/2786 506/2787
f 512/2788 514/2789 513/2790
f 515/2791 512/2792 516/2793
f 516/2794 517/2795 515/2796
f 516/2797 492/2798 517/2799
f 516/2800 493/2801 492/2802
f 516/2803 518/2804 493/2805
f 516/2806 512/2807 518/2808
f 519/2809 521/2810 520/2811
f 520/2812 522/2813 519/2814
f 520/2815 495/2816 522/2817
f 520/2818 492/2819 495/2820
f 520/2821 517/2822 492/2823
f 520/2824 521/2825 517/2826
f 523/2827 525/2828 524/2829
f 526/2830 523/2831 527/2832
f 527/2833 528/2834 526/2835
f 527/2836 496/2837 528/2838
f 527/2839 497/2840 496/2841
f 527/2842 529/2843 497/2844
f 527/2845 523/2846 529/2847
f 500/2848 530/2849 502/2850
f 487/2851 502/2852 496/2853
f 497/2854 529/2855 494/2856
f 495/2857 494/2858 522/2859
f 493/2860 518/2861 490/2862
f 491/2863 490/2864 511/2865
f 489/2866 507/2867 486/2868
f 523/2869 524/2870 529/2871
f 525/2872 522/2873 524/2874
f 525/2875 519/2876 522/2877
f 530/2878 528/2879 502/2880
f 530/2881 526/2882 528/2883
f 505/2884 501/2885 507/2886
f 505/2887 498/2888 501/2889
f 512/2890 513/2891 518/2892
f 507/2893 501/2894 486/2895
f 510/2896 503/2897 506/2898
f 514/2899 511/2900 513/2901
f 514/2902 508/2903 511/2904
f 518/2905 513/2906 490/2907
f 490/2908 513/2909 511/2910
f 521/2911 515/2912 517/2913
f 494/2914 524/2915 522/2916
f 494/2917 529/2918 524/2919
f 502/2920 528/2921 496/2922
f 531/2923 533/2924 532/2925
f 532/2926 534/2927 531/2928
f 532/2929 498/2930 534/2931
f 532/2932 500/2933 498/2934
f 532/2935 535/2936 500/2937
f 532/2938 533/2939 535/2940
f 536/2941 538/2942 537/2943
f 537/2944 539/2945 536/2946
f 537/2947 503/2948 539/2949
f 537/2950 505/2951 503/2952
f 537/2953 534/2954 505/2955
f 537/2956 538/2957 534/2958
f 540/2959 542/2960 541/2961
f 541/2962 543/2963 540/2964
f 541/2965 508/2966 543/2967
f 541/2968 510/2969 508/2970
f 541/2971 539/2972 510/2973
f 541/2974 542/2975 539/2976
f 544/2977 546/2978 545/2979
f 545/2980 547/2981 544/2982
f 545/2983 512/2984 547/2985
f 545/2986 514/2987 512/2988
f 545/2989 543/2990 514/2991
f 545/2992 546/2993 543/2994
f 548/2995 550/2996 549/2997
f 549/2998 551/2999 548/3000
f 549/3001 521/3002 551/3003
f 549/3004 515/3005 521/3006
f 549/3007 547/3008 515/3009
f 549/3010 550/3011 547/3012
f 552/3013 554/3014 553/3015
f 553/3016 555/3017 552/3018
f 553/3019 525/3020 555/3021
f 553/3022 519/3023 525/3024
f 553/3025 551/3026 519/3027
f 553/3028 554/3029 551/3030
f 556/3031 558/3032 557/3033
f 557/3034 559/3035 556/3036
f 557/3037 526/3038 559/3039
f 557/3040 523/3041 526/3042
f 557/3043 555/3044 523/3045
f 557/3046 558/3047 555/3048
f 533/3049 560/3050 535/3051
f 500/3052 535/3053 530/3054
f 535/3055 559/3056 530/3057
f 535/3058 560/3059 559/3060
f 523/3061 555/3062 525/3063
f 519/3064 551/3065 521/3066
f 515/3067 547/3068 512/3069
f 514/3070 543/3071 508/3072
f 510/3073 539/3074 503/3075
f 505/3076 534/3077 498/3078
f 538/3079 531/3080 534/3081
f 542/3082 536/3083 539/3084
f 546/3085 540/3086 543/3087
f 550/3088 544/3089 547/3090
f 554/3091 548/3092 551/3093
f 558/3094 552/3095 555/3096
f 560/3097 556/3098 559/3099
f 530/3100 559/3101 526/3102
f 561/3103 563/3104 562/3105
f 562/3106 564/3107 561/3108
f 562/3109 565/3110 564/3111
f 562/3112 566/3113 565/3114
f 562/3115 567/3116 566/3117
f 562/3118 563/3119 567/3120
f 568/3121 570/3122 569/3123
f 571/3124 568/3125 572/3126
f 573/3127 571/3128 574/3129
f 575/3130 573/3131 576/3132
f 577/3133 575/3134 578/3135
f 579/3136 577/3137 580/3138
f 581/3139 579/3140 582/3141
f 583/3142 581/3143 584/3144
f 585/3145 583/3146 586/3147
f 587/3148 585/3149 588/3150
f 588/3151 589/3152 587/3153
f 588/3154 590/3155 589/3156
f 588/3157 591/3158 590/3159
f 588/3160 585/3161 591/3162
f 592/3163 594/3164 593/3165
f 593/3166 595/3167 592/3168
f 593/3169 596/3170 595/3171
f 593/3172 597/3173 596/3174
f 593/3175 589/3176 597/3177
f 593/3178 594/3179 589/3180
f 560/3181 533/3182 598/3183
f 598/3184 599/3185 560/3186
f 598/3187 597/3188 599/3189
f 598/3190 596/3191 597/3192
f 598/3193 600/3194 596/3195
f 598/3196 533/3197 600/3198
f 558/3199 556/3200 601/3201
f 552/3202 558/3203 602/3204
f 554/3205 552/3206 603/3207
f 548/3208 554/3209 604/3210
f 550/3211 548/3212 605/3213
f 544/3214 550/3215 606/3216
f 546/3217 544/3218 607/3219
f 540/3220 546/3221 608/3222
f 542/3223 540/3224 609/3225
f 536/3226 542/3227 610/3228
f 610/3229 611/3230 536/3231
f 610/3232 612/3233 611/3234
f 610/3235 613/3236 612/3237
f 610/3238 542/3239 613/3240
f 531/3241 538/3242 614/3243
f 614/3244 615/3245 531/3246
f 614/3247 566/3248 615/3249
f 614/3250 565/3251 566/3252
f 614/3253 611/3254 565/3255
f 614/3256 538/3257 611/3258
f 586/3259 591/3260 585/3261
f 586/3262 616/3263 591/3264
f 586/3265 583/3266 616/3267
f 602/3268 591/3269 552/3270
f 602/3271 558/3272 591/3273
f 601/3274 591/3275 558/3276
f 601/3277 590/3278 591/3279
f 601/3280 599/3281 590/3282
f 601/3283 556/3284 599/3285
f 533/3286 615/3287 600/3288
f 533/3289 531/3290 615/3291
f 563/3292 595/3293 567/3294
f 563/3295 592/3296 595/3297
f 566/3298 617/3299 615/3300
f 566/3301 567/3302 617/3303
f 615/3304 617/3305 600/3306
f 595/3307 617/3308 567/3309
f 595/3310 596/3311 617/3312
f 617/3313 596/3314 600/3315
f 565/3316 612/3317 564/3318
f 565/3319 611/3320 612/3321
f 570/3322 564/3323 569/3324
f 570/3325 561/3326 564/3327
f 612/3328 613/3329 569/3330
f 536/3331 611/3332 538/3333
f 569/3334 564/3335 612/3336
f 569/3337 613/3338 568/3339
f 572/3340 613/3341 571/3342
f 572/3343 568/3344 613/3345
f 609/3346 613/3347 542/3348
f 609/3349 618/3350 613/3351
f 609/3352 540/3353 618/3354
f 571/3355 613/3356 574/3357
f 574/3358 618/3359 573/3360
f 574/3361 613/3362 618/3363
f 608/3364 618/3365 540/3366
f 608/3367 619/3368 618/3369
f 608/3370 546/3371 619/3372
f 573/3373 618/3374 576/3375
f 576/3376 619/3377 575/3378
f 576/3379 618/3380 619/3381
f 619/3382 620/3383 575/3384
f 619/3385 546/3386 620/3387
f 544/3388 620/3389 607/3390
f 544/3391 621/3392 620/3393
f 544/3394 606/3395 621/3396
f 621/3397 577/3398 620/3399
f 621/3400 580/3401 577/3402
f 621/3403 579/3404 580/3405
f 621/3406 622/3407 579/3408
f 621/3409 550/3410 622/3411
f 621/3412 606/3413 550/3414
f 546/3415 607/3416 620/3417
f 577/3418 578/3419 620/3420
f 579/3421 622/3422 582/3423
f 548/3424 622/3425 605/3426
f 548/3427 623/3428 622/3429
f 548/3430 604/3431 623/3432
f 623/3433 581/3434 622/3435
f 623/3436 584/3437 581/3438
f 623/3439 616/3440 584/3441
f 623/3442 604/3443 616/3444
f 550/3445 605/3446 622/3447
f 581/3448 582/3449 622/3450
f 583/3451 584/3452 616/3453
f 554/3454 616/3455 604/3456
f 554/3457 603/3458 616/3459
f 603/3460 591/3461 616/3462
f 603/3463 552/3464 591/3465
f 599/3466 597/3467 590/3468
f 594/3469 587/3470 589/3471
f 597/3472 589/3473 590/3474
f 560/3475 599/3476 556/3477
f 620/3478 578/3479 575/3480
f 485/3481 478/3482 624/3483
f 624/3484 625/3485 485/3486
f 624/3487 561/3488 625/3489
f 624/3490 563/3491 561/3492
f 624/3493 626/3494 563/3495
f 624/3496 478/3497 626/3498
f 484/3499 447/3500 627/3501
f 627/3502 628/3503 484/3504
f 627/3505 568/3506 628/3507
f 627/3508 570/3509 568/3510
f 627/3511 625/3512 570/3513
f 627/3514 447/3515 625/3516
f 453/3517 454/3518 629/3519
f 629/3520 630/3521 453/3522
f 629/3523 573/3524 630/3525
f 629/3526 571/3527 573/3528
f 629/3529 628/3530 571/3531
f 629/3532 454/3533 628/3534
f 460/3535 483/3536 631/3537
f 631/3538 632/3539 460/3540
f 631/3541 577/3542 632/3543
f 631/3544 575/3545 577/3546
f 631/3547 630/3548 575/3549
f 631/3550 483/3551 630/3552
f 467/3553 482/3554 633/3555
f 633/3556 634/3557 467/3558
f 633/3559 581/3560 634/3561
f 633/3562 579/3563 581/3564
f 633/3565 632/3566 579/3567
f 633/3568 482/3569 632/3570
f 481/3571 466/3572 635/3573
f 635/3574 636/3575 481/3576
f 635/3577 585/3578 636/3579
f 635/3580 583/3581 585/3582
f 635/3583 634/3584 583/3585
f 635/3586 466/3587 634/3588
f 480/3589 473/3590 637/3591
f 637/3592 638/3593 480/3594
f 637/3595 594/3596 638/3597
f 637/3598 587/3599 594/3600
f 637/3601 636/3602 587/3603
f 637/3604 473/3605 636/3606
f 478/3607 477/3608 626/3609
f 563/3610 626/3611 592/3612
f 626/3613 638/3614 592/3615
f 626/3616 477/3617 638/3618
f 587/3619 636/3620 585/3621
f 583/3622 634/3623 581/3624
f 579/3625 632/3626 577/3627
f 575/3628 630/3629 573/3630
f 571/3631 628/3632 568/3633
f 570/3634 625/3635 561/3636
f 447/3637 485/3638 625/3639
f 454/3640 484/3641 628/3642
f 483/3643 453/3644 630/3645
f 482/3646 460/3647 632/3648
f 466/3649 467/3650 634/3651
f 473/3652 481/3653 636/3654
f 477/3655 480/3656 638/3657
f 592/3658 638/3659 594/3660
