# Converted from a320src/A320-family-master/Models/LandingGears/a320.mlg.right.ac by simengine's ac3d_to_obj tool
# NOTE: materials/textures are not exported — see tools/ac3d_to_obj/main.cpp LIMITATIONS.
v 0 0.06 0.36195
v -0.051962 0.03 0.36195
v -0.06 0 0.36195
v -0.051962 -0.03 0.36195
v 0 -0.06 0.36195
v -0.03 0.051961 0.36195
v -0.03 -0.051962 0.36195
v 0.03 -0.051962 0.36195
v 0.051962 -0.03 0.36195
v 0.03 0.051961 0.36195
v 0.06 0 0.36195
v 0.051962 0.03 0.36195
v -0.039971 -0.044748 -0.152171
v -0.03 -0.051962 -0.36195
v -0.033771 -0.049592 -0.153267
v -0.045355 -0.039281 -0.148745
v -0.054063 -0.026021 -0.140228
v -0.051962 -0.03 -0.36195
v -0.059081 -0.010461 -0.136174
v -0.055983 0.021586 -0.146135
v -0.06 0 -0.36195
v -0.0597 0.005985 -0.138532
v -0.051962 0.03 -0.36195
v -0.037714 0.046664 -0.165513
v -0.008219 0.059432 -0.174995
v -0.03 0.051961 -0.36195
v -0.023997 0.054992 -0.172438
v 0 0.06 -0.36195
v 0.008158 0.059441 -0.17246
v 0.048075 0.035899 -0.146127
v 0.03 0.051961 -0.36195
v 0.023665 0.055136 -0.165537
v 0.051962 0.03 -0.36195
v 0.055857 0.021909 -0.138536
v 0.059084 -0.010444 -0.140227
v 0.06 0 -0.36195
v 0.059706 0.005916 -0.136178
v 0.054282 -0.025562 -0.148745
v 0.050576 -0.032281 -0.152171
v 0.051962 -0.03 -0.36195
v 0.045917 -0.038621 -0.153267
v 0.021391 -0.056057 -0.139417
v 0.03 -0.051962 -0.36195
v 0.034419 -0.049145 -0.14944
v -0.019857 -0.056618 -0.14944
v 0 -0.06 -0.36195
v 0.008184 -0.059439 -0.125
v -0.005446 -0.059752 -0.139417
v -0.06 0 -0.36195
v -0.051962 -0.03 -0.36195
v -0.051962 0.03 -0.36195
v -0.03 0.051961 -0.36195
v -0.03 -0.051962 -0.36195
v 0.03 0.051961 -0.36195
v 0 -0.06 -0.36195
v 0 0.06 -0.36195
v 0.03 -0.051962 -0.36195
v 0.051962 -0.03 -0.36195
v 0.051962 0.03 -0.36195
v 0.06 0 -0.36195
v 0.045917 -0.038621 0.153267
v 0.050576 -0.032281 0.152171
v 0.054282 -0.025562 0.148745
v 0.051962 -0.03 0.36195
v 0.059083 -0.010443 0.140228
v 0.055862 0.021896 0.138532
v 0.06 0 0.36195
v 0.05971 0.005894 0.136174
v 0.051962 0.03 0.36195
v 0.048067 0.035911 0.146135
v 0.008243 0.059431 0.172438
v 0.03 0.051961 0.36195
v 0.0237 0.05512 0.165513
v 0 0.06 0.36195
v -0.008147 0.059442 0.174995
v -0.037684 0.046689 0.165537
v -0.03 0.051961 0.36195
v -0.023918 0.055025 0.17246
v -0.051962 0.03 0.36195
v -0.055988 0.021572 0.146127
v -0.059083 -0.010439 0.136178
v -0.06 0 0.36195
v -0.0597 0.005998 0.138536
v -0.054063 -0.026022 0.140227
v -0.045355 -0.039281 0.148745
v -0.051962 -0.03 0.36195
v -0.039971 -0.044748 0.152171
v -0.019857 -0.056618 0.14944
v -0.03 -0.051962 0.36195
v -0.033771 -0.049592 0.153267
v -0.005446 -0.059752 0.139417
v 0.034419 -0.049145 0.14944
v 0.03 -0.051962 0.36195
v 0 -0.06 0.36195
v 0.008184 -0.059439 0.125
v 0.021391 -0.056057 0.139417
v -0.057055 -0.068421 0.106246
v -0.100013 -0.074336 0.0608
v -0.100013 -0.074336 -0.0608
v -0.057055 -0.068421 -0.106246
v -0.036586 -0.065603 -0.116545
v -0.014589 -0.062575 -0.122868
v 0.008184 -0.059439 -0.125
v 0.030957 -0.056304 -0.122868
v 0.052953 -0.053275 -0.116545
v 0.073422 -0.050457 -0.106246
v 0.11638 -0.044543 -0.0608
v 0.132015 -0.04239 0
v -0.115648 -0.076489 0
v 0.11638 -0.044543 0.0608
v 0.030957 -0.056304 0.122868
v 0.052953 -0.053275 0.116545
v -0.036586 -0.065603 0.116545
v 0.073422 -0.050457 0.106246
v 0.008184 -0.059439 0.125
v -0.014589 -0.062575 0.122868
v 0.088193 0.153463 0.062418
v -0.01919 0.138679 -0.125
v 0.042739 0.147205 -0.108301
v -0.081093 0.130156 -0.108206
v 0.088099 0.15345 -0.062582
v -0.142927 0.121642 9.5e-05
v 0.104737 0.155741 -9.5e-05
v -0.126384 0.12392 -0.062418
v 0.042902 0.147228 0.108206
v -0.019001 0.138705 0.125
v -0.12629 0.123933 0.062582
v -0.08093 0.130178 0.108301
v -0.172135 0.060281 -0.06
v -0.172135 0.060281 0.06
v -0.186421 0.050302 0.06
v -0.195108 0.035197 -0.06
v -0.195108 0.035197 0.06
v -0.186421 0.050302 -0.06
v -0.196549 0.017831 0.06
v -0.190469 0.0015 -0.06
v -0.190469 0.0015 0.06
v -0.196549 0.017831 -0.06
v -0.178023 -0.010696 0.06
v -0.161572 -0.016442 0.06
v -0.178023 -0.010696 -0.06
v -0.161572 -0.016442 -0.06
v -0.161572 -0.016442 -0.06
v -0.107559 -0.022763 -0.06
v -0.121517 -0.02113 -0.020764
v -0.161572 -0.016442 0.06
v -0.121517 -0.02113 0.020764
v -0.107559 -0.022763 0.06
v -0.134837 0.075618 0.020764
v -0.12184 0.080963 0.06
v -0.172135 0.060281 0.06
v -0.172135 0.060281 -0.06
v -0.134837 0.075618 -0.020764
v -0.12184 0.080963 -0.06
v -0.196549 0.017831 -0.06
v -0.186421 0.050302 -0.06
v -0.190469 0.0015 -0.06
v -0.195108 0.035197 -0.06
v -0.178023 -0.010696 -0.06
v -0.172135 0.060281 -0.06
v -0.161572 -0.016442 -0.06
v -0.12184 0.080963 -0.06
v -0.107559 -0.022763 -0.06
v -0.195108 0.035197 0.06
v -0.196549 0.017831 0.06
v -0.178023 -0.010696 0.06
v -0.186421 0.050302 0.06
v -0.190469 0.0015 0.06
v -0.172135 0.060281 0.06
v -0.12184 0.080963 0.06
v -0.161572 -0.016442 0.06
v -0.107559 -0.022763 0.06
v 0.034419 -0.049145 0.14944
v 0.021391 -0.056057 0.139417
v 0.008184 -0.059439 0.125
v 0.038547 -0.049732 0.132994
v 0.030957 -0.056304 0.122868
v 0.061571 -0.04096 0.116726
v 0.052953 -0.053275 0.116545
v 0.073422 -0.050457 0.106246
v 0.045917 -0.038621 0.153267
v 0.049967 -0.042305 0.130527
v 0.050576 -0.032281 0.152171
v 0.054888 -0.032267 0.131565
v 0.054282 -0.025562 0.148745
v 0.008184 -0.059439 0.125
v -0.019857 -0.056618 0.14944
v -0.005446 -0.059752 0.139417
v -0.033771 -0.049592 0.153267
v -0.044126 -0.0459 0.131565
v -0.039971 -0.044748 0.152171
v -0.045355 -0.039281 0.148745
v -0.014589 -0.062575 0.122868
v -0.024203 -0.058176 0.132993
v -0.03672 -0.054216 0.130506
v -0.036586 -0.065603 0.116545
v -0.048211 -0.056075 0.116726
v -0.057055 -0.068421 0.106246
v 0.047107 0.04241 0.129721
v 0.051527 0.051621 0.115164
v -0.059083 -0.010439 0.136178
v -0.055988 0.021572 0.146127
v -0.058038 0.025002 0.128449
v -0.0597 0.005998 0.138536
v -0.023918 0.055025 0.17246
v -0.037684 0.046689 0.165537
v 0.008243 0.059431 0.172438
v -0.00331 0.066571 0.149741
v -0.008147 0.059442 0.174995
v 0.048067 0.035911 0.146135
v 0.0237 0.05512 0.165513
v 0.068172 0.007411 0.108136
v 0.057086 0.025365 0.123463
v 0.05971 0.005894 0.136174
v 0.061806 0.006906 0.121494
v 0.055862 0.021896 0.138532
v 0.061516 -0.011299 0.124006
v 0.059083 -0.010443 0.140228
v 0.054282 -0.025562 0.148745
v 0.054888 -0.032267 0.131565
v 0.061571 -0.04096 0.116726
v 0.068254 -0.014999 0.110293
v 0.073422 -0.050457 0.106246
v 0.060871 0.062085 0.104382
v 0.062671 0.030284 0.109837
v 0.078356 0.006522 0.097267
v 0.014466 0.064401 0.145904
v 0.032602 0.055894 0.138124
v 0.035395 0.069115 0.122206
v 0.006669 0.107794 0.12317
v 0.015099 0.080942 0.128518
v 0.027366 0.098838 0.118224
v -0.018815 0.063853 0.149232
v -0.005026 0.084672 0.1315
v -0.035448 0.102036 0.123186
v -0.02255 0.081417 0.131112
v -0.014956 0.108974 0.124996
v -0.06481 0.031927 0.114085
v -0.048799 0.042095 0.136519
v -0.033578 0.056653 0.145023
v -0.038864 0.071962 0.127819
v -0.07539 0.043301 0.104376
v -0.055197 0.053295 0.120875
v -0.05302 0.087809 0.11824
v -0.060006 -0.016554 0.121929
v -0.061977 0.007432 0.123131
v -0.068666 0.010237 0.109543
v -0.077208 -0.014854 0.09727
v -0.057055 -0.068421 0.106246
v -0.066028 -0.01931 0.108511
v -0.048211 -0.056075 0.116726
v -0.054063 -0.026022 0.140227
v -0.044126 -0.0459 0.131565
v -0.045355 -0.039281 0.148745
v -0.107559 -0.022763 0.06
v -0.107559 -0.022763 -0.06
v -0.121517 -0.02113 -0.020764
v -0.121517 -0.02113 0.020764
v -0.115648 -0.076489 0
v -0.077208 -0.014854 0.09727
v -0.100013 -0.074336 0.0608
v -0.057055 -0.068421 0.106246
v -0.12184 0.080963 0.06
v -0.05302 0.087809 0.11824
v -0.014956 0.108974 0.124996
v 0.027366 0.098838 0.118224
v 0.078356 0.006522 0.097267
v 0.073422 -0.050457 0.106246
v 0.132015 -0.04239 0
v 0.073422 -0.050457 -0.106246
v 0.07835 0.006563 -0.09727
v 0.027318 0.09887 -0.11824
v -0.01505 0.108961 -0.124996
v -0.053058 0.087765 -0.118224
v -0.12184 0.080963 -0.06
v -0.100013 -0.074336 -0.0608
v -0.077203 -0.014896 -0.097267
v -0.057055 -0.068421 -0.106246
v -0.035448 0.102036 0.123186
v -0.12629 0.123933 0.062582
v -0.07539 0.043301 0.104376
v -0.08093 0.130178 0.108301
v -0.134837 0.075618 0.020764
v -0.134837 0.075618 -0.020764
v -0.142927 0.121642 9.5e-05
v -0.075385 0.043326 -0.104382
v -0.126384 0.12392 -0.062418
v -0.035551 0.101981 -0.12317
v -0.081093 0.130156 -0.108206
v 0.006555 0.107819 -0.123186
v -0.01919 0.138679 -0.125
v 0.060883 0.062063 -0.104376
v 0.042739 0.147205 -0.108301
v 0.11638 -0.044543 -0.0608
v 0.088099 0.15345 -0.062582
v 0.11638 -0.044543 0.0608
v 0.104737 0.155741 -9.5e-05
v 0.060871 0.062085 0.104382
v 0.088193 0.153463 0.062418
v -0.019001 0.138705 0.125
v 0.006669 0.107794 0.12317
v 0.042902 0.147228 0.108206
v -0.033771 -0.049592 -0.153267
v -0.005446 -0.059752 -0.139417
v 0.008184 -0.059439 -0.125
v -0.019857 -0.056618 -0.14944
v -0.014589 -0.062575 -0.122868
v -0.036586 -0.065603 -0.116545
v -0.057055 -0.068421 -0.106246
v -0.048211 -0.056075 -0.116726
v -0.039971 -0.044748 -0.152171
v -0.044126 -0.0459 -0.131565
v -0.045355 -0.039281 -0.148745
v 0.008184 -0.059439 -0.125
v 0.034419 -0.049145 -0.14944
v 0.021391 -0.056057 -0.139417
v 0.045917 -0.038621 -0.153267
v 0.054888 -0.032267 -0.131565
v 0.050576 -0.032281 -0.152171
v 0.054282 -0.025562 -0.148745
v 0.030957 -0.056304 -0.122868
v 0.033852 -0.052085 -0.132699
v 0.046102 -0.045094 -0.13206
v 0.052953 -0.053275 -0.116545
v 0.061571 -0.04096 -0.116726
v 0.073422 -0.050457 -0.106246
v -0.056032 0.029884 -0.130493
v -0.062754 0.037992 -0.115818
v 0.055857 0.021909 -0.138536
v 0.059706 0.005916 -0.136178
v 0.021188 0.06207 -0.143426
v 0.055407 0.045577 -0.11329
v 0.05059 0.037637 -0.127516
v 0.023665 0.055136 -0.165537
v 0.038883 0.051026 -0.134681
v 0.048075 0.035899 -0.146127
v 0.008158 0.059441 -0.17246
v -0.023997 0.054992 -0.172438
v -0.012054 0.065585 -0.149936
v -0.008219 0.059432 -0.174995
v -0.055983 0.021586 -0.146135
v -0.037714 0.046664 -0.165513
v -0.06781 -0.010158 -0.108125
v -0.061626 0.010526 -0.123817
v -0.059081 -0.010461 -0.136174
v -0.061514 -0.009137 -0.12148
v -0.0597 0.005985 -0.138532
v -0.056364 -0.027072 -0.123891
v -0.054063 -0.026021 -0.140228
v -0.045355 -0.039281 -0.148745
v -0.044126 -0.0459 -0.131565
v -0.048211 -0.056075 -0.116726
v -0.061876 -0.032349 -0.110195
v -0.057055 -0.068421 -0.106246
v -0.075385 0.043326 -0.104382
v -0.068356 0.014046 -0.110131
v -0.077203 -0.014896 -0.097267
v -0.028835 0.05954 -0.14678
v -0.044869 0.046863 -0.139179
v -0.051028 0.059343 -0.123076
v -0.035551 0.101981 -0.12317
v -0.033672 0.075746 -0.129209
v -0.053058 0.087765 -0.118224
v 0.022649 0.077563 -0.126538
v 0.0039 0.066364 -0.148702
v -0.01494 0.083626 -0.131647
v -0.01505 0.108961 -0.124996
v 0.003159 0.084073 -0.130705
v 0.006555 0.107819 -0.123186
v 0.060883 0.062063 -0.104376
v 0.042383 0.062702 -0.119341
v 0.027318 0.09887 -0.11824
v 0.062225 0.001126 -0.121843
v 0.05789 0.023297 -0.123002
v 0.063604 0.027658 -0.109432
v 0.07835 0.006563 -0.09727
v 0.073422 -0.050457 -0.106246
v 0.068748 0.000296 -0.108437
v 0.061571 -0.04096 -0.116726
v 0.059084 -0.010444 -0.140227
v 0.054888 -0.032267 -0.131565
v 0.054282 -0.025562 -0.148745
v -0.8784 2.01756 0.82897
v -0.86151 2.00663 0.812691
v -0.896791 2.01531 0.847041
v -0.819881 1.95843 0.773082
v -0.911756 2.00046 0.86206
v -0.919285 1.97701 0.870004
v -0.864869 1.88183 0.819009
v -0.91736 1.95123 0.868744
v -0.906497 1.93003 0.858618
v -0.86151 2.00663 0.812691
v -1.00144 2.00316 0.669838
v -0.959814 1.95496 0.63023
v -0.334427 1.26052 0.084654
v -0.819881 1.95843 0.773082
v -0.24465 1.26274 0.176304
v -0.819881 1.95843 0.773082
v -0.864869 1.88183 0.819009
v -0.273328 1.17519 0.205359
v -0.255361 1.17744 0.186856
v -0.240551 1.19228 0.171678
v -0.232867 1.21574 0.163893
v -0.24465 1.26274 0.176304
v -0.289638 1.18614 0.222231
v -0.234367 1.24153 0.165586
v -0.906497 1.93003 0.858618
v -1.04643 1.92657 0.715765
v -1.0048 1.87837 0.676157
v -0.864869 1.88183 0.819009
v -0.379415 1.18392 0.130581
v -0.289638 1.18614 0.222231
v -1.00144 2.00316 0.669838
v -0.86151 2.00663 0.812691
v -0.8784 2.01756 0.82897
v -1.03672 2.01184 0.704188
v -0.896791 2.01531 0.847041
v -1.01833 2.0141 0.686118
v -0.911756 2.00046 0.86206
v -1.05922 1.97355 0.727152
v -0.919285 1.97701 0.870004
v -1.05169 1.997 0.719208
v -0.91736 1.95123 0.868744
v -0.906497 1.93003 0.858618
v -1.05729 1.94776 0.725892
v -1.04643 1.92657 0.715765
v -1.05729 1.94776 0.725892
v -1.04643 1.92657 0.715765
v -1.05922 1.97355 0.727152
v -1.0048 1.87837 0.676157
v -1.05169 1.997 0.719208
v -1.03672 2.01184 0.704188
v -0.959814 1.95496 0.63023
v -1.01833 2.0141 0.686118
v -1.00144 2.00316 0.669838
v -0.24465 1.26274 0.176304
v -0.334427 1.26052 0.084654
v -0.322985 1.23933 0.07512
v -0.232867 1.21574 0.163893
v -0.320636 1.21356 0.074293
v -0.234367 1.24153 0.165586
v -0.328009 1.19011 0.082395
v -0.255361 1.17744 0.186856
v -0.34313 1.17527 0.097256
v -0.240551 1.19228 0.171678
v -0.361946 1.173 0.114893
v -0.379415 1.18392 0.130581
v -0.273328 1.17519 0.205359
v -0.289638 1.18614 0.222231
v -0.320636 1.21356 0.074293
v -0.322985 1.23933 0.07512
v -0.328009 1.19011 0.082395
v -0.34313 1.17527 0.097256
v -0.361946 1.173 0.114893
v -0.959814 1.95496 0.63023
v -0.334427 1.26052 0.084654
v -0.379415 1.18392 0.130581
v -1.0048 1.87837 0.676157
v -1.43715 2.54559 1.31099
v -1.42436 2.49862 1.2996
v -0.918859 1.91332 0.81863
v -0.883578 1.90464 0.78428
v -1.43523 2.51981 1.30973
v -0.901969 1.90238 0.80235
v -1.42962 2.56905 1.30305
v -0.868612 1.91948 0.769261
v -0.863008 1.96871 0.762577
v -1.41466 2.58389 1.28803
v -0.861083 1.94294 0.761317
v -1.39627 2.58615 1.26996
v -0.873871 1.98991 0.772703
v -1.37938 2.57521 1.25368
v -1.37938 2.57521 1.25368
v -1.46683 2.57305 1.16439
v -0.873871 1.98991 0.772703
v -0.961329 1.98775 0.683421
v -1.51182 2.49645 1.21032
v -1.42436 2.49862 1.2996
v -1.00632 1.91115 0.729347
v -0.918859 1.91332 0.81863
v -1.48372 2.58398 1.18067
v -1.37938 2.57521 1.25368
v -1.46683 2.57305 1.16439
v -1.39627 2.58615 1.26996
v -1.51708 2.56688 1.21376
v -1.41466 2.58389 1.28803
v -1.50211 2.58173 1.19874
v -1.42962 2.56905 1.30305
v -1.52268 2.51765 1.22045
v -1.43715 2.54559 1.31099
v -1.52461 2.54343 1.22171
v -1.43523 2.51981 1.30973
v -1.51182 2.49645 1.21032
v -1.42436 2.49862 1.2996
v -0.873871 1.98991 0.772703
v -0.961329 1.98775 0.683421
v -0.950466 1.96655 0.673294
v -0.863008 1.96871 0.762577
v -0.868612 1.91948 0.769261
v -0.948541 1.94077 0.672034
v -0.861083 1.94294 0.761317
v -0.95607 1.91732 0.679978
v -0.901969 1.90238 0.80235
v -0.971035 1.90247 0.694998
v -0.883578 1.90464 0.78428
v -0.989427 1.90021 0.713068
v -0.918859 1.91332 0.81863
v -1.00632 1.91115 0.729347
v -1.52461 2.54343 1.22171
v -1.46683 2.57305 1.16439
v -0.950466 1.96655 0.673294
v -1.48372 2.58398 1.18067
v -0.961329 1.98775 0.683421
v -0.948541 1.94077 0.672034
v -1.50211 2.58173 1.19874
v -0.971035 1.90247 0.694998
v -1.51708 2.56688 1.21376
v -0.95607 1.91732 0.679978
v -1.52268 2.51765 1.22045
v -1.51182 2.49645 1.21032
v -0.989427 1.90021 0.713068
v -1.00632 1.91115 0.729347
v -0.207005 0.702079 0.06
v -0.192264 0.595142 0.06
v -0.271568 0.682756 0.06
v -0.265329 0.604779 0.06
v -0.282167 0.611074 0.06
v -0.294548 0.624107 0.06
v -0.299971 0.641246 0.06
v -0.297342 0.659029 0.06
v -0.28719 0.673864 0.06
v -0.258554 1.50601 -0.114102
v -0.132429 0.59115 -0.114076
v -0.195255 1.51474 -0.124292
v -0.1822 0.58429 -0.073303
v -0.331233 1.496 -0.012897
v -0.206942 0.702098 -0.06
v -0.308325 1.49915 -0.073328
v -0.321138 1.49739 0.051001
v -0.220174 0.698138 0.020757
v -0.207005 0.702079 0.06
v -0.220882 1.51121 0.124366
v -0.154622 0.588096 0.101268
v -0.280747 1.50296 0.101243
v -0.094757 0.59635 0.124392
v -0.107812 1.5268 0.073403
v -0.031458 0.605076 0.114202
v -0.157583 1.51994 0.114176
v -0.084904 1.52996 0.012971
v 0.041221 0.615093 0.012997
v -0.094999 1.52856 -0.050926
v 0.031126 0.6137 -0.050901
v -0.009265 0.60813 -0.101142
v -0.13539 1.52299 -0.101168
v -0.06913 0.599876 -0.124266
v 0.018313 0.611937 0.073429
v -0.195013 0.582527 0.051026
v -0.192264 0.595142 0.06
v -0.206229 0.596984 0.020756
v -0.192194 0.595132 -0.06
v -0.205108 0.581133 -0.012871
v -0.206205 0.596981 -0.020772
v -0.220152 0.698144 -0.020771
v -0.206942 0.702098 -0.06
v -0.271568 0.682756 -0.06
v -0.192194 0.595132 -0.06
v -0.265329 0.604779 -0.06
v -0.28719 0.673864 -0.06
v -0.297342 0.659029 -0.06
v -0.299971 0.641246 -0.06
v -0.282167 0.611074 -0.06
v -0.294548 0.624107 -0.06
v -0.206942 0.702098 -0.06
v -0.220152 0.698144 -0.020771
v -0.271568 0.682756 -0.06
v -0.220174 0.698138 0.020757
v -0.207005 0.702079 0.06
v -0.271568 0.682756 0.06
v -0.192264 0.595142 0.06
v -0.206229 0.596984 0.020756
v -0.265329 0.604779 0.06
v -0.265329 0.604779 -0.06
v -0.192194 0.595132 -0.06
v -0.206205 0.596981 -0.020772
v -0.265329 0.604779 -0.06
v -0.282167 0.611074 -0.06
v -0.265329 0.604779 0.06
v -0.282167 0.611074 0.06
v -0.299971 0.641246 -0.06
v -0.294548 0.624107 0.06
v -0.294548 0.624107 -0.06
v -0.299971 0.641246 0.06
v -0.28719 0.673864 -0.06
v -0.297342 0.659029 0.06
v -0.297342 0.659029 -0.06
v -0.28719 0.673864 0.06
v -0.271568 0.682756 0.06
v -0.271568 0.682756 -0.06
v -0.328052 1.56109 -0.048682
v -0.30224 1.50468 -0.081586
v -0.332491 1.59074 -0.054947
v -0.335587 1.57543 -0.030878
v -0.35486 1.62468 -0.013507
v -0.342429 1.6143 -0.06423
v -0.353003 1.61284 0.038374
v -0.340331 1.58712 0.03435
v -0.339392 1.5749 0.006041
v -0.339384 1.58006 -0.012545
v -0.34419 1.60328 -0.015119
v -0.316881 1.50266 0.060477
v -0.335604 1.56006 0.024597
v -0.353003 1.61284 0.038374
v -0.35486 1.62468 -0.013507
v -0.367244 1.63527 0.035637
v -0.342429 1.6143 -0.06423
v -0.356993 1.63668 -0.063826
v -0.869843 2.43456 -0.105366
v -0.876069 2.44444 -0.10702
v -1.03404 2.68784 -0.106129
v -0.881775 2.45391 -0.110877
v -1.04759 2.71368 -0.134759
v -0.902643 2.48963 -0.131372
v -0.911982 2.50446 -0.133853
v -0.894085 2.47543 -0.125587
v -1.06891 2.7486 -0.146563
v -1.03189 2.67799 -0.068345
v -0.880093 2.43315 -0.005903
v -1.0609 2.71185 -0.005552
v -0.892954 2.45237 -0.0024
v -1.04173 2.68678 -0.031531
v -1.08428 2.74648 0.002632
v -0.927358 2.50234 0.015342
v -0.917667 2.48756 0.014403
v -0.908067 2.47351 0.010089
v -0.886554 2.443 -0.005277
v -0.868279 2.78745 0.024646
v -0.853073 2.78954 -0.122911
v -0.865624 2.77663 0.025594
v -0.850248 2.77874 -0.123601
v -0.864261 2.77336 0.025688
v -0.848885 2.77547 -0.123507
v -0.845486 2.76926 -0.123245
v -0.862671 2.77019 0.025807
v -0.847295 2.7723 -0.123388
v -0.860862 2.76714 0.02595
v -0.845486 2.76926 -0.123245
v -0.75971 2.62741 -0.067762
v -0.860862 2.76714 0.02595
v -0.741556 2.60757 -0.114827
v -0.765165 2.62666 -0.014833
v -0.756932 2.60545 0.034368
v -0.655565 2.53981 0.043884
v -0.710111 2.56474 0.038616
v -0.680878 2.56529 0.035897
v -0.756932 2.60545 0.034368
v -0.739907 2.58763 0.031877
v -0.748252 2.60362 0.008872
v -0.730609 2.59788 0.002338
v -0.72213 2.58463 0.021474
v -0.75971 2.62741 -0.067762
v -0.75071 2.61606 -0.044643
v -0.765165 2.62666 -0.014833
v -0.744915 2.61192 -0.070997
v -0.728529 2.60477 -0.064161
v -0.733788 2.60821 -0.042275
v -0.751894 2.61328 -0.017333
v -0.69642 2.56781 -0.110739
v -0.721964 2.58537 -0.113508
v -0.741556 2.60757 -0.114827
v -0.640189 2.54193 -0.105311
v -0.666673 2.56725 -0.101941
v -0.690295 2.58855 -0.087728
v -0.707459 2.6026 -0.064835
v -0.719279 2.59601 -0.08352
v -0.735056 2.60137 -0.09448
v -0.706829 2.58277 -0.098999
v -0.713343 2.60179 -0.00774
v -0.734544 2.6059 -0.019514
v -0.715552 2.60725 -0.036747
v -0.701167 2.58706 0.017769
v -0.356993 1.63668 -0.063826
v -0.342429 1.6143 -0.06423
v -0.30224 1.50468 -0.081586
v -0.344489 1.95904 -0.076096
v -0.362054 1.94946 -0.064753
v -0.383203 1.94098 -0.062213
v -0.474005 1.98978 0.004818
v -0.469197 1.97801 0.02999
v -0.473878 1.99398 -0.020536
v -0.46882 1.99049 -0.045491
v -0.458946 1.97942 -0.069473
v -0.423211 1.9475 -0.066243
v -0.390093 1.97054 -0.03993
v -0.431929 1.96498 -0.040596
v -0.402915 1.94021 -0.064255
v -0.383203 1.94098 -0.062213
v -0.344489 1.95904 -0.076096
v -0.371013 2.00895 -0.045517
v -0.362054 1.94946 -0.064753
v -0.37877 2.02172 -0.028439
v -0.382612 2.02584 -0.010679
v -0.38246 2.02121 0.007369
v -0.378312 2.00795 0.025305
v -0.358436 1.95712 0.059237
v -0.373292 1.94792 0.044287
v -0.395636 1.9694 0.015236
v -0.393454 1.93957 0.037251
v -0.403687 1.93792 0.036173
v -0.4141 1.93898 0.035115
v -0.43491 1.94685 0.033081
v -0.437928 1.96904 -0.003968
v -0.397791 1.98304 -0.003524
v -0.437576 1.97137 -0.016408
v -0.397361 1.9853 -0.010627
v -0.395401 1.98215 -0.024346
v -0.367244 1.63527 0.035637
v -0.353003 1.61284 0.038374
v -0.393454 1.93957 0.037251
v -0.373292 1.94792 0.044287
v -0.358436 1.95712 0.059237
v -0.316881 1.50266 0.060477
v -0.869843 2.43456 -0.105366
v -0.356993 1.63668 -0.063826
v -0.458946 1.97942 -0.069473
v -0.724949 2.39326 -0.091019
v -0.735097 2.42351 -0.091636
v -0.730619 2.45375 -0.090746
v -0.383203 1.94098 -0.062213
v -0.402915 1.94021 -0.064255
v -0.423211 1.9475 -0.066243
v -0.458946 1.97942 -0.069473
v -0.46882 1.99049 -0.045491
v -0.724949 2.39326 -0.091019
v -0.722803 2.38421 -0.057841
v -0.474005 1.98978 0.004818
v -0.726307 2.38373 -0.023839
v -0.473878 1.99398 -0.020536
v -0.469197 1.97801 0.02999
v -0.7352 2.39185 0.008444
v -0.367244 1.63527 0.035637
v -0.469197 1.97801 0.02999
v -0.880093 2.43315 -0.005903
v -0.74087 2.45234 0.008718
v -0.745377 2.42244 0.007829
v -0.7352 2.39185 0.008444
v -0.43491 1.94685 0.033081
v -0.4141 1.93898 0.035115
v -0.403687 1.93792 0.036173
v -0.393454 1.93957 0.037251
v -0.292329 2.58989 -0.077159
v -0.284316 2.59099 -0.071723
v -0.297498 2.62738 -0.07716
v -0.285173 2.63024 -0.069577
v -0.26595 2.59352 -0.066011
v -0.271356 2.63273 -0.066012
v -0.27541 2.59222 -0.067959
v -0.26098 2.56209 0.077744
v -0.229606 2.54188 0.062425
v -0.254653 2.52622 0.058886
v -0.279532 2.55307 0.077194
v -0.274318 2.57544 0.081769
v -0.222411 2.51866 0.024389
v -0.238674 2.51299 0.0382
v -0.224421 2.52364 0.03699
v -0.231201 2.50824 0.018696
v -0.243375 2.47322 0.027423
v -0.25025 2.48009 0.042987
v -0.219376 2.52642 -0.014691
v -0.230156 2.50946 -0.001456
v -0.220813 2.51733 0.010926
v -0.238147 2.51989 -0.027732
v -0.243388 2.48101 -0.02342
v -0.239821 2.47369 -0.006972
v -0.239737 2.47096 0.010395
v -0.247058 2.56401 -0.057364
v -0.265168 2.55482 -0.060749
v -0.219407 2.54328 -0.03654
v -0.259313 2.57747 -0.063636
v -0.27541 2.59222 -0.067959
v -0.284316 2.59099 -0.071723
v -0.277559 2.54255 -0.069628
v -0.258153 2.50636 -0.050931
v -0.26595 2.59352 -0.066011
v -0.263633 2.58521 -0.065398
v -0.292329 2.58989 -0.077159
v -0.27036 2.50467 0.067568
v -0.309413 2.58753 0.088613
v -0.300463 2.58877 0.084958
v -0.293288 2.54039 0.082928
v -0.281326 2.59141 0.083184
v -0.278895 2.58313 0.082822
v -0.29098 2.59008 0.083125
v -0.309413 2.58753 0.088613
v -0.314582 2.62503 0.088612
v -0.300463 2.58877 0.084958
v -0.286731 2.63061 0.083183
v -0.29098 2.59008 0.083125
v -0.300978 2.62807 0.083785
v -0.281326 2.59141 0.083184
v -0.281326 2.59141 0.083184
v -0.286731 2.63061 0.083183
v -0.23986 2.59712 0.087539
v -0.306847 2.62784 0.081071
v -0.337381 2.84932 0.081064
v -0.275799 2.85781 0.087531
v -0.26595 2.59352 -0.066011
v -0.263633 2.58521 -0.065398
v -0.224484 2.59924 -0.061656
v -0.259313 2.57747 -0.063636
v -0.221938 2.57853 -0.058712
v -0.219407 2.54328 -0.03654
v -0.220201 2.55938 -0.050114
v -0.247058 2.56401 -0.057364
v -0.234085 2.13145 -0.080944
v -0.335037 2.62185 -0.096645
v -0.281977 2.12485 -0.099443
v -0.201772 2.13591 -0.040751
v -0.258153 2.50636 -0.050931
v -0.193697 2.13702 0.010367
v -0.239821 2.47369 -0.006972
v -0.212023 2.1345 0.058713
v -0.243375 2.47322 0.027423
v -0.251839 2.12901 0.091331
v -0.27036 2.50467 0.067568
v -0.302478 2.12203 0.099483
v -0.35529 2.61906 0.09987
v -0.385877 2.61485 0.096658
v -0.382684 2.11097 0.040791
v -0.425078 2.49704 0.059224
v -0.350371 2.11543 0.080984
v -0.390759 2.10985 -0.010327
v -0.437331 2.44758 0.010239
v -0.372433 2.11238 -0.058672
v -0.433134 2.44816 -0.03048
v -0.332616 2.11787 -0.091291
v -0.411286 2.49896 -0.074533
v -0.365625 2.61763 -0.099858
v -0.314582 2.62503 0.088612
v -0.309413 2.58753 0.088613
v -0.3252 2.62321 0.093458
v -0.293288 2.54039 0.082928
v -0.25025 2.48009 0.042987
v -0.239737 2.47096 0.010395
v -0.243388 2.48101 -0.02342
v -0.277559 2.54255 -0.069628
v -0.292329 2.58989 -0.077159
v -0.297498 2.62738 -0.07716
v -0.306899 2.62573 -0.084119
v -0.395714 2.61349 -0.093446
v -0.412521 2.61219 -0.085155
v -0.40283 2.58373 -0.088417
v -0.400267 2.55291 -0.087513
v -0.426959 2.45986 -0.048357
v -0.436791 2.44379 -0.010383
v -0.434962 2.45877 0.029342
v -0.417088 2.5506 0.075698
v -0.414015 2.61097 0.084132
v -0.428774 2.60995 0.072555
v -0.419886 2.58143 0.07692
v -0.475791 2.61759 -0.06574
v -0.426811 2.61443 -0.077963
v -0.412521 2.61219 -0.085155
v -0.437004 2.60613 -0.076512
v -0.416018 2.5945 -0.083258
v -0.454087 2.60369 -0.076127
v -0.430158 2.57487 -0.083093
v -0.425473 2.58977 -0.081521
v -0.435475 2.58575 -0.081973
v -0.419809 2.57306 -0.083107
v -0.41034 2.5745 -0.084939
v -0.439087 2.54005 -0.07861
v -0.420365 2.55476 -0.081656
v -0.429321 2.56312 -0.08287
v -0.437558 2.51714 -0.067787
v -0.42326 2.50883 -0.068805
v -0.410041 2.55291 -0.083401
v -0.486139 2.49109 -0.03783
v -0.454485 2.49517 -0.04765
v -0.472531 2.50289 -0.056237
v -0.463244 2.48622 -0.030347
v -0.443385 2.47138 -0.029371
v -0.436591 2.48249 -0.047592
v -0.490844 2.49044 0.007841
v -0.467441 2.48329 -0.012092
v -0.492886 2.48653 -0.01555
v -0.466366 2.48668 0.008166
v -0.446964 2.47209 0.010955
v -0.446904 2.46765 -0.010155
v -0.453242 2.5381 0.058707
v -0.459091 2.4987 0.03068
v -0.481315 2.50167 0.028944
v -0.444612 2.56105 0.065519
v -0.435255 2.5549 0.066402
v -0.436912 2.57793 0.067546
v -0.428119 2.58063 0.07131
v -0.425648 2.55336 0.070164
v -0.442846 2.52914 0.056838
v -0.445528 2.57279 0.065889
v -0.467565 2.60181 0.055028
v -0.450246 2.60326 0.05947
v -0.450521 2.58369 0.064019
v -0.486771 2.61608 0.040806
v -0.440652 2.61127 0.063205
v -0.419886 2.58143 0.07692
v -0.428774 2.60995 0.072555
v -0.425078 2.49704 0.059224
v -0.430857 2.52313 0.060557
v -0.417088 2.5506 0.075698
v -0.442463 2.48699 0.034058
v -0.437331 2.44758 0.010239
v -0.434962 2.45877 0.029342
v -0.436791 2.44379 -0.010383
v -0.426959 2.45986 -0.048357
v -0.433134 2.44816 -0.03048
v -0.400267 2.55291 -0.087513
v -0.411286 2.49896 -0.074533
v -0.40283 2.58373 -0.088417
v -0.911982 2.50446 -0.133853
v -0.902643 2.48963 -0.131372
v -0.640189 2.54193 -0.105311
v -0.894085 2.47543 -0.125587
v -0.439087 2.54005 -0.07861
v -0.886699 2.46252 -0.116761
v -0.709839 2.4869 -0.098188
v -0.692626 2.46698 -0.070095
v -0.472531 2.50289 -0.056237
v -0.486139 2.49109 -0.03783
v -0.688919 2.4595 -0.036097
v -0.492886 2.48653 -0.01555
v -0.688963 2.46152 -0.053397
v -0.692496 2.46103 -0.019119
v -0.490844 2.49044 0.007841
v -0.72214 2.48521 0.021168
v -0.481315 2.50167 0.028944
v -0.699502 2.46604 -0.003373
v -0.898999 2.46082 0.002595
v -0.908067 2.47351 0.010089
v -0.453242 2.5381 0.058707
v -0.927358 2.50234 0.015342
v -0.655565 2.53981 0.043884
v -0.917667 2.48756 0.014403
v -0.680878 2.56529 0.035897
v -0.450521 2.58369 0.064019
v -0.467565 2.60181 0.055028
v -0.713343 2.60179 -0.00774
v -0.486771 2.61608 0.040806
v -0.701167 2.58706 0.017769
v -0.715552 2.60725 -0.036747
v -0.303997 2.66399 0.006472
v -0.707459 2.6026 -0.064835
v -0.690295 2.58855 -0.087728
v -0.475791 2.61759 -0.06574
v -0.454087 2.60369 -0.076127
v -0.435475 2.58575 -0.081973
v -0.666673 2.56725 -0.101941
v -0.306414 2.64094 0.059746
v -0.306175 2.65778 0.035364
v -0.445528 2.57279 0.065889
v -0.444612 2.56105 0.065519
v -0.429321 2.56312 -0.08287
v -0.430158 2.57487 -0.083093
v -0.295434 2.64245 -0.0468
v -0.30022 2.6586 -0.022419
v -0.886699 2.46252 -0.116761
v -0.881775 2.45391 -0.110877
v -0.709839 2.4869 -0.098188
v -0.721159 2.47138 -0.092223
v -0.869843 2.43456 -0.105366
v -0.730619 2.45375 -0.090746
v -0.876069 2.44444 -0.10702
v -0.722803 2.38421 -0.057841
v -0.724949 2.39326 -0.091019
v -0.726307 2.38373 -0.023839
v -0.7352 2.39185 0.008444
v -0.740161 2.4209 -0.004568
v -0.721981 2.4464 -0.02018
v -0.733333 2.41529 -0.029125
v -0.74087 2.45234 0.008718
v -0.730621 2.4531 -0.000719
v -0.745377 2.42244 0.007829
v -0.737474 2.45924 0.009396
v -0.699502 2.46604 -0.003373
v -0.72214 2.48521 0.021168
v -0.73196 2.4699 0.012587
v -0.692496 2.46103 -0.019119
v -0.688919 2.4595 -0.036097
v -0.688963 2.46152 -0.053397
v -0.692626 2.46698 -0.070095
v -0.709839 2.4869 -0.098188
v -0.721159 2.47138 -0.092223
v -0.727037 2.46047 -0.090239
v -0.722349 2.45399 -0.07892
v -0.735097 2.42351 -0.091636
v -0.735152 2.42755 -0.090903
v -0.730619 2.45375 -0.090746
v -0.73244 2.4217 -0.077825
v -0.730844 2.41568 -0.053557
v -0.717979 2.4469 -0.058548
v -0.717978 2.44461 -0.039545
v -0.880093 2.43315 -0.005903
v -0.886554 2.443 -0.005277
v -0.74087 2.45234 0.008718
v -0.73196 2.4699 0.012587
v -0.898999 2.46082 0.002595
v -0.72214 2.48521 0.021168
v -0.892954 2.45237 -0.0024
v -0.286731 2.63061 0.083183
v -0.300978 2.62807 0.083785
v -0.306847 2.62784 0.081071
v -0.428774 2.60995 0.072555
v -0.306463 2.631 0.07327
v -0.3252 2.62321 0.093458
v -0.414015 2.61097 0.084132
v -0.314582 2.62503 0.088612
v -0.486771 2.61608 0.040806
v -0.306414 2.64094 0.059746
v -0.306317 2.63541 0.066094
v -0.306847 2.62784 0.081071
v -0.306463 2.631 0.07327
v -0.337381 2.84932 0.081064
v -0.306317 2.63541 0.066094
v -0.306414 2.64094 0.059746
v -0.306175 2.65778 0.035364
v -0.342408 2.9142 0.043764
v -0.341472 2.88661 0.071069
v -0.30022 2.6586 -0.022419
v -0.33472 2.91525 -0.030834
v -0.303997 2.66399 0.006472
v -0.322005 2.85144 -0.068131
v -0.328157 2.88845 -0.058137
v -0.295434 2.64245 -0.0468
v -0.294029 2.6371 -0.053148
v -0.291471 2.62996 -0.068124
v -0.292695 2.63289 -0.060324
v -0.339936 2.92468 0.006465
v -0.292695 2.63289 -0.060324
v -0.412521 2.61219 -0.085155
v -0.291471 2.62996 -0.068124
v -0.475791 2.61759 -0.06574
v -0.295434 2.64245 -0.0468
v -0.294029 2.6371 -0.053148
v -0.297498 2.62738 -0.07716
v -0.285173 2.63024 -0.069577
v -0.271356 2.63273 -0.066012
v -0.306899 2.62573 -0.084119
v -0.395714 2.61349 -0.093446
v -0.306899 2.62573 -0.084119
v -0.395714 2.61349 -0.093446
v -0.335037 2.62185 -0.096645
v -0.365625 2.61763 -0.099858
v -1.10703 2.70549 -0.010396
v -1.11318 2.7425 -0.000403
v -1.08428 2.74648 0.002632
v -1.0609 2.71185 -0.005552
v -1.10046 2.67869 -0.037699
v -1.1182 2.80737 -0.037703
v -0.87138 2.81998 0.011471
v -1.11727 2.77979 -0.010398
v -0.871785 2.84314 -0.015074
v -1.11052 2.80843 -0.112301
v -0.864765 2.8441 -0.083194
v -1.11573 2.81785 -0.075002
v -0.858888 2.8217 -0.109739
v -1.0978 2.74462 -0.149597
v -1.06891 2.7486 -0.146563
v -1.10395 2.78162 -0.139604
v -1.09371 2.70732 -0.139602
v -1.04759 2.71368 -0.134759
v -1.09525 2.66926 -0.074998
v -1.03404 2.68784 -0.106129
v -1.09278 2.67974 -0.112297
v -1.04173 2.68678 -0.031531
v -0.865624 2.77663 0.025594
v -0.868279 2.78745 0.024646
v -1.03189 2.67799 -0.068345
v -0.850248 2.77874 -0.123601
v -0.853073 2.78954 -0.122911
v -0.869405 2.85181 -0.049134
v -0.853073 2.78954 -0.122911
v -0.868279 2.78745 0.024646
v -0.858888 2.8217 -0.109739
v -0.87138 2.81998 0.011471
v -0.864765 2.8441 -0.083194
v -0.869405 2.85181 -0.049134
v -0.871785 2.84314 -0.015074
v -1.10703 2.70549 -0.010396
v -1.09278 2.67974 -0.112297
v -1.11318 2.7425 -0.000403
v -1.10046 2.67869 -0.037699
v -1.09525 2.66926 -0.074998
v -1.09371 2.70732 -0.139602
v -1.11727 2.77979 -0.010398
v -1.0978 2.74462 -0.149597
v -1.10395 2.78162 -0.139604
v -1.11052 2.80843 -0.112301
v -1.1182 2.80737 -0.037703
v -1.11573 2.81785 -0.075002
v -0.850248 2.77874 -0.123601
v -1.06891 2.7486 -0.146563
v -0.848885 2.77547 -0.123507
v -0.911982 2.50446 -0.133853
v -0.845486 2.76926 -0.123245
v -0.640189 2.54193 -0.105311
v -0.69642 2.56781 -0.110739
v -0.741556 2.60757 -0.114827
v -0.847295 2.7723 -0.123388
v -0.865624 2.77663 0.025594
v -0.864261 2.77336 0.025688
v -1.08428 2.74648 0.002632
v -0.862671 2.77019 0.025807
v -0.860862 2.76714 0.02595
v -0.927358 2.50234 0.015342
v -0.756932 2.60545 0.034368
v -0.655565 2.53981 0.043884
v -0.710111 2.56474 0.038616
v -0.322005 2.85144 -0.068131
v -0.260423 2.85993 -0.061664
v -0.328157 2.88845 -0.058137
v -0.266575 2.89694 -0.05167
v -0.33472 2.91525 -0.030834
v -0.278354 2.93317 0.012932
v -0.339936 2.92468 0.006465
v -0.273138 2.92374 -0.024367
v -0.280826 2.92269 0.050231
v -0.342408 2.9142 0.043764
v -0.275799 2.85781 0.087531
v -0.341472 2.88661 0.071069
v -0.27989 2.8951 0.077536
v -0.337381 2.84932 0.081064
v -0.132429 0.59115 -0.114076
v -0.1822 0.58429 -0.073303
v -0.06913 0.599876 -0.124266
v -0.205108 0.581133 -0.012871
v 0.018313 0.611937 0.073429
v -0.195013 0.582527 0.051026
v -0.031458 0.605076 0.114202
v -0.094757 0.59635 0.124392
v -0.154622 0.588096 0.101268
v 0.041221 0.615093 0.012997
v 0.031126 0.6137 -0.050901
v -0.009265 0.60813 -0.101142
v -0.280747 1.50296 0.101243
v -0.316881 1.50266 0.060477
v -0.358436 1.95712 0.059237
v -0.378312 2.00795 0.025305
v -0.382684 2.11097 0.040791
v -0.38246 2.02121 0.007369
v -0.390759 2.10985 -0.010327
v -0.382612 2.02584 -0.010679
v -0.371013 2.00895 -0.045517
v -0.372433 2.11238 -0.058672
v -0.37877 2.02172 -0.028439
v -0.344489 1.95904 -0.076096
v -0.258554 1.50601 -0.114102
v -0.30224 1.50468 -0.081586
v -0.308325 1.49915 -0.073328
v -0.335587 1.57543 -0.030878
v -0.331233 1.496 -0.012897
v -0.328052 1.56109 -0.048682
v -0.339384 1.58006 -0.012545
v -0.339392 1.5749 0.006041
v -0.335604 1.56006 0.024597
v -0.321138 1.49739 0.051001
v -0.13539 1.52299 -0.101168
v -0.281977 2.12485 -0.099443
v -0.195255 1.51474 -0.124292
v -0.234085 2.13145 -0.080944
v -0.084904 1.52996 0.012971
v -0.201772 2.13591 -0.040751
v -0.094999 1.52856 -0.050926
v -0.193697 2.13702 0.010367
v -0.157583 1.51994 0.114176
v -0.212023 2.1345 0.058713
v -0.107812 1.5268 0.073403
v -0.220882 1.51121 0.124366
v -0.302478 2.12203 0.099483
v -0.350371 2.11543 0.080984
v -0.332616 2.11787 -0.091291
v -0.251839 2.12901 0.091331
v -0.26595 2.59352 -0.066011
v -0.224484 2.59924 -0.061656
v -0.271356 2.63273 -0.066012
v -0.260423 2.85993 -0.061664
v -0.322005 2.85144 -0.068131
v -0.291471 2.62996 -0.068124
v -0.266575 2.89694 -0.05167
v -0.260423 2.85993 -0.061664
v -0.273138 2.92374 -0.024367
v -0.221938 2.57853 -0.058712
v -0.220201 2.55938 -0.050114
v -0.224484 2.59924 -0.061656
v -0.219407 2.54328 -0.03654
v -0.220813 2.51733 0.010926
v -0.278354 2.93317 0.012932
v -0.219376 2.52642 -0.014691
v -0.222411 2.51866 0.024389
v -0.224421 2.52364 0.03699
v -0.280826 2.92269 0.050231
v -0.233197 2.55759 0.075998
v -0.23986 2.59712 0.087539
v -0.229606 2.54188 0.062425
v -0.236708 2.5765 0.084596
v -0.27989 2.8951 0.077536
v -0.275799 2.85781 0.087531
v -0.229606 2.54188 0.062425
v -0.26098 2.56209 0.077744
v -0.233197 2.55759 0.075998
v -0.236708 2.5765 0.084596
v -0.278895 2.58313 0.082822
v -0.23986 2.59712 0.087539
v -0.274318 2.57544 0.081769
v -0.281326 2.59141 0.083184
v -0.3252 2.62321 0.093458
v -0.35529 2.61906 0.09987
v -0.414015 2.61097 0.084132
v -0.385877 2.61485 0.096658
v -0.243064 1.03022 0.221636
v -0.260022 1.15407 0.22165
v -0.073085 1.05351 0.102764
v -0.090042 1.17736 0.102778
v -0.243064 1.03022 0.221636
v -0.279999 1.02517 0.236268
v -0.260022 1.15407 0.22165
v -0.296956 1.14901 0.236283
v -0.353271 1.01513 0.211626
v -0.370229 1.13898 0.211641
v -0.319518 1.01975 0.232679
v -0.37413 1.01228 0.177557
v -0.377686 1.0118 0.13767
v -0.394643 1.13565 0.137685
v -0.363189 1.01379 0.100391
v -0.380146 1.13763 0.100405
v -0.391087 1.13613 0.177572
v -0.336475 1.1436 0.232693
v -0.245415 1.02994 -0.071175
v -0.262373 1.15378 -0.071161
v -0.363189 1.01379 0.100391
v -0.380146 1.13763 0.100405
v -0.262373 1.15378 -0.071161
v -0.245415 1.02994 -0.071175
v -0.216088 1.16012 -0.111709
v -0.13925 1.04448 -0.124906
v -0.156207 1.16832 -0.124892
v -0.199131 1.03628 -0.111724
v -0.097396 1.17637 -0.10748
v -0.080439 1.05253 -0.107494
v -0.01985 1.06081 -0.004392
v -0.036808 1.18466 -0.004378
v -0.037101 1.05846 -0.063752
v -0.032911 1.05902 0.056047
v -0.073085 1.05351 0.102764
v -0.090042 1.17736 0.102778
v -0.049868 1.18286 0.056061
v -0.054059 1.1823 -0.063737
v -0.279999 1.02517 0.236268
v -0.243064 1.03022 0.221636
v -0.363189 1.01379 0.100391
v -0.377686 1.0118 0.13767
v -0.37413 1.01228 0.177557
v -0.353271 1.01513 0.211626
v -0.319518 1.01975 0.232679
v -0.032911 1.05902 0.056047
v -0.245415 1.02994 -0.071175
v -0.073085 1.05351 0.102764
v -0.01985 1.06081 -0.004392
v -0.037101 1.05846 -0.063752
v -0.080439 1.05253 -0.107494
v -0.13925 1.04448 -0.124906
v -0.199131 1.03628 -0.111724
v -0.216088 1.16012 -0.111709
v -0.097396 1.17637 -0.10748
v -0.262373 1.15378 -0.071161
v -0.156207 1.16832 -0.124892
v -0.054059 1.1823 -0.063737
v -0.036808 1.18466 -0.004378
v -0.049868 1.18286 0.056061
v -0.090042 1.17736 0.102778
v -0.380146 1.13763 0.100405
v -0.296956 1.14901 0.236283
v -0.391087 1.13613 0.177572
v -0.260022 1.15407 0.22165
v -0.336475 1.1436 0.232693
v -0.370229 1.13898 0.211641
v -0.394643 1.13565 0.137685
v -0.298924 0.654058 -0.125
v -0.290693 0.670203 0.125
v -0.290693 0.670203 -0.125
v -0.298924 0.654058 0.125
v -0.276183 0.681059 0.125
v -0.276183 0.681059 -0.125
v -0.240913 0.679534 0.125
v -0.258371 0.684398 -0.125
v -0.258371 0.684398 0.125
v -0.240913 0.679534 -0.125
v -0.220588 0.65067 0.125
v -0.227394 0.667466 -0.125
v -0.227394 0.667466 0.125
v -0.220588 0.65067 -0.125
v -0.221891 0.632594 0.125
v -0.221891 0.632594 -0.125
v -0.324678 0.300925 -0.01
v -0.324678 0.300925 -0.07
v -0.306654 0.359084 -0.07
v -0.221891 0.632594 -0.125
v -0.221891 0.632594 0.125
v -0.306654 0.359084 -0.01
v -0.239319 0.57636 -0.125
v -0.239319 0.57636 0.125
v -0.298924 0.654058 0.125
v -0.298924 0.654058 -0.125
v -0.367806 0.376123 -0.07
v -0.382453 0.317022 -0.07
v -0.382453 0.317022 -0.01
v -0.313086 0.596913 0.125
v -0.313086 0.596913 -0.125
v -0.367806 0.376123 -0.01
v -0.227394 0.667466 0.125
v -0.220588 0.65067 0.125
v -0.240913 0.679534 0.125
v -0.258371 0.684398 0.125
v -0.276183 0.681059 0.125
v -0.290693 0.670203 0.125
v -0.221891 0.632594 0.125
v -0.239319 0.57636 0.125
v -0.298924 0.654058 0.125
v -0.313086 0.596913 0.125
v -0.239319 0.57636 0.125
v -0.306654 0.359084 -0.01
v -0.313086 0.596913 0.125
v -0.367806 0.376123 -0.01
v -0.290693 0.670203 -0.125
v -0.276183 0.681059 -0.125
v -0.258371 0.684398 -0.125
v -0.240913 0.679534 -0.125
v -0.227394 0.667466 -0.125
v -0.220588 0.65067 -0.125
v -0.221891 0.632594 -0.125
v -0.298924 0.654058 -0.125
v -0.239319 0.57636 -0.125
v -0.313086 0.596913 -0.125
v -0.239319 0.57636 -0.125
v -0.313086 0.596913 -0.125
v -0.306654 0.359084 -0.07
v -0.367806 0.376123 -0.07
v -0.374554 0.288599 -0.01
v -0.382238 0.301772 -0.01
v -0.361386 0.280906 -0.01
v -0.346137 0.280681 -0.01
v -0.332747 0.287983 -0.01
v -0.382453 0.317022 -0.01
v -0.367806 0.376123 -0.01
v -0.324678 0.300925 -0.01
v -0.306654 0.359084 -0.01
v -0.346137 0.280681 -0.01
v -0.382453 0.317022 -0.01
v -0.382453 0.317022 -0.07
v -0.374554 0.288599 -0.07
v -0.382238 0.301772 -0.01
v -0.382238 0.301772 -0.07
v -0.374554 0.288599 -0.01
v -0.346137 0.280681 -0.07
v -0.361386 0.280906 -0.01
v -0.361386 0.280906 -0.07
v -0.332747 0.287983 -0.01
v -0.324678 0.300925 -0.01
v -0.332747 0.287983 -0.07
v -0.324678 0.300925 -0.07
v -0.332747 0.287983 -0.07
v -0.346137 0.280681 -0.07
v -0.361386 0.280906 -0.07
v -0.374554 0.288599 -0.07
v -0.382238 0.301772 -0.07
v -0.382453 0.317022 -0.07
v -0.324678 0.300925 -0.07
v -0.367806 0.376123 -0.07
v -0.306654 0.359084 -0.07
v -0.190552 0.001629 0.125
v -0.177544 -0.010988 -0.125
v -0.177544 -0.010988 0.125
v -0.190552 0.001629 -0.125
v -0.160303 -0.01657 0.125
v -0.160303 -0.01657 -0.125
v -0.12742 -0.003725 -0.125
v -0.142368 -0.013971 0.125
v -0.142368 -0.013971 -0.125
v -0.12742 -0.003725 0.125
v -0.117518 0.03016 -0.125
v -0.118528 0.012066 0.125
v -0.118528 0.012066 -0.125
v -0.117518 0.03016 0.125
v -0.124595 0.046844 -0.125
v -0.124595 0.046844 0.125
v -0.329088 0.327473 0.01
v -0.329088 0.327473 0.07
v -0.293229 0.278263 0.07
v -0.124595 0.046844 0.125
v -0.124595 0.046844 -0.125
v -0.293229 0.278263 0.01
v -0.159267 0.094424 0.125
v -0.159267 0.094424 -0.125
v -0.190552 0.001629 -0.125
v -0.190552 0.001629 0.125
v -0.345589 0.24237 0.07
v -0.378556 0.293562 0.07
v -0.378556 0.293562 0.01
v -0.222428 0.051126 -0.125
v -0.222428 0.051126 0.125
v -0.345589 0.24237 0.01
v -0.118528 0.012066 -0.125
v -0.117518 0.03016 -0.125
v -0.12742 -0.003725 -0.125
v -0.142368 -0.013971 -0.125
v -0.160303 -0.01657 -0.125
v -0.177544 -0.010988 -0.125
v -0.124595 0.046844 -0.125
v -0.159267 0.094424 -0.125
v -0.190552 0.001629 -0.125
v -0.222428 0.051126 -0.125
v -0.159267 0.094424 -0.125
v -0.293229 0.278263 0.01
v -0.222428 0.051126 -0.125
v -0.345589 0.24237 0.01
v -0.177544 -0.010988 0.125
v -0.160303 -0.01657 0.125
v -0.142368 -0.013971 0.125
v -0.12742 -0.003725 0.125
v -0.118528 0.012066 0.125
v -0.117518 0.03016 0.125
v -0.124595 0.046844 0.125
v -0.190552 0.001629 0.125
v -0.159267 0.094424 0.125
v -0.222428 0.051126 0.125
v -0.159267 0.094424 0.125
v -0.222428 0.051126 0.125
v -0.293229 0.278263 0.07
v -0.345589 0.24237 0.07
v -0.38027 0.323012 0.01
v -0.383283 0.308062 0.01
v -0.370296 0.334549 0.01
v -0.355939 0.339692 0.01
v -0.340908 0.337111 0.01
v -0.378556 0.293562 0.01
v -0.345589 0.24237 0.01
v -0.329088 0.327473 0.01
v -0.293229 0.278263 0.01
v -0.355939 0.339692 0.01
v -0.378556 0.293562 0.01
v -0.383283 0.308062 0.07
v -0.383283 0.308062 0.01
v -0.378556 0.293562 0.07
v -0.38027 0.323012 0.07
v -0.38027 0.323012 0.01
v -0.355939 0.339692 0.07
v -0.370296 0.334549 0.01
v -0.370296 0.334549 0.07
v -0.340908 0.337111 0.01
v -0.329088 0.327473 0.01
v -0.340908 0.337111 0.07
v -0.329088 0.327473 0.07
v -0.340908 0.337111 0.07
v -0.355939 0.339692 0.07
v -0.370296 0.334549 0.07
v -0.38027 0.323012 0.07
v -0.383283 0.308062 0.07
v -0.378556 0.293562 0.07
v -0.329088 0.327473 0.07
v -0.345589 0.24237 0.07
v -0.293229 0.278263 0.07
v -0.263748 1.18248 0
v -0.214216 1.1893 0.086603
v -0.164683 1.19612 0.1
v -0.11515 1.20294 0.086603
v -0.07889 1.20793 0.05
v -0.07889 1.20793 -0.05
v -0.250476 1.1843 0.05
v -0.065617 1.20976 0
v -0.11515 1.20294 -0.086603
v -0.250476 1.1843 -0.05
v -0.164683 1.19612 -0.1
v -0.214216 1.1893 -0.086603
v 0.099065 0.013639 0
v 0.049533 0.00682 0.086603
v 0 0 0.1
v -0.049533 -0.00682 0.086603
v -0.099065 -0.01364 0
v 0.085793 0.011812 0.05
v -0.085793 -0.011812 0.05
v -0.085793 -0.011812 -0.05
v -0.049533 -0.00682 -0.086603
v 0.085793 0.011812 -0.05
v 0 0 -0.1
v 0.049533 0.00682 -0.086603
v 0 0 -0.1
v -0.07889 1.20793 -0.05
v 0.049533 0.00682 -0.086603
v -0.11515 1.20294 -0.086603
v 0.085793 0.011812 -0.05
v -0.07889 1.20793 0.05
v 0.099065 0.013639 0
v -0.065617 1.20976 0
v 0.085793 0.011812 0.05
v -0.164683 1.19612 0.1
v 0.049533 0.00682 0.086603
v -0.11515 1.20294 0.086603
v 0 0 0.1
v -0.250476 1.1843 0.05
v -0.049533 -0.00682 0.086603
v -0.214216 1.1893 0.086603
v -0.085793 -0.011812 0.05
v -0.250476 1.1843 -0.05
v -0.099065 -0.01364 0
v -0.263748 1.18248 0
v -0.085793 -0.011812 -0.05
v -0.164683 1.19612 -0.1
v -0.049533 -0.00682 -0.086603
v -0.214216 1.1893 -0.086603
vt 0.0876503 0.0417339
vt 0.0893423 0.0420466
vt 0.0897301 0.0475923
vt 0.0880981 0.0481376
vt 0.0876503 0.0417339
vt 0.0897301 0.0475923
vt 0.0876503 0.0417339
vt 0.0880981 0.0481376
vt 0.0864061 0.0478248
vt 0.0851075 0.0467379
vt 0.0860183 0.0422791
vt 0.0864061 0.0478248
vt 0.0845502 0.0451681
vt 0.0860183 0.0422791
vt 0.0851075 0.0467379
vt 0.0848836 0.0435361
vt 0.0860183 0.0422791
vt 0.0845502 0.0451681
vt 0.0860183 0.0422791
vt 0.0876503 0.0417339
vt 0.0864061 0.0478248
vt 0.0906409 0.0431335
vt 0.0897301 0.0475923
vt 0.0893423 0.0420466
vt 0.0911981 0.0447033
vt 0.0897301 0.0475923
vt 0.0906409 0.0431335
vt 0.0908648 0.0463354
vt 0.0897301 0.0475923
vt 0.0911981 0.0447033
vt 0.0854928 0.0427026
vt 0.085215 0.0430152
vt 0.0848836 0.0435361
vt 0.0911084 0.0441495
vt 0.090786 0.0433613
vt 0.0906409 0.0431335
vt 0.0888501 0.0418614
vt 0.0881058 0.0417321
vt 0.0876503 0.0417338
vt 0.0906715 0.0466653
vt 0.0910504 0.0458885
vt 0.0908648 0.0463354
vt 0.0897301 0.0475923
vt 0.0906715 0.0466653
vt 0.0908648 0.0463354
vt 0.0876406 0.0481391
vt 0.088548 0.0480761
vt 0.0880981 0.0481375
vt 0.0864061 0.0478248
vt 0.0876406 0.0481391
vt 0.0880981 0.0481375
vt 0.0848533 0.0463045
vt 0.085959 0.047572
vt 0.0851075 0.0467379
vt 0.0845502 0.0451681
vt 0.0848533 0.0463045
vt 0.0851075 0.0467379
vt 0.0860183 0.042279
vt 0.0854928 0.0427026
vt 0.0848836 0.0435361
vt 0.0893423 0.0420466
vt 0.0888501 0.0418614
vt 0.0876503 0.0417338
vt 0.0911981 0.0447033
vt 0.0911084 0.0441495
vt 0.0906409 0.0431335
vt 0.0860183 0.042279
vt 0.0876503 0.0417338
vt 0.0865629 0.0419913
vt 0.0858182 0.0424201
vt 0.0860183 0.042279
vt 0.0865629 0.0419913
vt 0.0858182 0.0424201
vt 0.0854928 0.0427026
vt 0.0860183 0.042279
vt 0.0847821 0.0437565
vt 0.0848836 0.0435361
vt 0.085215 0.0430152
vt 0.0845621 0.0446063
vt 0.0848836 0.0435361
vt 0.0847821 0.0437565
vt 0.0845502 0.0451681
vt 0.0848836 0.0435361
vt 0.0845621 0.0446063
vt 0.0845892 0.0454864
vt 0.0845502 0.0451681
vt 0.0845621 0.0446063
vt 0.0845892 0.0454864
vt 0.0848533 0.0463045
vt 0.0845502 0.0451681
vt 0.0864061 0.0478248
vt 0.0851075 0.0467379
vt 0.085959 0.047572
vt 0.08675 0.0479633
vt 0.0864061 0.0478248
vt 0.085959 0.047572
vt 0.08675 0.0479633
vt 0.0876406 0.0481391
vt 0.0864061 0.0478248
vt 0.0897301 0.0475923
vt 0.0880981 0.0481375
vt 0.088548 0.0480761
vt 0.0893909 0.0477862
vt 0.0897301 0.0475923
vt 0.088548 0.0480761
vt 0.0893909 0.0477862
vt 0.0906715 0.0466653
vt 0.0897301 0.0475923
vt 0.0911981 0.0447033
vt 0.0908648 0.0463354
vt 0.0910504 0.0458885
vt 0.0912039 0.0450201
vt 0.0911981 0.0447033
vt 0.0910504 0.0458885
vt 0.0912039 0.0450201
vt 0.0911084 0.0441495
vt 0.0911981 0.0447033
vt 0.0905556 0.0430171
vt 0.0906409 0.0431335
vt 0.090786 0.0433613
vt 0.0902739 0.0426969
vt 0.0906409 0.0431335
vt 0.0905556 0.0430171
vt 0.0893423 0.0420466
vt 0.0906409 0.0431335
vt 0.0902739 0.0426969
vt 0.0895976 0.0421798
vt 0.0893423 0.0420466
vt 0.0902739 0.0426969
vt 0.0895976 0.0421798
vt 0.0888501 0.0418614
vt 0.0893423 0.0420466
vt 0.0873495 0.0417682
vt 0.0865629 0.0419913
vt 0.0876503 0.0417338
vt 0.0873495 0.0417682
vt 0.0876503 0.0417338
vt 0.0881058 0.0417321
vt 0.0845502 0.0451681
vt 0.0851075 0.0467379
vt 0.0860183 0.042279
vt 0.0897301 0.0475923
vt 0.0908648 0.0463354
vt 0.0893423 0.0420466
vt 0.0876503 0.0417338
vt 0.0897301 0.0475923
vt 0.0893423 0.0420466
vt 0.0848836 0.0435361
vt 0.0845502 0.0451681
vt 0.0860183 0.042279
vt 0.0864061 0.0478248
vt 0.0860183 0.042279
vt 0.0851075 0.0467379
vt 0.0880981 0.0481375
vt 0.0860183 0.042279
vt 0.0864061 0.0478248
vt 0.0876503 0.0417338
vt 0.0860183 0.042279
vt 0.0880981 0.0481375
vt 0.0880981 0.0481375
vt 0.0897301 0.0475923
vt 0.0876503 0.0417338
vt 0.0906409 0.0431335
vt 0.0893423 0.0420466
vt 0.0908648 0.0463354
vt 0.0911981 0.0447033
vt 0.0906409 0.0431335
vt 0.0908648 0.0463354
vt 0.0906409 0.0431335
vt 0.0902739 0.0426969
vt 0.0905556 0.0430171
vt 0.0848836 0.0435361
vt 0.0845621 0.0446075
vt 0.084782 0.0437565
vt 0.0876503 0.0417339
vt 0.0865629 0.0419913
vt 0.0873495 0.0417682
vt 0.0893423 0.0420466
vt 0.0902739 0.0426969
vt 0.0906409 0.0431335
vt 0.0860183 0.0422791
vt 0.0865629 0.0419913
vt 0.0876503 0.0417339
vt 0.0845502 0.0451681
vt 0.0845621 0.0446075
vt 0.0848836 0.0435361
vt 0.0859607 0.0475732
vt 0.084853 0.0463037
vt 0.0851075 0.0467379
vt 0.0864061 0.0478248
vt 0.0859607 0.0475732
vt 0.0851075 0.0467379
vt 0.0885526 0.0480753
vt 0.0876447 0.0481393
vt 0.0880981 0.0481376
vt 0.0897301 0.0475923
vt 0.0885526 0.0480753
vt 0.0880981 0.0481376
vt 0.0910506 0.0458878
vt 0.0906711 0.0466659
vt 0.0908648 0.0463354
vt 0.0911981 0.0447033
vt 0.0910506 0.0458878
vt 0.0908648 0.0463354
vt 0.0895976 0.0421798
vt 0.0902739 0.0426969
vt 0.0893423 0.0420466
vt 0.090786 0.0433613
vt 0.0906409 0.0431335
vt 0.0905556 0.0430171
vt 0.0911084 0.0441495
vt 0.0906409 0.0431335
vt 0.090786 0.0433613
vt 0.0911981 0.0447033
vt 0.0906409 0.0431335
vt 0.0911084 0.0441495
vt 0.0912041 0.0450189
vt 0.0911981 0.0447033
vt 0.0911084 0.0441495
vt 0.0912041 0.0450189
vt 0.0910506 0.0458878
vt 0.0911981 0.0447033
vt 0.0897301 0.0475923
vt 0.0908648 0.0463354
vt 0.0906711 0.0466659
vt 0.0893929 0.0477853
vt 0.0897301 0.0475923
vt 0.0906711 0.0466659
vt 0.0893929 0.0477853
vt 0.0885526 0.0480753
vt 0.0897301 0.0475923
vt 0.0864061 0.0478248
vt 0.0880981 0.0481376
vt 0.0876447 0.0481393
vt 0.0867545 0.0479647
vt 0.0864061 0.0478248
vt 0.0876447 0.0481393
vt 0.0867545 0.0479647
vt 0.0859607 0.0475732
vt 0.0864061 0.0478248
vt 0.0845502 0.0451681
vt 0.0851075 0.0467379
vt 0.084853 0.0463037
vt 0.0845893 0.0454871
vt 0.0845502 0.0451681
vt 0.084853 0.0463037
vt 0.0845893 0.0454871
vt 0.0845621 0.0446075
vt 0.0845502 0.0451681
vt 0.085215 0.0430153
vt 0.0848836 0.0435361
vt 0.084782 0.0437565
vt 0.0854928 0.0427026
vt 0.0848836 0.0435361
vt 0.085215 0.0430153
vt 0.0860183 0.0422791
vt 0.0848836 0.0435361
vt 0.0854928 0.0427026
vt 0.0858182 0.0424201
vt 0.0860183 0.0422791
vt 0.0854928 0.0427026
vt 0.0858182 0.0424201
vt 0.0865629 0.0419913
vt 0.0860183 0.0422791
vt 0.0881058 0.0417321
vt 0.0876503 0.0417339
vt 0.0873495 0.0417682
vt 0.0888501 0.0418614
vt 0.0895976 0.0421798
vt 0.0893423 0.0420466
vt 0.0888501 0.0418614
vt 0.0893423 0.0420466
vt 0.0876503 0.0417339
vt 0.0888501 0.0418614
vt 0.0876503 0.0417339
vt 0.0881058 0.0417321
vt 0.0917534 0.0419587
vt 0.0893791 0.0418112
vt 0.0881058 0.0417321
vt 0.0844581 0.0415055
vt 0.0917534 0.0419587
vt 0.0856025 0.0415766
vt 0.0820562 0.0413563
vt 0.0917534 0.0419587
vt 0.0844581 0.0415055
vt 0.0811819 0.041302
vt 0.0917534 0.0419587
vt 0.0820562 0.0413563
vt 0.0844581 0.0415055
vt 0.0811819 0.041302
vt 0.0820562 0.0413563
vt 0.0856025 0.0415766
vt 0.0811819 0.041302
vt 0.0844581 0.0415055
vt 0.0868325 0.041653
vt 0.0811819 0.041302
vt 0.0856025 0.0415766
vt 0.0881058 0.0417321
vt 0.0811819 0.041302
vt 0.0868325 0.041653
vt 0.0893791 0.0418112
vt 0.0811819 0.041302
vt 0.0881058 0.0417321
vt 0.0906089 0.0418876
vt 0.0811819 0.041302
vt 0.0893791 0.0418112
vt 0.0917534 0.0419587
vt 0.0811819 0.041302
vt 0.0906089 0.0418876
vt 0.0941554 0.0421079
vt 0.0811819 0.041302
vt 0.0917534 0.0419587
vt 0.0950296 0.0421622
vt 0.0811819 0.041302
vt 0.0941554 0.0421079
vt 0.0941554 0.0421079
vt 0.0811819 0.041302
vt 0.0950296 0.0421622
vt 0.0941554 0.0421079
vt 0.0917534 0.0419587
vt 0.0811819 0.041302
vt 0.0906089 0.0418876
vt 0.0893791 0.0418112
vt 0.0917534 0.0419587
vt 0.0868325 0.041653
vt 0.0856025 0.0415766
vt 0.0917534 0.0419587
vt 0.0868325 0.041653
vt 0.0917534 0.0419587
vt 0.0881058 0.0417321
vt 0.0873286 0.0524105
vt 0.0838674 0.0521955
vt 0.0933274 0.0527832
vt 0.0804101 0.0519807
vt 0.0813403 0.0520385
vt 0.0908004 0.0526262
vt 0.0933327 0.0527835
vt 0.0804101 0.0519807
vt 0.0908004 0.0526262
vt 0.0942577 0.0528409
vt 0.0804101 0.0519807
vt 0.0933327 0.0527835
vt 0.0907912 0.0526256
vt 0.0873286 0.0524105
vt 0.0933274 0.0527832
vt 0.0813351 0.0520382
vt 0.0933274 0.0527832
vt 0.0838674 0.0521955
vt 0.0942577 0.0528409
vt 0.0933274 0.0527832
vt 0.0813351 0.0520382
vt 0.0813351 0.0520382
vt 0.0804101 0.0519807
vt 0.0942577 0.0528409
vt 0.0873391 0.0524112
vt 0.0908004 0.0526262
vt 0.0813403 0.0520385
vt 0.0838765 0.0521961
vt 0.0873391 0.0524112
vt 0.0813403 0.0520385
vt 0.077328 0.0457536
vt 0.0779719 0.0450546
vt 0.0779719 0.0450546
vt 0.077328 0.0457536
vt 0.077328 0.0457536
vt 0.0779719 0.0450546
vt 0.0771967 0.0475698
vt 0.0770521 0.0466486
vt 0.0770521 0.0466487
vt 0.0771967 0.0475698
vt 0.0771967 0.0475698
vt 0.0770521 0.0466487
vt 0.078563 0.0488194
vt 0.0777343 0.0483422
vt 0.0777343 0.0483422
vt 0.078563 0.0488194
vt 0.078563 0.0488194
vt 0.0777343 0.0483422
vt 0.0771967 0.0475698
vt 0.0777343 0.0483422
vt 0.0777343 0.0483422
vt 0.0777343 0.0483422
vt 0.0771967 0.0475698
vt 0.0771967 0.0475698
vt 0.077328 0.0457536
vt 0.0770521 0.0466487
vt 0.0770521 0.0466486
vt 0.0770521 0.0466486
vt 0.077328 0.0457536
vt 0.077328 0.0457536
vt 0.0788619 0.0446842
vt 0.0779719 0.0450546
vt 0.0779719 0.0450546
vt 0.0788619 0.0446842
vt 0.0788619 0.0446842
vt 0.0779719 0.0450546
vt 0.0788619 0.0446842
vt 0.0810634 0.0442789
vt 0.0788619 0.0446842
vt 0.0818305 0.0441377
vt 0.0810634 0.0442789
vt 0.0788619 0.0446842
vt 0.0810634 0.0442789
vt 0.0788619 0.0446842
vt 0.0810634 0.0442789
vt 0.0818305 0.0441377
vt 0.0788619 0.0446842
vt 0.0810634 0.0442789
vt 0.0806865 0.0494934
vt 0.0806865 0.0494934
vt 0.078563 0.0488194
vt 0.0814264 0.0497282
vt 0.0806865 0.0494934
vt 0.078563 0.0488194
vt 0.078563 0.0488194
vt 0.078563 0.0488194
vt 0.0806865 0.0494934
vt 0.0814264 0.0497282
vt 0.078563 0.0488194
vt 0.0806865 0.0494934
vt 0.0777343 0.0483422
vt 0.078563 0.0488194
vt 0.0779719 0.0450546
vt 0.077328 0.0457536
vt 0.0777343 0.0483422
vt 0.0779719 0.0450546
vt 0.0771967 0.0475698
vt 0.077328 0.0457536
vt 0.0770521 0.0466486
vt 0.0771967 0.0475698
vt 0.0777343 0.0483422
vt 0.077328 0.0457536
vt 0.0788619 0.0446842
vt 0.0779719 0.0450546
vt 0.078563 0.0488194
vt 0.0814264 0.0497282
vt 0.0788619 0.0446842
vt 0.078563 0.0488194
vt 0.0818305 0.0441377
vt 0.0788619 0.0446842
vt 0.0814264 0.0497282
vt 0.0779719 0.0450546
vt 0.0788619 0.0446842
vt 0.078563 0.0488194
vt 0.0777343 0.0483422
vt 0.0779719 0.0450546
vt 0.078563 0.0488194
vt 0.0771967 0.0475698
vt 0.077328 0.0457536
vt 0.0777343 0.0483422
vt 0.0770521 0.0466487
vt 0.077328 0.0457536
vt 0.0771967 0.0475698
vt 0.077328 0.0457536
vt 0.0779719 0.0450546
vt 0.0777343 0.0483422
vt 0.0814264 0.0497282
vt 0.078563 0.0488194
vt 0.0788619 0.0446842
vt 0.0818305 0.0441377
vt 0.0814264 0.0497282
vt 0.0788619 0.0446842
vt 0.0898241 0.0421325
vt 0.0906089 0.0418876
vt 0.0904845 0.0424846
vt 0.0895976 0.0421798
vt 0.0898241 0.0421325
vt 0.0904845 0.0424846
vt 0.0888501 0.0418614
vt 0.0898241 0.0421325
vt 0.0895976 0.0421798
vt 0.0911323 0.0425114
vt 0.0907945 0.0430011
vt 0.0904845 0.0424846
vt 0.0911323 0.0425114
vt 0.0904845 0.0424846
vt 0.0906089 0.0418876
vt 0.0902739 0.0426969
vt 0.0895976 0.0421798
vt 0.0904845 0.0424846
vt 0.0893791 0.0418112
vt 0.0898241 0.0421325
vt 0.0888501 0.0418614
vt 0.0881058 0.0417321
vt 0.0893791 0.0418112
vt 0.0888501 0.0418614
vt 0.0893791 0.0418112
vt 0.0906089 0.0418876
vt 0.0898241 0.0421325
vt 0.0917534 0.0419587
vt 0.0911323 0.0425114
vt 0.0906089 0.0418876
vt 0.0905556 0.0430171
vt 0.0902739 0.0426969
vt 0.0904845 0.0424846
vt 0.0905556 0.0430171
vt 0.0904845 0.0424846
vt 0.0907945 0.0430011
vt 0.090786 0.0433613
vt 0.0905556 0.0430171
vt 0.0907945 0.0430011
vt 0.0865629 0.0419913
vt 0.0856377 0.0421848
vt 0.0863163 0.041925
vt 0.0858182 0.0424201
vt 0.0856377 0.0421848
vt 0.0865629 0.0419913
vt 0.0873495 0.0417682
vt 0.0863163 0.041925
vt 0.0868325 0.041653
vt 0.0881058 0.0417321
vt 0.0873495 0.0417682
vt 0.0868325 0.041653
vt 0.0873495 0.0417682
vt 0.0865629 0.0419913
vt 0.0863163 0.041925
vt 0.0854928 0.0427026
vt 0.0856377 0.0421848
vt 0.0858182 0.0424201
vt 0.0852584 0.0426573
vt 0.0849941 0.0421301
vt 0.0856377 0.0421848
vt 0.0852584 0.0426573
vt 0.0856377 0.0421848
vt 0.0854928 0.0427026
vt 0.085215 0.0430153
vt 0.0852584 0.0426573
vt 0.0854928 0.0427026
vt 0.0856025 0.0415766
vt 0.0868325 0.041653
vt 0.0863163 0.041925
vt 0.0856025 0.0415766
vt 0.0863163 0.041925
vt 0.0856377 0.0421848
vt 0.0856025 0.0415766
vt 0.0856377 0.0421848
vt 0.0849941 0.0421301
vt 0.0844581 0.0415055
vt 0.0856025 0.0415766
vt 0.0849941 0.0421301
vt 0.0911084 0.0441495
vt 0.09124 0.0440945
vt 0.0912041 0.0450189
vt 0.0916785 0.0450671
vt 0.09124 0.0440945
vt 0.0915994 0.0438709
vt 0.0922394 0.0449802
vt 0.0916785 0.0450671
vt 0.0915994 0.0438709
vt 0.0906711 0.0466659
vt 0.0910506 0.0458878
vt 0.0911314 0.0460681
vt 0.0906711 0.0466659
vt 0.0911314 0.0460681
vt 0.0906422 0.0470164
vt 0.0906711 0.0466659
vt 0.0906422 0.0470164
vt 0.0898889 0.0477921
vt 0.0914781 0.0480131
vt 0.0897591 0.0501041
vt 0.090093 0.0484868
vt 0.0909214 0.0474908
vt 0.0898889 0.0477921
vt 0.0906422 0.0470164
vt 0.0893929 0.0477853
vt 0.0889159 0.0483164
vt 0.0885526 0.0480753
vt 0.0886459 0.0506622
vt 0.0874523 0.0508089
vt 0.0879117 0.0494736
vt 0.0870702 0.048416
vt 0.0859897 0.0489265
vt 0.0862254 0.048089
vt 0.0862911 0.0505181
vt 0.0852646 0.0498269
vt 0.0859897 0.0489265
vt 0.0867545 0.0479647
vt 0.0876447 0.0481393
vt 0.0870702 0.048416
vt 0.0867545 0.0479647
vt 0.0870702 0.048416
vt 0.0862254 0.048089
vt 0.0859607 0.0475732
vt 0.0853278 0.0473711
vt 0.084853 0.0463037
vt 0.0838592 0.0475384
vt 0.0841084 0.045748
vt 0.0844029 0.0468905
vt 0.0845621 0.0446075
vt 0.0845893 0.0454871
vt 0.0844685 0.0455724
vt 0.0845621 0.0446075
vt 0.0844685 0.0455724
vt 0.0844881 0.0442848
vt 0.084782 0.0437565
vt 0.0844881 0.0442848
vt 0.0852584 0.0426573
vt 0.0914591 0.046309
vt 0.0914781 0.0480131
vt 0.0909214 0.0474908
vt 0.0914591 0.046309
vt 0.0909214 0.0474908
vt 0.0906422 0.0470164
vt 0.0914591 0.046309
vt 0.0906422 0.0470164
vt 0.0911314 0.0460681
vt 0.0914591 0.046309
vt 0.0911314 0.0460681
vt 0.0916785 0.0450671
vt 0.0914591 0.046309
vt 0.0916785 0.0450671
vt 0.0922394 0.0449802
vt 0.090093 0.0484868
vt 0.0898889 0.0477921
vt 0.0909214 0.0474908
vt 0.090093 0.0484868
vt 0.0909214 0.0474908
vt 0.0914781 0.0480131
vt 0.0835415 0.0444421
vt 0.0841084 0.045748
vt 0.0838592 0.0475384
vt 0.084782 0.0437565
vt 0.0845621 0.0446075
vt 0.0844881 0.0442848
vt 0.0847522 0.0464948
vt 0.084853 0.0463037
vt 0.0853278 0.0473711
vt 0.0847522 0.0464948
vt 0.0853278 0.0473711
vt 0.0844029 0.0468905
vt 0.0847522 0.0464948
vt 0.0844029 0.0468905
vt 0.0841084 0.045748
vt 0.0847522 0.0464948
vt 0.0841084 0.045748
vt 0.0844685 0.0455724
vt 0.0847522 0.0464948
vt 0.0844685 0.0455724
vt 0.0845893 0.0454871
vt 0.0845893 0.0454871
vt 0.084853 0.0463037
vt 0.0847522 0.0464948
vt 0.0862254 0.048089
vt 0.0853278 0.0473711
vt 0.0859607 0.0475732
vt 0.0859607 0.0475732
vt 0.0867545 0.0479647
vt 0.0862254 0.048089
vt 0.0879392 0.048501
vt 0.0885526 0.0480753
vt 0.0889159 0.0483164
vt 0.0879392 0.048501
vt 0.0889159 0.0483164
vt 0.0879117 0.0494736
vt 0.0879392 0.048501
vt 0.0879117 0.0494736
vt 0.0870702 0.048416
vt 0.0879392 0.048501
vt 0.0870702 0.048416
vt 0.0876447 0.0481393
vt 0.0876447 0.0481393
vt 0.0885526 0.0480753
vt 0.0879392 0.048501
vt 0.0898889 0.0477921
vt 0.0889159 0.0483164
vt 0.0893929 0.0477853
vt 0.0893929 0.0477853
vt 0.0906711 0.0466659
vt 0.0898889 0.0477921
vt 0.091324 0.0450648
vt 0.0912041 0.0450189
vt 0.09124 0.0440945
vt 0.091324 0.0450648
vt 0.09124 0.0440945
vt 0.0916785 0.0450671
vt 0.091324 0.0450648
vt 0.0916785 0.0450671
vt 0.0911314 0.0460681
vt 0.091324 0.0450648
vt 0.0911314 0.0460681
vt 0.0910506 0.0458878
vt 0.0910506 0.0458878
vt 0.0912041 0.0450189
vt 0.091324 0.0450648
vt 0.0907945 0.0430011
vt 0.0915994 0.0438709
vt 0.09124 0.0440945
vt 0.0907945 0.0430011
vt 0.09124 0.0440945
vt 0.0911084 0.0441495
vt 0.090786 0.0433613
vt 0.0907945 0.0430011
vt 0.0911084 0.0441495
vt 0.0911323 0.0425114
vt 0.0915994 0.0438709
vt 0.0907945 0.0430011
vt 0.0917534 0.0419587
vt 0.0915994 0.0438709
vt 0.0911323 0.0425114
vt 0.0917534 0.0419587
vt 0.0922394 0.0449802
vt 0.0915994 0.0438709
vt 0.0922394 0.0449802
vt 0.0914781 0.0480131
vt 0.0914591 0.046309
vt 0.0890127 0.0491966
vt 0.0886459 0.0506622
vt 0.0879117 0.0494736
vt 0.0890127 0.0491966
vt 0.0879117 0.0494736
vt 0.0889159 0.0483164
vt 0.0890127 0.0491966
vt 0.0889159 0.0483164
vt 0.0898889 0.0477921
vt 0.0890127 0.0491966
vt 0.0898889 0.0477921
vt 0.090093 0.0484868
vt 0.0890127 0.0491966
vt 0.090093 0.0484868
vt 0.0897591 0.0501041
vt 0.0897591 0.0501041
vt 0.0886459 0.0506622
vt 0.0890127 0.0491966
vt 0.0869288 0.0493678
vt 0.0862911 0.0505181
vt 0.0859897 0.0489265
vt 0.0869288 0.0493678
vt 0.0859897 0.0489265
vt 0.0870702 0.048416
vt 0.0869288 0.0493678
vt 0.0870702 0.048416
vt 0.0879117 0.0494736
vt 0.0869288 0.0493678
vt 0.0879117 0.0494736
vt 0.0874523 0.0508089
vt 0.0874523 0.0508089
vt 0.0862911 0.0505181
vt 0.0869288 0.0493678
vt 0.0850152 0.0479936
vt 0.0838592 0.0475384
vt 0.0844029 0.0468905
vt 0.0850152 0.0479936
vt 0.0844029 0.0468905
vt 0.0853278 0.0473711
vt 0.0850152 0.0479936
vt 0.0853278 0.0473711
vt 0.0862254 0.048089
vt 0.0850152 0.0479936
vt 0.0862254 0.048089
vt 0.0859897 0.0489265
vt 0.0850152 0.0479936
vt 0.0859897 0.0489265
vt 0.0852646 0.0498269
vt 0.0852646 0.0498269
vt 0.0838592 0.0475384
vt 0.0850152 0.0479936
vt 0.0841442 0.044161
vt 0.0852584 0.0426573
vt 0.0844881 0.0442848
vt 0.0841442 0.044161
vt 0.0844881 0.0442848
vt 0.0844685 0.0455724
vt 0.0841442 0.044161
vt 0.0844685 0.0455724
vt 0.0841084 0.045748
vt 0.0841442 0.044161
vt 0.0841084 0.045748
vt 0.0835415 0.0444421
vt 0.0844581 0.0415055
vt 0.0841442 0.044161
vt 0.0835415 0.0444421
vt 0.0849941 0.0421301
vt 0.0841442 0.044161
vt 0.0844581 0.0415055
vt 0.0849941 0.0421301
vt 0.0852584 0.0426573
vt 0.0841442 0.044161
vt 0.085215 0.0430153
vt 0.084782 0.0437565
vt 0.0852584 0.0426573
vt 0.0814264 0.0497282
vt 0.0813351 0.0520382
vt 0.0838596 0.0475398
vt 0.0835415 0.0444421
vt 0.0838592 0.0475384
vt 0.0814264 0.0497282
vt 0.0820562 0.0413563
vt 0.0818305 0.0441377
vt 0.0835416 0.0444399
vt 0.0922392 0.0449824
vt 0.0933274 0.0527832
vt 0.0941554 0.0421079
vt 0.0818305 0.0441377
vt 0.0835415 0.0444421
vt 0.0814264 0.0497282
vt 0.0914781 0.0480131
vt 0.0922394 0.0449802
vt 0.0933327 0.0527835
vt 0.0814264 0.0497282
vt 0.0835416 0.0444399
vt 0.0818305 0.0441377
vt 0.0806865 0.0494934
vt 0.0813351 0.0520382
vt 0.0814264 0.0497282
vt 0.0820562 0.0413563
vt 0.0835415 0.0444421
vt 0.0818305 0.0441377
vt 0.0810634 0.0442789
vt 0.0820562 0.0413563
vt 0.0818305 0.0441377
vt 0.0820562 0.0413563
vt 0.0811819 0.041302
vt 0.0810634 0.0442789
vt 0.0810634 0.0442789
vt 0.0818305 0.0441377
vt 0.0820562 0.0413563
vt 0.0810634 0.0442789
vt 0.0810634 0.0442789
vt 0.0811819 0.041302
vt 0.0811819 0.041302
vt 0.0820562 0.0413563
vt 0.0810634 0.0442789
vt 0.0844581 0.0415055
vt 0.0835415 0.0444421
vt 0.0820562 0.0413563
vt 0.0813403 0.0520385
vt 0.0804101 0.0519807
vt 0.0806865 0.0494934
vt 0.0813403 0.0520385
vt 0.0806865 0.0494934
vt 0.0814264 0.0497282
vt 0.0813403 0.0520385
vt 0.0814264 0.0497282
vt 0.0838592 0.0475384
vt 0.0852646 0.0498269
vt 0.0838765 0.0521961
vt 0.0838592 0.0475384
vt 0.0862911 0.0505181
vt 0.0838765 0.0521961
vt 0.0852646 0.0498269
vt 0.0874523 0.0508089
vt 0.0873391 0.0524112
vt 0.0862911 0.0505181
vt 0.0886459 0.0506622
vt 0.0873391 0.0524112
vt 0.0874523 0.0508089
vt 0.0897591 0.0501041
vt 0.0908004 0.0526262
vt 0.0886459 0.0506622
vt 0.0914781 0.0480131
vt 0.0908004 0.0526262
vt 0.0897591 0.0501041
vt 0.0941554 0.0421079
vt 0.0933327 0.0527835
vt 0.0922394 0.0449802
vt 0.0917534 0.0419587
vt 0.0941554 0.0421079
vt 0.0922394 0.0449802
vt 0.0950296 0.0421622
vt 0.0942577 0.0528409
vt 0.0941554 0.0421079
vt 0.0941554 0.0421079
vt 0.0942577 0.0528409
vt 0.0950296 0.0421622
vt 0.0917534 0.0419587
vt 0.0922392 0.0449824
vt 0.0941554 0.0421079
vt 0.0914786 0.0480118
vt 0.0933274 0.0527832
vt 0.0922392 0.0449824
vt 0.0897565 0.050106
vt 0.0907912 0.0526256
vt 0.0914786 0.0480118
vt 0.0886397 0.050664
vt 0.0907912 0.0526256
vt 0.0897565 0.050106
vt 0.087447 0.0508086
vt 0.0873286 0.0524105
vt 0.0886397 0.050664
vt 0.0862852 0.0505156
vt 0.0873286 0.0524105
vt 0.087447 0.0508086
vt 0.0852623 0.0498248
vt 0.0838674 0.0521955
vt 0.0862852 0.0505156
vt 0.0838596 0.0475398
vt 0.0838674 0.0521955
vt 0.0852623 0.0498248
vt 0.0838596 0.0475398
vt 0.0835416 0.0444399
vt 0.0814264 0.0497282
vt 0.0844581 0.0415055
vt 0.0820562 0.0413563
vt 0.0835416 0.0444399
vt 0.0873391 0.0524112
vt 0.0838765 0.0521961
vt 0.0862911 0.0505181
vt 0.0838765 0.0521961
vt 0.0813403 0.0520385
vt 0.0838592 0.0475384
vt 0.0806865 0.0494934
vt 0.0806865 0.0494934
vt 0.0804101 0.0519807
vt 0.0804101 0.0519807
vt 0.0813351 0.0520382
vt 0.0806865 0.0494934
vt 0.0813351 0.0520382
vt 0.0838674 0.0521955
vt 0.0838596 0.0475398
vt 0.0838674 0.0521955
vt 0.0873286 0.0524105
vt 0.0862852 0.0505156
vt 0.0873286 0.0524105
vt 0.0907912 0.0526256
vt 0.0886397 0.050664
vt 0.0907912 0.0526256
vt 0.0933274 0.0527832
vt 0.0914786 0.0480118
vt 0.0933274 0.0527832
vt 0.0942577 0.0528409
vt 0.0941554 0.0421079
vt 0.0942577 0.0528409
vt 0.0933327 0.0527835
vt 0.0941554 0.0421079
vt 0.0933327 0.0527835
vt 0.0908004 0.0526262
vt 0.0914781 0.0480131
vt 0.0908004 0.0526262
vt 0.0873391 0.0524112
vt 0.0886459 0.0506622
vt 0.0854928 0.0427026
vt 0.0858182 0.0424201
vt 0.0849941 0.0421301
vt 0.0856025 0.0415766
vt 0.0849941 0.0421301
vt 0.0858182 0.0424201
vt 0.0865629 0.0419913
vt 0.0856025 0.0415766
vt 0.0858182 0.0424201
vt 0.0873495 0.0417682
vt 0.0868325 0.041653
vt 0.0865629 0.0419913
vt 0.0881058 0.0417321
vt 0.0868325 0.041653
vt 0.0873495 0.0417682
vt 0.0868325 0.041653
vt 0.0856025 0.0415766
vt 0.0865629 0.0419913
vt 0.0844581 0.0415055
vt 0.0849941 0.0421301
vt 0.0856025 0.0415766
vt 0.0852584 0.0426573
vt 0.0854928 0.0427026
vt 0.0849941 0.0421301
vt 0.085215 0.0430152
vt 0.0854928 0.0427026
vt 0.0852584 0.0426573
vt 0.0895976 0.0421798
vt 0.0902599 0.0423507
vt 0.0895552 0.0420251
vt 0.0902739 0.0426969
vt 0.0902599 0.0423507
vt 0.0895976 0.0421798
vt 0.0881058 0.0417321
vt 0.0895552 0.0420251
vt 0.0893791 0.0418112
vt 0.0888501 0.0418614
vt 0.0895552 0.0420251
vt 0.0881058 0.0417321
vt 0.0888501 0.0418614
vt 0.0895976 0.0421798
vt 0.0895552 0.0420251
vt 0.0907945 0.0430011
vt 0.0911323 0.0425114
vt 0.0902599 0.0423507
vt 0.0907945 0.0430011
vt 0.0902599 0.0423507
vt 0.0902739 0.0426969
vt 0.0905556 0.0430171
vt 0.0907945 0.0430011
vt 0.0902739 0.0426969
vt 0.090786 0.0433613
vt 0.0907945 0.0430011
vt 0.0905556 0.0430171
vt 0.0906089 0.0418876
vt 0.0893791 0.0418112
vt 0.0895552 0.0420251
vt 0.0906089 0.0418876
vt 0.0895552 0.0420251
vt 0.0902599 0.0423507
vt 0.0906089 0.0418876
vt 0.0902599 0.0423507
vt 0.0911323 0.0425114
vt 0.0917534 0.0419587
vt 0.0906089 0.0418876
vt 0.0911323 0.0425114
vt 0.0847821 0.0437565
vt 0.0846506 0.0437094
vt 0.0845621 0.0446063
vt 0.0840797 0.0446563
vt 0.0846506 0.0437094
vt 0.0843256 0.0434491
vt 0.0835416 0.0444399
vt 0.0840797 0.0446563
vt 0.0843256 0.0434491
vt 0.0844995 0.0457361
vt 0.0845395 0.0472062
vt 0.0848816 0.0467475
vt 0.0848533 0.0463045
vt 0.0845892 0.0454864
vt 0.0844995 0.0457361
vt 0.0848533 0.0463045
vt 0.0844995 0.0457361
vt 0.0848816 0.0467475
vt 0.0838596 0.0475398
vt 0.0852623 0.0498248
vt 0.0852687 0.0483003
vt 0.0855634 0.0476103
vt 0.0848533 0.0463045
vt 0.0848816 0.0467475
vt 0.085959 0.047572
vt 0.0864989 0.0482247
vt 0.08675 0.0479633
vt 0.0862852 0.0505156
vt 0.087447 0.0508086
vt 0.0873586 0.0494562
vt 0.088548 0.0480761
vt 0.0883379 0.048462
vt 0.0893909 0.0477862
vt 0.0897565 0.050106
vt 0.0904562 0.0481176
vt 0.0894184 0.0489871
vt 0.0910504 0.0458885
vt 0.0906715 0.0466653
vt 0.0908173 0.0467482
vt 0.0911682 0.0459547
vt 0.0910504 0.0458885
vt 0.0908173 0.0467482
vt 0.0911682 0.0459547
vt 0.0908173 0.0467482
vt 0.091501 0.0461653
vt 0.0914786 0.0480118
vt 0.0922392 0.0449824
vt 0.091501 0.0461653
vt 0.0911138 0.0471533
vt 0.0914786 0.0480118
vt 0.091501 0.0461653
vt 0.0911138 0.0471533
vt 0.091501 0.0461653
vt 0.0908173 0.0467482
vt 0.0911084 0.0441495
vt 0.0912039 0.0450201
vt 0.0913257 0.0447548
vt 0.0911084 0.0441495
vt 0.0913257 0.0447548
vt 0.0907945 0.0430011
vt 0.0841398 0.0459501
vt 0.0838596 0.0475398
vt 0.0845395 0.0472062
vt 0.0841398 0.0459501
vt 0.0845395 0.0472062
vt 0.0844995 0.0457361
vt 0.0841398 0.0459501
vt 0.0844995 0.0457361
vt 0.0840797 0.0446563
vt 0.0841398 0.0459501
vt 0.0840797 0.0446563
vt 0.0835416 0.0444399
vt 0.0852687 0.0483003
vt 0.0855634 0.0476103
vt 0.0848816 0.0467475
vt 0.0852687 0.0483003
vt 0.0848816 0.0467475
vt 0.0845395 0.0472062
vt 0.0852687 0.0483003
vt 0.0845395 0.0472062
vt 0.0838596 0.0475398
vt 0.0892796 0.048166
vt 0.0893909 0.0477862
vt 0.0883379 0.048462
vt 0.0892796 0.048166
vt 0.0883379 0.048462
vt 0.0894184 0.0489871
vt 0.0892796 0.048166
vt 0.0894184 0.0489871
vt 0.0904562 0.0481176
vt 0.0904562 0.0481176
vt 0.0914786 0.0480118
vt 0.0911138 0.0471533
vt 0.0911682 0.0459547
vt 0.0913257 0.0447548
vt 0.0912039 0.0450201
vt 0.0912039 0.0450201
vt 0.0910504 0.0458885
vt 0.0911682 0.0459547
vt 0.0902187 0.0475081
vt 0.0893909 0.0477862
vt 0.0892796 0.048166
vt 0.0902187 0.0475081
vt 0.0892796 0.048166
vt 0.0904562 0.0481176
vt 0.0902187 0.0475081
vt 0.0904562 0.0481176
vt 0.0911138 0.0471533
vt 0.0902187 0.0475081
vt 0.0911138 0.0471533
vt 0.0908173 0.0467482
vt 0.0902187 0.0475081
vt 0.0908173 0.0467482
vt 0.0906715 0.0466653
vt 0.0906715 0.0466653
vt 0.0893909 0.0477862
vt 0.0902187 0.0475081
vt 0.0876406 0.0481391
vt 0.0883379 0.048462
vt 0.088548 0.0480761
vt 0.0874512 0.0484823
vt 0.08675 0.0479633
vt 0.0864989 0.0482247
vt 0.0874512 0.0484823
vt 0.0864989 0.0482247
vt 0.0873586 0.0494562
vt 0.0874512 0.0484823
vt 0.0873586 0.0494562
vt 0.0883379 0.048462
vt 0.0874512 0.0484823
vt 0.0883379 0.048462
vt 0.0876406 0.0481391
vt 0.0876406 0.0481391
vt 0.08675 0.0479633
vt 0.0874512 0.0484823
vt 0.0855634 0.0476103
vt 0.0864989 0.0482247
vt 0.085959 0.047572
vt 0.085959 0.047572
vt 0.0848533 0.0463045
vt 0.0855634 0.0476103
vt 0.0844323 0.0446864
vt 0.0845621 0.0446063
vt 0.0846506 0.0437094
vt 0.0844323 0.0446864
vt 0.0846506 0.0437094
vt 0.0840797 0.0446563
vt 0.0844323 0.0446864
vt 0.0840797 0.0446563
vt 0.0844995 0.0457361
vt 0.0844323 0.0446864
vt 0.0844995 0.0457361
vt 0.0845892 0.0454864
vt 0.0845892 0.0454864
vt 0.0845621 0.0446063
vt 0.0844323 0.0446864
vt 0.0852584 0.0426573
vt 0.0843256 0.0434491
vt 0.0846506 0.0437094
vt 0.0852584 0.0426573
vt 0.0846506 0.0437094
vt 0.0847821 0.0437565
vt 0.085215 0.0430152
vt 0.0852584 0.0426573
vt 0.0847821 0.0437565
vt 0.0849941 0.0421301
vt 0.0843256 0.0434491
vt 0.0852584 0.0426573
vt 0.0844581 0.0415055
vt 0.0843256 0.0434491
vt 0.0849941 0.0421301
vt 0.0844581 0.0415055
vt 0.0835416 0.0444399
vt 0.0843256 0.0434491
vt 0.0835416 0.0444399
vt 0.0838596 0.0475398
vt 0.0841398 0.0459501
vt 0.0862914 0.0491082
vt 0.0862852 0.0505156
vt 0.0873586 0.0494562
vt 0.0862914 0.0491082
vt 0.0873586 0.0494562
vt 0.0864989 0.0482247
vt 0.0862914 0.0491082
vt 0.0864989 0.0482247
vt 0.0855634 0.0476103
vt 0.0862914 0.0491082
vt 0.0855634 0.0476103
vt 0.0852687 0.0483003
vt 0.0862914 0.0491082
vt 0.0852687 0.0483003
vt 0.0852623 0.0498248
vt 0.0852623 0.0498248
vt 0.0862852 0.0505156
vt 0.0862914 0.0491082
vt 0.0883629 0.04941
vt 0.0897565 0.050106
vt 0.0894184 0.0489871
vt 0.0883629 0.04941
vt 0.0894184 0.0489871
vt 0.0883379 0.048462
vt 0.0883629 0.04941
vt 0.0883379 0.048462
vt 0.0873586 0.0494562
vt 0.0883629 0.04941
vt 0.0873586 0.0494562
vt 0.087447 0.0508086
vt 0.0886397 0.050664
vt 0.0883629 0.04941
vt 0.087447 0.0508086
vt 0.0886397 0.050664
vt 0.0897565 0.050106
vt 0.0883629 0.04941
vt 0.0897565 0.050106
vt 0.0914786 0.0480118
vt 0.0904562 0.0481176
vt 0.0916839 0.0446852
vt 0.0907945 0.0430011
vt 0.0913257 0.0447548
vt 0.0916839 0.0446852
vt 0.0913257 0.0447548
vt 0.0911682 0.0459547
vt 0.0916839 0.0446852
vt 0.0911682 0.0459547
vt 0.091501 0.0461653
vt 0.0916839 0.0446852
vt 0.091501 0.0461653
vt 0.0922392 0.0449824
vt 0.0917534 0.0419587
vt 0.0916839 0.0446852
vt 0.0922392 0.0449824
vt 0.0911323 0.0425114
vt 0.0916839 0.0446852
vt 0.0917534 0.0419587
vt 0.0911323 0.0425114
vt 0.0907945 0.0430011
vt 0.0916839 0.0446852
vt 0.090786 0.0433613
vt 0.0911084 0.0441495
vt 0.0907945 0.0430011
vt 0.0497614 0.152622
vt 0.0467401 0.156004
vt 0.0457129 0.155955
vt 0.047635 0.155355
vt 0.0467401 0.156004
vt 0.0497614 0.152622
vt 0.0448284 0.155221
vt 0.0497614 0.152622
vt 0.0457129 0.155955
vt 0.0469832 0.148709
vt 0.0497614 0.152622
vt 0.0448284 0.155221
vt 0.0443238 0.153998
vt 0.0469832 0.148709
vt 0.0448284 0.155221
vt 0.0443342 0.152615
vt 0.0469832 0.148709
vt 0.0443238 0.153998
vt 0.0448569 0.151442
vt 0.0469832 0.148709
vt 0.0443342 0.152615
vt 0.047635 0.155355
vt 0.0497614 0.152622
vt 0.0419962 0.152979
vt 0.0398699 0.155712
vt 0.047635 0.155355
vt 0.0419962 0.152979
vt 0.0740509 0.113498
vt 0.0419962 0.152979
vt 0.0497614 0.152622
vt 0.0790327 0.113269
vt 0.0740509 0.113498
vt 0.0497614 0.152622
vt 0.0469832 0.148709
vt 0.0790327 0.113269
vt 0.0497614 0.152622
vt 0.0762546 0.109355
vt 0.0790327 0.113269
vt 0.0469832 0.148709
vt 0.0781211 0.108758
vt 0.0762546 0.109355
vt 0.0771173 0.108708
vt 0.0789969 0.109493
vt 0.0762546 0.109355
vt 0.0781211 0.108758
vt 0.0795101 0.110715
vt 0.0762546 0.109355
vt 0.0789969 0.109493
vt 0.0795233 0.112097
vt 0.0762546 0.109355
vt 0.0795101 0.110715
vt 0.0795233 0.112097
vt 0.0790327 0.113269
vt 0.0762546 0.109355
vt 0.0448569 0.151442
vt 0.0392181 0.149066
vt 0.0469832 0.148709
vt 0.0370918 0.151799
vt 0.0392181 0.149066
vt 0.0448569 0.151442
vt 0.0712728 0.109584
vt 0.0469832 0.148709
vt 0.0392181 0.149066
vt 0.0762546 0.109355
vt 0.0469832 0.148709
vt 0.0712728 0.109584
vt 0.0365587 0.154356
vt 0.0365691 0.152972
vt 0.0443342 0.152615
vt 0.0443238 0.153998
vt 0.0365587 0.154356
vt 0.0443342 0.152615
vt 0.0379477 0.156312
vt 0.0370633 0.155578
vt 0.0448284 0.155221
vt 0.0457129 0.155955
vt 0.0379477 0.156312
vt 0.0448284 0.155221
vt 0.0398699 0.155712
vt 0.038975 0.156361
vt 0.0467401 0.156004
vt 0.047635 0.155355
vt 0.0398699 0.155712
vt 0.0467401 0.156004
vt 0.0457129 0.155955
vt 0.0467401 0.156004
vt 0.038975 0.156361
vt 0.038975 0.156361
vt 0.0379477 0.156312
vt 0.0457129 0.155955
vt 0.0443238 0.153998
vt 0.0448284 0.155221
vt 0.0370633 0.155578
vt 0.0370633 0.155578
vt 0.0365587 0.154356
vt 0.0443238 0.153998
vt 0.0448569 0.151442
vt 0.0443342 0.152615
vt 0.0365691 0.152972
vt 0.0370918 0.151799
vt 0.0448569 0.151442
vt 0.0365691 0.152972
vt 0.0365691 0.152972
vt 0.0365587 0.154356
vt 0.0392181 0.149066
vt 0.0370918 0.151799
vt 0.0365691 0.152972
vt 0.0392181 0.149066
vt 0.0370633 0.155578
vt 0.0392181 0.149066
vt 0.0365587 0.154356
vt 0.0419962 0.152979
vt 0.0392181 0.149066
vt 0.0370633 0.155578
vt 0.0379477 0.156312
vt 0.0419962 0.152979
vt 0.0370633 0.155578
vt 0.038975 0.156361
vt 0.0419962 0.152979
vt 0.0379477 0.156312
vt 0.0398699 0.155712
vt 0.0419962 0.152979
vt 0.038975 0.156361
vt 0.0781211 0.108758
vt 0.0771173 0.108708
vt 0.0721998 0.108934
vt 0.0732506 0.108982
vt 0.0781211 0.108758
vt 0.0721998 0.108934
vt 0.0795101 0.110715
vt 0.0789969 0.109493
vt 0.0741437 0.109716
vt 0.0746397 0.110939
vt 0.0795101 0.110715
vt 0.0741437 0.109716
vt 0.0790327 0.113269
vt 0.0795233 0.112097
vt 0.0746057 0.112323
vt 0.0740509 0.113498
vt 0.0790327 0.113269
vt 0.0746057 0.112323
vt 0.0746397 0.110939
vt 0.0746057 0.112323
vt 0.0795233 0.112097
vt 0.0795233 0.112097
vt 0.0795101 0.110715
vt 0.0746397 0.110939
vt 0.0732506 0.108982
vt 0.0741437 0.109716
vt 0.0789969 0.109493
vt 0.0789969 0.109493
vt 0.0781211 0.108758
vt 0.0732506 0.108982
vt 0.0712728 0.109584
vt 0.0721998 0.108934
vt 0.0771173 0.108708
vt 0.0762546 0.109355
vt 0.0712728 0.109584
vt 0.0771173 0.108708
vt 0.0740509 0.113498
vt 0.0746397 0.110939
vt 0.0741437 0.109716
vt 0.0746057 0.112323
vt 0.0746397 0.110939
vt 0.0740509 0.113498
vt 0.0732506 0.108982
vt 0.0740509 0.113498
vt 0.0741437 0.109716
vt 0.0721998 0.108934
vt 0.0740509 0.113498
vt 0.0732506 0.108982
vt 0.0712728 0.109584
vt 0.0740509 0.113498
vt 0.0721998 0.108934
vt 0.0392181 0.149066
vt 0.0419962 0.152979
vt 0.0740509 0.113498
vt 0.0392181 0.149066
vt 0.0740509 0.113498
vt 0.0712728 0.109584
vt 0.0474105 0.153338
vt 0.0468879 0.154511
vt 0.0201724 0.188352
vt 0.0191451 0.188303
vt 0.0474105 0.153338
vt 0.0201724 0.188352
vt 0.0460319 0.149998
vt 0.0469163 0.150732
vt 0.0182607 0.187569
vt 0.0177561 0.186347
vt 0.0460319 0.149998
vt 0.0182607 0.187569
vt 0.0460319 0.149998
vt 0.0177561 0.186347
vt 0.0177665 0.184963
vt 0.0182892 0.18379
vt 0.0450046 0.149949
vt 0.0177665 0.184963
vt 0.0441097 0.150598
vt 0.0450046 0.149949
vt 0.0182892 0.18379
vt 0.0450046 0.149949
vt 0.0460319 0.149998
vt 0.0177665 0.184963
vt 0.0191451 0.188303
vt 0.0182607 0.187569
vt 0.0469163 0.150732
vt 0.0474209 0.151955
vt 0.0191451 0.188303
vt 0.0469163 0.150732
vt 0.0474209 0.151955
vt 0.0474105 0.153338
vt 0.0191451 0.188303
vt 0.0210673 0.187703
vt 0.0201724 0.188352
vt 0.0468879 0.154511
vt 0.0468879 0.154511
vt 0.0162141 0.187927
vt 0.0210673 0.187703
vt 0.0420347 0.154734
vt 0.0162141 0.187927
vt 0.0468879 0.154511
vt 0.0392565 0.150821
vt 0.0182892 0.18379
vt 0.013436 0.184013
vt 0.0441097 0.150598
vt 0.0182892 0.18379
vt 0.0392565 0.150821
vt 0.0177665 0.184963
vt 0.0129133 0.185187
vt 0.013436 0.184013
vt 0.0177561 0.186347
vt 0.0129133 0.185187
vt 0.0177665 0.184963
vt 0.0134075 0.187792
vt 0.0129029 0.18657
vt 0.0182607 0.187569
vt 0.0191451 0.188303
vt 0.0134075 0.187792
vt 0.0182607 0.187569
vt 0.0153192 0.188576
vt 0.014292 0.188526
vt 0.0201724 0.188352
vt 0.0210673 0.187703
vt 0.0153192 0.188576
vt 0.0201724 0.188352
vt 0.0162141 0.187927
vt 0.0153192 0.188576
vt 0.0210673 0.187703
vt 0.0191451 0.188303
vt 0.0201724 0.188352
vt 0.014292 0.188526
vt 0.014292 0.188526
vt 0.0134075 0.187792
vt 0.0191451 0.188303
vt 0.0177561 0.186347
vt 0.0182607 0.187569
vt 0.0129029 0.18657
vt 0.0129029 0.18657
vt 0.0129133 0.185187
vt 0.0177561 0.186347
vt 0.0182892 0.18379
vt 0.0177665 0.184963
vt 0.013436 0.184013
vt 0.0450046 0.149949
vt 0.0441097 0.150598
vt 0.0401514 0.150172
vt 0.0411787 0.150221
vt 0.0450046 0.149949
vt 0.0401514 0.150172
vt 0.0469163 0.150732
vt 0.0460319 0.149998
vt 0.0420632 0.150955
vt 0.0425678 0.152178
vt 0.0469163 0.150732
vt 0.0420632 0.150955
vt 0.0468879 0.154511
vt 0.0474105 0.153338
vt 0.0425573 0.153561
vt 0.0420347 0.154734
vt 0.0468879 0.154511
vt 0.0425573 0.153561
vt 0.0425678 0.152178
vt 0.0425573 0.153561
vt 0.0474105 0.153338
vt 0.0474209 0.151955
vt 0.0425678 0.152178
vt 0.0474105 0.153338
vt 0.0474209 0.151955
vt 0.0469163 0.150732
vt 0.0425678 0.152178
vt 0.0411787 0.150221
vt 0.0420632 0.150955
vt 0.0460319 0.149998
vt 0.0460319 0.149998
vt 0.0450046 0.149949
vt 0.0411787 0.150221
vt 0.0392565 0.150821
vt 0.0401514 0.150172
vt 0.0441097 0.150598
vt 0.014292 0.188526
vt 0.0425573 0.153561
vt 0.0425678 0.152178
vt 0.0411787 0.150221
vt 0.0401514 0.150172
vt 0.0129133 0.185187
vt 0.0129029 0.18657
vt 0.0411787 0.150221
vt 0.0129133 0.185187
vt 0.0134075 0.187792
vt 0.0411787 0.150221
vt 0.0129029 0.18657
vt 0.0153192 0.188576
vt 0.0425573 0.153561
vt 0.014292 0.188526
vt 0.0420347 0.154734
vt 0.0153192 0.188576
vt 0.0162141 0.187927
vt 0.0420347 0.154734
vt 0.0425573 0.153561
vt 0.0153192 0.188576
vt 0.0420632 0.150955
vt 0.014292 0.188526
vt 0.0425678 0.152178
vt 0.0134075 0.187792
vt 0.014292 0.188526
vt 0.0420632 0.150955
vt 0.0420632 0.150955
vt 0.0411787 0.150221
vt 0.0134075 0.187792
vt 0.013436 0.184013
vt 0.0129133 0.185187
vt 0.0401514 0.150172
vt 0.0392565 0.150821
vt 0.013436 0.184013
vt 0.0401514 0.150172
vt 0.0790261 0.0832035
vt 0.0753773 0.0824224
vt 0.0794437 0.0774398
vt 0.0794437 0.0774398
vt 0.0753773 0.0824224
vt 0.0754319 0.0782371
vt 0.0745226 0.0786383
vt 0.0754319 0.0782371
vt 0.0738854 0.0793817
vt 0.0738854 0.0793817
vt 0.0754319 0.0782371
vt 0.0736488 0.0803173
vt 0.0736488 0.0803173
vt 0.0754319 0.0782371
vt 0.0738609 0.0812561
vt 0.0738609 0.0812561
vt 0.0754319 0.0782371
vt 0.0744786 0.0820084
vt 0.0744786 0.0820084
vt 0.0754319 0.0782371
vt 0.0753773 0.0824224
vt 0.0791703 0.126304
vt 0.0827096 0.126525
vt 0.0827436 0.076995
vt 0.0827436 0.076995
vt 0.0799607 0.0768217
vt 0.0791703 0.126304
vt 0.0751066 0.126052
vt 0.0763874 0.126131
vt 0.0790297 0.0832042
vt 0.075671 0.126087
vt 0.0751066 0.126052
vt 0.0782819 0.0830442
vt 0.0782819 0.0830442
vt 0.0790261 0.0832035
vt 0.075671 0.126087
vt 0.0812768 0.126436
vt 0.0779294 0.126228
vt 0.0815028 0.076918
vt 0.0815028 0.076918
vt 0.0848501 0.0771265
vt 0.0812768 0.126436
vt 0.0875989 0.12683
vt 0.084816 0.126657
vt 0.0883894 0.077347
vt 0.0888797 0.126909
vt 0.0875989 0.12683
vt 0.0924531 0.0776
vt 0.0888797 0.126909
vt 0.0924531 0.0776
vt 0.0883153 0.126874
vt 0.0924531 0.0776
vt 0.0918887 0.0775647
vt 0.0883153 0.126874
vt 0.0827096 0.126525
vt 0.0860569 0.126734
vt 0.0896302 0.0774239
vt 0.0827436 0.076995
vt 0.0827096 0.126525
vt 0.0862829 0.0772154
vt 0.0896302 0.0774239
vt 0.0860569 0.126734
vt 0.0918887 0.0775647
vt 0.0860569 0.126734
vt 0.0883153 0.126874
vt 0.0918887 0.0775647
vt 0.0924531 0.0776
vt 0.0875989 0.12683
vt 0.0911722 0.0775202
vt 0.0911722 0.0775202
vt 0.0875989 0.12683
vt 0.0883894 0.077347
vt 0.0883894 0.077347
vt 0.084816 0.126657
vt 0.0848501 0.0771265
vt 0.084816 0.126657
vt 0.0812768 0.126436
vt 0.0848501 0.0771265
vt 0.0792443 0.0767772
vt 0.0815028 0.076918
vt 0.0794437 0.0774398
vt 0.0794437 0.0774398
vt 0.078677 0.0775922
vt 0.0792443 0.0767772
vt 0.0799607 0.0768217
vt 0.0786799 0.076742
vt 0.0794476 0.077439
vt 0.0794476 0.077439
vt 0.0786799 0.076742
vt 0.0786783 0.0775919
vt 0.0786783 0.0775919
vt 0.0786799 0.076742
vt 0.078677 0.0775922
vt 0.0786799 0.076742
vt 0.0792443 0.0767772
vt 0.078677 0.0775922
vt 0.0794437 0.0774398
vt 0.0815028 0.076918
vt 0.0790261 0.0832035
vt 0.0782819 0.0830442
vt 0.0751066 0.126052
vt 0.0782831 0.0830444
vt 0.0782831 0.0830444
vt 0.0751066 0.126052
vt 0.0790297 0.0832042
vt 0.0763874 0.126131
vt 0.0799607 0.0768217
vt 0.0790297 0.0832042
vt 0.0763874 0.126131
vt 0.0791703 0.126304
vt 0.0799607 0.0768217
vt 0.075671 0.126087
vt 0.0790261 0.0832035
vt 0.0779294 0.126228
vt 0.0779294 0.126228
vt 0.0790261 0.0832035
vt 0.0815028 0.076918
vt 0.0794476 0.077439
vt 0.0790297 0.0832042
vt 0.0799607 0.0768217
vt 0.0827096 0.126525
vt 0.0896302 0.0774239
vt 0.0862829 0.0772154
vt 0.0790297 0.0832042
vt 0.0794476 0.077439
vt 0.0753773 0.0824224
vt 0.0794476 0.077439
vt 0.0754319 0.0782371
vt 0.0753773 0.0824224
vt 0.0753773 0.0824224
vt 0.0754319 0.0782371
vt 0.0744786 0.0820084
vt 0.0744786 0.0820084
vt 0.0754319 0.0782371
vt 0.0738609 0.0812561
vt 0.0738609 0.0812561
vt 0.0754319 0.0782371
vt 0.0736488 0.0803173
vt 0.0745226 0.0786383
vt 0.0738854 0.0793817
vt 0.0754319 0.0782371
vt 0.0738854 0.0793817
vt 0.0736488 0.0803173
vt 0.0754319 0.0782371
vt 0.0790297 0.0832042
vt 0.0753773 0.0824224
vt 0.0782831 0.0830444
vt 0.0782831 0.0830444
vt 0.0753773 0.0824224
vt 0.0782819 0.0830442
vt 0.0790261 0.0832035
vt 0.0782819 0.0830442
vt 0.0753773 0.0824224
vt 0.0753773 0.0824224
vt 0.0782819 0.0830442
vt 0.0753773 0.0824224
vt 0.0794437 0.0774398
vt 0.0754319 0.0782371
vt 0.078677 0.0775922
vt 0.0754319 0.0782371
vt 0.0754319 0.0782371
vt 0.078677 0.0775922
vt 0.0794476 0.077439
vt 0.0786783 0.0775919
vt 0.0754319 0.0782371
vt 0.0786783 0.0775919
vt 0.078677 0.0775922
vt 0.0754319 0.0782371
vt 0.0754319 0.0782371
vt 0.0754319 0.0782371
vt 0.0745226 0.0786383
vt 0.0754319 0.0782371
vt 0.0745226 0.0786383
vt 0.0745226 0.0786383
vt 0.0736488 0.0803173
vt 0.0738854 0.0793817
vt 0.0738854 0.0793817
vt 0.0738854 0.0793817
vt 0.0736488 0.0803173
vt 0.0736488 0.0803173
vt 0.0744786 0.0820084
vt 0.0738609 0.0812561
vt 0.0738609 0.0812561
vt 0.0738609 0.0812561
vt 0.0744786 0.0820084
vt 0.0744786 0.0820084
vt 0.0753773 0.0824224
vt 0.0753773 0.0824224
vt 0.0744786 0.0820084
vt 0.0753773 0.0824224
vt 0.0744786 0.0820084
vt 0.0744786 0.0820084
vt 0.0738609 0.0812561
vt 0.0738609 0.0812561
vt 0.0736488 0.0803173
vt 0.0738609 0.0812561
vt 0.0736488 0.0803173
vt 0.0736488 0.0803173
vt 0.0738854 0.0793817
vt 0.0738854 0.0793817
vt 0.0745226 0.0786383
vt 0.0738854 0.0793817
vt 0.0745226 0.0786383
vt 0.0745226 0.0786383
vt 0.0755257 0.129513
vt 0.0753904 0.131112
vt 0.0767451 0.126402
vt 0.0755257 0.129513
vt 0.0751617 0.130307
vt 0.0753904 0.131112
vt 0.0742778 0.13301
vt 0.0749277 0.132408
vt 0.074789 0.131827
vt 0.0743365 0.132371
vt 0.0742778 0.13301
vt 0.074789 0.131827
vt 0.074789 0.131827
vt 0.0749426 0.13095
vt 0.0743365 0.132371
vt 0.074789 0.131827
vt 0.074949 0.130294
vt 0.0749426 0.13095
vt 0.074789 0.131827
vt 0.0749686 0.130569
vt 0.074949 0.130294
vt 0.0743365 0.132371
vt 0.0749426 0.13095
vt 0.0759265 0.126352
vt 0.0759265 0.126352
vt 0.0749426 0.13095
vt 0.0751034 0.129487
vt 0.0749686 0.130569
vt 0.074789 0.131827
vt 0.0751617 0.130307
vt 0.0767451 0.126402
vt 0.0753904 0.131112
vt 0.0749277 0.132408
vt 0.0751617 0.130307
vt 0.074789 0.131827
vt 0.0753904 0.131112
vt 0.0749277 0.132408
vt 0.0753904 0.131112
vt 0.074789 0.131827
vt 0.0751034 0.129487
vt 0.0749426 0.13095
vt 0.074949 0.130294
vt 0.0743365 0.132371
vt 0.0736313 0.133623
vt 0.0742778 0.13301
vt 0.0749277 0.132408
vt 0.0742778 0.13301
vt 0.0742044 0.133659
vt 0.0742044 0.133659
vt 0.0742778 0.13301
vt 0.0487702 0.178223
vt 0.0484622 0.178775
vt 0.0487702 0.178223
vt 0.040619 0.192376
vt 0.0484622 0.178775
vt 0.040619 0.192376
vt 0.0481814 0.179302
vt 0.040619 0.192376
vt 0.0399649 0.193807
vt 0.0481814 0.179302
vt 0.0471586 0.181289
vt 0.0475798 0.180499
vt 0.0466965 0.182117
vt 0.038914 0.195753
vt 0.0466965 0.182117
vt 0.0399649 0.193807
vt 0.040619 0.192376
vt 0.0487702 0.178223
vt 0.0407011 0.191842
vt 0.0487702 0.178223
vt 0.0481971 0.178188
vt 0.0407011 0.191842
vt 0.0487702 0.178223
vt 0.0742778 0.13301
vt 0.0481971 0.178188
vt 0.0392203 0.193761
vt 0.0401891 0.192349
vt 0.0475564 0.179264
vt 0.0380543 0.1957
vt 0.0392203 0.193761
vt 0.0458369 0.182064
vt 0.0463186 0.181237
vt 0.0458369 0.182064
vt 0.046798 0.18045
vt 0.0458369 0.182064
vt 0.0392203 0.193761
vt 0.046798 0.18045
vt 0.0475564 0.179264
vt 0.0401891 0.192349
vt 0.0478759 0.178739
vt 0.0478759 0.178739
vt 0.0401891 0.192349
vt 0.0481971 0.178188
vt 0.0481971 0.178188
vt 0.0742778 0.13301
vt 0.0736313 0.133623
vt 0.0475564 0.179264
vt 0.046798 0.18045
vt 0.0392203 0.193761
vt 0.0481814 0.179302
vt 0.0399649 0.193807
vt 0.0475798 0.180499
vt 0.0401891 0.192349
vt 0.0407011 0.191842
vt 0.0481971 0.178188
vt 0.0466965 0.182117
vt 0.0475798 0.180499
vt 0.0399649 0.193807
vt 0.0501737 0.197049
vt 0.0502804 0.196461
vt 0.051024 0.197102
vt 0.051024 0.197102
vt 0.0502804 0.196461
vt 0.0511401 0.196515
vt 0.0502804 0.196461
vt 0.0503437 0.196282
vt 0.0511401 0.196515
vt 0.0511401 0.196515
vt 0.0503437 0.196282
vt 0.0512034 0.196335
vt 0.0513685 0.19599
vt 0.0512797 0.19616
vt 0.05042 0.196106
vt 0.0513685 0.19599
vt 0.05042 0.196106
vt 0.0505088 0.195937
vt 0.05042 0.196106
vt 0.0512797 0.19616
vt 0.0503437 0.196282
vt 0.0512797 0.19616
vt 0.0512034 0.196335
vt 0.0503437 0.196282
vt 0.0513685 0.19599
vt 0.0505088 0.195937
vt 0.0555912 0.188088
vt 0.0513685 0.19599
vt 0.0555912 0.188088
vt 0.0565228 0.186959
vt 0.0555912 0.188088
vt 0.0505088 0.195937
vt 0.0552862 0.188069
vt 0.0552862 0.188069
vt 0.0505088 0.195937
vt 0.0556631 0.186906
vt 0.0610338 0.18301
vt 0.0597266 0.184468
vt 0.058105 0.184552
vt 0.0556631 0.186906
vt 0.058105 0.184552
vt 0.0565398 0.185889
vt 0.0565398 0.185889
vt 0.0561372 0.186775
vt 0.0556631 0.186906
vt 0.0565398 0.185889
vt 0.0570931 0.1864
vt 0.0561372 0.186775
vt 0.0565398 0.185889
vt 0.0575134 0.18566
vt 0.0570931 0.1864
vt 0.0565398 0.185889
vt 0.058105 0.184552
vt 0.0575134 0.18566
vt 0.0555912 0.188088
vt 0.0552862 0.188069
vt 0.0560474 0.187448
vt 0.0560474 0.187448
vt 0.056353 0.187204
vt 0.0555912 0.188088
vt 0.0560474 0.187448
vt 0.0572341 0.186759
vt 0.056353 0.187204
vt 0.0560474 0.187448
vt 0.0569556 0.186963
vt 0.0572341 0.186759
vt 0.0560474 0.187448
vt 0.0559714 0.187304
vt 0.0569556 0.186963
vt 0.0560474 0.187448
vt 0.0552862 0.188069
vt 0.0559714 0.187304
vt 0.058875 0.184662
vt 0.0565228 0.186959
vt 0.0575254 0.185699
vt 0.0618936 0.183064
vt 0.058875 0.184662
vt 0.0605209 0.184517
vt 0.0605209 0.184517
vt 0.058875 0.184662
vt 0.0592917 0.185746
vt 0.0583933 0.186562
vt 0.0592917 0.185746
vt 0.0577138 0.186256
vt 0.0577138 0.186256
vt 0.0572341 0.186759
vt 0.0583933 0.186562
vt 0.0577138 0.186256
vt 0.056353 0.187204
vt 0.0572341 0.186759
vt 0.0577138 0.186256
vt 0.0568598 0.186603
vt 0.056353 0.187204
vt 0.0577138 0.186256
vt 0.0583542 0.185501
vt 0.0568598 0.186603
vt 0.0577138 0.186256
vt 0.0592917 0.185746
vt 0.0583542 0.185501
vt 0.0580643 0.186542
vt 0.0579622 0.186841
vt 0.0569051 0.186843
vt 0.0569051 0.186843
vt 0.0570931 0.1864
vt 0.0580643 0.186542
vt 0.0569051 0.186843
vt 0.0561372 0.186775
vt 0.0570931 0.1864
vt 0.0569051 0.186843
vt 0.0559714 0.187304
vt 0.0561372 0.186775
vt 0.0569051 0.186843
vt 0.0569556 0.186963
vt 0.0559714 0.187304
vt 0.0569051 0.186843
vt 0.0579622 0.186841
vt 0.0569556 0.186963
vt 0.0597266 0.184468
vt 0.0586838 0.185708
vt 0.058105 0.184552
vt 0.058105 0.184552
vt 0.0586838 0.185708
vt 0.0575134 0.18566
vt 0.0556631 0.186906
vt 0.0561372 0.186775
vt 0.0552862 0.188069
vt 0.0583933 0.186562
vt 0.0572341 0.186759
vt 0.0579622 0.186841
vt 0.056353 0.187204
vt 0.0568598 0.186603
vt 0.0565228 0.186959
vt 0.058875 0.184662
vt 0.0575254 0.185699
vt 0.0583542 0.185501
vt 0.0586838 0.185708
vt 0.0570931 0.1864
vt 0.0575134 0.18566
vt 0.0586838 0.185708
vt 0.0580643 0.186542
vt 0.0570931 0.1864
vt 0.0579622 0.186841
vt 0.0572341 0.186759
vt 0.0569556 0.186963
vt 0.0552862 0.188069
vt 0.0561372 0.186775
vt 0.0559714 0.187304
vt 0.0565228 0.186959
vt 0.0555912 0.188088
vt 0.056353 0.187204
vt 0.0575254 0.185699
vt 0.0568598 0.186603
vt 0.0583542 0.185501
vt 0.0575254 0.185699
vt 0.0565228 0.186959
vt 0.0568598 0.186603
vt 0.058875 0.184662
vt 0.0583542 0.185501
vt 0.0592917 0.185746
vt 0.0761001 0.150812
vt 0.0767451 0.126402
vt 0.0750912 0.15037
vt 0.0738879 0.149999
vt 0.0750912 0.15037
vt 0.0742044 0.133659
vt 0.0742044 0.133659
vt 0.0750912 0.15037
vt 0.0749277 0.132408
vt 0.0767451 0.126402
vt 0.0749277 0.132408
vt 0.0750912 0.15037
vt 0.0690397 0.152955
vt 0.0692621 0.152308
vt 0.0709609 0.151708
vt 0.0690624 0.153178
vt 0.0690397 0.152955
vt 0.0709891 0.151831
vt 0.0693296 0.152973
vt 0.0690624 0.153178
vt 0.0709891 0.151831
vt 0.0698353 0.152344
vt 0.0693296 0.152973
vt 0.0712781 0.151468
vt 0.0716959 0.150502
vt 0.0712781 0.151468
vt 0.0736165 0.151603
vt 0.0716959 0.150502
vt 0.0698353 0.152344
vt 0.0712781 0.151468
vt 0.0716959 0.150502
vt 0.0736165 0.151603
vt 0.072793 0.150034
vt 0.072793 0.150034
vt 0.0736165 0.151603
vt 0.0738879 0.149999
vt 0.0761001 0.150812
vt 0.0750912 0.15037
vt 0.0748169 0.153579
vt 0.0744348 0.15429
vt 0.0748169 0.153579
vt 0.0733658 0.152243
vt 0.0742373 0.154525
vt 0.0744348 0.15429
vt 0.073269 0.152419
vt 0.0742285 0.154278
vt 0.0742373 0.154525
vt 0.073269 0.152419
vt 0.0744088 0.153554
vt 0.0742285 0.154278
vt 0.0732367 0.1523
vt 0.0753203 0.150764
vt 0.0744088 0.153554
vt 0.0744629 0.150331
vt 0.0744088 0.153554
vt 0.0733052 0.151563
vt 0.0744629 0.150331
vt 0.0744088 0.153554
vt 0.0732367 0.1523
vt 0.0733052 0.151563
vt 0.0744629 0.150331
vt 0.0733052 0.151563
vt 0.0733147 0.149963
vt 0.0733147 0.149963
vt 0.0733052 0.151563
vt 0.0727417 0.149915
vt 0.0727417 0.149915
vt 0.0733052 0.151563
vt 0.0721688 0.150012
vt 0.0709609 0.151708
vt 0.0710453 0.150513
vt 0.0732367 0.1523
vt 0.0709609 0.151708
vt 0.0692621 0.152308
vt 0.0710453 0.150513
vt 0.0709891 0.151831
vt 0.073269 0.152419
vt 0.0733658 0.152243
vt 0.0733658 0.152243
vt 0.0736165 0.151603
vt 0.0712781 0.151468
vt 0.0733658 0.152243
vt 0.0748169 0.153579
vt 0.0736165 0.151603
vt 0.0738879 0.149999
vt 0.0736165 0.151603
vt 0.0750912 0.15037
vt 0.073269 0.152419
vt 0.0732367 0.1523
vt 0.0742285 0.154278
vt 0.073269 0.152419
vt 0.0709609 0.151708
vt 0.0732367 0.1523
vt 0.073269 0.152419
vt 0.0709891 0.151831
vt 0.0709609 0.151708
vt 0.0710453 0.150513
vt 0.0721688 0.150012
vt 0.0733052 0.151563
vt 0.0732367 0.1523
vt 0.0710453 0.150513
vt 0.0733052 0.151563
vt 0.0690397 0.152955
vt 0.0709609 0.151708
vt 0.0709891 0.151831
vt 0.0733658 0.152243
vt 0.0712781 0.151468
vt 0.0709891 0.151831
vt 0.0744348 0.15429
vt 0.0733658 0.152243
vt 0.073269 0.152419
vt 0.0693296 0.152973
vt 0.0709891 0.151831
vt 0.0712781 0.151468
vt 0.0750912 0.15037
vt 0.0736165 0.151603
vt 0.0748169 0.153579
vt 0.0733147 0.149963
vt 0.0736313 0.133623
vt 0.0744629 0.150331
vt 0.0759265 0.126352
vt 0.0753203 0.150764
vt 0.0743365 0.132371
vt 0.0736313 0.133623
vt 0.0743365 0.132371
vt 0.0744629 0.150331
vt 0.0753203 0.150764
vt 0.0744629 0.150331
vt 0.0743365 0.132371
vt 0.0487702 0.178223
vt 0.0698353 0.152344
vt 0.0742044 0.133659
vt 0.0487702 0.178223
vt 0.0566431 0.175459
vt 0.0698353 0.152344
vt 0.0487702 0.178223
vt 0.0561938 0.177112
vt 0.0566431 0.175459
vt 0.0487702 0.178223
vt 0.0565547 0.178708
vt 0.0561938 0.177112
vt 0.0738879 0.149999
vt 0.0742044 0.133659
vt 0.072793 0.150034
vt 0.072793 0.150034
vt 0.0742044 0.133659
vt 0.0716959 0.150502
vt 0.0716959 0.150502
vt 0.0742044 0.133659
vt 0.0698353 0.152344
vt 0.0698353 0.152344
vt 0.0566431 0.175459
vt 0.0693296 0.152973
vt 0.0566431 0.175459
vt 0.0567283 0.174967
vt 0.0693296 0.152973
vt 0.0690397 0.152955
vt 0.0690624 0.153178
vt 0.0565324 0.174955
vt 0.0692621 0.152308
vt 0.0690397 0.152955
vt 0.05607 0.175423
vt 0.05607 0.175423
vt 0.0690397 0.152955
vt 0.0565324 0.174955
vt 0.0565324 0.174955
vt 0.0690624 0.153178
vt 0.0567283 0.174967
vt 0.0690624 0.153178
vt 0.0693296 0.152973
vt 0.0567283 0.174967
vt 0.0736313 0.133623
vt 0.0692621 0.152308
vt 0.0481971 0.178188
vt 0.0559816 0.178673
vt 0.0481971 0.178188
vt 0.0556203 0.177094
vt 0.0556203 0.177094
vt 0.0481971 0.178188
vt 0.05607 0.175423
vt 0.05607 0.175423
vt 0.0481971 0.178188
vt 0.0692621 0.152308
vt 0.0692621 0.152308
vt 0.0736313 0.133623
vt 0.0710453 0.150513
vt 0.0710453 0.150513
vt 0.0736313 0.133623
vt 0.0721688 0.150012
vt 0.0721688 0.150012
vt 0.0736313 0.133623
vt 0.0727417 0.149915
vt 0.0727417 0.149915
vt 0.0736313 0.133623
vt 0.0733147 0.149963
vt 0.0813438 0.184275
vt 0.0811973 0.186296
vt 0.0817918 0.184303
vt 0.0811973 0.186296
vt 0.0818908 0.186401
vt 0.0817918 0.184303
vt 0.0828187 0.184367
vt 0.0822898 0.184334
vt 0.0826655 0.18648
vt 0.0826655 0.18648
vt 0.0822898 0.184334
vt 0.0818908 0.186401
vt 0.0822898 0.184334
vt 0.0817918 0.184303
vt 0.0818908 0.186401
vt 0.0829768 0.182671
vt 0.0831934 0.180732
vt 0.0846394 0.181471
vt 0.0829768 0.182671
vt 0.0819153 0.182261
vt 0.0831934 0.180732
vt 0.0829768 0.182671
vt 0.0822876 0.183434
vt 0.0819153 0.182261
vt 0.0849513 0.180204
vt 0.0848586 0.180477
vt 0.0840293 0.179964
vt 0.0840293 0.179964
vt 0.0844255 0.179681
vt 0.0849513 0.180204
vt 0.0840293 0.179964
vt 0.0836204 0.17786
vt 0.0844255 0.179681
vt 0.0840293 0.179964
vt 0.0832652 0.178253
vt 0.0836204 0.17786
vt 0.0840293 0.179964
vt 0.0831934 0.180732
vt 0.0832652 0.178253
vt 0.0840293 0.179964
vt 0.0848586 0.180477
vt 0.0831934 0.180732
vt 0.0851484 0.180606
vt 0.0850349 0.180126
vt 0.084488 0.179743
vt 0.084488 0.179743
vt 0.0840842 0.18033
vt 0.0851484 0.180606
vt 0.084488 0.179743
vt 0.0836488 0.178275
vt 0.0840842 0.18033
vt 0.084488 0.179743
vt 0.083819 0.177871
vt 0.0836488 0.178275
vt 0.084488 0.179743
vt 0.0838135 0.177725
vt 0.083819 0.177871
vt 0.084488 0.179743
vt 0.0844255 0.179681
vt 0.0838135 0.177725
vt 0.084488 0.179743
vt 0.0850349 0.180126
vt 0.0844255 0.179681
vt 0.0837552 0.182719
vt 0.0852097 0.181506
vt 0.0827176 0.182299
vt 0.0837552 0.182719
vt 0.0827176 0.182299
vt 0.0831265 0.183485
vt 0.0827176 0.182299
vt 0.0822898 0.184334
vt 0.0831265 0.183485
vt 0.0827176 0.182299
vt 0.0817918 0.184303
vt 0.0822898 0.184334
vt 0.0827176 0.182299
vt 0.0819853 0.181692
vt 0.0817918 0.184303
vt 0.0827176 0.182299
vt 0.0829254 0.179686
vt 0.0819853 0.181692
vt 0.0827176 0.182299
vt 0.0840842 0.18033
vt 0.0829254 0.179686
vt 0.0827176 0.182299
vt 0.0852097 0.181506
vt 0.0840842 0.18033
vt 0.0828187 0.184367
vt 0.082916 0.183914
vt 0.0822898 0.184334
vt 0.0817918 0.184303
vt 0.0819853 0.181692
vt 0.0813438 0.184275
vt 0.0829254 0.179686
vt 0.0840842 0.18033
vt 0.0836488 0.178275
vt 0.0838135 0.177725
vt 0.0844255 0.179681
vt 0.0836204 0.17786
vt 0.0832652 0.178253
vt 0.0831934 0.180732
vt 0.0822428 0.179643
vt 0.0831934 0.180732
vt 0.0819153 0.182261
vt 0.0822428 0.179643
vt 0.0803885 0.184216
vt 0.0811059 0.181638
vt 0.080889 0.184247
vt 0.0811059 0.181638
vt 0.0819153 0.182261
vt 0.080889 0.184247
vt 0.0811059 0.181638
vt 0.0822428 0.179643
vt 0.0819153 0.182261
vt 0.081959 0.184314
vt 0.0814192 0.18428
vt 0.0820628 0.183863
vt 0.0820628 0.183863
vt 0.0814192 0.18428
vt 0.0822876 0.183434
vt 0.0814192 0.18428
vt 0.0819153 0.182261
vt 0.0822876 0.183434
vt 0.0814192 0.18428
vt 0.080889 0.184247
vt 0.0819153 0.182261
vt 0.0846394 0.181471
vt 0.0831934 0.180732
vt 0.0848586 0.180477
vt 0.0850349 0.180126
vt 0.0849513 0.180204
vt 0.0844255 0.179681
vt 0.0852097 0.181506
vt 0.0851484 0.180606
vt 0.0840842 0.18033
vt 0.082916 0.183914
vt 0.0831265 0.183485
vt 0.0822898 0.184334
vt 0.0803885 0.184216
vt 0.080889 0.184247
vt 0.0802421 0.186237
vt 0.0818058 0.186427
vt 0.0810071 0.186346
vt 0.0814192 0.18428
vt 0.0818058 0.186427
vt 0.0814192 0.18428
vt 0.081959 0.184314
vt 0.0814192 0.18428
vt 0.0810071 0.186346
vt 0.080889 0.184247
vt 0.0810071 0.186346
vt 0.0802421 0.186237
vt 0.080889 0.184247
vt 0.081959 0.184314
vt 0.0842775 0.184458
vt 0.0818058 0.186427
vt 0.0806811 0.186357
vt 0.0818058 0.186427
vt 0.079816 0.198294
vt 0.079816 0.198294
vt 0.0818058 0.186427
vt 0.0832593 0.198509
vt 0.0832593 0.198509
vt 0.0818058 0.186427
vt 0.0842775 0.184458
vt 0.0828187 0.184367
vt 0.0851372 0.184512
vt 0.082916 0.183914
vt 0.082916 0.183914
vt 0.0851372 0.184512
vt 0.0831265 0.183485
vt 0.0851372 0.184512
vt 0.085201 0.183397
vt 0.0831265 0.183485
vt 0.0852097 0.181506
vt 0.0837552 0.182719
vt 0.0852258 0.182368
vt 0.0852258 0.182368
vt 0.0837552 0.182719
vt 0.085201 0.183397
vt 0.0837552 0.182719
vt 0.0831265 0.183485
vt 0.085201 0.183397
vt 0.0828597 0.159586
vt 0.0801819 0.159419
vt 0.079097 0.186146
vt 0.0846665 0.159698
vt 0.0828597 0.159586
vt 0.0829254 0.179686
vt 0.085118 0.159726
vt 0.0846665 0.159698
vt 0.083819 0.177871
vt 0.0840934 0.159663
vt 0.085118 0.159726
vt 0.0836204 0.17786
vt 0.0818671 0.159524
vt 0.0840934 0.159663
vt 0.0822428 0.179643
vt 0.0790357 0.159348
vt 0.0818671 0.159524
vt 0.0779647 0.186076
vt 0.0779647 0.186076
vt 0.0762543 0.18597
vt 0.0790357 0.159348
vt 0.074551 0.159068
vt 0.0763578 0.159181
vt 0.073643 0.179835
vt 0.0740995 0.15904
vt 0.074551 0.159068
vt 0.0727797 0.177243
vt 0.0751242 0.159104
vt 0.0740995 0.15904
vt 0.0730144 0.177258
vt 0.0773505 0.159242
vt 0.0751242 0.159104
vt 0.0744143 0.179884
vt 0.0801819 0.159419
vt 0.0773505 0.159242
vt 0.0773868 0.18604
vt 0.0802421 0.186237
vt 0.079647 0.186181
vt 0.0803885 0.184216
vt 0.079647 0.186181
vt 0.0818671 0.159524
vt 0.0803885 0.184216
vt 0.079647 0.186181
vt 0.0779647 0.186076
vt 0.0818671 0.159524
vt 0.0803885 0.184216
vt 0.0818671 0.159524
vt 0.0811059 0.181638
vt 0.0822428 0.179643
vt 0.0840934 0.159663
vt 0.0832652 0.178253
vt 0.0832652 0.178253
vt 0.0840934 0.159663
vt 0.0836204 0.17786
vt 0.0836204 0.17786
vt 0.085118 0.159726
vt 0.0838135 0.177725
vt 0.0838135 0.177725
vt 0.085118 0.159726
vt 0.083819 0.177871
vt 0.083819 0.177871
vt 0.0846665 0.159698
vt 0.0836488 0.178275
vt 0.0836488 0.178275
vt 0.0846665 0.159698
vt 0.0829254 0.179686
vt 0.0829254 0.179686
vt 0.0828597 0.159586
vt 0.0819853 0.181692
vt 0.0819853 0.181692
vt 0.0828597 0.159586
vt 0.0813438 0.184275
vt 0.0811973 0.186296
vt 0.0813438 0.184275
vt 0.0806703 0.186245
vt 0.0813438 0.184275
vt 0.0828597 0.159586
vt 0.0806703 0.186245
vt 0.079097 0.186146
vt 0.0801819 0.159419
vt 0.0773868 0.18604
vt 0.0773868 0.18604
vt 0.0773505 0.159242
vt 0.0757043 0.185935
vt 0.0747684 0.185931
vt 0.0757043 0.185935
vt 0.0751991 0.184375
vt 0.0751991 0.184375
vt 0.0757043 0.185935
vt 0.0752261 0.18272
vt 0.0757043 0.185935
vt 0.0773505 0.159242
vt 0.0752261 0.18272
vt 0.0744143 0.179884
vt 0.0751242 0.159104
vt 0.0734001 0.177858
vt 0.0734001 0.177858
vt 0.0751242 0.159104
vt 0.0730144 0.177258
vt 0.0730144 0.177258
vt 0.0740995 0.15904
vt 0.0727955 0.177039
vt 0.0727955 0.177039
vt 0.0740995 0.15904
vt 0.0727797 0.177243
vt 0.0727797 0.177243
vt 0.074551 0.159068
vt 0.0729526 0.177831
vt 0.0729526 0.177831
vt 0.074551 0.159068
vt 0.073643 0.179835
vt 0.073643 0.179835
vt 0.0763578 0.159181
vt 0.0742856 0.182662
vt 0.0763578 0.159181
vt 0.0746811 0.185872
vt 0.0742856 0.182662
vt 0.0763578 0.159181
vt 0.0762543 0.18597
vt 0.0746811 0.185872
vt 0.0763578 0.159181
vt 0.0790357 0.159348
vt 0.0762543 0.18597
vt 0.0738597 0.185875
vt 0.0742457 0.184318
vt 0.0746811 0.185872
vt 0.079097 0.186146
vt 0.0806703 0.186245
vt 0.0828597 0.159586
vt 0.0742457 0.184318
vt 0.0742856 0.182662
vt 0.0746811 0.185872
vt 0.0822428 0.179643
vt 0.0811059 0.181638
vt 0.0818671 0.159524
vt 0.0744143 0.179884
vt 0.0752261 0.18272
vt 0.0773505 0.159242
vt 0.0712835 0.186464
vt 0.0747684 0.185931
vt 0.0739852 0.186106
vt 0.0739852 0.186106
vt 0.0733894 0.185703
vt 0.0712835 0.186464
vt 0.0739852 0.186106
vt 0.0745087 0.185
vt 0.0733894 0.185703
vt 0.0739852 0.186106
vt 0.0747684 0.185931
vt 0.0745087 0.185
vt 0.0712835 0.186464
vt 0.0733894 0.185703
vt 0.072434 0.185639
vt 0.0736521 0.184008
vt 0.0733981 0.184609
vt 0.0739673 0.184785
vt 0.0739673 0.184785
vt 0.0742187 0.183871
vt 0.0736521 0.184008
vt 0.0739673 0.184785
vt 0.0747486 0.183911
vt 0.0742187 0.183871
vt 0.0739673 0.184785
vt 0.0745087 0.185
vt 0.0747486 0.183911
vt 0.0739673 0.184785
vt 0.0733894 0.185703
vt 0.0745087 0.185
vt 0.0739673 0.184785
vt 0.0733981 0.184609
vt 0.0733894 0.185703
vt 0.0730275 0.182184
vt 0.0736546 0.183378
vt 0.0741196 0.182897
vt 0.0741196 0.182897
vt 0.0730267 0.180956
vt 0.0730275 0.182184
vt 0.0741196 0.182897
vt 0.0737878 0.180457
vt 0.0730267 0.180956
vt 0.0741196 0.182897
vt 0.0746846 0.182758
vt 0.0737878 0.180457
vt 0.0741196 0.182897
vt 0.0742187 0.183871
vt 0.0746846 0.182758
vt 0.0741196 0.182897
vt 0.0736546 0.183378
vt 0.0742187 0.183871
vt 0.0702381 0.179754
vt 0.0710361 0.180331
vt 0.0720069 0.179849
vt 0.0720069 0.179849
vt 0.0714884 0.179405
vt 0.0702381 0.179754
vt 0.0720069 0.179849
vt 0.0725332 0.178536
vt 0.0714884 0.179405
vt 0.0720069 0.179849
vt 0.072951 0.179103
vt 0.0725332 0.178536
vt 0.0720069 0.179849
vt 0.0730267 0.180956
vt 0.072951 0.179103
vt 0.0720069 0.179849
vt 0.0710361 0.180331
vt 0.0730267 0.180956
vt 0.0699751 0.179738
vt 0.0698473 0.179537
vt 0.0712449 0.179265
vt 0.0712449 0.179265
vt 0.0713171 0.179442
vt 0.0699751 0.179738
vt 0.0712449 0.179265
vt 0.0723375 0.178588
vt 0.0713171 0.179442
vt 0.0712449 0.179265
vt 0.0723243 0.178351
vt 0.0723375 0.178588
vt 0.0712449 0.179265
vt 0.0714884 0.179405
vt 0.0723243 0.178351
vt 0.0712449 0.179265
vt 0.0698473 0.179537
vt 0.0714884 0.179405
vt 0.072236 0.182135
vt 0.0705448 0.1803
vt 0.071765 0.180055
vt 0.0727998 0.183326
vt 0.072236 0.182135
vt 0.0732952 0.182962
vt 0.0732952 0.182962
vt 0.0732893 0.184197
vt 0.0727998 0.183326
vt 0.0732952 0.182962
vt 0.0737865 0.184307
vt 0.0732893 0.184197
vt 0.0732952 0.182962
vt 0.0738216 0.182842
vt 0.0737865 0.184307
vt 0.0732952 0.182962
vt 0.0727786 0.181617
vt 0.0738216 0.182842
vt 0.0732952 0.182962
vt 0.072236 0.182135
vt 0.0727786 0.181617
vt 0.0727998 0.183326
vt 0.0732893 0.184197
vt 0.0727928 0.183956
vt 0.0716803 0.18559
vt 0.0725569 0.184557
vt 0.0726451 0.1856
vt 0.0716803 0.18559
vt 0.0726451 0.1856
vt 0.0706695 0.186426
vt 0.0726451 0.1856
vt 0.0732066 0.185991
vt 0.0706695 0.186426
vt 0.0726451 0.1856
vt 0.0732893 0.184197
vt 0.0732066 0.185991
vt 0.0726451 0.1856
vt 0.0725569 0.184557
vt 0.0732893 0.184197
vt 0.0742457 0.184318
vt 0.0738597 0.185875
vt 0.0737865 0.184307
vt 0.0737865 0.184307
vt 0.0738216 0.182842
vt 0.0742457 0.184318
vt 0.073643 0.179835
vt 0.0742856 0.182662
vt 0.0734203 0.18125
vt 0.0734203 0.18125
vt 0.0726424 0.179366
vt 0.073643 0.179835
vt 0.0734203 0.18125
vt 0.071765 0.180055
vt 0.0726424 0.179366
vt 0.0734203 0.18125
vt 0.0727786 0.181617
vt 0.071765 0.180055
vt 0.0734203 0.18125
vt 0.0738216 0.182842
vt 0.0727786 0.181617
vt 0.0734203 0.18125
vt 0.0742856 0.182662
vt 0.0738216 0.182842
vt 0.0727797 0.177243
vt 0.0729526 0.177831
vt 0.0723375 0.178588
vt 0.0723375 0.178588
vt 0.0723243 0.178351
vt 0.0727797 0.177243
vt 0.0727797 0.177243
vt 0.0723243 0.178351
vt 0.0727955 0.177039
vt 0.0734001 0.177858
vt 0.0730144 0.177258
vt 0.0725332 0.178536
vt 0.0725332 0.178536
vt 0.072951 0.179103
vt 0.0734001 0.177858
vt 0.0752261 0.18272
vt 0.0744143 0.179884
vt 0.0746846 0.182758
vt 0.0746846 0.182758
vt 0.0747486 0.183911
vt 0.0752261 0.18272
vt 0.0746846 0.182758
vt 0.0742187 0.183871
vt 0.0747486 0.183911
vt 0.0747684 0.185931
vt 0.0751991 0.184375
vt 0.0745087 0.185
vt 0.0730267 0.180956
vt 0.0737878 0.180457
vt 0.072951 0.179103
vt 0.071765 0.180055
vt 0.0727786 0.181617
vt 0.072236 0.182135
vt 0.0751991 0.184375
vt 0.0747486 0.183911
vt 0.0745087 0.185
vt 0.0751991 0.184375
vt 0.0752261 0.18272
vt 0.0747486 0.183911
vt 0.072434 0.185639
vt 0.0733894 0.185703
vt 0.0733981 0.184609
vt 0.0736546 0.183378
vt 0.0736521 0.184008
vt 0.0742187 0.183871
vt 0.0744143 0.179884
vt 0.0737878 0.180457
vt 0.0746846 0.182758
vt 0.0744143 0.179884
vt 0.072951 0.179103
vt 0.0737878 0.180457
vt 0.0744143 0.179884
vt 0.0734001 0.177858
vt 0.072951 0.179103
vt 0.0710361 0.180331
vt 0.0730275 0.182184
vt 0.0730267 0.180956
vt 0.0730144 0.177258
vt 0.0723243 0.178351
vt 0.0725332 0.178536
vt 0.0730144 0.177258
vt 0.0727955 0.177039
vt 0.0723243 0.178351
vt 0.0698473 0.179537
vt 0.0702381 0.179754
vt 0.0714884 0.179405
vt 0.0723243 0.178351
vt 0.0714884 0.179405
vt 0.0725332 0.178536
vt 0.071765 0.180055
vt 0.0713171 0.179442
vt 0.0726424 0.179366
vt 0.071765 0.180055
vt 0.0705448 0.1803
vt 0.0713171 0.179442
vt 0.0705448 0.1803
vt 0.0699751 0.179738
vt 0.0713171 0.179442
vt 0.0723375 0.178588
vt 0.0726424 0.179366
vt 0.0713171 0.179442
vt 0.0723375 0.178588
vt 0.0729526 0.177831
vt 0.0726424 0.179366
vt 0.073643 0.179835
vt 0.0726424 0.179366
vt 0.0729526 0.177831
vt 0.0742457 0.184318
vt 0.0738216 0.182842
vt 0.0742856 0.182662
vt 0.0738597 0.185875
vt 0.0732066 0.185991
vt 0.0737865 0.184307
vt 0.0738597 0.185875
vt 0.0706695 0.186426
vt 0.0732066 0.185991
vt 0.0732066 0.185991
vt 0.0732893 0.184197
vt 0.0737865 0.184307
vt 0.0727928 0.183956
vt 0.0732893 0.184197
vt 0.0725569 0.184557
vt 0.0466965 0.182117
vt 0.0618936 0.183064
vt 0.0471586 0.181289
vt 0.0475798 0.180499
vt 0.0471586 0.181289
vt 0.0730275 0.182184
vt 0.0479408 0.179781
vt 0.0475798 0.180499
vt 0.0578297 0.180397
vt 0.0587089 0.179267
vt 0.0578297 0.180397
vt 0.0710361 0.180331
vt 0.0710361 0.180331
vt 0.0702381 0.179754
vt 0.0587089 0.179267
vt 0.0588864 0.178854
vt 0.0588915 0.178962
vt 0.0698473 0.179537
vt 0.0588864 0.178854
vt 0.0698473 0.179537
vt 0.0586939 0.178949
vt 0.0698473 0.179537
vt 0.0699751 0.179738
vt 0.0586939 0.178949
vt 0.0571419 0.180354
vt 0.0583245 0.179243
vt 0.0705448 0.1803
vt 0.047253 0.179738
vt 0.0571419 0.180354
vt 0.046798 0.18045
vt 0.0571419 0.180354
vt 0.072236 0.182135
vt 0.046798 0.18045
vt 0.0571419 0.180354
vt 0.0705448 0.1803
vt 0.072236 0.182135
vt 0.0458369 0.182064
vt 0.0463186 0.181237
vt 0.0610338 0.18301
vt 0.0597266 0.184468
vt 0.0610338 0.18301
vt 0.0725569 0.184557
vt 0.0725569 0.184557
vt 0.0716803 0.18559
vt 0.0597266 0.184468
vt 0.0580643 0.186542
vt 0.0586838 0.185708
vt 0.0706695 0.186426
vt 0.0579622 0.186841
vt 0.0580643 0.186542
vt 0.0809739 0.188275
vt 0.0579622 0.186841
vt 0.0809739 0.188275
vt 0.0583933 0.186562
vt 0.0592917 0.185746
vt 0.0583933 0.186562
vt 0.0712835 0.186464
vt 0.0712835 0.186464
vt 0.072434 0.185639
vt 0.0592917 0.185746
vt 0.0618936 0.183064
vt 0.0605209 0.184517
vt 0.0733981 0.184609
vt 0.080754 0.187054
vt 0.08083 0.187952
vt 0.0706695 0.186426
vt 0.0706695 0.186426
vt 0.0586838 0.185708
vt 0.0716803 0.18559
vt 0.0586838 0.185708
vt 0.0597266 0.184468
vt 0.0716803 0.18559
vt 0.0725569 0.184557
vt 0.0610338 0.18301
vt 0.0727928 0.183956
vt 0.0727928 0.183956
vt 0.0610338 0.18301
vt 0.0727998 0.183326
vt 0.0610338 0.18301
vt 0.0463186 0.181237
vt 0.0727998 0.183326
vt 0.0705448 0.1803
vt 0.0583245 0.179243
vt 0.0699751 0.179738
vt 0.0583245 0.179243
vt 0.0586939 0.178949
vt 0.0699751 0.179738
vt 0.0698473 0.179537
vt 0.0588915 0.178962
vt 0.0702381 0.179754
vt 0.0588915 0.178962
vt 0.0587089 0.179267
vt 0.0702381 0.179754
vt 0.0710361 0.180331
vt 0.0578297 0.180397
vt 0.0730275 0.182184
vt 0.0730275 0.182184
vt 0.0471586 0.181289
vt 0.0736546 0.183378
vt 0.0471586 0.181289
vt 0.0618936 0.183064
vt 0.0736546 0.183378
vt 0.0736546 0.183378
vt 0.0618936 0.183064
vt 0.0736521 0.184008
vt 0.0733981 0.184609
vt 0.0605209 0.184517
vt 0.072434 0.185639
vt 0.0605209 0.184517
vt 0.0592917 0.185746
vt 0.072434 0.185639
vt 0.0813679 0.187092
vt 0.0712835 0.186464
vt 0.081163 0.187973
vt 0.0712835 0.186464
vt 0.0583933 0.186562
vt 0.081163 0.187973
vt 0.0809739 0.188275
vt 0.0580643 0.186542
vt 0.08083 0.187952
vt 0.0706695 0.186426
vt 0.08083 0.187952
vt 0.0580643 0.186542
vt 0.0809739 0.188275
vt 0.081163 0.187973
vt 0.0583933 0.186562
vt 0.0578297 0.180397
vt 0.0475798 0.180499
vt 0.0730275 0.182184
vt 0.046798 0.18045
vt 0.072236 0.182135
vt 0.0463186 0.181237
vt 0.072236 0.182135
vt 0.0727998 0.183326
vt 0.0463186 0.181237
vt 0.0733981 0.184609
vt 0.0736521 0.184008
vt 0.0618936 0.183064
vt 0.0479408 0.179781
vt 0.0578297 0.180397
vt 0.0481814 0.179302
vt 0.0578297 0.180397
vt 0.0571446 0.179613
vt 0.0481814 0.179302
vt 0.0487702 0.178223
vt 0.0484622 0.178775
vt 0.0565547 0.178708
vt 0.0565547 0.178708
vt 0.0484622 0.178775
vt 0.0571446 0.179613
vt 0.0484622 0.178775
vt 0.0481814 0.179302
vt 0.0571446 0.179613
vt 0.0567283 0.174967
vt 0.0566431 0.175459
vt 0.0564002 0.176678
vt 0.0565324 0.174955
vt 0.0567283 0.174967
vt 0.0562609 0.176667
vt 0.05607 0.175423
vt 0.0565324 0.174955
vt 0.0559036 0.176993
vt 0.0559036 0.176993
vt 0.0562609 0.176667
vt 0.0570059 0.178283
vt 0.0559036 0.176993
vt 0.0565324 0.174955
vt 0.0562609 0.176667
vt 0.0559816 0.178673
vt 0.0556203 0.177094
vt 0.0565522 0.178674
vt 0.0565522 0.178674
vt 0.0561954 0.179028
vt 0.0559816 0.178673
vt 0.0565522 0.178674
vt 0.0583245 0.179243
vt 0.0561954 0.179028
vt 0.0565522 0.178674
vt 0.0570059 0.178283
vt 0.0583245 0.179243
vt 0.0565522 0.178674
vt 0.0559036 0.176993
vt 0.0570059 0.178283
vt 0.0565522 0.178674
vt 0.0556203 0.177094
vt 0.0559036 0.176993
vt 0.0571419 0.180354
vt 0.0565407 0.179575
vt 0.0583245 0.179243
vt 0.0583245 0.179243
vt 0.0570059 0.178283
vt 0.0586939 0.178949
vt 0.0588864 0.178854
vt 0.0586939 0.178949
vt 0.0572209 0.178172
vt 0.0588915 0.178962
vt 0.0588864 0.178854
vt 0.0572294 0.178294
vt 0.0587089 0.179267
vt 0.0588915 0.178962
vt 0.0570138 0.178689
vt 0.0578297 0.180397
vt 0.0587089 0.179267
vt 0.0571446 0.179613
vt 0.0587089 0.179267
vt 0.0567783 0.179053
vt 0.0571446 0.179613
vt 0.0587089 0.179267
vt 0.0570138 0.178689
vt 0.0567783 0.179053
vt 0.0561938 0.177112
vt 0.0565547 0.178708
vt 0.0562059 0.177328
vt 0.0562059 0.177328
vt 0.0563343 0.177005
vt 0.0561938 0.177112
vt 0.0562059 0.177328
vt 0.0570138 0.178689
vt 0.0563343 0.177005
vt 0.0562059 0.177328
vt 0.0565547 0.178708
vt 0.0570138 0.178689
vt 0.0559036 0.176993
vt 0.0556203 0.177094
vt 0.05607 0.175423
vt 0.0565407 0.179575
vt 0.0561954 0.179028
vt 0.0583245 0.179243
vt 0.0565407 0.179575
vt 0.0559816 0.178673
vt 0.0561954 0.179028
vt 0.0588915 0.178962
vt 0.0572294 0.178294
vt 0.0570138 0.178689
vt 0.0570138 0.178689
vt 0.0572294 0.178294
vt 0.0563343 0.177005
vt 0.0562609 0.176667
vt 0.0564002 0.176678
vt 0.0572209 0.178172
vt 0.0562609 0.176667
vt 0.0567283 0.174967
vt 0.0564002 0.176678
vt 0.0572209 0.178172
vt 0.0572294 0.178294
vt 0.0588864 0.178854
vt 0.0572209 0.178172
vt 0.0564002 0.176678
vt 0.0572294 0.178294
vt 0.0564002 0.176678
vt 0.0563343 0.177005
vt 0.0572294 0.178294
vt 0.0564002 0.176678
vt 0.0566431 0.175459
vt 0.0563343 0.177005
vt 0.0586939 0.178949
vt 0.0570059 0.178283
vt 0.0572209 0.178172
vt 0.0570059 0.178283
vt 0.0562609 0.176667
vt 0.0572209 0.178172
vt 0.0561938 0.177112
vt 0.0563343 0.177005
vt 0.0566431 0.175459
vt 0.0571446 0.179613
vt 0.0567783 0.179053
vt 0.0565547 0.178708
vt 0.0565547 0.178708
vt 0.0567783 0.179053
vt 0.0570138 0.178689
vt 0.0481971 0.178188
vt 0.0559816 0.178673
vt 0.0478759 0.178739
vt 0.0559816 0.178673
vt 0.0565407 0.179575
vt 0.0478759 0.178739
vt 0.047253 0.179738
vt 0.0475564 0.179264
vt 0.0571419 0.180354
vt 0.0571419 0.180354
vt 0.0475564 0.179264
vt 0.0565407 0.179575
vt 0.0475564 0.179264
vt 0.0478759 0.178739
vt 0.0565407 0.179575
vt 0.0818058 0.186427
vt 0.0806811 0.186357
vt 0.0810071 0.186346
vt 0.0806811 0.186357
vt 0.0738597 0.185875
vt 0.0810071 0.186346
vt 0.0806811 0.186357
vt 0.0807141 0.186524
vt 0.0738597 0.185875
vt 0.079647 0.186181
vt 0.0802421 0.186237
vt 0.0746811 0.185872
vt 0.0746811 0.185872
vt 0.0802421 0.186237
vt 0.0738597 0.185875
vt 0.0738597 0.185875
vt 0.0807141 0.186524
vt 0.0706695 0.186426
vt 0.080754 0.187054
vt 0.0706695 0.186426
vt 0.0807387 0.186759
vt 0.0807387 0.186759
vt 0.0706695 0.186426
vt 0.0807141 0.186524
vt 0.0802421 0.186237
vt 0.0810071 0.186346
vt 0.0738597 0.185875
vt 0.0806811 0.186357
vt 0.079816 0.198294
vt 0.0807141 0.186524
vt 0.0807141 0.186524
vt 0.079816 0.198294
vt 0.0807387 0.186759
vt 0.0807387 0.186759
vt 0.079816 0.198294
vt 0.080754 0.187054
vt 0.080754 0.187054
vt 0.079816 0.198294
vt 0.08083 0.187952
vt 0.079816 0.198294
vt 0.0797796 0.201776
vt 0.08083 0.187952
vt 0.079816 0.198294
vt 0.0797285 0.2003
vt 0.0797796 0.201776
vt 0.081163 0.187973
vt 0.0809739 0.188275
vt 0.0802095 0.201802
vt 0.0802095 0.201802
vt 0.0806757 0.198348
vt 0.081163 0.187973
vt 0.0802095 0.201802
vt 0.080473 0.200346
vt 0.0806757 0.198348
vt 0.081163 0.187973
vt 0.0806757 0.198348
vt 0.0813679 0.187092
vt 0.0813679 0.187092
vt 0.0806757 0.198348
vt 0.0814258 0.186801
vt 0.0815408 0.18641
vt 0.0814839 0.186572
vt 0.0806757 0.198348
vt 0.0802095 0.201802
vt 0.0809739 0.188275
vt 0.0799557 0.202326
vt 0.0799557 0.202326
vt 0.0809739 0.188275
vt 0.0797796 0.201776
vt 0.0814839 0.186572
vt 0.0814258 0.186801
vt 0.0806757 0.198348
vt 0.0809739 0.188275
vt 0.08083 0.187952
vt 0.0797796 0.201776
vt 0.0814839 0.186572
vt 0.0815408 0.18641
vt 0.0747684 0.185931
vt 0.0747684 0.185931
vt 0.0712835 0.186464
vt 0.0814839 0.186572
vt 0.0813679 0.187092
vt 0.0814258 0.186801
vt 0.0712835 0.186464
vt 0.0814258 0.186801
vt 0.0814839 0.186572
vt 0.0712835 0.186464
vt 0.0815408 0.18641
vt 0.0811973 0.186296
vt 0.0747684 0.185931
vt 0.0815408 0.18641
vt 0.0818908 0.186401
vt 0.0811973 0.186296
vt 0.0815408 0.18641
vt 0.0826655 0.18648
vt 0.0818908 0.186401
vt 0.0806703 0.186245
vt 0.0757043 0.185935
vt 0.0811973 0.186296
vt 0.0757043 0.185935
vt 0.0747684 0.185931
vt 0.0811973 0.186296
vt 0.0806703 0.186245
vt 0.079097 0.186146
vt 0.0757043 0.185935
vt 0.0757043 0.185935
vt 0.079097 0.186146
vt 0.0773868 0.18604
vt 0.0366414 0.193601
vt 0.0380543 0.1957
vt 0.0364387 0.195599
vt 0.0366414 0.193601
vt 0.0392203 0.193761
vt 0.0380543 0.1957
vt 0.0366414 0.193601
vt 0.036905 0.192145
vt 0.0392203 0.193761
vt 0.0364023 0.199081
vt 0.0363512 0.197605
vt 0.0501233 0.198797
vt 0.0501233 0.198797
vt 0.0501873 0.200034
vt 0.0364023 0.199081
vt 0.0368322 0.199107
vt 0.0365784 0.19963
vt 0.0505798 0.200059
vt 0.0505798 0.200059
vt 0.0508217 0.19884
vt 0.0368322 0.199107
vt 0.0372984 0.195653
vt 0.0370957 0.197651
vt 0.038914 0.195753
vt 0.0372984 0.195653
vt 0.038914 0.195753
vt 0.0373859 0.193647
vt 0.038914 0.195753
vt 0.0399649 0.193807
vt 0.0373859 0.193647
vt 0.0371588 0.191621
vt 0.0373348 0.192171
vt 0.040619 0.192376
vt 0.036905 0.192145
vt 0.0371588 0.191621
vt 0.0401891 0.192349
vt 0.0401891 0.192349
vt 0.0392203 0.193761
vt 0.036905 0.192145
vt 0.0502804 0.196461
vt 0.0501737 0.197049
vt 0.0380543 0.1957
vt 0.0401891 0.192349
vt 0.0371588 0.191621
vt 0.0407011 0.191842
vt 0.0407011 0.191842
vt 0.0371588 0.191621
vt 0.040619 0.192376
vt 0.040619 0.192376
vt 0.0373348 0.192171
vt 0.0399649 0.193807
vt 0.0373348 0.192171
vt 0.0373859 0.193647
vt 0.0399649 0.193807
vt 0.0511401 0.196515
vt 0.038914 0.195753
vt 0.051024 0.197102
vt 0.038914 0.195753
vt 0.0370957 0.197651
vt 0.051024 0.197102
vt 0.0505798 0.200059
vt 0.0365784 0.19963
vt 0.0503515 0.200488
vt 0.0503515 0.200488
vt 0.0365784 0.19963
vt 0.0501873 0.200034
vt 0.0365784 0.19963
vt 0.0364023 0.199081
vt 0.0501873 0.200034
vt 0.0501233 0.198797
vt 0.0363512 0.197605
vt 0.0501737 0.197049
vt 0.0364387 0.195599
vt 0.0380543 0.1957
vt 0.0363512 0.197605
vt 0.0363512 0.197605
vt 0.0380543 0.1957
vt 0.0501737 0.197049
vt 0.0368322 0.199107
vt 0.0508217 0.19884
vt 0.0370957 0.197651
vt 0.0508217 0.19884
vt 0.051024 0.197102
vt 0.0370957 0.197651
vt 0.051024 0.197102
vt 0.0508217 0.19884
vt 0.0501737 0.197049
vt 0.0501737 0.197049
vt 0.0508217 0.19884
vt 0.0501233 0.198797
vt 0.0508217 0.19884
vt 0.0505798 0.200059
vt 0.0501233 0.198797
vt 0.0503515 0.200488
vt 0.0501873 0.200034
vt 0.0505798 0.200059
vt 0.0501873 0.200034
vt 0.0501233 0.198797
vt 0.0505798 0.200059
vt 0.0366414 0.193601
vt 0.0364387 0.195599
vt 0.0373348 0.192171
vt 0.036905 0.192145
vt 0.0366414 0.193601
vt 0.0371588 0.191621
vt 0.0371588 0.191621
vt 0.0366414 0.193601
vt 0.0373348 0.192171
vt 0.0373348 0.192171
vt 0.0364387 0.195599
vt 0.0373859 0.193647
vt 0.0364387 0.195599
vt 0.0363512 0.197605
vt 0.0373859 0.193647
vt 0.0373859 0.193647
vt 0.0363512 0.197605
vt 0.0372984 0.195653
vt 0.0372984 0.195653
vt 0.0363512 0.197605
vt 0.0370957 0.197651
vt 0.0370957 0.197651
vt 0.0363512 0.197605
vt 0.0368322 0.199107
vt 0.0364023 0.199081
vt 0.0365784 0.19963
vt 0.0363512 0.197605
vt 0.0365784 0.19963
vt 0.0368322 0.199107
vt 0.0363512 0.197605
vt 0.0511401 0.196515
vt 0.0512034 0.196335
vt 0.038914 0.195753
vt 0.0466965 0.182117
vt 0.038914 0.195753
vt 0.0513685 0.19599
vt 0.0618936 0.183064
vt 0.0466965 0.182117
vt 0.058875 0.184662
vt 0.058875 0.184662
vt 0.0466965 0.182117
vt 0.0565228 0.186959
vt 0.0565228 0.186959
vt 0.0466965 0.182117
vt 0.0513685 0.19599
vt 0.0513685 0.19599
vt 0.038914 0.195753
vt 0.0512797 0.19616
vt 0.0512797 0.19616
vt 0.038914 0.195753
vt 0.0512034 0.196335
vt 0.0502804 0.196461
vt 0.0380543 0.1957
vt 0.0503437 0.196282
vt 0.0503437 0.196282
vt 0.0380543 0.1957
vt 0.05042 0.196106
vt 0.05042 0.196106
vt 0.0380543 0.1957
vt 0.0505088 0.195937
vt 0.0380543 0.1957
vt 0.0458369 0.182064
vt 0.0505088 0.195937
vt 0.0505088 0.195937
vt 0.0458369 0.182064
vt 0.0556631 0.186906
vt 0.0610338 0.18301
vt 0.058105 0.184552
vt 0.0458369 0.182064
vt 0.0458369 0.182064
vt 0.058105 0.184552
vt 0.0556631 0.186906
vt 0.0806757 0.198348
vt 0.080473 0.200346
vt 0.084119 0.198562
vt 0.084119 0.198562
vt 0.080473 0.200346
vt 0.0839163 0.200561
vt 0.080473 0.200346
vt 0.0802095 0.201802
vt 0.0839163 0.200561
vt 0.0833989 0.20254
vt 0.0836528 0.202017
vt 0.0799557 0.202326
vt 0.0833989 0.20254
vt 0.0799557 0.202326
vt 0.0832229 0.20199
vt 0.0799557 0.202326
vt 0.0797796 0.201776
vt 0.0832229 0.20199
vt 0.0832593 0.198509
vt 0.0831718 0.200515
vt 0.0797285 0.2003
vt 0.0832593 0.198509
vt 0.0797285 0.2003
vt 0.079816 0.198294
vt 0.0797285 0.2003
vt 0.0831718 0.200515
vt 0.0797796 0.201776
vt 0.0831718 0.200515
vt 0.0832229 0.20199
vt 0.0797796 0.201776
vt 0.0799557 0.202326
vt 0.0836528 0.202017
vt 0.0802095 0.201802
vt 0.0836528 0.202017
vt 0.0839163 0.200561
vt 0.0802095 0.201802
vt 0.0827436 0.076995
vt 0.0862829 0.0772154
vt 0.0799607 0.0768217
vt 0.0786799 0.076742
vt 0.0799607 0.0768217
vt 0.0911722 0.0775202
vt 0.0786799 0.076742
vt 0.0911722 0.0775202
vt 0.0792443 0.0767772
vt 0.0911722 0.0775202
vt 0.0883894 0.077347
vt 0.0792443 0.0767772
vt 0.0848501 0.0771265
vt 0.0815028 0.076918
vt 0.0883894 0.077347
vt 0.0815028 0.076918
vt 0.0792443 0.0767772
vt 0.0883894 0.077347
vt 0.0911722 0.0775202
vt 0.0799607 0.0768217
vt 0.0924531 0.0776
vt 0.0924531 0.0776
vt 0.0799607 0.0768217
vt 0.0918887 0.0775647
vt 0.0918887 0.0775647
vt 0.0799607 0.0768217
vt 0.0896302 0.0774239
vt 0.0896302 0.0774239
vt 0.0799607 0.0768217
vt 0.0862829 0.0772154
vt 0.0759265 0.126352
vt 0.0779294 0.126228
vt 0.0753203 0.150764
vt 0.0744088 0.153554
vt 0.0753203 0.150764
vt 0.074551 0.159068
vt 0.0744088 0.153554
vt 0.074551 0.159068
vt 0.0742285 0.154278
vt 0.074551 0.159068
vt 0.0740995 0.15904
vt 0.0742285 0.154278
vt 0.0742285 0.154278
vt 0.0740995 0.15904
vt 0.0742373 0.154525
vt 0.0748169 0.153579
vt 0.0744348 0.15429
vt 0.0751242 0.159104
vt 0.0748169 0.153579
vt 0.0751242 0.159104
vt 0.0761001 0.150812
vt 0.0761001 0.150812
vt 0.0791703 0.126304
vt 0.0767451 0.126402
vt 0.0791703 0.126304
vt 0.0763874 0.126131
vt 0.0767451 0.126402
vt 0.0751617 0.130307
vt 0.0755257 0.129513
vt 0.0751066 0.126052
vt 0.0751617 0.130307
vt 0.0751066 0.126052
vt 0.0749686 0.130569
vt 0.0749686 0.130569
vt 0.0751066 0.126052
vt 0.074949 0.130294
vt 0.074949 0.130294
vt 0.0751066 0.126052
vt 0.0751034 0.129487
vt 0.0751066 0.126052
vt 0.075671 0.126087
vt 0.0751034 0.129487
vt 0.0860569 0.126734
vt 0.0827096 0.126525
vt 0.0801819 0.159419
vt 0.0801819 0.159419
vt 0.0828597 0.159586
vt 0.0860569 0.126734
vt 0.0888797 0.126909
vt 0.0883153 0.126874
vt 0.0846665 0.159698
vt 0.0846665 0.159698
vt 0.085118 0.159726
vt 0.0888797 0.126909
vt 0.084816 0.126657
vt 0.0875989 0.12683
vt 0.0840934 0.159663
vt 0.0812768 0.126436
vt 0.084816 0.126657
vt 0.0790357 0.159348
vt 0.0790357 0.159348
vt 0.0763578 0.159181
vt 0.0812768 0.126436
vt 0.0779294 0.126228
vt 0.0759265 0.126352
vt 0.075671 0.126087
vt 0.0759265 0.126352
vt 0.0751034 0.129487
vt 0.075671 0.126087
vt 0.0751066 0.126052
vt 0.0755257 0.129513
vt 0.0763874 0.126131
vt 0.0755257 0.129513
vt 0.0767451 0.126402
vt 0.0763874 0.126131
vt 0.0761001 0.150812
vt 0.0773505 0.159242
vt 0.0791703 0.126304
vt 0.0761001 0.150812
vt 0.0751242 0.159104
vt 0.0773505 0.159242
vt 0.0801819 0.159419
vt 0.0827096 0.126525
vt 0.0773505 0.159242
vt 0.0751242 0.159104
vt 0.0744348 0.15429
vt 0.0740995 0.15904
vt 0.074551 0.159068
vt 0.0753203 0.150764
vt 0.0763578 0.159181
vt 0.0790357 0.159348
vt 0.084816 0.126657
vt 0.0818671 0.159524
vt 0.0818671 0.159524
vt 0.084816 0.126657
vt 0.0840934 0.159663
vt 0.0840934 0.159663
vt 0.0875989 0.12683
vt 0.085118 0.159726
vt 0.0875989 0.12683
vt 0.0888797 0.126909
vt 0.085118 0.159726
vt 0.0846665 0.159698
vt 0.0883153 0.126874
vt 0.0828597 0.159586
vt 0.0883153 0.126874
vt 0.0860569 0.126734
vt 0.0828597 0.159586
vt 0.0812768 0.126436
vt 0.0763578 0.159181
vt 0.0779294 0.126228
vt 0.0763578 0.159181
vt 0.0753203 0.150764
vt 0.0779294 0.126228
vt 0.0740995 0.15904
vt 0.0744348 0.15429
vt 0.0742373 0.154525
vt 0.0773505 0.159242
vt 0.0827096 0.126525
vt 0.0791703 0.126304
vt 0.0828187 0.184367
vt 0.0826655 0.18648
vt 0.0851372 0.184512
vt 0.0851372 0.184512
vt 0.0826655 0.18648
vt 0.084119 0.198562
vt 0.084119 0.198562
vt 0.0826655 0.18648
vt 0.0806757 0.198348
vt 0.0806757 0.198348
vt 0.0826655 0.18648
vt 0.0815408 0.18641
vt 0.0839163 0.200561
vt 0.0836528 0.202017
vt 0.084119 0.198562
vt 0.085201 0.183397
vt 0.0851372 0.184512
vt 0.0852258 0.182368
vt 0.0852258 0.182368
vt 0.0851372 0.184512
vt 0.0852097 0.181506
vt 0.0851372 0.184512
vt 0.0836528 0.202017
vt 0.0852097 0.181506
vt 0.0851372 0.184512
vt 0.084119 0.198562
vt 0.0836528 0.202017
vt 0.0850349 0.180126
vt 0.0851484 0.180606
vt 0.0833989 0.20254
vt 0.0850349 0.180126
vt 0.0833989 0.20254
vt 0.0849513 0.180204
vt 0.0849513 0.180204
vt 0.0833989 0.20254
vt 0.0848586 0.180477
vt 0.0833989 0.20254
vt 0.0832229 0.20199
vt 0.0848586 0.180477
vt 0.0844991 0.182323
vt 0.0846394 0.181471
vt 0.0842775 0.184458
vt 0.0844991 0.182323
vt 0.0842775 0.184458
vt 0.0843752 0.183345
vt 0.0846394 0.181471
vt 0.0832229 0.20199
vt 0.0842775 0.184458
vt 0.0846394 0.181471
vt 0.0848586 0.180477
vt 0.0832229 0.20199
vt 0.0831718 0.200515
vt 0.0832593 0.198509
vt 0.0832229 0.20199
vt 0.0833989 0.20254
vt 0.0851484 0.180606
vt 0.0836528 0.202017
vt 0.0851484 0.180606
vt 0.0852097 0.181506
vt 0.0836528 0.202017
vt 0.0832593 0.198509
vt 0.0842775 0.184458
vt 0.0832229 0.20199
vt 0.0846394 0.181471
vt 0.0844991 0.182323
vt 0.0829768 0.182671
vt 0.0844991 0.182323
vt 0.0843752 0.183345
vt 0.0829768 0.182671
vt 0.0820628 0.183863
vt 0.0822876 0.183434
vt 0.0842775 0.184458
vt 0.0820628 0.183863
vt 0.0842775 0.184458
vt 0.081959 0.184314
vt 0.0842775 0.184458
vt 0.0822876 0.183434
vt 0.0843752 0.183345
vt 0.0822876 0.183434
vt 0.0829768 0.182671
vt 0.0843752 0.183345
vt 0.079647 0.186181
vt 0.0746811 0.185872
vt 0.0779647 0.186076
vt 0.0779647 0.186076
vt 0.0746811 0.185872
vt 0.0762543 0.18597
vt 0.0782529 0.100854
vt 0.0877566 0.101439
vt 0.0777757 0.107529
vt 0.0777757 0.107529
vt 0.0877566 0.101439
vt 0.0872794 0.108113
vt 0.0782529 0.100854
vt 0.0777757 0.107529
vt 0.0761879 0.100727
vt 0.0777757 0.107529
vt 0.0757106 0.107402
vt 0.0761879 0.100727
vt 0.0720913 0.100476
vt 0.0739784 0.100592
vt 0.071614 0.107151
vt 0.0720913 0.100476
vt 0.071614 0.107151
vt 0.0709251 0.100405
vt 0.0707263 0.100393
vt 0.0709251 0.100405
vt 0.070249 0.107067
vt 0.0707263 0.100393
vt 0.070249 0.107067
vt 0.0715368 0.100443
vt 0.0715368 0.100443
vt 0.070249 0.107067
vt 0.0710596 0.107117
vt 0.070249 0.107067
vt 0.0709251 0.100405
vt 0.0704478 0.107079
vt 0.0704478 0.107079
vt 0.0709251 0.100405
vt 0.071614 0.107151
vt 0.071614 0.107151
vt 0.0739784 0.100592
vt 0.0735011 0.107266
vt 0.0735011 0.107266
vt 0.0739784 0.100592
vt 0.0757106 0.107402
vt 0.0739784 0.100592
vt 0.0761879 0.100727
vt 0.0757106 0.107402
vt 0.0781216 0.100848
vt 0.0715368 0.100443
vt 0.0776444 0.107523
vt 0.0776444 0.107523
vt 0.0715368 0.100443
vt 0.0710596 0.107117
vt 0.0776444 0.107523
vt 0.0802322 0.107682
vt 0.0781216 0.100848
vt 0.0840574 0.101213
vt 0.0807095 0.101007
vt 0.0835802 0.107887
vt 0.0835802 0.107887
vt 0.0868682 0.108089
vt 0.0840574 0.101213
vt 0.0840574 0.101213
vt 0.0868682 0.108089
vt 0.0873455 0.101415
vt 0.090733 0.101622
vt 0.0897685 0.101563
vt 0.0902558 0.108297
vt 0.090733 0.101622
vt 0.0902558 0.108297
vt 0.0900028 0.101577
vt 0.0877566 0.101439
vt 0.0900028 0.101577
vt 0.0872794 0.108113
vt 0.0872794 0.108113
vt 0.0900028 0.101577
vt 0.0895255 0.108251
vt 0.0895255 0.108251
vt 0.0900028 0.101577
vt 0.0902558 0.108297
vt 0.0902558 0.108297
vt 0.0897685 0.101563
vt 0.0892913 0.108238
vt 0.0892913 0.108238
vt 0.0897685 0.101563
vt 0.0868682 0.108089
vt 0.0835802 0.107887
vt 0.0807095 0.101007
vt 0.0802322 0.107682
vt 0.0897685 0.101563
vt 0.0873455 0.101415
vt 0.0868682 0.108089
vt 0.0807095 0.101007
vt 0.0781216 0.100848
vt 0.0802322 0.107682
vt 0.0761879 0.100727
vt 0.0715368 0.100443
vt 0.0782529 0.100854
vt 0.0761879 0.100727
vt 0.0707263 0.100393
vt 0.0715368 0.100443
vt 0.0761879 0.100727
vt 0.0709251 0.100405
vt 0.0707263 0.100393
vt 0.0761879 0.100727
vt 0.0720913 0.100476
vt 0.0709251 0.100405
vt 0.0761879 0.100727
vt 0.0739784 0.100592
vt 0.0720913 0.100476
vt 0.0900028 0.101577
vt 0.0877566 0.101439
vt 0.0781216 0.100848
vt 0.0900028 0.101577
vt 0.0781216 0.100848
vt 0.090733 0.101622
vt 0.090733 0.101622
vt 0.0781216 0.100848
vt 0.0897685 0.101563
vt 0.0897685 0.101563
vt 0.0781216 0.100848
vt 0.0873455 0.101415
vt 0.0873455 0.101415
vt 0.0781216 0.100848
vt 0.0840574 0.101213
vt 0.0840574 0.101213
vt 0.0781216 0.100848
vt 0.0807095 0.101007
vt 0.0781216 0.100848
vt 0.0877566 0.101439
vt 0.0715368 0.100443
vt 0.0877566 0.101439
vt 0.0782529 0.100854
vt 0.0715368 0.100443
vt 0.0802322 0.107682
vt 0.0776444 0.107523
vt 0.0868682 0.108089
vt 0.0802322 0.107682
vt 0.0868682 0.108089
vt 0.0835802 0.107887
vt 0.0868682 0.108089
vt 0.0776444 0.107523
vt 0.0892913 0.108238
vt 0.0892913 0.108238
vt 0.0776444 0.107523
vt 0.0902558 0.108297
vt 0.0902558 0.108297
vt 0.0776444 0.107523
vt 0.0895255 0.108251
vt 0.0895255 0.108251
vt 0.0776444 0.107523
vt 0.0872794 0.108113
vt 0.0776444 0.107523
vt 0.0710596 0.107117
vt 0.0872794 0.108113
vt 0.0757106 0.107402
vt 0.0777757 0.107529
vt 0.0704478 0.107079
vt 0.0757106 0.107402
vt 0.0704478 0.107079
vt 0.0735011 0.107266
vt 0.0735011 0.107266
vt 0.0704478 0.107079
vt 0.071614 0.107151
vt 0.0704478 0.107079
vt 0.0777757 0.107529
vt 0.070249 0.107067
vt 0.070249 0.107067
vt 0.0777757 0.107529
vt 0.0710596 0.107117
vt 0.0777757 0.107529
vt 0.0872794 0.108113
vt 0.0710596 0.107117
vt 0.0780818 0.0805127
vt 0.0780818 0.0805127
vt 0.0779421 0.0795532
vt 0.0742709 0.0818266
vt 0.0751153 0.0823498
vt 0.0751153 0.0823498
vt 0.0777674 0.0814353
vt 0.0780818 0.0805127
vt 0.0780818 0.0805127
vt 0.0770635 0.0821317
vt 0.0777674 0.0814353
vt 0.0770635 0.0821317
vt 0.0761145 0.0824589
vt 0.0770635 0.0821317
vt 0.0770635 0.0821317
vt 0.0742709 0.0818266
vt 0.0742709 0.0818266
vt 0.0751153 0.0823498
vt 0.0742709 0.0818266
vt 0.0737547 0.080997
vt 0.0737547 0.080997
vt 0.0737547 0.080997
vt 0.0742709 0.0818266
vt 0.0742709 0.0818266
vt 0.0761145 0.0824589
vt 0.0751153 0.0823498
vt 0.0751153 0.0823498
vt 0.0761145 0.0824589
vt 0.0751153 0.0823498
vt 0.0761145 0.0824589
vt 0.0761145 0.0824589
vt 0.0770635 0.0821317
vt 0.0761145 0.0824589
vt 0.0777674 0.0814353
vt 0.0770635 0.0821317
vt 0.0777674 0.0814353
vt 0.0777674 0.0814353
vt 0.0780818 0.0805127
vt 0.0777674 0.0814353
vt 0.0779421 0.0795532
vt 0.0780818 0.0805127
vt 0.0779421 0.0795532
vt 0.0710102 0.0622521
vt 0.0722257 0.0652859
vt 0.0710102 0.0622521
vt 0.0722257 0.0652859
vt 0.0722257 0.0652859
vt 0.0710102 0.0622521
vt 0.0767668 0.0766198
vt 0.0722257 0.0652859
vt 0.0722257 0.0652859
vt 0.0779421 0.0795532
vt 0.0767668 0.0766198
vt 0.0767668 0.0766198
vt 0.0779421 0.0795532
vt 0.0767668 0.0766198
vt 0.0779421 0.0795532
vt 0.0767668 0.0766198
vt 0.0722257 0.0652859
vt 0.0767668 0.0766198
vt 0.0737547 0.080997
vt 0.0727568 0.0780023
vt 0.0737547 0.080997
vt 0.0727568 0.0780023
vt 0.0727568 0.0780023
vt 0.0737547 0.080997
vt 0.0689015 0.0664321
vt 0.0689015 0.0664321
vt 0.0727568 0.0780023
vt 0.0678695 0.0633349
vt 0.0689015 0.0664321
vt 0.0689015 0.0664321
vt 0.0678695 0.0633349
vt 0.0689015 0.0664321
vt 0.0678695 0.0633349
vt 0.0689015 0.0664321
vt 0.0727568 0.0780023
vt 0.0727568 0.0780023
vt 0.0779421 0.0795532
vt 0.0777674 0.0814353
vt 0.0770635 0.0821317
vt 0.0780818 0.0805127
vt 0.0777674 0.0814353
vt 0.0779421 0.0795532
vt 0.0761145 0.0824589
vt 0.0779421 0.0795532
vt 0.0770635 0.0821317
vt 0.0751153 0.0823498
vt 0.0779421 0.0795532
vt 0.0761145 0.0824589
vt 0.0742709 0.0818266
vt 0.0779421 0.0795532
vt 0.0751153 0.0823498
vt 0.0737547 0.080997
vt 0.0779421 0.0795532
vt 0.0742709 0.0818266
vt 0.0767668 0.0766198
vt 0.0779421 0.0795532
vt 0.0737547 0.080997
vt 0.0727568 0.0780023
vt 0.0767668 0.0766198
vt 0.0737547 0.080997
vt 0.0727568 0.0780023
vt 0.0722257 0.0652859
vt 0.0767668 0.0766198
vt 0.0689015 0.0664321
vt 0.0722257 0.0652859
vt 0.0727568 0.0780023
vt 0.0742709 0.0818266
vt 0.0779421 0.0795532
vt 0.0737547 0.080997
vt 0.0751153 0.0823498
vt 0.0779421 0.0795532
vt 0.0742709 0.0818266
vt 0.0761145 0.0824589
vt 0.0779421 0.0795532
vt 0.0751153 0.0823498
vt 0.0770635 0.0821317
vt 0.0779421 0.0795532
vt 0.0761145 0.0824589
vt 0.0777674 0.0814353
vt 0.0779421 0.0795532
vt 0.0770635 0.0821317
vt 0.0780818 0.0805127
vt 0.0779421 0.0795532
vt 0.0777674 0.0814353
vt 0.0767668 0.0766198
vt 0.0737547 0.080997
vt 0.0779421 0.0795532
vt 0.0727568 0.0780023
vt 0.0737547 0.080997
vt 0.0767668 0.0766198
vt 0.0722257 0.0652859
vt 0.0727568 0.0780023
vt 0.0767668 0.0766198
vt 0.0689015 0.0664321
vt 0.0727568 0.0780023
vt 0.0722257 0.0652859
vt 0.0682011 0.0617875
vt 0.0689019 0.061326
vt 0.0678695 0.0633349
vt 0.0678245 0.0625204
vt 0.0682011 0.0617875
vt 0.0678695 0.0633349
vt 0.0697458 0.0612549
vt 0.0678695 0.0633349
vt 0.0689019 0.061326
vt 0.0705148 0.0615928
vt 0.0678695 0.0633349
vt 0.0697458 0.0612549
vt 0.0710102 0.0622521
vt 0.0678695 0.0633349
vt 0.0705148 0.0615928
vt 0.0689015 0.0664321
vt 0.0678695 0.0633349
vt 0.0710102 0.0622521
vt 0.0722257 0.0652859
vt 0.0689015 0.0664321
vt 0.0710102 0.0622521
vt 0.0697458 0.0612549
vt 0.0705148 0.0615928
vt 0.0705148 0.0615928
vt 0.0697458 0.0612549
vt 0.0697458 0.0612549
vt 0.0705148 0.0615928
vt 0.0689019 0.061326
vt 0.0697458 0.0612549
vt 0.0697458 0.0612549
vt 0.0682011 0.0617875
vt 0.0689019 0.061326
vt 0.0682011 0.0617875
vt 0.0678245 0.0625204
vt 0.0682011 0.0617875
vt 0.0682011 0.0617875
vt 0.0678695 0.0633349
vt 0.0678245 0.0625204
vt 0.0678245 0.0625204
vt 0.0678695 0.0633349
vt 0.0678245 0.0625204
vt 0.0678695 0.0633349
vt 0.0678245 0.0625204
vt 0.0682011 0.0617875
vt 0.0678245 0.0625204
vt 0.0689019 0.061326
vt 0.0682011 0.0617875
vt 0.0689019 0.061326
vt 0.0689019 0.061326
vt 0.0697458 0.0612549
vt 0.0689019 0.061326
vt 0.0710102 0.0622521
vt 0.0705148 0.0615928
vt 0.0705148 0.0615928
vt 0.0710102 0.0622521
vt 0.0710102 0.0622521
vt 0.0705148 0.0615928
vt 0.0705148 0.0615928
vt 0.0678695 0.0633349
vt 0.0710102 0.0622521
vt 0.0697458 0.0612549
vt 0.0678695 0.0633349
vt 0.0705148 0.0615928
vt 0.0689019 0.061326
vt 0.0678695 0.0633349
vt 0.0697458 0.0612549
vt 0.0682011 0.0617875
vt 0.0678695 0.0633349
vt 0.0689019 0.061326
vt 0.0678245 0.0625204
vt 0.0678695 0.0633349
vt 0.0682011 0.0617875
vt 0.0689015 0.0664321
vt 0.0710102 0.0622521
vt 0.0678695 0.0633349
vt 0.0722257 0.0652859
vt 0.0710102 0.0622521
vt 0.0689015 0.0664321
vt 0.0814764 0.0470005
vt 0.0814764 0.0470005
vt 0.0811465 0.0479182
vt 0.0813528 0.0460388
vt 0.0814764 0.0470005
vt 0.0814764 0.0470005
vt 0.0808013 0.0452306
vt 0.0813528 0.0460388
vt 0.0808013 0.0452306
vt 0.079935 0.0447417
vt 0.0808013 0.0452306
vt 0.0808013 0.0452306
vt 0.0779974 0.0450371
vt 0.0789317 0.0446725
vt 0.0789317 0.0446725
vt 0.0779974 0.0450371
vt 0.0779974 0.0450371
vt 0.0789317 0.0446725
vt 0.0779974 0.0450371
vt 0.0773238 0.0457609
vt 0.0773238 0.0457609
vt 0.0773238 0.0457609
vt 0.0779974 0.0450371
vt 0.0779974 0.0450371
vt 0.079935 0.0447417
vt 0.0789317 0.0446725
vt 0.0789317 0.0446725
vt 0.079935 0.0447417
vt 0.079935 0.0447417
vt 0.0789317 0.0446725
vt 0.079935 0.0447417
vt 0.0808013 0.0452306
vt 0.079935 0.0447417
vt 0.0813528 0.0460388
vt 0.0808013 0.0452306
vt 0.0813528 0.0460388
vt 0.0813528 0.0460388
vt 0.0814764 0.0470005
vt 0.0813528 0.0460388
vt 0.0811465 0.0479182
vt 0.0814764 0.0470005
vt 0.0811465 0.0479182
vt 0.0708649 0.0636859
vt 0.0726678 0.0609209
vt 0.0708649 0.0636859
vt 0.0726678 0.0609209
vt 0.0726678 0.0609209
vt 0.0708649 0.0636859
vt 0.0794033 0.0505916
vt 0.0726678 0.0609209
vt 0.0726678 0.0609209
vt 0.0811465 0.0479182
vt 0.0794033 0.0505916
vt 0.0811465 0.0479182
vt 0.0794033 0.0505916
vt 0.0794033 0.0505916
vt 0.0811465 0.0479182
vt 0.0794033 0.0505916
vt 0.0726678 0.0609209
vt 0.0794033 0.0505916
vt 0.0773238 0.0457609
vt 0.0757426 0.0485257
vt 0.0773238 0.0457609
vt 0.0757426 0.0485257
vt 0.0757426 0.0485257
vt 0.0773238 0.0457609
vt 0.0696332 0.0592084
vt 0.0696332 0.0592084
vt 0.0757426 0.0485257
vt 0.0679979 0.0620679
vt 0.0696332 0.0592084
vt 0.0696332 0.0592084
vt 0.0679979 0.0620679
vt 0.0696332 0.0592084
vt 0.0679979 0.0620679
vt 0.0696332 0.0592084
vt 0.0757426 0.0485257
vt 0.0757426 0.0485257
vt 0.0811465 0.0479182
vt 0.0813528 0.0460388
vt 0.0808013 0.0452306
vt 0.0814764 0.0470005
vt 0.0813528 0.0460388
vt 0.0811465 0.0479182
vt 0.079935 0.0447417
vt 0.0811465 0.0479182
vt 0.0808013 0.0452306
vt 0.0789317 0.0446725
vt 0.0811465 0.0479182
vt 0.079935 0.0447417
vt 0.0779974 0.0450371
vt 0.0811465 0.0479182
vt 0.0789317 0.0446725
vt 0.0773238 0.0457609
vt 0.0811465 0.0479182
vt 0.0779974 0.0450371
vt 0.0794033 0.0505916
vt 0.0811465 0.0479182
vt 0.0773238 0.0457609
vt 0.0757426 0.0485257
vt 0.0794033 0.0505916
vt 0.0773238 0.0457609
vt 0.0757426 0.0485257
vt 0.0726678 0.0609209
vt 0.0794033 0.0505916
vt 0.0696332 0.0592084
vt 0.0726678 0.0609209
vt 0.0757426 0.0485257
vt 0.0779974 0.0450371
vt 0.0811465 0.0479182
vt 0.0773238 0.0457609
vt 0.0789317 0.0446725
vt 0.0811465 0.0479182
vt 0.0779974 0.0450371
vt 0.079935 0.0447417
vt 0.0811465 0.0479182
vt 0.0789317 0.0446725
vt 0.0808013 0.0452306
vt 0.0811465 0.0479182
vt 0.079935 0.0447417
vt 0.0813528 0.0460388
vt 0.0811465 0.0479182
vt 0.0808013 0.0452306
vt 0.0814764 0.0470005
vt 0.0811465 0.0479182
vt 0.0813528 0.0460388
vt 0.0794033 0.0505916
vt 0.0773238 0.0457609
vt 0.0811465 0.0479182
vt 0.0757426 0.0485257
vt 0.0773238 0.0457609
vt 0.0794033 0.0505916
vt 0.0726678 0.0609209
vt 0.0757426 0.0485257
vt 0.0794033 0.0505916
vt 0.0696332 0.0592084
vt 0.0757426 0.0485257
vt 0.0726678 0.0609209
vt 0.0680128 0.0636461
vt 0.0686084 0.0642232
vt 0.0679979 0.0620679
vt 0.0677901 0.0628599
vt 0.0680128 0.0636461
vt 0.0679979 0.0620679
vt 0.069423 0.064442
vt 0.0679979 0.0620679
vt 0.0686084 0.0642232
vt 0.0702461 0.064246
vt 0.0679979 0.0620679
vt 0.069423 0.064442
vt 0.0708649 0.0636859
vt 0.0679979 0.0620679
vt 0.0702461 0.064246
vt 0.0696332 0.0592084
vt 0.0679979 0.0620679
vt 0.0708649 0.0636859
vt 0.0726678 0.0609209
vt 0.0696332 0.0592084
vt 0.0708649 0.0636859
vt 0.0680128 0.0636461
vt 0.0677901 0.0628599
vt 0.0680128 0.0636461
vt 0.069423 0.064442
vt 0.0702461 0.064246
vt 0.0702461 0.064246
vt 0.069423 0.064442
vt 0.069423 0.064442
vt 0.0702461 0.064246
vt 0.0686084 0.0642232
vt 0.069423 0.064442
vt 0.069423 0.064442
vt 0.0677901 0.0628599
vt 0.0677901 0.0628599
vt 0.0680128 0.0636461
vt 0.0679979 0.0620679
vt 0.0677901 0.0628599
vt 0.0679979 0.0620679
vt 0.0679979 0.0620679
vt 0.0677901 0.0628599
vt 0.0677901 0.0628599
vt 0.0686084 0.0642232
vt 0.0680128 0.0636461
vt 0.0680128 0.0636461
vt 0.0686084 0.0642232
vt 0.0680128 0.0636461
vt 0.0686084 0.0642232
vt 0.0686084 0.0642232
vt 0.069423 0.064442
vt 0.0686084 0.0642232
vt 0.0708649 0.0636859
vt 0.0702461 0.064246
vt 0.0702461 0.064246
vt 0.0708649 0.0636859
vt 0.0708649 0.0636859
vt 0.0702461 0.064246
vt 0.0702461 0.064246
vt 0.0679979 0.0620679
vt 0.0708649 0.0636859
vt 0.069423 0.064442
vt 0.0679979 0.0620679
vt 0.0702461 0.064246
vt 0.0686084 0.0642232
vt 0.0679979 0.0620679
vt 0.069423 0.064442
vt 0.0680128 0.0636461
vt 0.0679979 0.0620679
vt 0.0686084 0.0642232
vt 0.0677901 0.0628599
vt 0.0679979 0.0620679
vt 0.0680128 0.0636461
vt 0.0696332 0.0592084
vt 0.0708649 0.0636859
vt 0.0679979 0.0620679
vt 0.0726678 0.0609209
vt 0.0708649 0.0636859
vt 0.0696332 0.0592084
vt 0.0784173 0.109105
vt 0.0880113 0.109701
vt 0.0859839 0.109575
vt 0.0776752 0.109059
vt 0.0880113 0.109701
vt 0.0784173 0.109105
vt 0.0880113 0.109701
vt 0.0776752 0.109059
vt 0.0784173 0.109105
vt 0.0804447 0.109231
vt 0.0880113 0.109701
vt 0.0784173 0.109105
vt 0.0832143 0.109403
vt 0.0880113 0.109701
vt 0.0804447 0.109231
vt 0.0859839 0.109575
vt 0.0880113 0.109701
vt 0.0832143 0.109403
vt 0.0887534 0.109748
vt 0.0784173 0.109105
vt 0.0880113 0.109701
vt 0.0887534 0.109748
vt 0.0880113 0.109701
vt 0.0784173 0.109105
vt 0.0832143 0.109403
vt 0.0784173 0.109105
vt 0.0859839 0.109575
vt 0.0804447 0.109231
vt 0.0784173 0.109105
vt 0.0832143 0.109403
vt 0.0926712 0.0452337
vt 0.0823351 0.0445916
vt 0.0830772 0.0446377
vt 0.0934132 0.0452798
vt 0.0823351 0.0445916
vt 0.0926712 0.0452337
vt 0.0926712 0.0452337
vt 0.0823351 0.0445916
vt 0.0934132 0.0452798
vt 0.0906437 0.0451077
vt 0.0830772 0.0446377
vt 0.0926712 0.0452337
vt 0.0878742 0.0449357
vt 0.0830772 0.0446377
vt 0.0906437 0.0451077
vt 0.0851046 0.0447637
vt 0.0830772 0.0446377
vt 0.0878742 0.0449357
vt 0.0830772 0.0446377
vt 0.0823351 0.0445916
vt 0.0926712 0.0452337
vt 0.0851046 0.0447637
vt 0.0926712 0.0452337
vt 0.0830772 0.0446377
vt 0.0878742 0.0449357
vt 0.0926712 0.0452337
vt 0.0851046 0.0447637
vt 0.0906437 0.0451077
vt 0.0926712 0.0452337
vt 0.0878742 0.0449357
vt 0.0832143 0.109403
vt 0.0859839 0.109575
vt 0.0878742 0.0449357
vt 0.0851046 0.0447637
vt 0.0832143 0.109403
vt 0.0878742 0.0449357
vt 0.0830772 0.0446377
vt 0.0784173 0.109105
vt 0.0804447 0.109231
vt 0.0823351 0.0445916
vt 0.0784173 0.109105
vt 0.0830772 0.0446377
vt 0.0784173 0.109105
vt 0.0776752 0.109059
vt 0.0830772 0.0446377
vt 0.0851046 0.0447637
vt 0.0784173 0.109105
vt 0.0830772 0.0446377
vt 0.0832143 0.109403
vt 0.0804447 0.109231
vt 0.0878742 0.0449357
vt 0.0906437 0.0451077
vt 0.0832143 0.109403
vt 0.0878742 0.0449357
vt 0.0880113 0.109701
vt 0.0859839 0.109575
vt 0.0926712 0.0452337
vt 0.0934132 0.0452798
vt 0.0880113 0.109701
vt 0.0926712 0.0452337
vt 0.0880113 0.109701
vt 0.0887534 0.109748
vt 0.0926712 0.0452337
vt 0.0906437 0.0451077
vt 0.0880113 0.109701
vt 0.0926712 0.0452337
vt 0.0906437 0.0451077
vt 0.0878742 0.0449357
vt 0.0859839 0.109575
vt 0.0859839 0.109575
vt 0.0880113 0.109701
vt 0.0906437 0.0451077
vt 0.0934132 0.0452798
vt 0.0926712 0.0452337
vt 0.0887534 0.109748
vt 0.0887534 0.109748
vt 0.0880113 0.109701
vt 0.0934132 0.0452798
vt 0.0906437 0.0451077
vt 0.0926712 0.0452337
vt 0.0859839 0.109575
vt 0.0859839 0.109575
vt 0.0832143 0.109403
vt 0.0906437 0.0451077
vt 0.0851046 0.0447637
vt 0.0878742 0.0449357
vt 0.0804447 0.109231
vt 0.0804447 0.109231
vt 0.0784173 0.109105
vt 0.0851046 0.0447637
vt 0.0823351 0.0445916
vt 0.0830772 0.0446377
vt 0.0776752 0.109059
vt 0.0776752 0.109059
vt 0.0784173 0.109105
vt 0.0823351 0.0445916
vt 0.0851046 0.0447637
vt 0.0830772 0.0446377
vt 0.0804447 0.109231
vt 0.0804447 0.109231
vt 0.0832143 0.109403
vt 0.0851046 0.0447637
g ACTUTATOR
f 5/1 8/2 10/3
f 1/4 5/5 10/6
f 5/7 1/8 6/9
f 2/10 7/11 6/12
f 3/13 7/14 2/15
f 4/16 7/17 3/18
f 7/19 5/20 6/21
f 9/22 10/23 8/24
f 11/25 10/26 9/27
f 12/28 10/29 11/30
f 13/31 16/32 18/33
f 35/34 38/35 40/36
f 42/37 47/38 46/39
f 30/40 34/41 33/42
f 31/43 30/44 33/45
f 25/46 29/47 28/48
f 26/49 25/50 28/51
f 20/52 24/53 23/54
f 21/55 20/56 23/57
f 14/58 13/59 18/60
f 43/61 42/62 46/63
f 36/64 35/65 40/66
f 14/67 46/68 45/69
f 15/70 14/71 45/72
f 15/73 13/74 14/75
f 17/76 18/77 16/78
f 19/79 18/80 17/81
f 21/82 18/83 19/84
f 22/85 21/86 19/87
f 22/88 20/89 21/90
f 26/91 23/92 24/93
f 27/94 26/95 24/96
f 27/97 25/98 26/99
f 31/100 28/101 29/102
f 32/103 31/104 29/105
f 32/106 30/107 31/108
f 36/109 33/110 34/111
f 37/112 36/113 34/114
f 37/115 35/116 36/117
f 39/118 40/119 38/120
f 41/121 40/122 39/123
f 43/124 40/125 41/126
f 44/127 43/128 41/129
f 44/130 42/131 43/132
f 48/133 45/134 46/135
f 48/136 46/137 47/138
f 49/139 51/140 53/141
f 54/142 59/143 57/144
f 55/145 54/146 57/147
f 50/148 49/149 53/150
f 52/151 53/152 51/153
f 56/154 53/155 52/156
f 55/157 53/158 56/159
f 56/160 54/161 55/162
f 58/163 57/164 59/165
f 60/166 58/167 59/168
f 64/169 61/170 62/171
f 86/172 81/173 84/174
f 94/175 88/176 91/177
f 93/178 61/179 64/180
f 89/181 88/182 94/183
f 82/184 81/185 86/186
f 76/187 80/188 79/189
f 77/190 76/191 79/192
f 71/193 75/194 74/195
f 72/196 71/197 74/198
f 66/199 70/200 69/201
f 67/202 66/203 69/204
f 92/205 61/206 93/207
f 63/208 64/209 62/210
f 65/211 64/212 63/213
f 67/214 64/215 65/216
f 68/217 67/218 65/219
f 68/220 66/221 67/222
f 72/223 69/224 70/225
f 73/226 72/227 70/228
f 73/229 71/230 72/231
f 77/232 74/233 75/234
f 78/235 77/236 75/237
f 78/238 76/239 77/240
f 82/241 79/242 80/243
f 83/244 82/245 80/246
f 83/247 81/248 82/249
f 85/250 86/251 84/252
f 87/253 86/254 85/255
f 89/256 86/257 87/258
f 90/259 89/260 87/261
f 90/262 88/263 89/264
f 95/265 94/266 91/267
f 96/268 92/269 93/270
f 96/271 93/272 94/273
f 96/274 94/275 95/276
f 114/277 111/278 115/279
f 97/280 114/281 113/282
f 98/283 114/284 97/285
f 109/286 114/287 98/288
f 100/289 109/290 99/291
f 101/292 109/293 100/294
f 102/295 109/296 101/297
f 103/298 109/299 102/300
f 104/301 109/302 103/303
f 105/304 109/305 104/306
f 106/307 109/308 105/309
f 107/310 109/311 106/312
f 108/313 109/314 107/315
f 110/316 109/317 108/318
f 110/319 114/320 109/321
f 112/322 111/323 114/324
f 116/325 113/326 114/327
f 116/328 114/329 115/330
f 118/331 120/332 121/333
f 122/334 127/335 125/336
f 117/337 122/338 125/339
f 123/340 122/341 117/342
f 119/343 118/344 121/345
f 124/346 121/347 120/348
f 123/349 121/350 124/351
f 124/352 122/353 123/354
f 126/355 125/356 127/357
f 128/358 126/359 127/360
f 136/361 141/362 139/363
f 137/364 136/365 139/366
f 132/367 138/368 135/369
f 133/370 132/371 135/372
f 129/373 134/374 131/375
f 130/376 129/377 131/378
f 133/379 131/380 134/381
f 134/382 132/383 133/384
f 137/385 135/386 138/387
f 138/388 136/389 137/390
f 140/391 139/392 141/393
f 142/394 140/395 141/396
f 143/397 145/398 146/399
f 144/400 145/401 143/402
f 147/403 146/404 145/405
f 148/406 146/407 147/408
f 149/409 153/410 151/411
f 150/412 149/413 151/414
f 152/415 151/416 153/417
f 154/418 152/419 153/420
f 156/421 160/422 159/423
f 157/424 156/425 159/426
f 158/427 157/428 155/429
f 158/430 156/431 157/432
f 161/433 159/434 160/435
f 162/436 161/437 160/438
f 163/439 161/440 162/441
f 166/442 171/443 169/444
f 167/445 166/446 169/447
f 164/448 168/449 167/450
f 165/451 168/452 164/453
f 168/454 166/455 167/456
f 170/457 169/458 171/459
f 172/460 170/461 171/462
f 176/463 179/464 182/465
f 173/466 176/467 182/468
f 174/469 176/470 173/471
f 178/472 184/473 182/474
f 178/475 182/476 179/477
f 181/478 173/479 182/480
f 177/481 176/482 174/483
f 175/484 177/485 174/486
f 177/487 179/488 176/489
f 180/490 178/491 179/492
f 183/493 181/494 182/495
f 183/496 182/497 184/498
f 185/499 183/500 184/501
f 187/502 195/503 194/504
f 189/505 195/506 187/507
f 188/508 194/509 193/510
f 186/511 188/512 193/513
f 188/514 187/515 194/516
f 191/517 195/518 189/519
f 190/520 197/521 195/522
f 190/523 195/524 191/525
f 192/526 190/527 191/528
f 196/529 193/530 194/531
f 196/532 194/533 195/534
f 196/535 195/536 197/537
f 198/538 196/539 197/540
f 218/541 217/542 214/543
f 212/544 217/545 222/546
f 226/547 212/548 222/549
f 210/550 216/551 213/552
f 210/553 213/554 199/555
f 210/556 199/557 228/558
f 224/559 232/560 229/561
f 200/562 228/563 199/564
f 211/565 227/566 207/567
f 230/568 237/569 234/570
f 233/571 241/572 240/573
f 235/574 244/575 241/576
f 205/577 209/578 233/579
f 205/580 233/581 240/582
f 206/583 239/584 202/585
f 242/586 247/587 238/588
f 201/589 204/590 246/591
f 201/592 246/593 245/594
f 252/595 245/596 253/597
f 225/598 224/599 200/600
f 225/601 200/602 199/603
f 225/604 199/605 213/606
f 225/607 213/608 212/609
f 225/610 212/611 226/612
f 229/613 228/614 200/615
f 229/616 200/617 224/618
f 248/619 247/620 242/621
f 252/622 201/623 245/624
f 203/625 202/626 239/627
f 203/628 239/629 238/630
f 203/631 238/632 247/633
f 203/634 247/635 246/636
f 203/637 246/638 204/639
f 204/640 202/641 203/642
f 240/643 239/644 206/645
f 206/646 205/647 240/648
f 208/649 207/650 227/651
f 208/652 227/653 234/654
f 208/655 234/656 233/657
f 208/658 233/659 209/660
f 209/661 207/662 208/663
f 228/664 227/665 211/666
f 211/667 210/668 228/669
f 215/670 214/671 217/672
f 215/673 217/674 212/675
f 215/676 212/677 213/678
f 215/679 213/680 216/681
f 216/682 214/683 215/684
f 220/685 222/686 217/687
f 220/688 217/689 218/690
f 219/691 220/692 218/693
f 221/694 222/695 220/696
f 223/697 222/698 221/699
f 223/700 226/701 222/702
f 226/703 224/704 225/705
f 231/706 230/707 234/708
f 231/709 234/710 227/711
f 231/712 227/713 228/714
f 231/715 228/716 229/717
f 231/718 229/719 232/720
f 232/721 230/722 231/723
f 236/724 235/725 241/726
f 236/727 241/728 233/729
f 236/730 233/731 234/732
f 236/733 234/734 237/735
f 237/736 235/737 236/738
f 243/739 242/740 238/741
f 243/742 238/743 239/744
f 243/745 239/746 240/747
f 243/748 240/749 241/750
f 243/751 241/752 244/753
f 244/754 242/755 243/756
f 250/757 253/758 245/759
f 250/760 245/761 246/762
f 250/763 246/764 247/765
f 250/766 247/767 248/768
f 249/769 250/770 248/771
f 251/772 250/773 249/774
f 251/775 253/776 250/777
f 254/778 252/779 253/780
f 275/781 287/782 286/783
f 260/784 281/785 263/786
f 276/787 256/788 277/789
f 271/790 295/791 294/792
f 255/793 260/794 263/795
f 298/796 267/797 299/798
f 275/799 277/800 256/801
f 284/802 287/803 275/804
f 261/805 260/806 255/807
f 258/808 261/809 255/810
f 276/811 259/812 257/813
f 257/814 256/815 276/816
f 258/817 257/818 259/819
f 259/820 261/821 258/822
f 262/823 260/824 261/825
f 280/826 285/827 283/828
f 280/829 283/830 263/831
f 280/832 263/833 281/834
f 264/835 282/836 281/837
f 279/838 282/839 264/840
f 265/841 300/842 279/843
f 301/844 300/845 265/846
f 266/847 302/848 301/849
f 298/850 302/851 266/852
f 296/853 299/854 267/855
f 268/856 296/857 267/858
f 269/859 297/860 296/861
f 294/862 297/863 269/864
f 270/865 271/866 294/867
f 292/868 295/869 271/870
f 272/871 293/872 292/873
f 290/874 293/875 272/876
f 273/877 291/878 290/879
f 288/880 291/881 273/882
f 274/883 289/884 288/885
f 286/886 289/887 274/888
f 286/889 277/890 275/891
f 278/892 276/893 277/894
f 300/895 282/896 279/897
f 282/898 280/899 281/900
f 284/901 283/902 285/903
f 285/904 287/905 284/906
f 287/907 289/908 286/909
f 289/910 291/911 288/912
f 291/913 293/914 290/915
f 293/916 295/917 292/918
f 295/919 297/920 294/921
f 297/922 299/923 296/924
f 299/925 302/926 298/927
f 302/928 300/929 301/930
f 311/931 303/932 310/933
f 308/934 310/935 303/936
f 306/937 308/938 303/939
f 304/940 307/941 306/942
f 305/943 307/944 304/945
f 307/946 308/947 306/948
f 309/949 310/950 308/951
f 312/952 311/953 310/954
f 313/955 311/956 312/957
f 315/958 323/959 322/960
f 317/961 323/962 315/963
f 314/964 322/965 321/966
f 316/967 322/968 314/969
f 316/970 315/971 322/972
f 318/973 325/974 323/975
f 318/976 323/977 317/978
f 319/979 318/980 317/981
f 320/982 318/983 319/984
f 324/985 321/986 322/987
f 324/988 322/989 323/990
f 324/991 323/992 325/993
f 326/994 324/995 325/996
f 349/997 348/998 345/999
f 343/1000 348/1001 353/1002
f 357/1003 343/1004 353/1005
f 344/1006 328/1007 327/1008
f 341/1009 347/1010 344/1011
f 341/1012 344/1013 327/1014
f 355/1015 363/1016 360/1017
f 359/1018 341/1019 327/1020
f 342/1021 358/1022 338/1023
f 361/1024 367/1025 366/1026
f 337/1027 365/1028 334/1029
f 372/1030 371/1031 364/1032
f 329/1033 336/1034 333/1035
f 374/1036 329/1037 333/1038
f 374/1039 333/1040 375/1041
f 370/1042 376/1043 375/1044
f 332/1045 370/1046 375/1047
f 332/1048 375/1049 333/1050
f 380/1051 330/1052 373/1053
f 380/1054 373/1055 381/1056
f 356/1057 355/1058 328/1059
f 356/1060 328/1061 344/1062
f 356/1063 344/1064 343/1065
f 356/1066 343/1067 357/1068
f 360/1069 359/1070 327/1071
f 360/1072 327/1073 328/1074
f 360/1075 328/1076 355/1077
f 331/1078 334/1079 365/1080
f 331/1081 365/1082 364/1083
f 331/1084 364/1085 371/1086
f 371/1087 370/1088 332/1089
f 374/1090 373/1091 330/1092
f 330/1093 329/1094 374/1095
f 335/1096 334/1097 331/1098
f 335/1099 331/1100 371/1101
f 335/1102 371/1103 332/1104
f 335/1105 332/1106 333/1107
f 335/1108 333/1109 336/1110
f 336/1111 334/1112 335/1113
f 340/1114 365/1115 337/1116
f 339/1117 338/1118 358/1119
f 339/1120 358/1121 366/1122
f 339/1123 366/1124 365/1125
f 339/1126 365/1127 340/1128
f 340/1129 338/1130 339/1131
f 359/1132 358/1133 342/1134
f 342/1135 341/1136 359/1137
f 346/1138 345/1139 348/1140
f 346/1141 348/1142 343/1143
f 346/1144 343/1145 344/1146
f 346/1147 344/1148 347/1149
f 347/1150 345/1151 346/1152
f 351/1153 353/1154 348/1155
f 351/1156 348/1157 349/1158
f 350/1159 351/1160 349/1161
f 352/1162 353/1163 351/1164
f 354/1165 353/1166 352/1167
f 354/1168 357/1169 353/1170
f 357/1171 355/1172 356/1173
f 362/1174 361/1175 366/1176
f 362/1177 366/1178 358/1179
f 362/1180 358/1181 359/1182
f 362/1183 359/1184 360/1185
f 362/1186 360/1187 363/1188
f 363/1189 361/1190 362/1191
f 368/1192 372/1193 364/1194
f 368/1195 364/1196 365/1197
f 368/1198 365/1199 366/1200
f 368/1201 366/1202 367/1203
f 369/1204 368/1205 367/1206
f 369/1207 372/1208 368/1209
f 372/1210 370/1211 371/1212
f 378/1213 381/1214 373/1215
f 378/1216 373/1217 374/1218
f 378/1219 374/1220 375/1221
f 378/1222 375/1223 376/1224
f 377/1225 378/1226 376/1227
f 379/1228 378/1229 377/1230
f 379/1231 381/1232 378/1233
f 382/1234 380/1235 381/1236
g D_STRUCT.L
f 386/1237 383/1238 385/1239
f 384/1240 383/1241 386/1242
f 387/1243 386/1244 385/1245
f 389/1246 386/1247 387/1248
f 388/1249 389/1250 387/1251
f 390/1252 389/1253 388/1254
f 391/1255 389/1256 390/1257
f 392/1258 396/1259 394/1260
f 393/1261 392/1262 394/1263
f 395/1264 394/1265 396/1266
f 397/1267 395/1268 396/1269
f 399/1270 404/1271 398/1272
f 405/1273 404/1274 399/1275
f 401/1276 405/1277 400/1278
f 402/1279 405/1280 401/1281
f 403/1282 405/1283 402/1284
f 406/1285 405/1286 403/1287
f 406/1288 404/1289 405/1290
f 407/1291 409/1292 410/1293
f 408/1294 409/1295 407/1296
f 411/1297 410/1298 409/1299
f 412/1300 410/1301 411/1302
f 420/1303 425/1304 423/1305
f 421/1306 420/1307 423/1308
f 416/1309 422/1310 419/1311
f 417/1312 416/1313 419/1314
f 413/1315 418/1316 415/1317
f 414/1318 413/1319 415/1320
f 417/1321 415/1322 418/1323
f 418/1324 416/1325 417/1326
f 421/1327 419/1328 422/1329
f 422/1330 420/1331 421/1332
f 424/1333 423/1334 425/1335
f 426/1336 424/1337 425/1338
f 427/1339 429/1340 430/1341
f 428/1342 427/1343 430/1344
f 431/1345 430/1346 429/1347
f 433/1348 430/1349 431/1350
f 432/1351 433/1352 431/1353
f 434/1354 433/1355 432/1356
f 435/1357 433/1358 434/1359
f 443/1360 448/1361 446/1362
f 444/1363 443/1364 446/1365
f 439/1366 445/1367 442/1368
f 440/1369 439/1370 442/1371
f 436/1372 441/1373 438/1374
f 437/1375 436/1376 438/1377
f 440/1378 438/1379 441/1380
f 441/1381 439/1382 440/1383
f 444/1384 442/1385 445/1386
f 445/1387 443/1388 444/1389
f 447/1390 446/1391 448/1392
f 449/1393 447/1394 448/1395
f 456/1396 450/1397 452/1398
f 451/1399 450/1400 456/1401
f 453/1402 456/1403 452/1404
f 454/1405 456/1406 453/1407
f 457/1408 456/1409 454/1410
f 458/1411 455/1412 456/1413
f 458/1414 456/1415 457/1416
g D_STRUCT.U
f 467/1417 471/1418 470/1419
f 468/1420 467/1421 470/1422
f 462/1423 466/1424 465/1425
f 459/1426 462/1427 465/1428
f 462/1429 459/1430 463/1431
f 460/1432 464/1433 463/1434
f 461/1435 464/1436 460/1437
f 464/1438 462/1439 463/1440
f 468/1441 465/1442 466/1443
f 469/1444 468/1445 466/1446
f 469/1447 467/1448 468/1449
f 472/1450 470/1451 471/1452
f 475/1453 474/1454 473/1455
f 476/1456 474/1457 475/1458
f 479/1459 478/1460 477/1461
f 480/1462 478/1463 479/1464
f 492/1465 489/1466 493/1467
f 490/1468 489/1469 492/1470
f 485/1471 491/1472 488/1473
f 486/1474 485/1475 488/1476
f 481/1477 487/1478 484/1479
f 482/1480 481/1481 484/1482
f 483/1483 481/1484 482/1485
f 486/1486 484/1487 487/1488
f 487/1489 485/1490 486/1491
f 490/1492 488/1493 491/1494
f 491/1495 489/1496 490/1497
f 494/1498 492/1499 493/1500
f 503/1501 507/1502 506/1503
f 504/1504 503/1505 506/1506
f 499/1507 505/1508 502/1509
f 500/1510 499/1511 502/1512
f 495/1513 498/1514 497/1515
f 496/1516 495/1517 497/1518
f 500/1519 497/1520 498/1521
f 501/1522 500/1523 498/1524
f 501/1525 499/1526 500/1527
f 504/1528 502/1529 505/1530
f 505/1531 503/1532 504/1533
f 508/1534 506/1535 507/1536
f 515/1537 511/1538 514/1539
f 516/1540 521/1541 519/1542
f 509/1543 516/1544 519/1545
f 517/1546 516/1547 509/1548
f 512/1549 511/1550 515/1551
f 513/1552 512/1553 510/1554
f 513/1555 511/1556 512/1557
f 518/1558 515/1559 514/1560
f 517/1561 515/1562 518/1563
f 518/1564 516/1565 517/1566
f 520/1567 519/1568 521/1569
f 522/1570 520/1571 521/1572
g FITTING
f 523/1573 525/1574 524/1575
f 524/1576 525/1577 526/1578
f 527/1579 526/1580 528/1581
f 528/1582 526/1583 529/1584
f 529/1585 526/1586 530/1587
f 530/1588 526/1589 531/1590
f 531/1591 526/1592 525/1593
f 532/1594 534/1595 533/1596
f 533/1597 535/1598 532/1599
f 536/1600 538/1601 537/1602
f 539/1603 536/1604 540/1605
f 540/1606 541/1607 539/1608
f 542/1609 544/1610 543/1611
f 543/1612 545/1613 542/1614
f 546/1615 548/1616 547/1617
f 549/1618 546/1619 550/1620
f 549/1621 550/1622 551/1623
f 550/1624 552/1625 551/1626
f 534/1627 554/1628 553/1629
f 533/1630 534/1631 555/1632
f 553/1633 554/1634 552/1635
f 554/1636 551/1637 552/1638
f 550/1639 546/1640 556/1641
f 556/1642 546/1643 547/1644
f 547/1645 548/1646 545/1647
f 548/1648 542/1649 545/1650
f 557/1651 543/1652 558/1653
f 558/1654 559/1655 557/1656
f 535/1657 561/1658 560/1659
f 560/1660 561/1661 562/1662
f 562/1663 561/1664 559/1665
f 561/1666 557/1667 559/1668
f 558/1669 543/1670 541/1671
f 540/1672 536/1673 563/1674
f 563/1675 536/1676 537/1677
f 538/1678 535/1679 537/1680
f 538/1681 532/1682 535/1683
f 539/1684 541/1685 544/1686
f 544/1687 541/1688 543/1689
f 560/1690 537/1691 535/1692
f 534/1693 553/1694 555/1695
f 564/1696 566/1697 565/1698
f 566/1699 567/1700 565/1701
f 565/1702 567/1703 568/1704
f 568/1705 567/1706 569/1707
f 569/1708 567/1709 570/1710
f 571/1711 572/1712 567/1713
f 572/1714 570/1715 567/1716
f 573/1717 575/1718 574/1719
f 574/1720 575/1721 576/1722
f 577/1723 576/1724 578/1725
f 578/1726 576/1727 575/1728
f 579/1729 581/1730 580/1731
f 581/1732 582/1733 580/1734
f 583/1735 584/1736 582/1737
f 584/1738 580/1739 582/1740
f 585/1741 587/1742 586/1743
f 587/1744 588/1745 586/1746
f 589/1747 591/1748 590/1749
f 590/1750 592/1751 589/1752
f 593/1753 595/1754 594/1755
f 594/1756 596/1757 593/1758
f 597/1759 598/1760 596/1761
f 598/1762 593/1763 596/1764
f 594/1765 595/1766 592/1767
f 595/1768 589/1769 592/1770
f 590/1771 591/1772 588/1773
f 591/1774 586/1775 588/1776
f 599/1777 601/1778 600/1779
f 599/1780 602/1781 601/1782
f 603/1783 604/1784 609/1785
f 605/1786 603/1787 609/1788
f 609/1789 606/1790 605/1791
f 609/1792 607/1793 606/1794
f 609/1795 608/1796 607/1797
f 605/1798 606/1799 610/1800
f 610/1801 606/1802 611/1803
f 608/1804 609/1805 602/1806
f 600/1807 601/1808 604/1809
f 602/1810 609/1811 601/1812
f 604/1813 601/1814 609/1815
f 611/1816 606/1817 607/1818
f 612/1819 614/1820 613/1821
f 615/1822 613/1823 616/1824
f 616/1825 613/1826 617/1827
f 618/1828 617/1829 619/1830
f 618/1831 619/1832 620/1833
f 619/1834 621/1835 620/1836
f 622/1837 624/1838 623/1839
f 625/1840 623/1841 621/1842
f 619/1843 617/1844 626/1845
f 617/1846 627/1847 626/1848
f 617/1849 613/1850 627/1851
f 628/1852 630/1853 629/1854
f 631/1855 628/1856 632/1857
f 633/1858 632/1859 634/1860
f 632/1861 628/1862 634/1863
f 629/1864 630/1865 635/1866
f 635/1867 630/1868 627/1869
f 627/1870 613/1871 614/1872
f 629/1873 634/1874 628/1875
f 620/1876 621/1877 624/1878
f 630/1879 626/1880 627/1881
f 623/1882 624/1883 621/1884
f 636/1885 638/1886 637/1887
f 637/1888 638/1889 639/1890
f 638/1891 640/1892 639/1893
f 639/1894 640/1895 641/1896
f 642/1897 644/1898 643/1899
f 642/1900 643/1901 645/1902
f 643/1903 644/1904 640/1905
f 644/1906 641/1907 640/1908
f 646/1909 648/1910 647/1911
f 646/1912 647/1913 649/1914
f 647/1915 648/1916 650/1917
f 650/1918 648/1919 651/1920
f 652/1921 654/1922 653/1923
f 655/1924 653/1925 656/1926
f 656/1927 657/1928 655/1929
f 656/1930 658/1931 657/1932
f 656/1933 659/1934 658/1935
f 656/1936 653/1937 659/1938
f 660/1939 662/1940 661/1941
f 661/1942 663/1943 660/1944
f 661/1945 664/1946 663/1947
f 661/1948 665/1949 664/1950
f 661/1951 666/1952 665/1953
f 661/1954 662/1955 666/1956
f 667/1957 669/1958 668/1959
f 670/1960 667/1961 671/1962
f 671/1963 667/1964 672/1965
f 673/1966 672/1967 674/1968
f 674/1969 664/1970 673/1971
f 674/1972 663/1973 664/1974
f 674/1975 675/1976 663/1977
f 674/1978 676/1979 675/1980
f 674/1981 672/1982 676/1983
f 677/1984 679/1985 678/1986
f 678/1987 658/1988 677/1989
f 678/1990 657/1991 658/1992
f 678/1993 666/1994 657/1995
f 678/1996 665/1997 666/1998
f 678/1999 679/2000 665/2001
f 654/2002 680/2003 653/2004
f 653/2005 680/2006 659/2007
f 655/2008 657/2009 662/2010
f 673/2011 664/2012 679/2013
f 663/2014 675/2015 669/2016
f 667/2017 668/2018 676/2019
f 680/2020 658/2021 659/2022
f 680/2023 677/2024 658/2025
f 679/2026 664/2027 665/2028
f 662/2029 657/2030 666/2031
f 669/2032 660/2033 663/2034
f 668/2035 675/2036 676/2037
f 668/2038 669/2039 675/2040
f 667/2041 676/2042 672/2043
f 684/2044 683/2045 685/2046
f 686/2047 685/2048 681/2049
f 681/2050 685/2051 682/2052
f 683/2053 682/2054 685/2055
f 687/2056 688/2057 711/2058
f 689/2059 687/2060 713/2061
f 690/2062 689/2063 713/2064
f 691/2065 690/2066 694/2067
f 692/2068 694/2069 693/2070
f 692/2071 691/2072 694/2073
f 692/2074 693/2075 695/2076
f 695/2077 693/2078 696/2079
f 697/2080 699/2081 698/2082
f 700/2083 698/2084 715/2085
f 701/2086 700/2087 714/2088
f 702/2089 701/2090 714/2091
f 703/2092 702/2093 712/2094
f 704/2095 703/2096 705/2097
f 703/2098 706/2099 705/2100
f 703/2101 712/2102 706/2103
f 705/2104 706/2105 707/2106
f 707/2107 706/2108 708/2109
f 708/2110 706/2111 709/2112
f 711/2113 710/2114 712/2115
f 711/2116 688/2117 710/2118
f 713/2119 714/2120 715/2121
f 715/2122 693/2123 694/2124
f 715/2125 698/2126 693/2127
f 696/2128 693/2129 699/2130
f 714/2131 712/2132 702/2133
f 714/2134 711/2135 712/2136
f 714/2137 713/2138 711/2139
f 710/2140 709/2141 706/2142
f 712/2143 710/2144 706/2145
f 687/2146 711/2147 713/2148
f 715/2149 694/2150 713/2151
f 700/2152 715/2153 714/2154
f 690/2155 713/2156 694/2157
f 699/2158 693/2159 698/2160
f 718/2161 716/2162 719/2163
f 721/2164 720/2165 717/2166
f 716/2167 717/2168 719/2169
f 720/2170 719/2171 717/2172
f 722/2173 724/2174 723/2175
f 722/2176 725/2177 724/2178
f 722/2179 726/2180 725/2181
f 722/2182 727/2183 726/2184
f 728/2185 723/2186 729/2187
f 729/2188 723/2189 730/2190
f 730/2191 723/2192 724/2193
f 731/2194 733/2195 732/2196
f 733/2197 734/2198 732/2199
f 735/2200 737/2201 736/2202
f 738/2203 735/2204 739/2205
f 739/2206 735/2207 736/2208
f 736/2209 737/2210 734/2211
f 737/2212 732/2213 734/2214
f 740/2215 741/2216 742/2217
f 743/2218 742/2219 744/2220
f 744/2221 742/2222 745/2223
f 745/2224 742/2225 741/2226
f 741/2227 740/2228 746/2229
f 746/2230 740/2231 747/2232
f 747/2233 740/2234 748/2235
f 748/2236 740/2237 749/2238
f 750/2239 752/2240 751/2241
f 752/2242 753/2243 751/2244
f 754/2245 756/2246 755/2247
f 755/2248 756/2249 753/2250
f 756/2251 751/2252 753/2253
f 757/2254 759/2255 758/2256
f 757/2257 760/2258 759/2259
f 757/2260 761/2261 760/2262
f 762/2263 764/2264 763/2265
f 763/2266 765/2267 762/2268
f 763/2269 766/2270 765/2271
f 763/2272 767/2273 766/2274
f 763/2275 759/2276 767/2277
f 763/2278 764/2279 759/2280
f 768/2281 770/2282 769/2283
f 769/2284 771/2285 768/2286
f 769/2287 772/2288 771/2289
f 769/2290 773/2291 772/2292
f 769/2293 774/2294 773/2295
f 769/2296 765/2297 774/2298
f 769/2299 770/2300 765/2301
f 775/2302 777/2303 776/2304
f 775/2305 776/2306 778/2307
f 776/2308 779/2309 778/2310
f 776/2311 780/2312 779/2313
f 776/2314 781/2315 780/2316
f 776/2317 782/2318 781/2319
f 776/2320 771/2321 782/2322
f 776/2323 777/2324 771/2325
f 783/2326 784/2327 779/2328
f 780/2329 781/2330 785/2331
f 782/2332 771/2333 772/2334
f 774/2335 765/2336 766/2337
f 767/2338 759/2339 786/2340
f 759/2341 760/2342 786/2343
f 787/2344 789/2345 788/2346
f 789/2347 760/2348 788/2349
f 789/2350 786/2351 760/2352
f 790/2353 792/2354 791/2355
f 791/2356 792/2357 761/2358
f 792/2359 760/2360 761/2361
f 792/2362 788/2363 760/2364
f 758/2365 759/2366 764/2367
f 770/2368 762/2369 765/2370
f 777/2371 768/2372 771/2373
f 784/2374 778/2375 779/2376
f 793/2377 795/2378 794/2379
f 796/2380 798/2381 797/2382
f 796/2383 797/2384 799/2385
f 797/2386 798/2387 795/2388
f 798/2389 794/2390 795/2391
f 800/2392 802/2393 801/2394
f 803/2395 801/2396 804/2397
f 804/2398 801/2399 805/2400
f 805/2401 801/2402 802/2403
f 806/2404 808/2405 807/2406
f 807/2407 808/2408 809/2409
f 808/2410 810/2411 809/2412
f 811/2413 813/2414 812/2415
f 812/2416 813/2417 810/2418
f 813/2419 809/2420 810/2421
f 814/2422 816/2423 815/2424
f 817/2425 814/2426 818/2427
f 819/2428 817/2429 820/2430
f 821/2431 819/2432 822/2433
f 823/2434 821/2435 824/2436
f 825/2437 823/2438 826/2439
f 826/2440 827/2441 825/2442
f 828/2443 830/2444 829/2445
f 831/2446 828/2447 832/2448
f 833/2449 831/2450 834/2451
f 835/2452 833/2453 836/2454
f 816/2455 835/2456 837/2457
f 838/2458 840/2459 839/2460
f 840/2461 823/2462 839/2463
f 840/2464 826/2465 823/2466
f 839/2467 823/2468 841/2469
f 824/2470 821/2471 842/2472
f 842/2473 821/2474 822/2475
f 822/2476 819/2477 843/2478
f 843/2479 819/2480 820/2481
f 820/2482 817/2483 844/2484
f 844/2485 817/2486 818/2487
f 818/2488 814/2489 845/2490
f 845/2491 814/2492 846/2493
f 847/2494 846/2495 848/2496
f 846/2497 814/2498 848/2499
f 815/2500 816/2501 837/2502
f 837/2503 835/2504 849/2505
f 850/2506 849/2507 851/2508
f 851/2509 849/2510 852/2511
f 849/2512 835/2513 852/2514
f 836/2515 833/2516 853/2517
f 853/2518 833/2519 834/2520
f 834/2521 831/2522 854/2523
f 854/2524 831/2525 832/2526
f 832/2527 828/2528 855/2529
f 855/2530 828/2531 829/2532
f 829/2533 830/2534 856/2535
f 830/2536 857/2537 856/2538
f 830/2539 827/2540 857/2541
f 830/2542 825/2543 827/2544
f 858/2545 859/2546 857/2547
f 815/2548 848/2549 814/2550
f 859/2551 856/2552 857/2553
f 824/2554 841/2555 823/2556
f 836/2557 852/2558 835/2559
f 860/2560 862/2561 861/2562
f 861/2563 863/2564 860/2565
f 861/2566 864/2567 863/2568
f 861/2569 862/2570 864/2571
f 860/2572 863/2573 865/2574
f 866/2575 868/2576 867/2577
f 867/2578 869/2579 866/2580
f 867/2581 870/2582 869/2583
f 867/2584 864/2585 870/2586
f 867/2587 863/2588 864/2589
f 867/2590 868/2591 863/2592
f 871/2593 873/2594 872/2595
f 872/2596 874/2597 871/2598
f 872/2599 875/2600 874/2601
f 872/2602 876/2603 875/2604
f 872/2605 869/2606 876/2607
f 872/2608 873/2609 869/2610
f 877/2611 879/2612 878/2613
f 878/2614 880/2615 877/2616
f 878/2617 881/2618 880/2619
f 878/2620 882/2621 881/2622
f 878/2623 874/2624 882/2625
f 878/2626 879/2627 874/2628
f 883/2629 885/2630 884/2631
f 884/2632 886/2633 883/2634
f 884/2635 887/2636 886/2637
f 884/2638 888/2639 887/2640
f 884/2641 880/2642 888/2643
f 884/2644 885/2645 880/2646
f 889/2647 891/2648 890/2649
f 892/2650 889/2651 893/2652
f 893/2653 894/2654 892/2655
f 893/2656 895/2657 894/2658
f 893/2659 896/2660 895/2661
f 893/2662 897/2663 896/2664
f 893/2665 889/2666 897/2667
f 892/2668 894/2669 898/2670
f 899/2671 901/2672 900/2673
f 899/2674 900/2675 902/2676
f 900/2677 903/2678 902/2679
f 900/2680 894/2681 903/2682
f 900/2683 901/2684 894/2685
f 904/2686 905/2687 895/2688
f 895/2689 896/2690 904/2691
f 906/2692 908/2693 907/2694
f 907/2695 909/2696 906/2697
f 907/2698 890/2699 909/2700
f 907/2701 897/2702 890/2703
f 907/2704 896/2705 897/2706
f 907/2707 908/2708 896/2709
f 910/2710 911/2711 887/2712
f 887/2713 888/2714 910/2715
f 910/2716 888/2717 912/2718
f 913/2719 914/2720 881/2721
f 881/2722 882/2723 913/2724
f 915/2725 916/2726 876/2727
f 876/2728 870/2729 915/2730
f 876/2731 869/2732 870/2733
f 862/2734 917/2735 864/2736
f 874/2737 875/2738 882/2739
f 890/2740 897/2741 889/2742
f 917/2743 870/2744 864/2745
f 917/2746 915/2747 870/2748
f 865/2749 863/2750 868/2751
f 873/2752 866/2753 869/2754
f 916/2755 875/2756 876/2757
f 916/2758 882/2759 875/2760
f 916/2761 913/2762 882/2763
f 879/2764 871/2765 874/2766
f 914/2767 888/2768 881/2769
f 914/2770 912/2771 888/2772
f 885/2773 877/2774 880/2775
f 888/2776 880/2777 881/2778
f 890/2779 886/2780 909/2781
f 890/2782 891/2783 886/2784
f 891/2785 883/2786 886/2787
f 887/2788 909/2789 886/2790
f 887/2791 911/2792 909/2793
f 906/2794 909/2795 911/2796
f 904/2797 896/2798 908/2799
f 905/2800 903/2801 895/2802
f 905/2803 902/2804 903/2805
f 903/2806 894/2807 895/2808
f 898/2809 894/2810 901/2811
f 918/2812 920/2813 919/2814
f 921/2815 919/2816 922/2817
f 923/2818 921/2819 924/2820
f 925/2821 924/2822 926/2823
f 926/2824 927/2825 925/2826
f 928/2827 930/2828 929/2829
f 928/2830 929/2831 931/2832
f 929/2833 932/2834 931/2835
f 933/2836 935/2837 934/2838
f 936/2839 933/2840 937/2841
f 933/2842 938/2843 937/2844
f 933/2845 934/2846 938/2847
f 939/2848 941/2849 940/2850
f 942/2851 940/2852 943/2853
f 943/2854 944/2855 942/2856
f 945/2857 947/2858 946/2859
f 948/2860 945/2861 949/2862
f 948/2863 949/2864 950/2865
f 951/2866 950/2867 952/2868
f 952/2869 953/2870 951/2871
f 920/2872 955/2873 954/2874
f 956/2875 957/2876 946/2877
f 946/2878 947/2879 944/2880
f 947/2881 942/2882 944/2883
f 943/2884 940/2885 958/2886
f 958/2887 940/2888 959/2889
f 940/2890 941/2891 959/2892
f 934/2893 935/2894 932/2895
f 935/2896 931/2897 932/2898
f 929/2899 930/2900 927/2901
f 930/2902 925/2903 927/2904
f 926/2905 924/2906 922/2907
f 922/2908 919/2909 960/2910
f 919/2911 920/2912 960/2913
f 960/2914 920/2915 961/2916
f 954/2917 955/2918 953/2919
f 955/2920 951/2921 953/2922
f 962/2923 952/2924 963/2925
f 952/2926 950/2927 963/2928
f 949/2929 945/2930 957/2931
f 946/2932 957/2933 945/2934
f 949/2935 963/2936 950/2937
f 924/2938 921/2939 922/2940
f 937/2941 938/2942 941/2943
f 938/2944 959/2945 941/2946
f 954/2947 961/2948 920/2949
f 964/2950 966/2951 965/2952
f 966/2953 967/2954 965/2955
f 968/2956 970/2957 969/2958
f 969/2959 970/2960 967/2961
f 970/2962 965/2963 967/2964
f 971/2965 972/2966 997/2967
f 973/2968 971/2969 977/2970
f 974/2971 973/2972 975/2973
f 975/2974 977/2975 976/2976
f 975/2977 973/2978 977/2979
f 978/2980 980/2981 979/2982
f 979/2983 981/2984 978/2985
f 979/2986 982/2987 981/2988
f 979/2989 976/2990 982/2991
f 979/2992 975/2993 976/2994
f 979/2995 980/2996 975/2997
f 983/2998 984/2999 982/3000
f 982/3001 976/3002 985/3003
f 986/3004 985/3005 999/3006
f 987/3007 986/3008 998/3009
f 988/3010 987/3011 992/3012
f 989/3013 988/3014 990/3015
f 988/3016 991/3017 990/3018
f 988/3019 992/3020 991/3021
f 993/3022 995/3023 994/3024
f 994/3025 996/3026 993/3027
f 994/3028 992/3029 996/3030
f 994/3031 995/3032 992/3033
f 975/3034 980/3035 974/3036
f 984/3037 981/3038 982/3039
f 984/3040 978/3041 981/3042
f 987/3043 998/3044 992/3045
f 992/3046 998/3047 996/3048
f 977/3049 997/3050 999/3051
f 977/3052 971/3053 997/3054
f 999/3055 998/3056 986/3057
f 999/3058 997/3059 998/3060
f 997/3061 996/3062 998/3063
f 997/3064 972/3065 996/3066
f 985/3067 976/3068 999/3069
f 976/3070 977/3071 999/3072
f 993/3073 996/3074 972/3075
f 990/3076 991/3077 995/3078
f 995/3079 991/3080 992/3081
f 1000/3082 1002/3083 1001/3084
f 1002/3085 1003/3086 1001/3087
f 1004/3088 1006/3089 1005/3090
f 1005/3091 1006/3092 1003/3093
f 1006/3094 1001/3095 1003/3096
f 1007/3097 1009/3098 1008/3099
f 1009/3100 1010/3101 1008/3102
f 1009/3103 1011/3104 1010/3105
f 1012/3106 1014/3107 1013/3108
f 1013/3109 1014/3110 1010/3111
f 1010/3112 1011/3113 1015/3114
f 1016/3115 1015/3116 1017/3117
f 1017/3118 1015/3119 1011/3120
f 1014/3121 1008/3122 1010/3123
f 1018/3124 1020/3125 1019/3126
f 1019/3127 1020/3128 1021/3129
f 1021/3130 1020/3131 1022/3132
f 1022/3133 1020/3134 1023/3135
f 1020/3136 1024/3137 1023/3138
f 1020/3139 1025/3140 1024/3141
f 1026/3142 1028/3143 1027/3144
f 1027/3145 1029/3146 1026/3147
f 1027/3148 1030/3149 1029/3150
f 1026/3151 1029/3152 1031/3153
f 1031/3154 1029/3155 1032/3156
f 1033/3157 1034/3158 1029/3159
f 1027/3160 1028/3161 1035/3162
f 1035/3163 1028/3164 1024/3165
f 1034/3166 1032/3167 1029/3168
f 1028/3169 1023/3170 1024/3171
f 1036/3172 1038/3173 1037/3174
f 1037/3175 1039/3176 1036/3177
f 1040/3178 1041/3179 1039/3180
f 1041/3181 1036/3182 1039/3183
f 1038/3184 1042/3185 1037/3186
f 1038/3187 1043/3188 1042/3189
f 1038/3190 1044/3191 1043/3192
f 1045/3193 1046/3194 1042/3195
f 1046/3196 1037/3197 1042/3198
f 1047/3199 1049/3200 1048/3201
f 1048/3202 1049/3203 1050/3204
f 1051/3205 1053/3206 1052/3207
f 1051/3208 1054/3209 1053/3210
f 1051/3211 1055/3212 1054/3213
f 1056/3214 1058/3215 1057/3216
f 1057/3217 1059/3218 1056/3219
f 1060/3220 1062/3221 1061/3222
f 1061/3223 1063/3224 1060/3225
f 1064/3226 1066/3227 1065/3228
f 1064/3229 1065/3230 1067/3231
f 1065/3232 1068/3233 1067/3234
f 1069/3235 1071/3236 1070/3237
f 1055/3238 1069/3239 1072/3240
f 1072/3241 1054/3242 1055/3243
f 1073/3244 1074/3245 1053/3246
f 1072/3247 1069/3248 1075/3249
f 1075/3250 1069/3251 1070/3252
f 1070/3253 1071/3254 1068/3255
f 1071/3256 1067/3257 1068/3258
f 1076/3259 1065/3260 1077/3261
f 1065/3262 1066/3263 1077/3264
f 1061/3265 1062/3266 1078/3267
f 1078/3268 1062/3269 1059/3270
f 1062/3271 1056/3272 1059/3273
f 1057/3274 1058/3275 1074/3276
f 1052/3277 1053/3278 1058/3279
f 1058/3280 1053/3281 1074/3282
f 1060/3283 1063/3284 1066/3285
f 1063/3286 1077/3287 1066/3288
f 1079/3289 1081/3290 1080/3291
f 1080/3292 1081/3293 1082/3294
f 1081/3295 1083/3296 1082/3297
f 1084/3298 1085/3299 1083/3300
f 1085/3301 1082/3302 1083/3303
f 1086/3304 1088/3305 1087/3306
f 1089/3307 1086/3308 1090/3309
f 1090/3310 1086/3311 1087/3312
f 1087/3313 1088/3314 1091/3315
f 1088/3316 1092/3317 1091/3318
f 1091/3319 1092/3320 1093/3321
f 1093/3322 1092/3323 1094/3324
f 1094/3325 1092/3326 1095/3327
f 1096/3328 1097/3329 1092/3330
f 1097/3331 1095/3332 1092/3333
f 1098/3334 1100/3335 1099/3336
f 1101/3337 1099/3338 1102/3339
f 1103/3340 1101/3341 1104/3342
f 1104/3343 1101/3344 1105/3345
f 1105/3346 1101/3347 1102/3348
f 1102/3349 1099/3350 1106/3351
f 1106/3352 1099/3353 1100/3354
f 1107/3355 1109/3356 1108/3357
f 1108/3358 1109/3359 1110/3360
f 1110/3361 1109/3362 1111/3363
f 1109/3364 1112/3365 1111/3366
f 1111/3367 1112/3368 1113/3369
f 1114/3370 1115/3371 1112/3372
f 1112/3373 1115/3374 1113/3375
f 1116/3376 1118/3377 1117/3378
f 1117/3379 1118/3380 1119/3381
f 1118/3382 1120/3383 1119/3384
f 1121/3385 1123/3386 1122/3387
f 1121/3388 1122/3389 1124/3390
f 1122/3391 1125/3392 1124/3393
f 1126/3394 1128/3395 1127/3396
f 1126/3397 1127/3398 1129/3399
f 1127/3400 1128/3401 1125/3402
f 1128/3403 1124/3404 1125/3405
f 1122/3406 1123/3407 1120/3408
f 1123/3409 1119/3410 1120/3411
f 1130/3412 1132/3413 1131/3414
f 1133/3415 1131/3416 1134/3417
f 1133/3418 1134/3419 1135/3420
f 1134/3421 1136/3422 1135/3423
f 1137/3424 1138/3425 1136/3426
f 1138/3427 1135/3428 1136/3429
f 1134/3430 1131/3431 1139/3432
f 1139/3433 1131/3434 1140/3435
f 1140/3436 1131/3437 1141/3438
f 1141/3439 1131/3440 1132/3441
f 1143/3442 1142/3443 1144/3444
f 1145/3445 1144/3446 1146/3447
f 1145/3448 1146/3449 1147/3450
f 1146/3451 1148/3452 1147/3453
f 1147/3454 1148/3455 1149/3456
f 1150/3457 1152/3458 1151/3459
f 1150/3460 1151/3461 1153/3462
f 1153/3463 1154/3464 1155/3465
f 1154/3466 1156/3467 1155/3468
f 1157/3469 1159/3470 1158/3471
f 1157/3472 1158/3473 1160/3474
f 1160/3475 1158/3476 1161/3477
f 1161/3478 1158/3479 1162/3480
f 1158/3481 1163/3482 1162/3483
f 1164/3484 1166/3485 1165/3486
f 1165/3487 1167/3488 1164/3489
f 1168/3490 1170/3491 1169/3492
f 1169/3493 1171/3494 1168/3495
f 1172/3496 1174/3497 1173/3498
f 1175/3499 1172/3500 1176/3501
f 1176/3502 1177/3503 1175/3504
f 1142/3505 1143/3506 1163/3507
f 1143/3508 1162/3509 1163/3510
f 1158/3511 1159/3512 1156/3513
f 1159/3514 1155/3515 1156/3516
f 1153/3517 1178/3518 1154/3519
f 1153/3520 1151/3521 1178/3522
f 1165/3523 1166/3524 1178/3525
f 1151/3526 1152/3527 1148/3528
f 1146/3529 1144/3530 1177/3531
f 1176/3532 1172/3533 1179/3534
f 1179/3535 1172/3536 1173/3537
f 1173/3538 1174/3539 1171/3540
f 1174/3541 1168/3542 1171/3543
f 1169/3544 1170/3545 1167/3546
f 1170/3547 1164/3548 1167/3549
f 1175/3550 1177/3551 1142/3552
f 1177/3553 1144/3554 1142/3555
f 1148/3556 1152/3557 1149/3558
f 1178/3559 1166/3560 1154/3561
f 1180/3562 1182/3563 1181/3564
f 1181/3565 1182/3566 1183/3567
f 1183/3568 1182/3569 1184/3570
f 1184/3571 1182/3572 1185/3573
f 1186/3574 1188/3575 1187/3576
f 1189/3577 1191/3578 1190/3579
f 1190/3580 1191/3581 1192/3582
f 1191/3583 1188/3584 1192/3585
f 1191/3586 1187/3587 1188/3588
f 1193/3589 1195/3590 1194/3591
f 1193/3592 1194/3593 1196/3594
f 1196/3595 1194/3596 1197/3597
f 1194/3598 1198/3599 1197/3600
f 1199/3601 1201/3602 1200/3603
f 1199/3604 1200/3605 1202/3606
f 1201/3607 1198/3608 1200/3609
f 1201/3610 1197/3611 1198/3612
f 1203/3613 1204/3614 1198/3615
f 1194/3616 1195/3617 1188/3618
f 1195/3619 1192/3620 1188/3621
f 1204/3622 1200/3623 1198/3624
f 1205/3625 1207/3626 1206/3627
f 1207/3628 1208/3629 1206/3630
f 1209/3631 1211/3632 1210/3633
f 1209/3634 1210/3635 1212/3636
f 1210/3637 1211/3638 1208/3639
f 1211/3640 1206/3641 1208/3642
f 1213/3643 1215/3644 1214/3645
f 1214/3646 1215/3647 1216/3648
f 1217/3649 1219/3650 1218/3651
f 1218/3652 1219/3653 1220/3654
f 1221/3655 1223/3656 1222/3657
f 1223/3658 1224/3659 1222/3660
f 1225/3661 1227/3662 1226/3663
f 1225/3664 1226/3665 1228/3666
f 1229/3667 1228/3668 1230/3669
f 1229/3670 1230/3671 1231/3672
f 1231/3673 1230/3674 1232/3675
f 1230/3676 1228/3677 1233/3678
f 1233/3679 1228/3680 1226/3681
f 1226/3682 1227/3683 1234/3684
f 1234/3685 1227/3686 1224/3687
f 1227/3688 1222/3689 1224/3690
f 1235/3691 1237/3692 1236/3693
f 1236/3694 1237/3695 1238/3696
f 1239/3697 1241/3698 1240/3699
f 1242/3700 1244/3701 1243/3702
f 1243/3703 1245/3704 1242/3705
f 1242/3706 1245/3707 1246/3708
f 1247/3709 1249/3710 1248/3711
f 1247/3712 1248/3713 1250/3714
f 1251/3715 1250/3716 1252/3717
f 1252/3718 1250/3719 1253/3720
f 1253/3721 1250/3722 1248/3723
f 1248/3724 1249/3725 1254/3726
f 1254/3727 1249/3728 1245/3729
f 1243/3730 1244/3731 1241/3732
f 1249/3733 1246/3734 1245/3735
f 1244/3736 1240/3737 1241/3738
f 1255/3739 1257/3740 1256/3741
f 1255/3742 1258/3743 1257/3744
f 1255/3745 1259/3746 1258/3747
f 1255/3748 1260/3749 1259/3750
f 1255/3751 1261/3752 1260/3753
f 1262/3754 1264/3755 1263/3756
f 1262/3757 1263/3758 1265/3759
f 1265/3760 1263/3761 1266/3762
f 1266/3763 1263/3764 1267/3765
f 1267/3766 1263/3767 1268/3768
f 1268/3769 1263/3770 1269/3771
f 1263/3772 1264/3773 1257/3774
f 1264/3775 1256/3776 1257/3777
f 1270/3778 1272/3779 1271/3780
f 1270/3781 1271/3782 1273/3783
f 1271/3784 1272/3785 1274/3786
f 1274/3787 1272/3788 1275/3789
f 1275/3790 1272/3791 1276/3792
f 1276/3793 1272/3794 1277/3795
f 1272/3796 1278/3797 1277/3798
f 1279/3799 1281/3800 1280/3801
f 1279/3802 1280/3803 1282/3804
f 1282/3805 1280/3806 1283/3807
f 1280/3808 1281/3809 1284/3810
f 1284/3811 1281/3812 1278/3813
f 1281/3814 1277/3815 1278/3816
g LINKS.01
f 1298/3817 1295/3818 1299/3819
f 1286/3820 1289/3821 1290/3822
f 1296/3823 1295/3824 1298/3825
f 1291/3826 1297/3827 1294/3828
f 1292/3829 1291/3830 1294/3831
f 1287/3832 1286/3833 1290/3834
f 1287/3835 1285/3836 1288/3837
f 1288/3838 1286/3839 1287/3840
f 1293/3841 1290/3842 1289/3843
f 1292/3844 1290/3845 1293/3846
f 1293/3847 1291/3848 1292/3849
f 1296/3850 1294/3851 1297/3852
f 1297/3853 1295/3854 1296/3855
f 1300/3856 1298/3857 1299/3858
f 1302/3859 1306/3860 1301/3861
f 1303/3862 1306/3863 1302/3864
f 1307/3865 1306/3866 1303/3867
f 1304/3868 1308/3869 1307/3870
f 1305/3871 1308/3872 1304/3873
f 1308/3874 1306/3875 1307/3876
f 1310/3877 1314/3878 1309/3879
f 1315/3880 1314/3881 1310/3882
f 1311/3883 1316/3884 1315/3885
f 1312/3886 1316/3887 1311/3888
f 1313/3889 1316/3890 1312/3891
f 1316/3892 1314/3893 1315/3894
f 1323/3895 1317/3896 1319/3897
f 1318/3898 1317/3899 1323/3900
f 1320/3901 1323/3902 1319/3903
f 1321/3904 1323/3905 1320/3906
f 1322/3907 1323/3908 1321/3909
f 1325/3910 1323/3911 1322/3912
f 1324/3913 1323/3914 1325/3915
f 1326/3916 1324/3917 1325/3918
f 1329/3919 1328/3920 1327/3921
f 1330/3922 1328/3923 1329/3924
f 1331/3925 1337/3926 1338/3927
f 1332/3928 1337/3929 1331/3930
f 1333/3931 1337/3932 1332/3933
f 1334/3934 1337/3935 1333/3936
f 1335/3937 1337/3938 1334/3939
f 1336/3940 1337/3941 1335/3942
f 1339/3943 1338/3944 1337/3945
f 1340/3946 1338/3947 1339/3948
f 1343/3949 1342/3950 1341/3951
f 1344/3952 1342/3953 1343/3954
f 1345/3955 1347/3956 1350/3957
f 1346/3958 1345/3959 1350/3960
f 1348/3961 1350/3962 1347/3963
f 1349/3964 1350/3965 1348/3966
f 1352/3967 1350/3968 1349/3969
f 1351/3970 1350/3971 1352/3972
f 1353/3973 1351/3974 1352/3975
f 1361/3976 1366/3977 1364/3978
f 1354/3979 1361/3980 1364/3981
f 1362/3982 1361/3983 1354/3984
f 1357/3985 1363/3986 1360/3987
f 1358/3988 1357/3989 1360/3990
f 1355/3991 1359/3992 1358/3993
f 1356/3994 1359/3995 1355/3996
f 1359/3997 1357/3998 1358/3999
f 1362/4000 1360/4001 1363/4002
f 1363/4003 1361/4004 1362/4005
f 1365/4006 1364/4007 1366/4008
f 1367/4009 1365/4010 1366/4011
f 1368/4012 1373/4013 1374/4014
f 1369/4015 1373/4016 1368/4017
f 1370/4018 1373/4019 1369/4020
f 1371/4021 1373/4022 1370/4023
f 1372/4024 1373/4025 1371/4026
f 1375/4027 1374/4028 1373/4029
f 1376/4030 1374/4031 1375/4032
g LINKS.02
f 1390/4033 1387/4034 1391/4035
f 1388/4036 1387/4037 1390/4038
f 1383/4039 1389/4040 1386/4041
f 1384/4042 1383/4043 1386/4044
f 1378/4045 1382/4046 1381/4047
f 1379/4048 1378/4049 1381/4050
f 1379/4051 1377/4052 1380/4053
f 1380/4054 1378/4055 1379/4056
f 1384/4057 1381/4058 1382/4059
f 1385/4060 1384/4061 1382/4062
f 1385/4063 1383/4064 1384/4065
f 1388/4066 1386/4067 1389/4068
f 1389/4069 1387/4070 1388/4071
f 1392/4072 1390/4073 1391/4074
f 1394/4075 1398/4076 1393/4077
f 1395/4078 1398/4079 1394/4080
f 1399/4081 1398/4082 1395/4083
f 1397/4084 1399/4085 1396/4086
f 1400/4087 1399/4088 1397/4089
f 1400/4090 1398/4091 1399/4092
f 1402/4093 1406/4094 1401/4095
f 1407/4096 1406/4097 1402/4098
f 1403/4099 1408/4100 1407/4101
f 1404/4102 1408/4103 1403/4104
f 1405/4105 1408/4106 1404/4107
f 1408/4108 1406/4109 1407/4110
f 1415/4111 1409/4112 1411/4113
f 1410/4114 1409/4115 1415/4116
f 1412/4117 1415/4118 1411/4119
f 1413/4120 1415/4121 1412/4122
f 1414/4123 1415/4124 1413/4125
f 1417/4126 1415/4127 1414/4128
f 1416/4129 1415/4130 1417/4131
f 1418/4132 1416/4133 1417/4134
f 1421/4135 1420/4136 1419/4137
f 1422/4138 1420/4139 1421/4140
f 1423/4141 1429/4142 1430/4143
f 1424/4144 1429/4145 1423/4146
f 1425/4147 1429/4148 1424/4149
f 1426/4150 1429/4151 1425/4152
f 1427/4153 1429/4154 1426/4155
f 1428/4156 1429/4157 1427/4158
f 1431/4159 1430/4160 1429/4161
f 1432/4162 1430/4163 1431/4164
f 1435/4165 1434/4166 1433/4167
f 1436/4168 1434/4169 1435/4170
f 1437/4171 1439/4172 1442/4173
f 1438/4174 1437/4175 1442/4176
f 1440/4177 1442/4178 1439/4179
f 1441/4180 1442/4181 1440/4182
f 1444/4183 1442/4184 1441/4185
f 1443/4186 1442/4187 1444/4188
f 1445/4189 1443/4190 1444/4191
f 1452/4192 1448/4193 1451/4194
f 1453/4195 1458/4196 1456/4197
f 1446/4198 1453/4199 1456/4200
f 1454/4201 1453/4202 1446/4203
f 1449/4204 1448/4205 1452/4206
f 1450/4207 1449/4208 1447/4209
f 1450/4210 1448/4211 1449/4212
f 1455/4213 1452/4214 1451/4215
f 1454/4216 1452/4217 1455/4218
f 1455/4219 1453/4220 1454/4221
f 1457/4222 1456/4223 1458/4224
f 1459/4225 1457/4226 1458/4227
f 1460/4228 1465/4229 1466/4230
f 1461/4231 1465/4232 1460/4233
f 1462/4234 1465/4235 1461/4236
f 1463/4237 1465/4238 1462/4239
f 1464/4240 1465/4241 1463/4242
f 1467/4243 1466/4244 1465/4245
f 1468/4246 1466/4247 1467/4248
g OLEO
f 1478/4249 1474/4250 1477/4251
f 1469/4252 1474/4253 1478/4254
f 1474/4255 1469/4256 1475/4257
f 1470/4258 1473/4259 1475/4260
f 1471/4261 1473/4262 1470/4263
f 1472/4264 1473/4265 1471/4266
f 1476/4267 1475/4268 1473/4269
f 1476/4270 1474/4271 1475/4272
f 1479/4273 1478/4274 1477/4275
f 1480/4276 1478/4277 1479/4278
f 1490/4279 1485/4280 1488/4281
f 1481/4282 1485/4283 1490/4284
f 1486/4285 1485/4286 1481/4287
f 1482/4288 1487/4289 1486/4290
f 1483/4291 1487/4292 1482/4293
f 1484/4294 1487/4295 1483/4296
f 1487/4297 1485/4298 1486/4299
f 1489/4300 1490/4301 1488/4302
f 1491/4303 1490/4304 1489/4305
f 1492/4306 1490/4307 1491/4308
f 1514/4309 1496/4310 1493/4311
f 1515/4312 1514/4313 1493/4314
f 1513/4315 1510/4316 1516/4317
f 1511/4318 1510/4319 1513/4320
f 1506/4321 1512/4322 1509/4323
f 1507/4324 1506/4325 1509/4326
f 1502/4327 1508/4328 1505/4329
f 1503/4330 1502/4331 1505/4332
f 1498/4333 1504/4334 1501/4335
f 1499/4336 1498/4337 1501/4338
f 1494/4339 1500/4340 1497/4341
f 1495/4342 1494/4343 1497/4344
f 1495/4345 1493/4346 1496/4347
f 1496/4348 1494/4349 1495/4350
f 1499/4351 1497/4352 1500/4353
f 1500/4354 1498/4355 1499/4356
f 1503/4357 1501/4358 1504/4359
f 1504/4360 1502/4361 1503/4362
f 1507/4363 1505/4364 1508/4365
f 1508/4366 1506/4367 1507/4368
f 1511/4369 1509/4370 1512/4371
f 1512/4372 1510/4373 1511/4374
f 1515/4375 1513/4376 1516/4377
f 1516/4378 1514/4379 1515/4380
