# Converted from a320src/A320-family-master/Engines/Models/a320.nacelle.cfm.ac by simengine's ac3d_to_obj tool
# NOTE: materials/textures are not exported — see tools/ac3d_to_obj/main.cpp LIMITATIONS.
v 3.249 0.863658 -0.155023
v 2.59456 0.982858 -0.125228
v 1.877 0.956736 -0.051
v 2.5626 0.630379 -0.122545
v 1.877 0.599268 -0.051
v 3.249 0.672883 -0.155023
v 3.20622 0.001 -0.606335
v 3.20622 0.164739 -0.58377
v 3.58 0.001 -0.532638
v 3.58 0.260167 -0.465189
v 3.20622 0.444297 -0.413212
v 3.58 0.322261 -0.424592
v 3.20622 0.316271 -0.517754
v 3.20622 0.539272 -0.277937
v 3.249 0.501213 -0.326694
v 3.58 0.453573 -0.279957
v 3.58 0.440209 -0.300558
v 3.58 0.425907 -0.32052
v 3.58 0.394617 -0.358358
v 3.01506 0.001 -0.606335
v 3.01506 0.181165 -0.578903
v 3.01506 0.477657 -0.374134
v 3.01506 0.345001 -0.499091
v 3.01506 0.567111 -0.215357
v 3.11739 0.567923 -0.233632
v 3.58 0.578506 -0.155023
v 2.13365 0.51737 -0.088635
v 2.90223 0.562072 -0.198723
v 2.39045 0.534168 -0.125553
v 2.00533 0.508215 -0.069932
v 1.877 0.498494 -0.051
v 3.58 0.876572 -0.155023
v 2.80568 0.001 -0.586956
v 2.34134 0.001 -0.543978
v 1.877 0.180715 -0.467586
v 2.10917 0.001 -0.522489
v 1.877 0.001 -0.501
v 1.99308 0.001 -0.511744
v 1.877 0.33641 -0.37181
v 1.877 0.447276 -0.226473
v 2.063 -1.19885 -0.001
v 2.063 -1.19752 -0.049685
v 2.40206 -1.12488 -0.032557
v 2.40204 -1.12524 -0.016711
v 2.65989 -1.05636 -0.001
v 3.249 -0.8753 -0.001
v 2.6761 -1.05124 -0.030504
v 2.91024 -0.594357 -0.019147
v 2.063 -0.96192 -0.049685
v 1.877 -0.954736 -0.051
v 2.063 -0.513919 -0.049685
v 1.877 -0.496494 -0.051
v 2.80557 -0.584477 -0.024403
v 2.96263 -0.599284 -0.016432
v 2.98883 -0.601744 -0.015056
v 3.01506 -0.604203 -0.013668
v 3.20622 -0.604331 -0.003339
v 3.249 -0.5959 -0.001
v 2.063 -0.963259 -0.001
v 3.01506 -0.227722 -0.561461
v 3.20622 -0.230112 -0.560481
v 3.01506 -0.422534 -0.433493
v 3.20622 -0.557583 -0.234271
v 3.01506 -0.554552 -0.241402
v 3.20622 -0.426209 -0.429863
v 3.40018 -0.145835 -0.548753
v 3.40018 -0.2826 -0.492085
v 3.58 -0.374925 -0.376925
v 3.58 -0.202449 -0.49217
v 3.58 -0.49017 -0.204449
v 3.40018 -0.490134 -0.284516
v 3.40018 -0.546774 -0.147756
v 3.40018 -0.399622 -0.402367
v 3.58 -0.530638 -0.001
v 1.877 -0.956044 -0.001
v 1.877 -0.445276 -0.226473
v 1.877 -0.33441 -0.37181
v 2.44603 -0.473708 -0.284009
v 1.877 -0.178715 -0.467586
v 2.44603 -0.272003 -0.481532
v 2.063 0.001 -0.518215
v 2.44603 -0.140238 -0.535316
v 2.96272 0.001 -0.60149
v 2.91037 0.001 -0.596645
v 2.98889 0.001 -0.603912
v 2.44603 -0.530255 -0.153348
v 2.44603 -0.385678 -0.395869
v 1.877 -0.864968 0.049
v 2.57434 -0.921328 0.032914
v 2.91561 -0.931557 0.016871
v 3.20622 -0.604331 0.001339
v 3.20622 -0.557584 0.232272
v 3.39311 -0.491302 0.283281
v 3.20622 -0.230111 0.55848
v 3.39311 -0.283202 0.491348
v 3.20622 -0.426209 0.427863
v 3.20622 0.001 0.604335
v 3.58 0.001 0.530639
v 3.58 -0.202449 0.49017
v 3.58 -0.374925 0.374925
v 3.58 -0.49017 0.202449
v 3.01506 -0.604203 0.011668
v 3.01506 -0.554552 0.239402
v 3.01506 -0.227722 0.559461
v 3.01506 -0.422534 0.431493
v 3.01506 0.001 0.604335
v 2.80556 -0.584477 0.022403
v 2.49629 -0.477706 0.284386
v 2.34147 -0.540333 0.04138
v 1.877 -0.445276 0.224473
v 2.10928 -0.518289 0.046974
v 1.877 -0.178715 0.465586
v 2.49629 -0.274263 0.483598
v 1.877 -0.33441 0.36981
v 1.877 0.001 0.499
v 2.80568 0.001 0.584956
v 2.91037 0.001 0.594646
v 2.96272 0.001 0.599491
v 2.98889 0.001 0.601913
v 3.249 0.863658 0.153023
v 3.4145 0.870116 0.153023
v 3.58 0.876572 0.153023
v 3.249 0.672883 0.153023
v 3.58 0.578506 0.153023
v 3.249 0.501213 0.324694
v 3.58 0.453574 0.277956
v 3.20622 0.539272 0.275937
v 3.11741 0.567921 0.231639
v 3.01506 0.567111 0.213357
v 2.5626 0.630379 0.120545
v 2.90219 0.56207 0.196717
v 2.39031 0.53416 0.123534
v 2.00527 0.508211 0.067923
v 1.877 0.599268 0.049
v 2.13356 0.517365 0.086623
v 2.55946 0.888862 0.120277
v 1.877 0.866968 0.049
v 1.877 0.447275 0.224473
v 2.44603 0.460136 0.30663
v 1.877 0.33641 0.36981
v 3.01506 0.477657 0.372133
v 3.01506 0.181165 0.576903
v 2.44603 0.261225 0.48657
v 3.01506 0.345001 0.497091
v 1.877 0.180715 0.465586
v 3.20622 0.444297 0.411212
v 3.20622 0.164739 0.581769
v 3.20622 0.316271 0.515755
v 3.58 0.44021 0.298557
v 3.58 0.425909 0.318518
v 3.58 0.39462 0.356356
v 3.46596 0.294349 0.469105
v 3.58 0.322265 0.42259
v 3.46596 0.130136 0.537866
v 3.58 0.260168 0.463189
v 0.277707 0.953069 -0.001
v 0.302085 0.674425 -0.680382
v 0.284051 0.880555 -0.368266
v 0.329076 0.36591 -0.890957
v 0.361002 0.001 -0.968709
v 0.396626 -0.406186 -0.899935
v 0.441732 -0.921755 -0.566486
v 0.428558 -0.771176 -0.708132
v 0.452046 -1.03964 -0.396899
v 0.460881 -1.14063 -0.001
v 0.458658 -1.11522 -0.20507
v 0.756 1.02919 -0.001
v 0.756 0.951011 -0.39426
v 0.756 0.728363 -0.727717
v 0.756 0.395104 -0.950662
v 0.756 0.001 -1.02919
v 0.756 -1.21462 -0.001
v 0.756 -1.18711 -0.218482
v 0.756 -1.10743 -0.423149
v 0.756 -0.983036 -0.604677
v 0.756 -0.823393 -0.756623
v 0.756 -0.434128 -0.961064
v 0.756 1.00929 -0.202328
v 0.302085 0.674425 0.678382
v 0.284051 0.880555 0.366266
v 0.329076 0.36591 0.888957
v 0.361002 0.001 0.966709
v 0.396626 -0.406186 0.897935
v 0.441732 -0.921755 0.564486
v 0.428558 -0.771176 0.706132
v 0.452046 -1.03964 0.394899
v 0.458658 -1.11522 0.20307
v 0.756 0.951011 0.392261
v 0.756 0.728363 0.725717
v 0.756 0.395104 0.948661
v 0.756 0.001 1.02719
v 0.756 -1.18711 0.216482
v 0.756 -1.10743 0.421149
v 0.756 -0.983036 0.602677
v 0.756 -0.823393 0.754623
v 0.756 -0.434128 0.959064
v 0.756 1.00929 0.200328
v 0.942 0.86841 -0.001
v 0.942 0.802382 -0.332943
v 0.942 0.614351 -0.614351
v 0.942 0.332943 -0.802382
v 0.942 0.001 -0.86841
v 0.942 -0.86641 -0.001
v 0.942 -0.800382 -0.332943
v 0.942 -0.330943 -0.802382
v 0.942 0.802382 0.330943
v 0.942 0.614351 0.612351
v 0.942 0.332943 0.800382
v 0.942 0.001 0.86641
v 0.942 -0.800382 0.330943
v 0.942 -0.330943 0.800382
v 0.942 -0.612351 -0.614351
v 0.942 -0.612351 0.612351
v 0.103984 0.897321 -0.001
v 0.162806 0.877582 -0.286525
v 0.062418 0.837206 -0.276568
v 0.022493 0.851601 -0.001
v 0.180932 0.691887 -0.620961
v 0.210019 0.382605 -0.852155
v 0.111915 0.368472 -0.815407
v 0.081738 0.662828 -0.596567
v 0.111583 0.001 -0.86977
v 0.191824 0.001 -0.915121
v 0.060705 0.355358 -0.78108
v 0.088244 0.001 -0.840447
v 0.054902 0.35153 -0.771171
v 0.093799 0.001 -0.851617
v 0.054782 0.347384 -0.760563
v 0.02517 0.628791 -0.566828
v 0.030619 0.636301 -0.573569
v 0.092641 0.001 -0.820088
v 0.065366 0.34214 -0.747469
v 0.087819 0.001 -0.829894
v 0.102029 0.001 -0.81109
v 0.169026 0.001 -0.783723
v 0.151282 0.328291 -0.716365
v 0.03719 0.61116 -0.550343
v 0.025665 0.620849 -0.559527
v 0.125946 0.587995 -0.52711
v 0.159498 0.764661 -0.001
v 0.110228 0.740089 -0.246017
v 0.028061 0.792516 -0.001
v 0.019229 0.767804 -0.257123
v 0.066035 0.779754 -0.001
v 0.004788 0.808975 -0.001
v 0.006954 0.780309 -0.261163
v 0.002085 0.813662 -0.001
v 0.002816 0.829013 -0.001
v 0.005979 0.790809 -0.264286
v 0.000842 0.818574 -0.001
v 0.011174 0.800891 -0.267117
v 0.23985 -0.881657 -0.001
v 0.219098 -0.882436 -0.135303
v 0.205238 -0.905269 -0.001
v 0.235938 -0.362625 -0.718443
v 0.233506 -0.656715 -0.538602
v 0.163358 -0.381931 -0.735671
v 0.135294 -0.397762 -0.758037
v 0.134575 -0.402435 -0.766277
v 0.177494 -0.727169 -0.573636
v 0.174352 -0.71601 -0.566586
v 0.141135 -0.392227 -0.749298
v 0.140927 -0.408686 -0.778667
v 0.197444 -0.424267 -0.81713
v 0.197562 -0.749077 -0.589651
v 0.183696 -0.736566 -0.580123
v 0.261166 -0.779819 -0.618258
v 0.307583 -0.998675 -0.347151
v 0.238025 -0.956457 -0.33136
v 0.349156 -1.09254 -0.001
v 0.206164 -0.990575 -0.001
v 0.25264 -1.02101 -0.150385
v 0.188458 -0.960868 -0.001
v 0.20185 -0.971224 -0.144304
v 0.18783 -0.939926 -0.140929
v 0.195362 -0.910763 -0.317851
v 0.205958 -0.926198 -0.322094
v 0.215512 -0.988044 -0.146243
v 0.185416 -0.946223 -0.001
v 0.187058 -0.931967 -0.001
v 0.193787 -0.918278 -0.001
v 0.224945 -0.829122 -0.299172
v 0.187018 -0.882035 -0.310632
v 0.229854 -1.0022 -0.14796
v 0.325188 -1.06693 -0.157256
v 0.217908 -0.939186 -0.325902
v 0.179867 -0.695232 -0.555088
v 0.162806 0.877582 0.284525
v 0.062418 0.837206 0.274568
v 0.180932 0.691887 0.618961
v 0.210019 0.382605 0.850155
v 0.111915 0.368472 0.813407
v 0.081738 0.662828 0.594567
v 0.111583 0.001 0.86777
v 0.191824 0.001 0.913121
v 0.060705 0.355358 0.77908
v 0.088244 0.001 0.838447
v 0.054902 0.35153 0.769171
v 0.093799 0.001 0.849617
v 0.054782 0.347384 0.758563
v 0.02517 0.628791 0.564828
v 0.030619 0.636301 0.571569
v 0.092641 0.001 0.818088
v 0.065366 0.34214 0.745469
v 0.087819 0.001 0.827894
v 0.102029 0.001 0.80909
v 0.169026 0.001 0.781724
v 0.151282 0.328291 0.714365
v 0.03719 0.61116 0.548343
v 0.025665 0.620849 0.557527
v 0.125946 0.587995 0.52511
v 0.110228 0.740089 0.244017
v 0.019229 0.767804 0.255123
v 0.006954 0.780309 0.259163
v 0.005979 0.790809 0.262286
v 0.011174 0.800891 0.265117
v 0.219098 -0.882436 0.133303
v 0.235938 -0.362625 0.716443
v 0.233506 -0.656715 0.536603
v 0.163358 -0.381931 0.733671
v 0.135294 -0.397762 0.756037
v 0.134575 -0.402435 0.764278
v 0.177494 -0.727169 0.571637
v 0.174352 -0.71601 0.564586
v 0.141135 -0.392227 0.747298
v 0.140927 -0.408686 0.776667
v 0.197444 -0.424267 0.81513
v 0.197562 -0.749077 0.587651
v 0.183696 -0.736566 0.578123
v 0.261166 -0.779819 0.616258
v 0.307583 -0.998675 0.345151
v 0.238025 -0.956457 0.32936
v 0.25264 -1.02101 0.148385
v 0.20185 -0.971224 0.142304
v 0.18783 -0.939926 0.138929
v 0.195362 -0.910763 0.315851
v 0.205958 -0.926198 0.320094
v 0.215512 -0.988044 0.144243
v 0.224945 -0.829122 0.297172
v 0.187018 -0.882035 0.308632
v 0.229854 -1.0022 0.14596
v 0.325188 -1.06693 0.155256
v 0.217908 -0.939186 0.323902
v 0.179867 -0.695232 0.553088
v 0.756 0.941171 -0.001
v 0.756 0.869348 -0.361319
v 0.756 0.360543 -0.86952
v 0.756 0.665441 -0.665962
v 0.756 0.001 -0.941171
v 0.942 0.001 -0.957579
v 0.942 0.367067 -0.884764
v 0.942 0.677404 -0.677403
v 0.942 0.884764 -0.367067
v 0.942 0.957579 -0.001
v 0.756 -0.359332 -0.869742
v 0.756 -0.869168 -0.361038
v 0.756 -0.664887 -0.665973
v 0.756 -0.9413 -0.001
v 0.942 -0.955579 -0.001
v 0.942 -0.882764 -0.367067
v 0.942 -0.675404 -0.677404
v 0.942 -0.365067 -0.884764
v 0.756 0.869348 0.359319
v 0.756 0.360543 0.86752
v 0.756 0.665441 0.663961
v 0.756 0.001 0.939171
v 0.942 0.001 0.955579
v 0.942 0.367067 0.882764
v 0.942 0.677404 0.675404
v 0.942 0.884764 0.365067
v 0.756 -0.359332 0.867742
v 0.756 -0.869168 0.359038
v 0.756 -0.664887 0.663973
v 0.942 -0.882764 0.365067
v 0.942 -0.675404 0.675404
v 0.942 -0.365067 0.882764
v 0.756 0.850769 -0.001
v 0.756 0.786157 -0.326019
v 0.756 0.326716 -0.785868
v 0.756 0.602145 -0.601611
v 0.756 0.001 -0.850769
v 0.942 0.86841 -0.001
v 0.942 0.802382 -0.332943
v 0.942 0.614351 -0.614351
v 0.942 0.332943 -0.802382
v 0.942 0.001 -0.86841
v 0.942 -0.86641 -0.001
v 0.942 -0.800382 -0.332943
v 0.942 -0.330943 -0.802382
v 0.756 -0.851389 -0.001
v 0.756 0.786157 0.324019
v 0.756 0.326716 0.783868
v 0.756 0.602145 0.599611
v 0.756 0.001 0.848769
v 0.942 0.802382 0.330943
v 0.942 0.614351 0.612351
v 0.942 0.332943 0.800382
v 0.942 0.001 0.86641
v 0.942 -0.800382 0.330943
v 0.942 -0.330943 0.800382
v 0.361002 0.001 -0.770467
v 0.335503 0.292459 -0.709425
v 0.299448 0.704568 -0.293953
v 0.313901 0.53936 -0.542462
v 0.294365 0.762664 -0.001
v 0.43364 -0.829255 -0.001
v 0.411477 -0.575938 -0.563142
v 0.427411 -0.758066 -0.307561
v 0.388124 -0.309011 -0.726901
v 0.942 -0.612351 -0.614351
v 0.361002 0.001 0.768467
v 0.335503 0.292459 0.707425
v 0.299448 0.704568 0.291953
v 0.313901 0.53936 0.540462
v 0.411477 -0.575938 0.561143
v 0.427411 -0.758066 0.305561
v 0.388124 -0.309011 0.724901
v 0.942 -0.612351 0.612351
v 0.512847 0.718344 -0.35075
v 0.512847 0.491107 -0.630843
v 0.512847 0.163379 -0.782371
v 0.570418 -0.621251 -0.537651
v 0.570792 -0.342837 -0.741548
v 0.570033 -0.794878 -0.225979
v 0.512847 0.718344 0.34875
v 0.512847 0.491107 0.628843
v 0.512847 0.163379 0.780371
v 0.570418 -0.621251 0.535651
v 0.570792 -0.342837 0.739548
v 0.570033 -0.794878 0.22398
v 0.169026 0.001 -0.783723
v 0.151282 0.328291 -0.716365
v 0.25076 0.001 -0.769988
v 0.125946 0.587995 -0.52711
v 0.159498 0.764661 -0.001
v 0.110228 0.740089 -0.246017
v 0.23985 -0.881657 -0.001
v 0.312417 -0.839469 -0.131691
v 0.219098 -0.882436 -0.135303
v 0.320094 -0.627137 -0.530797
v 0.316652 -0.347307 -0.713068
v 0.235938 -0.362625 -0.718443
v 0.233506 -0.656715 -0.538602
v 0.316478 -0.789253 -0.292405
v 0.224945 -0.829122 -0.299172
v 0.169026 0.001 0.781724
v 0.151282 0.328291 0.714365
v 0.25076 0.001 0.767988
v 0.125946 0.587995 0.52511
v 0.110228 0.740089 0.244017
v 0.312417 -0.839469 0.129691
v 0.219098 -0.882436 0.133303
v 0.320094 -0.627137 0.528797
v 0.316652 -0.347307 0.711068
v 0.235938 -0.362625 0.716443
v 0.233506 -0.656715 0.536603
v 0.316478 -0.789253 0.290405
v 0.224945 -0.829122 0.297172
v 1.877 0.447275 0.224473
v 1.877 0.498494 0.049
v 1.877 0.599268 0.049
v 2.00527 0.508211 0.067923
v 1.877 0.447275 -0.226473
v 1.877 0.498494 -0.051
v 1.877 0.599268 -0.051
v 2.00527 0.508211 -0.069923
v 0.756 1.00929 -0.202328
v 1.41317 1.04118 -0.202328
v 0.756 0.951011 -0.39426
v 0.756 0.728363 -0.727717
v 2.063 1.01706 -0.202328
v 2.063 0.907415 -0.502312
v 2.063 0.361189 -0.972167
v 2.063 0.676458 -0.786276
v 0.756 0.395104 -0.950661
v 2.063 0.001 -1.03681
v 0.756 0.001 -1.02919
v 0.756 -0.434474 -0.960951
v 2.063 -0.431852 -0.967059
v 2.063 -0.973585 -0.605185
v 2.063 -0.816918 -0.758846
v 0.756 -0.983407 -0.604244
v 0.756 -0.823797 -0.756308
v 2.063 -1.09488 -0.422764
v 2.063 -1.19885 -0.001
v 2.063 -1.17221 -0.218035
v 1.42804 -1.26194 -0.001
v 0.756 -1.21462 -0.001
v 0.756 -1.18722 -0.21804
v 0.756 -1.10769 -0.422661
v 0.756 -0.006769 -1.03681
v 0.756 1.00929 0.200328
v 1.41317 1.04118 0.200328
v 0.756 0.951011 0.39226
v 0.756 0.728363 0.725717
v 2.063 1.01706 0.200328
v 2.063 0.907415 0.500312
v 2.063 0.361189 0.970167
v 2.063 0.676458 0.784276
v 0.756 0.395104 0.948662
v 2.063 0.001 1.03481
v 0.756 0.001 1.02719
v 0.756 -0.434474 0.958951
v 2.063 -0.431852 0.965059
v 2.063 -0.973585 0.603185
v 2.063 -0.816918 0.756846
v 0.756 -0.983407 0.602244
v 0.756 -0.823797 0.754308
v 2.063 -1.09488 0.420764
v 2.063 -1.17221 0.216035
v 0.756 -1.18722 0.21604
v 0.756 -1.10769 0.420661
v 0.756 -0.006769 1.03481
v 1.61665 0.881086 -0.581604
v 2.063 1.00653 -0.249632
v 2.063 0.870377 -0.564104
v 2.063 0.338436 -0.980305
v 1.61665 0.591434 -0.874486
v 2.063 0.639149 -0.816885
v 1.61665 0.213239 -1.03558
v 1.40655 0.001 -1.06204
v 1.49175 -0.456017 -0.987749
v 1.497 -0.853004 -0.776579
v 1.50223 -1.12805 -0.46488
v 1.5067 -1.25399 -0.095386
v 1.61665 0.881086 0.579604
v 2.063 1.00653 0.247632
v 2.063 0.870377 0.562104
v 2.063 0.338436 0.978306
v 1.61665 0.591434 0.872486
v 2.063 0.639149 0.814885
v 1.61665 0.213239 1.03358
v 1.40655 0.001 1.06004
v 1.49175 -0.456017 0.985749
v 1.497 -0.853004 0.774579
v 1.50223 -1.12805 0.46288
v 1.5067 -1.25399 0.093386
v 3.36516 0.290625 -0.001
v 3.57821 0.290617 -0.001
v 3.36516 0.268579 -0.111835
v 3.63404 0.260382 -0.124811
v 3.36516 0.205796 -0.205796
v 4.19865 0.130724 -0.001
v 3.896 0.212658 -0.102031
v 3.78819 0.264485 -0.001
v 4.36135 0.072342 -0.035054
v 3.896 0.121895 -0.201975
v 3.63404 0.149154 -0.24729
v 4.40451 0.069328 -0.001
v 5.0405 0.042375 -0.001
v 5.0405 0.039226 -0.016834
v 4.61441 0.042409 -0.001
v 5.0405 0.016834 -0.039226
v 4.36135 0.041749 -0.068741
v 5.0405 0.030257 -0.030257
v 4.36135 0.009564 -0.079587
v 3.896 0.026408 -0.234154
v 5.0405 -0.014834 -0.039225
v 4.36135 -0.024188 -0.075932
v 5.0405 0.001 -0.042375
v 4.36135 -0.053303 -0.05845
v 3.896 -0.160107 -0.171443
v 3.896 -0.073728 -0.22331
v 5.0405 -0.037226 -0.016834
v 4.36135 -0.0724 -0.030354
v 5.0405 -0.028257 -0.030257
v 5.0405 -0.040375 -0.001
v 4.61441 -0.040409 -0.001
v 4.40451 -0.067328 -0.001
v 4.36135 -0.077136 -0.012999
v 4.19865 -0.128724 -0.001
v 3.896 -0.230816 -0.036599
v 3.57821 -0.288617 -0.001
v 3.63404 -0.283086 -0.044626
v 3.78819 -0.262485 -0.001
v 3.36516 -0.288625 -0.001
v 3.36516 -0.266579 -0.111835
v 3.63404 -0.265867 -0.107725
v 3.896 -0.216765 -0.088088
v 3.36516 -0.109835 -0.268578
v 3.63404 -0.196433 -0.209875
v 3.36516 -0.203796 -0.205796
v 3.63404 -0.090577 -0.273436
v 3.36516 0.111835 -0.268579
v 3.63404 0.032137 -0.286725
v 3.36516 0.001 -0.290625
v 3.36516 0.268579 0.109835
v 3.63404 0.260382 0.122811
v 3.36516 0.205796 0.203796
v 3.896 0.212658 0.100031
v 4.36135 0.072342 0.033054
v 3.896 0.121895 0.199975
v 3.63404 0.149154 0.24529
v 5.0405 0.039226 0.014834
v 5.0405 0.016834 0.037226
v 4.36135 0.041749 0.066741
v 5.0405 0.030257 0.028257
v 4.36135 0.009564 0.077587
v 3.896 0.026408 0.232154
v 5.0405 -0.014834 0.037225
v 4.36135 -0.024188 0.073932
v 5.0405 0.001 0.040375
v 4.36135 -0.053303 0.05645
v 3.896 -0.160107 0.169443
v 3.896 -0.073728 0.22131
v 5.0405 -0.037226 0.014834
v 4.36135 -0.0724 0.028354
v 5.0405 -0.028257 0.028257
v 4.36135 -0.077136 0.010999
v 3.896 -0.230816 0.034599
v 3.63404 -0.283086 0.042626
v 3.36516 -0.266579 0.109835
v 3.63404 -0.265867 0.105725
v 3.896 -0.216765 0.086088
v 3.36516 -0.109835 0.266578
v 3.63404 -0.196433 0.207875
v 3.36516 -0.203796 0.203796
v 3.63404 -0.090577 0.271436
v 3.36516 0.111835 0.266579
v 3.63404 0.032137 0.284725
v 3.36516 0.001 0.288625
v 3.36516 0.408431 -0.169763
v 3.36516 0.442 -0.001
v 3.36516 0.312834 -0.312834
v 3.36516 0.169764 -0.408431
v 3.36516 -0.167763 -0.408431
v 3.36516 0.001 -0.442
v 3.36516 -0.406431 -0.169763
v 3.36516 -0.310834 -0.312834
v 3.36516 -0.44 -0.001
v 4.875 0.27731 -0.001
v 4.875 0.256277 -0.106739
v 4.875 0.196381 -0.196381
v 4.875 0.106739 -0.256277
v 4.875 0.001 -0.27731
v 4.875 -0.104739 -0.256278
v 4.875 -0.194381 -0.196381
v 4.875 -0.254277 -0.106739
v 4.875 -0.27531 -0.001
v 4.26808 0.336656 -0.157792
v 3.74409 0.427847 -0.001
v 3.65792 0.392752 -0.183996
v 4.12176 0.390534 -0.001
v 3.65792 0.279799 -0.331496
v 3.65792 0.116924 -0.417555
v 4.26808 0.100325 -0.357909
v 4.26808 0.239878 -0.284172
v 3.65792 -0.065393 -0.428257
v 3.65792 -0.236191 -0.36252
v 4.26808 -0.202227 -0.310753
v 4.26808 -0.055886 -0.367078
v 3.65792 -0.364548 -0.231936
v 3.65792 -0.427033 -0.062189
v 4.26808 -0.365743 -0.053427
v 4.26808 -0.312205 -0.198868
v 3.74409 -0.425847 -0.001
v 4.12176 -0.388534 -0.001
v 3.36516 0.408431 0.167763
v 3.36516 0.312834 0.310834
v 3.36516 0.169764 0.406431
v 3.36516 -0.167763 0.406431
v 3.36516 0.001 0.44
v 3.36516 -0.406431 0.167763
v 3.36516 -0.310834 0.310834
v 4.875 0.256277 0.104739
v 4.875 0.196381 0.194381
v 4.875 0.106739 0.254277
v 4.875 0.001 0.27531
v 4.875 -0.104739 0.254278
v 4.875 -0.194381 0.194381
v 4.875 -0.254277 0.104739
v 4.26808 0.336656 0.155792
v 3.65792 0.392752 0.181996
v 3.65792 0.279799 0.329496
v 3.65792 0.116924 0.415555
v 4.26808 0.100325 0.355909
v 4.26808 0.239878 0.282172
v 3.65792 -0.065393 0.426257
v 3.65792 -0.236191 0.36052
v 4.26808 -0.202227 0.308754
v 4.26808 -0.055886 0.365078
v 3.65792 -0.364548 0.229936
v 3.65792 -0.427033 0.060189
v 4.26808 -0.365743 0.051427
v 4.26808 -0.312205 0.196868
v 3.49517 0.455236 -0.199832
v 3.58 0.532638 -0.001
v 3.58 0.522423 -0.104717
v 3.58 0.49217 -0.204449
v 3.58 0.376925 -0.376925
v 3.49517 0.337415 -0.365266
v 3.58 0.443041 -0.296362
v 3.58 0.296362 -0.443041
v 3.49517 0.16325 -0.469551
v 3.58 0.204449 -0.49217
v 3.58 0.001 -0.532639
v 3.49517 -0.038195 -0.495296
v 3.58 0.104718 -0.522424
v 3.58 -0.102717 -0.522423
v 3.49517 -0.233138 -0.438085
v 3.58 -0.202449 -0.49217
v 3.58 -0.294362 -0.443041
v 3.58 -0.441041 -0.296363
v 3.49517 -0.388746 -0.307534
v 3.58 -0.374925 -0.376925
v 3.58 -0.49017 -0.204449
v 3.49517 -0.478958 -0.125519
v 3.58 -0.520423 -0.104718
v 3.58 -0.530639 -0.001
v 3.49517 0.455236 0.197832
v 3.58 0.522423 0.102717
v 3.58 0.49217 0.202449
v 3.58 0.376925 0.374925
v 3.49517 0.337415 0.363266
v 3.58 0.443041 0.294362
v 3.58 0.296362 0.441041
v 3.49517 0.16325 0.467551
v 3.58 0.204449 0.49017
v 3.58 0.001 0.530639
v 3.49517 -0.038195 0.493296
v 3.58 0.104718 0.520424
v 3.58 -0.102717 0.520423
v 3.49517 -0.233138 0.436085
v 3.58 -0.202449 0.49017
v 3.58 -0.294362 0.441041
v 3.58 -0.441041 0.294363
v 3.49517 -0.388746 0.305534
v 3.58 -0.374925 0.374925
v 3.58 -0.49017 0.202449
v 3.49517 -0.478958 0.123519
v 3.58 -0.520423 0.102718
v 2.063 0.001 -0.961945
v 2.063 0.001 -1.03681
v 2.063 -0.367529 -0.88905
v 2.063 -0.817355 -0.758494
v 2.063 -0.680131 -0.680843
v 2.063 -0.43219 -0.966946
v 2.063 -0.974037 -0.604642
v 2.063 -0.889247 -0.369142
v 2.063 -1.09523 -0.422076
v 2.063 -1.19752 -0.049685
v 2.063 -0.96192 -0.049685
v 2.063 -1.17236 -0.21742
v 1.877 0.001 -0.958044
v 1.877 -0.365245 -0.885193
v 1.877 -0.675732 -0.677732
v 1.877 -0.883193 -0.367245
v 1.877 -0.954736 -0.051
v 1.877 -0.785278 -0.367287
v 1.877 -0.864968 -0.051
v 1.877 -0.594411 -0.631782
v 1.877 0.001 -0.86841
v 1.877 -0.319354 -0.807085
v 1.99316 -0.507349 -0.050478
v 1.877 -0.445276 -0.226473
v 2.10928 -0.518289 -0.048973
v 1.877 -0.496494 -0.051
v 2.063 1.0253 -0.155024
v 2.063 0.949516 -0.155024
v 2.063 1.01706 -0.202328
v 2.063 0.940607 -0.202328
v 2.063 1.00653 -0.249633
v 2.063 0.929202 -0.249633
v 2.063 0.639149 -0.816885
v 2.063 0.799793 -0.53493
v 2.063 0.870377 -0.564104
v 2.063 0.338436 -0.980306
v 2.063 0.309566 -0.910787
v 2.063 0.585548 -0.763359
v 1.877 0.885193 -0.367245
v 1.877 0.956736 -0.051
v 1.877 0.677732 -0.677732
v 1.877 0.367245 -0.885193
v 1.877 0.866968 -0.051
v 1.877 0.787278 -0.367287
v 1.877 0.596411 -0.631782
v 1.877 0.321354 -0.807085
v 3.249 0.001 -0.8773
v 2.86098 -0.387302 -0.877516
v 2.59489 0.001 -0.990721
v 3.249 -0.334346 -0.810596
v 3.249 -0.618638 -0.620638
v 2.86106 -0.718545 -0.660751
v 3.249 -0.8753 -0.001
v 2.86114 -0.933336 -0.33614
v 3.249 -0.808596 -0.336346
v 2.77148 -1.02394 -0.001
v 2.54062 -0.828179 -0.369848
v 2.57434 -0.921328 -0.034914
v 3.07748 -0.825328 -0.370252
v 2.91561 -0.931557 -0.018871
v 3.0762 -0.591315 -0.67391
v 2.53906 -0.592791 -0.673366
v 3.07492 -0.253775 -0.858217
v 2.5651 0.001 -0.899603
v 2.53749 -0.254299 -0.858018
v 2.14429 1.02006 -0.155024
v 3.249 0.863658 -0.155024
v 3.04667 0.961961 -0.155024
v 2.59454 0.978608 -0.155024
v 3.4145 0.870116 -0.155024
v 3.58 0.876572 -0.155024
v 3.04667 0.941931 -0.249633
v 3.58 0.85454 -0.249633
v 3.249 0.841288 -0.249633
v 2.15917 1.01082 -0.202328
v 2.59475 0.958827 -0.249633
v 2.17156 0.999411 -0.249633
v 2.69022 0.825176 -0.525853
v 3.249 0.72003 -0.501897
v 3.249 0.277302 -0.8326
v 2.69022 0.54107 -0.815277
v 3.249 0.525416 -0.703061
v 2.69022 0.164257 -0.964625
v 2.59456 0.982858 -0.125228
v 2.55946 0.888862 -0.122276
v 2.56531 0.789551 -0.418054
v 2.56531 0.541522 -0.709362
v 2.56531 0.196977 -0.87438
v 2.063 -1.19885 -0.001
v 2.063 0.001 1.03481
v 2.063 -0.817355 0.756494
v 2.063 -0.43219 0.964945
v 2.063 -0.974037 0.602643
v 2.063 -1.09523 0.420076
v 2.063 -1.19752 0.047685
v 2.063 -1.17236 0.21542
v 3.249 0.001 0.8753
v 2.86098 -0.387302 0.875516
v 2.59489 0.001 0.988721
v 3.249 -0.334346 0.808596
v 3.249 -0.618638 0.618638
v 2.86106 -0.718545 0.658751
v 2.86114 -0.933336 0.33414
v 3.249 -0.808596 0.334345
v 1.877 -0.785278 0.365287
v 1.877 -0.864968 0.049
v 2.54062 -0.828179 0.367848
v 1.877 -0.594411 0.629781
v 2.57434 -0.921328 0.032914
v 3.07748 -0.825328 0.368252
v 2.91561 -0.931557 0.016871
v 3.0762 -0.591315 0.67191
v 2.53906 -0.592791 0.671366
v 3.07492 -0.253775 0.856217
v 2.5651 0.001 0.897603
v 2.53749 -0.254299 0.856018
v 1.877 0.001 0.86641
v 1.877 -0.319354 0.805085
v 2.063 1.0253 0.153023
v 2.063 0.949516 0.153023
v 2.14429 1.02006 0.153023
v 3.249 0.863658 0.153023
v 3.04667 0.961961 0.153023
v 2.59454 0.978608 0.153023
v 3.4145 0.870116 0.153023
v 3.58 0.876572 0.153023
v 2.063 1.01706 0.200328
v 2.063 1.00653 0.247633
v 2.063 0.639149 0.814885
v 2.063 0.870377 0.562105
v 2.063 0.338436 0.978305
v 3.04667 0.941931 0.247633
v 3.58 0.85454 0.247633
v 3.249 0.841288 0.247633
v 2.15917 1.01082 0.200328
v 2.59475 0.958827 0.247633
v 2.17156 0.999411 0.247633
v 2.69022 0.825176 0.523853
v 3.249 0.72003 0.499897
v 3.249 0.277302 0.8306
v 2.69022 0.54107 0.813277
v 3.249 0.525416 0.701061
v 2.69022 0.164257 0.962625
v 1.877 0.956736 0.049
v 2.59456 0.982858 0.123228
v 2.55946 0.888862 0.120277
v 1.877 0.866968 0.049
v 1.877 0.787278 0.365287
v 1.877 0.596411 0.629781
v 1.877 0.321354 0.805085
v 2.56531 0.789551 0.416054
v 2.56531 0.541522 0.707362
v 2.56531 0.196977 0.87238
v 2.063 0.001 0.959945
v 2.063 -0.367529 0.88705
v 2.063 -0.680131 0.678844
v 2.063 -0.889247 0.367142
v 2.063 -0.96192 0.047685
v 1.877 0.001 0.956044
v 1.877 -0.365245 0.883193
v 1.877 -0.675732 0.675732
v 1.877 -0.883193 0.365245
v 1.877 -0.954736 0.049
v 1.99316 -0.507349 0.048478
v 1.877 -0.445276 0.224473
v 2.10928 -0.518289 0.046974
v 1.877 -0.496494 0.049
v 2.063 0.940607 0.200328
v 2.063 0.929202 0.247633
v 2.063 0.799793 0.53293
v 2.063 0.309566 0.908787
v 2.063 0.585548 0.761359
v 1.877 0.885193 0.365245
v 1.877 0.677732 0.675732
v 1.877 0.367245 0.883193
vt 0 0
vt 0 0
vt 0 0
vt 0 0
vt 0 0
vt 0 0
vt 0 0
vt 0 0
vt 0 0
vt 0 0
vt 0 0
vt 0 0
vt 0 0
vt 0 0
vt 0 0
vt 0 0
vt 0 0
vt 0 0
vt 0 0
vt 0 0
vt 0 0
vt 0 0
vt 0 0
vt 0 0
vt 0 0
vt 0 0
vt 0 0
vt 0 0
vt 0 0
vt 0 0
vt 0 0
vt 0 0
vt 0 0
vt 0 0
vt 0 0
vt 0 0
vt 0 0
vt 0 0
vt 0 0
vt 0 0
vt 0 0
vt 0 0
vt 0 0
vt 0 0
vt 0 0
vt 0 0
vt 0 0
vt 0 0
vt 0 0
vt 0 0
vt 0 0
vt 0 0
vt 0 0
vt 0 0
vt 0 0
vt 0 0
vt 0 0
vt 0 0
vt 0 0
vt 0 0
vt 0 0
vt 0 0
vt 0 0
vt 0 0
vt 0 0
vt 0 0
vt 0 0
vt 0 0
vt 0 0
vt 0 0
vt 0 0
vt 0 0
vt 0 0
vt 0 0
vt 0 0
vt 0 0
vt 0 0
vt 0 0
vt 0 0
vt 0 0
vt 0 0
vt 0 0
vt 0 0
vt 0 0
vt 0 0
vt 0 0
vt 0 0
vt 0 0
vt 0 0
vt 0 0
vt 0 0
vt 0 0
vt 0 0
vt 0 0
vt 0 0
vt 0 0
vt 0 0
vt 0 0
vt 0 0
vt 0 0
vt 0 0
vt 0 0
vt 0 0
vt 0 0
vt 0 0
vt 0 0
vt 0 0
vt 0 0
vt 0 0
vt 0 0
vt 0 0
vt 0 0
vt 0 0
vt 0 0
vt 0 0
vt 0 0
vt 0 0
vt 0 0
vt 0 0
vt 0 0
vt 0 0
vt 0 0
vt 0 0
vt 0 0
vt 0 0
vt 0 0
vt 0 0
vt 0 0
vt 0 0
vt 0 0
vt 0 0
vt 0 0
vt 0 0
vt 0 0
vt 0 0
vt 0 0
vt 0 0
vt 0 0
vt 0 0
vt 0 0
vt 0 0
vt 0 0
vt 0 0
vt 0 0
vt 0 0
vt 0 0
vt 0 0
vt 0 0
vt 0 0
vt 0 0
vt 0 0
vt 0 0
vt 0 0
vt 0 0
vt 0 0
vt 0 0
vt 0 0
vt 0 0
vt 0 0
vt 0 0
vt 0 0
vt 0 0
vt 0 0
vt 0 0
vt 0 0
vt 0 0
vt 0 0
vt 0 0
vt 0 0
vt 0 0
vt 0 0
vt 0 0
vt 0 0
vt 0 0
vt 0 0
vt 0 0
vt 0 0
vt 0 0
vt 0 0
vt 0 0
vt 0 0
vt 0 0
vt 0 0
vt 0 0
vt 0 0
vt 0 0
vt 0 0
vt 0 0
vt 0 0
vt 0 0
vt 0 0
vt 0 0
vt 0 0
vt 0 0
vt 0 0
vt 0 0
vt 0 0
vt 0 0
vt 0 0
vt 0 0
vt 0 0
vt 0 0
vt 0 0
vt 0 0
vt 0 0
vt 0 0
vt 0 0
vt 0 0
vt 0 0
vt 0 0
vt 0 0
vt 0 0
vt 0 0
vt 0 0
vt 0 0
vt 0 0
vt 0 0
vt 0 0
vt 0 0
vt 0 0
vt 0 0
vt 0 0
vt 0 0
vt 0 0
vt 0 0
vt 0 0
vt 0 0
vt 0 0
vt 0 0
vt 0 0
vt 0 0
vt 0 0
vt 0 0
vt 0 0
vt 0 0
vt 0 0
vt 0 0
vt 0 0
vt 0 0
vt 0 0
vt 0 0
vt 0 0
vt 0 0
vt 0 0
vt 0 0
vt 0 0
vt 0 0
vt 0 0
vt 0 0
vt 0 0
vt 0 0
vt 0 0
vt 0 0
vt 0 0
vt 0 0
vt 0 0
vt 0 0
vt 0 0
vt 0 0
vt 0 0
vt 0 0
vt 0 0
vt 0 0
vt 0 0
vt 0 0
vt 0 0
vt 0 0
vt 0 0
vt 0 0
vt 0 0
vt 0 0
vt 0 0
vt 0 0
vt 0 0
vt 0 0
vt 0 0
vt 0 0
vt 0 0
vt 0 0
vt 0 0
vt 0 0
vt 0 0
vt 0 0
vt 0 0
vt 0 0
vt 0 0
vt 0 0
vt 0 0
vt 0 0
vt 0 0
vt 0 0
vt 0 0
vt 0 0
vt 0 0
vt 0 0
vt 0 0
vt 0 0
vt 0 0
vt 0 0
vt 0 0
vt 0 0
vt 0 0
vt 0 0
vt 0 0
vt 0 0
vt 0 0
vt 0 0
vt 0 0
vt 0 0
vt 0 0
vt 0 0
vt 0 0
vt 0 0
vt 0 0
vt 0 0
vt 0 0
vt 0 0
vt 0 0
vt 0 0
vt 0 0
vt 0 0
vt 0 0
vt 0 0
vt 0 0
vt 0 0
vt 0 0
vt 0 0
vt 0 0
vt 0 0
vt 0 0
vt 0 0
vt 0 0
vt 0 0
vt 0 0
vt 0 0
vt 0 0
vt 0 0
vt 0 0
vt 0 0
vt 0 0
vt 0 0
vt 0 0
vt 0 0
vt 0 0
vt 0 0
vt 0 0
vt 0 0
vt 0 0
vt 0 0
vt 0 0
vt 0 0
vt 0 0
vt 0 0
vt 0 0
vt 0 0
vt 0 0
vt 0 0
vt 0 0
vt 0 0
vt 0 0
vt 0 0
vt 0 0
vt 0 0
vt 0 0
vt 0 0
vt 0 0
vt 0 0
vt 0 0
vt 0 0
vt 0 0
vt 0 0
vt 0 0
vt 0 0
vt 0 0
vt 0 0
vt 0 0
vt 0 0
vt 0 0
vt 0 0
vt 0 0
vt 0 0
vt 0 0
vt 0 0
vt 0 0
vt 0 0
vt 0 0
vt 0 0
vt 0 0
vt 0 0
vt 0 0
vt 0 0
vt 0 0
vt 0 0
vt 0 0
vt 0 0
vt 0 0
vt 0 0
vt 0 0
vt 0 0
vt 0 0
vt 0 0
vt 0 0
vt 0 0
vt 0 0
vt 0 0
vt 0 0
vt 0 0
vt 0 0
vt 0 0
vt 0 0
vt 0 0
vt 0 0
vt 0 0
vt 0 0
vt 0 0
vt 0 0
vt 0 0
vt 0 0
vt 0 0
vt 0 0
vt 0 0
vt 0 0
vt 0 0
vt 0 0
vt 0 0
vt 0 0
vt 0 0
vt 0 0
vt 0 0
vt 0 0
vt 0 0
vt 0 0
vt 0 0
vt 0 0
vt 0 0
vt 0 0
vt 0 0
vt 0 0
vt 0 0
vt 0 0
vt 0 0
vt 0 0
vt 0 0
vt 0 0
vt 0 0
vt 0 0
vt 0 0
vt 0 0
vt 0 0
vt 0 0
vt 0 0
vt 0 0
vt 0 0
vt 0 0
vt 0 0
vt 0 0
vt 0 0
vt 0 0
vt 0 0
vt 0 0
vt 0 0
vt 0 0
vt 0 0
vt 0 0
vt 0 0
vt 0 0
vt 0 0
vt 0 0
vt 0 0
vt 0 0
vt 0 0
vt 0 0
vt 0 0
vt 0 0
vt 0 0
vt 0 0
vt 0 0
vt 0 0
vt 0 0
vt 0 0
vt 0 0
vt 0 0
vt 0 0
vt 0 0
vt 0 0
vt 0 0
vt 0 0
vt 0 0
vt 0 0
vt 0 0
vt 0 0
vt 0 0
vt 0 0
vt 0 0
vt 0 0
vt 0 0
vt 0 0
vt 0 0
vt 0 0
vt 0 0
vt 0 0
vt 0 0
vt 0 0
vt 0 0
vt 0 0
vt 0 0
vt 0 0
vt 0 0
vt 0 0
vt 0 0
vt 0 0
vt 0 0
vt 0 0
vt 0 0
vt 0 0
vt 0 0
vt 0 0
vt 0 0
vt 0 0
vt 0 0
vt 0 0
vt 0 0
vt 0 0
vt 0 0
vt 0 0
vt 0 0
vt 0 0
vt 0 0
vt 0 0
vt 0 0
vt 0 0
vt 0 0
vt 0 0
vt 0 0
vt 0 0
vt 0 0
vt 0 0
vt 0 0
vt 0 0
vt 0 0
vt 0 0
vt 0 0
vt 0 0
vt 0 0
vt 0 0
vt 0 0
vt 0 0
vt 0 0
vt 0 0
vt 0 0
vt 0 0
vt 0 0
vt 0 0
vt 0 0
vt 0 0
vt 0 0
vt 0 0
vt 0 0
vt 0 0
vt 0 0
vt 0 0
vt 0 0
vt 0 0
vt 0 0
vt 0 0
vt 0 0
vt 0 0
vt 0 0
vt 0 0
vt 0 0
vt 0 0
vt 0 0
vt 0 0
vt 0 0
vt 0 0
vt 0 0
vt 0 0
vt 0 0
vt 0 0
vt 0 0
vt 0 0
vt 0 0
vt 0 0
vt 0 0
vt 0 0
vt 0 0
vt 0 0
vt 0 0
vt 0 0
vt 0 0
vt 0 0
vt 0 0
vt 0 0
vt 0 0
vt 0 0
vt 0 0
vt 0 0
vt 0 0
vt 0 0
vt 0 0
vt 0 0
vt 0 0
vt 0 0
vt 0 0
vt 0 0
vt 0 0
vt 0 0
vt 0 0
vt 0 0
vt 0 0
vt 0 0
vt 0 0
vt 0 0
vt 0 0
vt 0 0
vt 0 0
vt 0 0
vt 0 0
vt 0 0
vt 0 0
vt 0 0
vt 0 0
vt 0 0
vt 0 0
vt 0 0
vt 0 0
vt 0 0
vt 0 0
vt 0 0
vt 0 0
vt 0 0
vt 0 0
vt 0 0
vt 0 0
vt 0 0
vt 0 0
vt 0 0
vt 0 0
vt 0 0
vt 0 0
vt 0 0
vt 0 0
vt 0 0
vt 0 0
vt 0 0
vt 0 0
vt 0 0
vt 0 0
vt 0 0
vt 0 0
vt 0 0
vt 0 0
vt 0 0
vt 0 0
vt 0 0
vt 0 0
vt 0 0
vt 0 0
vt 0 0
vt 0 0
vt 0 0
vt 0 0
vt 0 0
vt 0 0
vt 0 0
vt 0 0
vt 0 0
vt 0 0
vt 0 0
vt 0 0
vt 0 0
vt 0 0
vt 0 0
vt 0 0
vt 0 0
vt 0 0
vt 0 0
vt 0 0
vt 0 0
vt 0 0
vt 0 0
vt 0 0
vt 0 0
vt 0 0
vt 0 0
vt 0 0
vt 0 0
vt 0 0
vt 0 0
vt 0 0
vt 0 0
vt 0 0
vt 0 0
vt 0 0
vt 0 0
vt 0 0
vt 0 0
vt 0 0
vt 0 0
vt 0 0
vt 0 0
vt 0 0
vt 0 0
vt 0 0
vt 0 0
vt 0 0
vt 0 0
vt 0 0
vt 0 0
vt 0 0
vt 0 0
vt 0.944518 0.562008
vt 0.96638 0.562008
vt 0.944518 0.579183
vt 0.96964 0.591356
vt 0.944518 0.593706
vt 0.968147 0.577911
vt 0.944518 0.593706
vt 0.96964 0.591356
vt 0.944518 0.603409
vt 0.96964 0.591356
vt 0.970639 0.600339
vt 0.944518 0.603409
vt 0.944518 0.593706
vt 0.944518 0.579183
vt 0.968147 0.577911
vt 0.968147 0.577911
vt 0.944518 0.579183
vt 0.96638 0.562008
vt 0.944518 0.509031
vt 0.960852 0.512256
vt 0.944518 0.51023
vt 0.961341 0.516657
vt 0.944518 0.513702
vt 0.960975 0.513363
vt 0.944518 0.513702
vt 0.961341 0.516657
vt 0.944518 0.519123
vt 0.962641 0.528356
vt 0.944518 0.526081
vt 0.961911 0.521794
vt 0.944518 0.526081
vt 0.962641 0.528356
vt 0.944518 0.543045
vt 0.96638 0.562008
vt 0.944518 0.562008
vt 0.964408 0.544263
vt 0.944518 0.562008
vt 0.944518 0.543045
vt 0.964408 0.544263
vt 0.964408 0.544263
vt 0.944518 0.543045
vt 0.962641 0.528356
vt 0.944518 0.526081
vt 0.944518 0.519123
vt 0.961911 0.521794
vt 0.961911 0.521794
vt 0.944518 0.519123
vt 0.961341 0.516657
vt 0.944518 0.513702
vt 0.944518 0.51023
vt 0.960975 0.513363
vt 0.960975 0.513363
vt 0.944518 0.51023
vt 0.960852 0.512256
vt 0.970639 0.600339
vt 0.97099 0.603499
vt 0.944518 0.603409
vt 0.944518 0.603409
vt 0.97099 0.603499
vt 0.944518 0.605949
vt 0.944518 0.605949
vt 0.97099 0.603499
vt 0.944518 0.606816
vt 0.0556002 0.562008
vt 0.0556002 0.579183
vt 0.0337384 0.562008
vt 0.0304776 0.591356
vt 0.0319714 0.577911
vt 0.0556002 0.593706
vt 0.0556002 0.593706
vt 0.0556002 0.603409
vt 0.0304776 0.591356
vt 0.0304776 0.591356
vt 0.0556002 0.603409
vt 0.0294794 0.600339
vt 0.0556002 0.593706
vt 0.0319714 0.577911
vt 0.0556002 0.579183
vt 0.0319714 0.577911
vt 0.0337384 0.562008
vt 0.0556002 0.579183
vt 0.0556002 0.509031
vt 0.0556002 0.51023
vt 0.0392664 0.512256
vt 0.0387774 0.516657
vt 0.0391434 0.513363
vt 0.0556002 0.513702
vt 0.0556002 0.513702
vt 0.0556002 0.519123
vt 0.0387774 0.516657
vt 0.0374774 0.528356
vt 0.0382066 0.521794
vt 0.0556002 0.526081
vt 0.0556002 0.526081
vt 0.0556002 0.543045
vt 0.0374774 0.528356
vt 0.0337384 0.562008
vt 0.0357101 0.544263
vt 0.0556002 0.562008
vt 0.0556002 0.562008
vt 0.0357101 0.544263
vt 0.0556002 0.543045
vt 0.0357101 0.544263
vt 0.0374774 0.528356
vt 0.0556002 0.543045
vt 0.0556002 0.526081
vt 0.0382066 0.521794
vt 0.0556002 0.519123
vt 0.0382066 0.521794
vt 0.0387774 0.516657
vt 0.0556002 0.519123
vt 0.0556002 0.513702
vt 0.0391434 0.513363
vt 0.0556002 0.51023
vt 0.0391434 0.513363
vt 0.0392664 0.512256
vt 0.0556002 0.51023
vt 0.0556002 0.603409
vt 0.0291283 0.603499
vt 0.0294794 0.600339
vt 0.0556002 0.605949
vt 0.0291283 0.603499
vt 0.0556002 0.603409
vt 0.0556002 0.606816
vt 0.0291283 0.603499
vt 0.0556002 0.605949
vt 0.980605 0.601069
vt 0.97099 0.603499
vt 0.977349 0.600209
vt 0.980605 0.601069
vt 0.977349 0.600209
vt 0.982905 0.59845
vt 0.980605 0.601069
vt 0.982905 0.59845
vt 0.985115 0.599077
vt 0.96964 0.591356
vt 0.976346 0.592117
vt 0.970639 0.600339
vt 0.976346 0.592117
vt 0.96964 0.591356
vt 0.974736 0.578638
vt 0.976346 0.592117
vt 0.974736 0.578638
vt 0.980166 0.578022
vt 0.976346 0.592117
vt 0.980166 0.578022
vt 0.981836 0.59085
vt 0.976346 0.592117
vt 0.981836 0.59085
vt 0.977349 0.600209
vt 0.976346 0.592117
vt 0.977349 0.600209
vt 0.970639 0.600339
vt 0.96964 0.591356
vt 0.968147 0.577911
vt 0.974736 0.578638
vt 0.968147 0.577911
vt 0.96638 0.562008
vt 0.974736 0.578638
vt 0.980184 0.562008
vt 0.980166 0.578022
vt 0.975743 0.562008
vt 0.980166 0.578022
vt 0.980184 0.562008
vt 0.983 0.577451
vt 0.980166 0.578022
vt 0.983 0.577451
vt 0.981836 0.59085
vt 0.981476 0.562008
vt 0.983321 0.577284
vt 0.981168 0.562008
vt 0.983321 0.577284
vt 0.981476 0.562008
vt 0.983328 0.577103
vt 0.983321 0.577284
vt 0.983328 0.577103
vt 0.984967 0.589367
vt 0.983321 0.577284
vt 0.984967 0.589367
vt 0.984665 0.589694
vt 0.983321 0.577284
vt 0.984665 0.589694
vt 0.983 0.577451
vt 0.983321 0.577284
vt 0.983 0.577451
vt 0.981168 0.562008
vt 0.981232 0.562008
vt 0.982742 0.576875
vt 0.981499 0.562008
vt 0.981232 0.562008
vt 0.980713 0.562008
vt 0.982742 0.576875
vt 0.980713 0.562008
vt 0.977005 0.562008
vt 0.982742 0.576875
vt 0.982742 0.576875
vt 0.977005 0.562008
vt 0.977987 0.576271
vt 0.982742 0.576875
vt 0.977987 0.576271
vt 0.984301 0.588599
vt 0.982742 0.576875
vt 0.984301 0.588599
vt 0.984939 0.589021
vt 0.982742 0.576875
vt 0.984939 0.589021
vt 0.983328 0.577103
vt 0.982742 0.576875
vt 0.983328 0.577103
vt 0.981499 0.562008
vt 0.984807 0.596502
vt 0.985296 0.595425
vt 0.982705 0.595946
vt 0.984807 0.596502
vt 0.986095 0.597219
vt 0.985296 0.595425
vt 0.985296 0.595425
vt 0.986095 0.597219
vt 0.985975 0.59597
vt 0.985296 0.595425
vt 0.985975 0.59597
vt 0.984301 0.588599
vt 0.985296 0.595425
vt 0.984301 0.588599
vt 0.979389 0.587589
vt 0.985296 0.595425
vt 0.979389 0.587589
vt 0.980259 0.594217
vt 0.985296 0.595425
vt 0.980259 0.594217
vt 0.982705 0.595946
vt 0.986095 0.597219
vt 0.986244 0.597424
vt 0.985975 0.59597
vt 0.986204 0.598093
vt 0.986029 0.596428
vt 0.986313 0.597638
vt 0.986029 0.596428
vt 0.986204 0.598093
vt 0.985741 0.596867
vt 0.986029 0.596428
vt 0.985741 0.596867
vt 0.984967 0.589367
vt 0.986029 0.596428
vt 0.984967 0.589367
vt 0.984939 0.589021
vt 0.986029 0.596428
vt 0.984939 0.589021
vt 0.985975 0.59597
vt 0.986029 0.596428
vt 0.985975 0.59597
vt 0.986313 0.597638
vt 0.986204 0.598093
vt 0.985115 0.599077
vt 0.985741 0.596867
vt 0.977349 0.600209
vt 0.981836 0.59085
vt 0.982905 0.59845
vt 0.985741 0.596867
vt 0.982905 0.59845
vt 0.984665 0.589694
vt 0.985741 0.596867
vt 0.984665 0.589694
vt 0.984967 0.589367
vt 0.986244 0.597424
vt 0.986313 0.597638
vt 0.985975 0.59597
vt 0.984301 0.588599
vt 0.985975 0.59597
vt 0.984939 0.589021
vt 0.977532 0.595288
vt 0.982705 0.595946
vt 0.980259 0.594217
vt 0.983 0.577451
vt 0.984665 0.589694
vt 0.981836 0.59085
vt 0.982905 0.59845
vt 0.981836 0.59085
vt 0.984665 0.589694
vt 0.983328 0.577103
vt 0.984939 0.589021
vt 0.984967 0.589367
vt 0.97099 0.603499
vt 0.970639 0.600339
vt 0.977349 0.600209
vt 0.985115 0.599077
vt 0.982905 0.59845
vt 0.985741 0.596867
vt 0.977987 0.576271
vt 0.979389 0.587589
vt 0.984301 0.588599
vt 0.975743 0.562008
vt 0.980166 0.578022
vt 0.974736 0.578638
vt 0.975743 0.562008
vt 0.974736 0.578638
vt 0.96638 0.562008
vt 0.981168 0.562008
vt 0.983 0.577451
vt 0.980184 0.562008
vt 0.981499 0.562008
vt 0.983328 0.577103
vt 0.981476 0.562008
vt 0.973085 0.523542
vt 0.974233 0.523508
vt 0.975001 0.522513
vt 0.973301 0.546161
vt 0.977005 0.562008
vt 0.977319 0.54532
vt 0.973301 0.546161
vt 0.977319 0.54532
vt 0.973436 0.533345
vt 0.981232 0.562008
vt 0.978872 0.54463
vt 0.980713 0.562008
vt 0.978872 0.54463
vt 0.981232 0.562008
vt 0.978912 0.544426
vt 0.978872 0.54463
vt 0.978912 0.544426
vt 0.976536 0.530274
vt 0.978872 0.54463
vt 0.976536 0.530274
vt 0.97671 0.53076
vt 0.978872 0.54463
vt 0.97671 0.53076
vt 0.978549 0.544871
vt 0.978872 0.54463
vt 0.978549 0.544871
vt 0.980713 0.562008
vt 0.981232 0.562008
vt 0.981499 0.562008
vt 0.978912 0.544426
vt 0.981168 0.562008
vt 0.97856 0.544154
vt 0.981476 0.562008
vt 0.97856 0.544154
vt 0.981168 0.562008
vt 0.975432 0.543475
vt 0.97856 0.544154
vt 0.975432 0.543475
vt 0.975425 0.529319
vt 0.97856 0.544154
vt 0.975425 0.529319
vt 0.976193 0.529865
vt 0.97856 0.544154
vt 0.976193 0.529865
vt 0.978912 0.544426
vt 0.97856 0.544154
vt 0.978912 0.544426
vt 0.981476 0.562008
vt 0.980184 0.562008
vt 0.964408 0.544263
vt 0.975432 0.543475
vt 0.980184 0.562008
vt 0.975432 0.543475
vt 0.981168 0.562008
vt 0.961911 0.521794
vt 0.971905 0.52798
vt 0.962641 0.528356
vt 0.971905 0.52798
vt 0.961911 0.521794
vt 0.969336 0.518442
vt 0.971905 0.52798
vt 0.969336 0.518442
vt 0.973186 0.520282
vt 0.971905 0.52798
vt 0.973186 0.520282
vt 0.975425 0.529319
vt 0.971905 0.52798
vt 0.975425 0.529319
vt 0.975432 0.543475
vt 0.971905 0.52798
vt 0.975432 0.543475
vt 0.962641 0.528356
vt 0.961911 0.521794
vt 0.961341 0.516657
vt 0.969336 0.518442
vt 0.960852 0.512256
vt 0.967035 0.514351
vt 0.960975 0.513363
vt 0.974949 0.518795
vt 0.972377 0.517468
vt 0.967035 0.514351
vt 0.975929 0.52009
vt 0.975188 0.519638
vt 0.974949 0.518795
vt 0.975188 0.519638
vt 0.975929 0.52009
vt 0.975964 0.521002
vt 0.975188 0.519638
vt 0.975964 0.521002
vt 0.975547 0.522273
vt 0.975188 0.519638
vt 0.975547 0.522273
vt 0.974961 0.5216
vt 0.975188 0.519638
vt 0.974961 0.5216
vt 0.974432 0.518905
vt 0.975188 0.519638
vt 0.974432 0.518905
vt 0.974949 0.518795
vt 0.975929 0.52009
vt 0.976098 0.520728
vt 0.975964 0.521002
vt 0.976098 0.520728
vt 0.976007 0.521349
vt 0.975964 0.521002
vt 0.975001 0.522513
vt 0.974233 0.523508
vt 0.975634 0.521946
vt 0.976007 0.521349
vt 0.975634 0.521946
vt 0.975964 0.521002
vt 0.974233 0.523508
vt 0.97391 0.525831
vt 0.976009 0.523525
vt 0.974233 0.523508
vt 0.976009 0.523525
vt 0.975964 0.521002
vt 0.974233 0.523508
vt 0.975964 0.521002
vt 0.975634 0.521946
vt 0.975547 0.522273
vt 0.975964 0.521002
vt 0.976009 0.523525
vt 0.975547 0.522273
vt 0.976009 0.523525
vt 0.97671 0.53076
vt 0.975547 0.522273
vt 0.97671 0.53076
vt 0.976536 0.530274
vt 0.975547 0.522273
vt 0.976536 0.530274
vt 0.974961 0.5216
vt 0.972377 0.517468
vt 0.974949 0.518795
vt 0.973638 0.518288
vt 0.972377 0.517468
vt 0.973638 0.518288
vt 0.973186 0.520282
vt 0.972377 0.517468
vt 0.973186 0.520282
vt 0.969336 0.518442
vt 0.972377 0.517468
vt 0.969336 0.518442
vt 0.968362 0.515467
vt 0.972377 0.517468
vt 0.968362 0.515467
vt 0.967035 0.514351
vt 0.973638 0.518288
vt 0.974432 0.518905
vt 0.974299 0.521034
vt 0.973638 0.518288
vt 0.974299 0.521034
vt 0.973186 0.520282
vt 0.960975 0.513363
vt 0.967035 0.514351
vt 0.968362 0.515467
vt 0.960975 0.513363
vt 0.968362 0.515467
vt 0.969336 0.518442
vt 0.960975 0.513363
vt 0.969336 0.518442
vt 0.961341 0.516657
vt 0.973638 0.518288
vt 0.974949 0.518795
vt 0.974432 0.518905
vt 0.976009 0.523525
vt 0.97391 0.525831
vt 0.976405 0.531666
vt 0.976009 0.523525
vt 0.976405 0.531666
vt 0.97671 0.53076
vt 0.978549 0.544871
vt 0.97671 0.53076
vt 0.976405 0.531666
vt 0.978549 0.544871
vt 0.976405 0.531666
vt 0.977319 0.54532
vt 0.978549 0.544871
vt 0.977319 0.54532
vt 0.980713 0.562008
vt 0.977319 0.54532
vt 0.976405 0.531666
vt 0.973436 0.533345
vt 0.976536 0.530274
vt 0.976193 0.529865
vt 0.974961 0.5216
vt 0.973186 0.520282
vt 0.974299 0.521034
vt 0.975425 0.529319
vt 0.976193 0.529865
vt 0.976536 0.530274
vt 0.978912 0.544426
vt 0.976193 0.529865
vt 0.975425 0.529319
vt 0.974299 0.521034
vt 0.976193 0.529865
vt 0.974299 0.521034
vt 0.974961 0.5216
vt 0.974432 0.518905
vt 0.974961 0.5216
vt 0.974299 0.521034
vt 0.973436 0.533345
vt 0.976405 0.531666
vt 0.97391 0.525831
vt 0.980713 0.562008
vt 0.977319 0.54532
vt 0.977005 0.562008
vt 0.981499 0.562008
vt 0.981476 0.562008
vt 0.978912 0.544426
vt 0.964408 0.544263
vt 0.962641 0.528356
vt 0.975432 0.543475
vt 0.964408 0.544263
vt 0.980184 0.562008
vt 0.975743 0.562008
vt 0.964408 0.544263
vt 0.975743 0.562008
vt 0.96638 0.562008
vt 0.0227689 0.600209
vt 0.0291283 0.603499
vt 0.0195133 0.601069
vt 0.0195133 0.601069
vt 0.0172128 0.59845
vt 0.0227689 0.600209
vt 0.0195133 0.601069
vt 0.0150031 0.599077
vt 0.0172128 0.59845
vt 0.0304776 0.591356
vt 0.0294794 0.600339
vt 0.0237721 0.592117
vt 0.0237721 0.592117
vt 0.025382 0.578638
vt 0.0304776 0.591356
vt 0.0237721 0.592117
vt 0.0199523 0.578022
vt 0.025382 0.578638
vt 0.0237721 0.592117
vt 0.018282 0.59085
vt 0.0199523 0.578022
vt 0.0237721 0.592117
vt 0.0227689 0.600209
vt 0.018282 0.59085
vt 0.0237721 0.592117
vt 0.0294794 0.600339
vt 0.0227689 0.600209
vt 0.0304776 0.591356
vt 0.025382 0.578638
vt 0.0319714 0.577911
vt 0.0319714 0.577911
vt 0.025382 0.578638
vt 0.0337384 0.562008
vt 0.019934 0.562008
vt 0.024375 0.562008
vt 0.0199523 0.578022
vt 0.0199523 0.578022
vt 0.017118 0.577451
vt 0.019934 0.562008
vt 0.0199523 0.578022
vt 0.018282 0.59085
vt 0.017118 0.577451
vt 0.0186422 0.562008
vt 0.0189496 0.562008
vt 0.0167968 0.577284
vt 0.0167968 0.577284
vt 0.0167902 0.577103
vt 0.0186422 0.562008
vt 0.0167968 0.577284
vt 0.0151513 0.589367
vt 0.0167902 0.577103
vt 0.0167968 0.577284
vt 0.0154529 0.589694
vt 0.0151513 0.589367
vt 0.0167968 0.577284
vt 0.017118 0.577451
vt 0.0154529 0.589694
vt 0.0167968 0.577284
vt 0.0189496 0.562008
vt 0.017118 0.577451
vt 0.0188855 0.562008
vt 0.0186186 0.562008
vt 0.0173759 0.576875
vt 0.0188855 0.562008
vt 0.0173759 0.576875
vt 0.0194052 0.562008
vt 0.0194052 0.562008
vt 0.0173759 0.576875
vt 0.0231132 0.562008
vt 0.0173759 0.576875
vt 0.0221311 0.576271
vt 0.0231132 0.562008
vt 0.0173759 0.576875
vt 0.0158166 0.588599
vt 0.0221311 0.576271
vt 0.0173759 0.576875
vt 0.0151786 0.589021
vt 0.0158166 0.588599
vt 0.0173759 0.576875
vt 0.0167902 0.577103
vt 0.0151786 0.589021
vt 0.0173759 0.576875
vt 0.0186186 0.562008
vt 0.0167902 0.577103
vt 0.0153113 0.596502
vt 0.017413 0.595946
vt 0.0148224 0.595425
vt 0.0153113 0.596502
vt 0.0148224 0.595425
vt 0.0140231 0.597219
vt 0.0148224 0.595425
vt 0.0141431 0.59597
vt 0.0140231 0.597219
vt 0.0148224 0.595425
vt 0.0158166 0.588599
vt 0.0141431 0.59597
vt 0.0148224 0.595425
vt 0.0207289 0.587589
vt 0.0158166 0.588599
vt 0.0148224 0.595425
vt 0.0198589 0.594217
vt 0.0207289 0.587589
vt 0.0148224 0.595425
vt 0.017413 0.595946
vt 0.0198589 0.594217
vt 0.0140231 0.597219
vt 0.0141431 0.59597
vt 0.0138736 0.597424
vt 0.0139141 0.598093
vt 0.0138048 0.597638
vt 0.0140891 0.596428
vt 0.0140891 0.596428
vt 0.0143766 0.596867
vt 0.0139141 0.598093
vt 0.0140891 0.596428
vt 0.0151513 0.589367
vt 0.0143766 0.596867
vt 0.0140891 0.596428
vt 0.0151786 0.589021
vt 0.0151513 0.589367
vt 0.0140891 0.596428
vt 0.0141431 0.59597
vt 0.0151786 0.589021
vt 0.0140891 0.596428
vt 0.0138048 0.597638
vt 0.0141431 0.59597
vt 0.0139141 0.598093
vt 0.0143766 0.596867
vt 0.0150031 0.599077
vt 0.0227689 0.600209
vt 0.0172128 0.59845
vt 0.018282 0.59085
vt 0.0143766 0.596867
vt 0.0154529 0.589694
vt 0.0172128 0.59845
vt 0.0143766 0.596867
vt 0.0151513 0.589367
vt 0.0154529 0.589694
vt 0.0138736 0.597424
vt 0.0141431 0.59597
vt 0.0138048 0.597638
vt 0.0158166 0.588599
vt 0.0151786 0.589021
vt 0.0141431 0.59597
vt 0.0225859 0.595288
vt 0.0198589 0.594217
vt 0.017413 0.595946
vt 0.017118 0.577451
vt 0.018282 0.59085
vt 0.0154529 0.589694
vt 0.0172128 0.59845
vt 0.0154529 0.589694
vt 0.018282 0.59085
vt 0.0167902 0.577103
vt 0.0151513 0.589367
vt 0.0151786 0.589021
vt 0.0291283 0.603499
vt 0.0227689 0.600209
vt 0.0294794 0.600339
vt 0.0150031 0.599077
vt 0.0143766 0.596867
vt 0.0172128 0.59845
vt 0.0221311 0.576271
vt 0.0158166 0.588599
vt 0.0207289 0.587589
vt 0.024375 0.562008
vt 0.025382 0.578638
vt 0.0199523 0.578022
vt 0.024375 0.562008
vt 0.0337384 0.562008
vt 0.025382 0.578638
vt 0.0189496 0.562008
vt 0.019934 0.562008
vt 0.017118 0.577451
vt 0.0186186 0.562008
vt 0.0186422 0.562008
vt 0.0167902 0.577103
vt 0.0270331 0.523542
vt 0.0251174 0.522513
vt 0.0258846 0.523508
vt 0.0268165 0.546161
vt 0.0227995 0.54532
vt 0.0231132 0.562008
vt 0.0268165 0.546161
vt 0.026682 0.533345
vt 0.0227995 0.54532
vt 0.0188855 0.562008
vt 0.0194052 0.562008
vt 0.0212463 0.54463
vt 0.0212463 0.54463
vt 0.0212064 0.544426
vt 0.0188855 0.562008
vt 0.0212463 0.54463
vt 0.0235819 0.530274
vt 0.0212064 0.544426
vt 0.0212463 0.54463
vt 0.023408 0.53076
vt 0.0235819 0.530274
vt 0.0212463 0.54463
vt 0.0215695 0.544871
vt 0.023408 0.53076
vt 0.0212463 0.54463
vt 0.0194052 0.562008
vt 0.0215695 0.544871
vt 0.0188855 0.562008
vt 0.0212064 0.544426
vt 0.0186186 0.562008
vt 0.0189496 0.562008
vt 0.0186422 0.562008
vt 0.021558 0.544154
vt 0.021558 0.544154
vt 0.024686 0.543475
vt 0.0189496 0.562008
vt 0.021558 0.544154
vt 0.0246926 0.529319
vt 0.024686 0.543475
vt 0.021558 0.544154
vt 0.0239251 0.529865
vt 0.0246926 0.529319
vt 0.021558 0.544154
vt 0.0212064 0.544426
vt 0.0239251 0.529865
vt 0.021558 0.544154
vt 0.0186422 0.562008
vt 0.0212064 0.544426
vt 0.019934 0.562008
vt 0.024686 0.543475
vt 0.0357101 0.544263
vt 0.019934 0.562008
vt 0.0189496 0.562008
vt 0.024686 0.543475
vt 0.0382066 0.521794
vt 0.0374774 0.528356
vt 0.0282128 0.52798
vt 0.0282128 0.52798
vt 0.0307819 0.518442
vt 0.0382066 0.521794
vt 0.0282128 0.52798
vt 0.0269321 0.520282
vt 0.0307819 0.518442
vt 0.0282128 0.52798
vt 0.0246926 0.529319
vt 0.0269321 0.520282
vt 0.0282128 0.52798
vt 0.024686 0.543475
vt 0.0246926 0.529319
vt 0.0282128 0.52798
vt 0.0374774 0.528356
vt 0.024686 0.543475
vt 0.0382066 0.521794
vt 0.0307819 0.518442
vt 0.0387774 0.516657
vt 0.0392664 0.512256
vt 0.0391434 0.513363
vt 0.0330828 0.514351
vt 0.0251687 0.518795
vt 0.0330828 0.514351
vt 0.027741 0.517468
vt 0.0241887 0.52009
vt 0.0251687 0.518795
vt 0.0249299 0.519638
vt 0.0249299 0.519638
vt 0.0241539 0.521002
vt 0.0241887 0.52009
vt 0.0249299 0.519638
vt 0.0245708 0.522273
vt 0.0241539 0.521002
vt 0.0249299 0.519638
vt 0.0251572 0.5216
vt 0.0245708 0.522273
vt 0.0249299 0.519638
vt 0.0256861 0.518905
vt 0.0251572 0.5216
vt 0.0249299 0.519638
vt 0.0251687 0.518795
vt 0.0256861 0.518905
vt 0.0241887 0.52009
vt 0.0241539 0.521002
vt 0.0240204 0.520728
vt 0.0240204 0.520728
vt 0.0241539 0.521002
vt 0.0241112 0.521349
vt 0.0251174 0.522513
vt 0.0244837 0.521946
vt 0.0258846 0.523508
vt 0.0241112 0.521349
vt 0.0241539 0.521002
vt 0.0244837 0.521946
vt 0.0258846 0.523508
vt 0.024109 0.523525
vt 0.0262082 0.525831
vt 0.0258846 0.523508
vt 0.0241539 0.521002
vt 0.024109 0.523525
vt 0.0258846 0.523508
vt 0.0244837 0.521946
vt 0.0241539 0.521002
vt 0.0245708 0.522273
vt 0.024109 0.523525
vt 0.0241539 0.521002
vt 0.0245708 0.522273
vt 0.023408 0.53076
vt 0.024109 0.523525
vt 0.0245708 0.522273
vt 0.0235819 0.530274
vt 0.023408 0.53076
vt 0.0245708 0.522273
vt 0.0251572 0.5216
vt 0.0235819 0.530274
vt 0.027741 0.517468
vt 0.0264798 0.518288
vt 0.0251687 0.518795
vt 0.027741 0.517468
vt 0.0269321 0.520282
vt 0.0264798 0.518288
vt 0.027741 0.517468
vt 0.0307819 0.518442
vt 0.0269321 0.520282
vt 0.027741 0.517468
vt 0.0317563 0.515467
vt 0.0307819 0.518442
vt 0.027741 0.517468
vt 0.0330828 0.514351
vt 0.0317563 0.515467
vt 0.0264798 0.518288
vt 0.0258186 0.521034
vt 0.0256861 0.518905
vt 0.0264798 0.518288
vt 0.0269321 0.520282
vt 0.0258186 0.521034
vt 0.0391434 0.513363
vt 0.0317563 0.515467
vt 0.0330828 0.514351
vt 0.0391434 0.513363
vt 0.0307819 0.518442
vt 0.0317563 0.515467
vt 0.0391434 0.513363
vt 0.0387774 0.516657
vt 0.0307819 0.518442
vt 0.0264798 0.518288
vt 0.0256861 0.518905
vt 0.0251687 0.518795
vt 0.024109 0.523525
vt 0.0237132 0.531666
vt 0.0262082 0.525831
vt 0.024109 0.523525
vt 0.023408 0.53076
vt 0.0237132 0.531666
vt 0.0215695 0.544871
vt 0.0237132 0.531666
vt 0.023408 0.53076
vt 0.0215695 0.544871
vt 0.0227995 0.54532
vt 0.0237132 0.531666
vt 0.0215695 0.544871
vt 0.0194052 0.562008
vt 0.0227995 0.54532
vt 0.0227995 0.54532
vt 0.026682 0.533345
vt 0.0237132 0.531666
vt 0.0235819 0.530274
vt 0.0251572 0.5216
vt 0.0239251 0.529865
vt 0.0269321 0.520282
vt 0.0246926 0.529319
vt 0.0258186 0.521034
vt 0.0239251 0.529865
vt 0.0212064 0.544426
vt 0.0235819 0.530274
vt 0.0239251 0.529865
vt 0.0258186 0.521034
vt 0.0246926 0.529319
vt 0.0239251 0.529865
vt 0.0251572 0.5216
vt 0.0258186 0.521034
vt 0.0256861 0.518905
vt 0.0258186 0.521034
vt 0.0251572 0.5216
vt 0.026682 0.533345
vt 0.0262082 0.525831
vt 0.0237132 0.531666
vt 0.0194052 0.562008
vt 0.0231132 0.562008
vt 0.0227995 0.54532
vt 0.0186186 0.562008
vt 0.0212064 0.544426
vt 0.0186422 0.562008
vt 0.0357101 0.544263
vt 0.024686 0.543475
vt 0.0374774 0.528356
vt 0.0357101 0.544263
vt 0.024375 0.562008
vt 0.019934 0.562008
vt 0.0357101 0.544263
vt 0.0337384 0.562008
vt 0.024375 0.562008
vt 0.944518 0.60298
vt 0.944518 0.59985
vt 0.944518 0.606816
vt 0.944518 0.577677
vt 0.944518 0.593706
vt 0.944518 0.590964
vt 0.944518 0.593706
vt 0.944518 0.577677
vt 0.944518 0.579183
vt 0.944518 0.562008
vt 0.944518 0.579183
vt 0.944518 0.562008
vt 0.944518 0.562008
vt 0.944518 0.579183
vt 0.944518 0.577677
vt 0.944518 0.593706
vt 0.944518 0.603409
vt 0.944518 0.590964
vt 0.944518 0.590964
vt 0.944518 0.603409
vt 0.944518 0.59985
vt 0.934223 0.603695
vt 0.934223 0.599809
vt 0.934223 0.600522
vt 0.934223 0.588738
vt 0.934223 0.591485
vt 0.934223 0.596932
vt 0.934223 0.591485
vt 0.934223 0.588738
vt 0.934223 0.577961
vt 0.934223 0.562008
vt 0.934223 0.562008
vt 0.934223 0.576474
vt 0.934223 0.562008
vt 0.934223 0.577961
vt 0.934223 0.576474
vt 0.934223 0.576474
vt 0.934223 0.577961
vt 0.934223 0.588738
vt 0.934223 0.591485
vt 0.934223 0.600522
vt 0.934223 0.596932
vt 0.934223 0.600522
vt 0.934223 0.599809
vt 0.934223 0.596932
vt 0.944518 0.562008
vt 0.944518 0.546304
vt 0.944518 0.562008
vt 0.944518 0.562008
vt 0.944518 0.546304
vt 0.944518 0.543045
vt 0.944518 0.524086
vt 0.944518 0.519123
vt 0.944518 0.532988
vt 0.944518 0.520942
vt 0.944518 0.51023
vt 0.944518 0.524086
vt 0.944518 0.520942
vt 0.944518 0.509031
vt 0.944518 0.51023
vt 0.944518 0.51023
vt 0.944518 0.513702
vt 0.944518 0.524086
vt 0.944518 0.513702
vt 0.944518 0.519123
vt 0.944518 0.524086
vt 0.944518 0.519123
vt 0.944518 0.526081
vt 0.944518 0.532988
vt 0.944518 0.526081
vt 0.944518 0.543045
vt 0.944518 0.532988
vt 0.944518 0.532988
vt 0.944518 0.543045
vt 0.944518 0.546304
vt 0.934223 0.52032
vt 0.934223 0.523493
vt 0.934223 0.524206
vt 0.934223 0.524206
vt 0.934223 0.523493
vt 0.934223 0.527083
vt 0.934223 0.546055
vt 0.934223 0.535278
vt 0.934223 0.53253
vt 0.934223 0.535278
vt 0.934223 0.546055
vt 0.934223 0.547542
vt 0.934223 0.562008
vt 0.934223 0.547542
vt 0.934223 0.562008
vt 0.934223 0.562008
vt 0.934223 0.547542
vt 0.934223 0.546055
vt 0.934223 0.535278
vt 0.934223 0.527083
vt 0.934223 0.53253
vt 0.934223 0.53253
vt 0.934223 0.527083
vt 0.934223 0.523493
vt 0.944518 0.59985
vt 0.944518 0.603409
vt 0.944518 0.605949
vt 0.944518 0.59985
vt 0.944518 0.605949
vt 0.944518 0.606816
vt 0.0556002 0.60298
vt 0.0556002 0.606816
vt 0.0556002 0.59985
vt 0.0556002 0.577677
vt 0.0556002 0.590964
vt 0.0556002 0.593706
vt 0.0556002 0.593706
vt 0.0556002 0.579183
vt 0.0556002 0.577677
vt 0.0556002 0.562008
vt 0.0556002 0.562008
vt 0.0556002 0.579183
vt 0.0556002 0.562008
vt 0.0556002 0.577677
vt 0.0556002 0.579183
vt 0.0556002 0.593706
vt 0.0556002 0.590964
vt 0.0556002 0.603409
vt 0.0556002 0.590964
vt 0.0556002 0.59985
vt 0.0556002 0.603409
vt 0.0658947 0.603695
vt 0.0658947 0.600522
vt 0.0658947 0.599809
vt 0.0658947 0.588738
vt 0.0658947 0.596932
vt 0.0658947 0.591485
vt 0.0658947 0.591485
vt 0.0658947 0.577961
vt 0.0658947 0.588738
vt 0.0658947 0.562008
vt 0.0658947 0.576474
vt 0.0658947 0.562008
vt 0.0658947 0.562008
vt 0.0658947 0.576474
vt 0.0658947 0.577961
vt 0.0658947 0.576474
vt 0.0658947 0.588738
vt 0.0658947 0.577961
vt 0.0658947 0.591485
vt 0.0658947 0.596932
vt 0.0658947 0.600522
vt 0.0658947 0.600522
vt 0.0658947 0.596932
vt 0.0658947 0.599809
vt 0.0556002 0.562008
vt 0.0556002 0.562008
vt 0.0556002 0.546304
vt 0.0556002 0.562008
vt 0.0556002 0.543045
vt 0.0556002 0.546304
vt 0.0556002 0.524086
vt 0.0556002 0.532988
vt 0.0556002 0.519123
vt 0.0556002 0.520942
vt 0.0556002 0.524086
vt 0.0556002 0.51023
vt 0.0556002 0.520942
vt 0.0556002 0.51023
vt 0.0556002 0.509031
vt 0.0556002 0.51023
vt 0.0556002 0.524086
vt 0.0556002 0.513702
vt 0.0556002 0.513702
vt 0.0556002 0.524086
vt 0.0556002 0.519123
vt 0.0556002 0.519123
vt 0.0556002 0.532988
vt 0.0556002 0.526081
vt 0.0556002 0.526081
vt 0.0556002 0.532988
vt 0.0556002 0.543045
vt 0.0556002 0.532988
vt 0.0556002 0.546304
vt 0.0556002 0.543045
vt 0.0658947 0.52032
vt 0.0658947 0.524206
vt 0.0658947 0.523493
vt 0.0658947 0.524206
vt 0.0658947 0.527083
vt 0.0658947 0.523493
vt 0.0658947 0.546055
vt 0.0658947 0.53253
vt 0.0658947 0.535278
vt 0.0658947 0.547542
vt 0.0658947 0.546055
vt 0.0658947 0.535278
vt 0.0658947 0.562008
vt 0.0658947 0.562008
vt 0.0658947 0.547542
vt 0.0658947 0.562008
vt 0.0658947 0.546055
vt 0.0658947 0.547542
vt 0.0658947 0.535278
vt 0.0658947 0.53253
vt 0.0658947 0.527083
vt 0.0658947 0.53253
vt 0.0658947 0.523493
vt 0.0658947 0.527083
vt 0.0556002 0.59985
vt 0.0556002 0.605949
vt 0.0556002 0.603409
vt 0.0556002 0.59985
vt 0.0556002 0.606816
vt 0.0556002 0.605949
vt 0.944518 0.562008
vt 0.944518 0.577677
vt 0.934223 0.562008
vt 0.934223 0.562008
vt 0.944518 0.577677
vt 0.934223 0.577961
vt 0.944518 0.59985
vt 0.934223 0.591485
vt 0.944518 0.590964
vt 0.934223 0.591485
vt 0.944518 0.59985
vt 0.934223 0.600522
vt 0.934223 0.600522
vt 0.944518 0.60298
vt 0.934223 0.603695
vt 0.944518 0.60298
vt 0.934223 0.600522
vt 0.944518 0.59985
vt 0.934223 0.591485
vt 0.934223 0.577961
vt 0.944518 0.590964
vt 0.944518 0.590964
vt 0.934223 0.577961
vt 0.944518 0.577677
vt 0.944518 0.520942
vt 0.944518 0.524086
vt 0.934223 0.52032
vt 0.934223 0.52032
vt 0.944518 0.524086
vt 0.934223 0.523493
vt 0.944518 0.546304
vt 0.934223 0.53253
vt 0.944518 0.532988
vt 0.934223 0.53253
vt 0.944518 0.546304
vt 0.934223 0.546055
vt 0.934223 0.562008
vt 0.934223 0.546055
vt 0.944518 0.562008
vt 0.944518 0.562008
vt 0.934223 0.546055
vt 0.944518 0.546304
vt 0.934223 0.53253
vt 0.934223 0.523493
vt 0.944518 0.532988
vt 0.944518 0.532988
vt 0.934223 0.523493
vt 0.944518 0.524086
vt 0.0556002 0.562008
vt 0.0658947 0.562008
vt 0.0556002 0.577677
vt 0.0658947 0.562008
vt 0.0658947 0.577961
vt 0.0556002 0.577677
vt 0.0556002 0.59985
vt 0.0556002 0.590964
vt 0.0658947 0.591485
vt 0.0658947 0.591485
vt 0.0658947 0.600522
vt 0.0556002 0.59985
vt 0.0658947 0.603695
vt 0.0556002 0.60298
vt 0.0658947 0.600522
vt 0.0556002 0.60298
vt 0.0556002 0.59985
vt 0.0658947 0.600522
vt 0.0658947 0.591485
vt 0.0556002 0.590964
vt 0.0658947 0.577961
vt 0.0556002 0.590964
vt 0.0556002 0.577677
vt 0.0658947 0.577961
vt 0.0556002 0.520942
vt 0.0658947 0.52032
vt 0.0556002 0.524086
vt 0.0658947 0.52032
vt 0.0658947 0.523493
vt 0.0556002 0.524086
vt 0.0556002 0.546304
vt 0.0556002 0.532988
vt 0.0658947 0.53253
vt 0.0658947 0.53253
vt 0.0658947 0.546055
vt 0.0556002 0.546304
vt 0.0556002 0.562008
vt 0.0658947 0.546055
vt 0.0658947 0.562008
vt 0.0556002 0.546304
vt 0.0658947 0.546055
vt 0.0556002 0.562008
vt 0.0658947 0.53253
vt 0.0556002 0.532988
vt 0.0658947 0.523493
vt 0.0556002 0.532988
vt 0.0556002 0.524086
vt 0.0658947 0.523493
vt 0 0
vt 0 0
vt 0 0
vt 0 0
vt 0 0
vt 0 0
vt 0 0
vt 0 0
vt 0 0
vt 0 0
vt 0 0
vt 0 0
vt 0 0
vt 0 0
vt 0 0
vt 0 0
vt 0 0
vt 0 0
vt 0 0
vt 0 0
vt 0 0
vt 0 0
vt 0 0
vt 0 0
vt 0 0
vt 0 0
vt 0 0
vt 0 0
vt 0 0
vt 0 0
vt 0 0
vt 0 0
vt 0 0
vt 0 0
vt 0 0
vt 0 0
vt 0 0
vt 0 0
vt 0 0
vt 0 0
vt 0 0
vt 0 0
vt 0 0
vt 0 0
vt 0 0
vt 0 0
vt 0 0
vt 0 0
vt 0 0
vt 0 0
vt 0 0
vt 0 0
vt 0 0
vt 0 0
vt 0 0
vt 0 0
vt 0 0
vt 0 0
vt 0 0
vt 0 0
vt 0 0
vt 0 0
vt 0 0
vt 0 0
vt 0 0
vt 0 0
vt 0 0
vt 0 0
vt 0 0
vt 0 0
vt 0 0
vt 0 0
vt 0 0
vt 0 0
vt 0 0
vt 0 0
vt 0 0
vt 0 0
vt 0 0
vt 0 0
vt 0 0
vt 0 0
vt 0 0
vt 0 0
vt 0 0
vt 0 0
vt 0 0
vt 0 0
vt 0 0
vt 0 0
vt 0 0
vt 0 0
vt 0 0
vt 0 0
vt 0 0
vt 0 0
vt 0 0
vt 0 0
vt 0 0
vt 0 0
vt 0 0
vt 0 0
vt 0 0
vt 0 0
vt 0 0
vt 0 0
vt 0 0
vt 0 0
vt 0 0
vt 0 0
vt 0 0
vt 0 0
vt 0 0
vt 0 0
vt 0 0
vt 0 0
vt 0 0
vt 0 0
vt 0 0
vt 0 0
vt 0 0
vt 0 0
vt 0 0
vt 0 0
vt 0 0
vt 0 0
vt 0 0
vt 0 0
vt 0 0
vt 0 0
vt 0 0
vt 0 0
vt 0 0
vt 0 0
vt 0 0
vt 0 0
vt 0 0
vt 0 0
vt 0 0
vt 0 0
vt 0 0
vt 0 0
vt 0 0
vt 0 0
vt 0 0
vt 0 0
vt 0 0
vt 0 0
vt 0 0
vt 0 0
vt 0 0
vt 0 0
vt 0 0
vt 0 0
vt 0 0
vt 0 0
vt 0 0
vt 0 0
vt 0 0
vt 0 0
vt 0 0
vt 0 0
vt 0 0
vt 0 0
vt 0 0
vt 0 0
vt 0 0
vt 0 0
vt 0 0
vt 0 0
vt 0 0
vt 0 0
vt 0 0
vt 0 0
vt 0 0
vt 0 0
vt 0 0
vt 0 0
vt 0 0
vt 0 0
vt 0 0
vt 0 0
vt 0 0
vt 0 0
vt 0 0
vt 0 0
vt 0 0
vt 0 0
vt 0 0
vt 0 0
vt 0 0
vt 0 0
vt 0 0
vt 0 0
vt 0 0
vt 0 0
vt 0 0
vt 0 0
vt 0 0
vt 0 0
vt 0 0
vt 0 0
vt 0 0
vt 0 0
vt 0 0
vt 0 0
vt 0 0
vt 0 0
vt 0 0
vt 0 0
vt 0 0
vt 0 0
vt 0 0
vt 0 0
vt 0 0
vt 0 0
vt 0 0
vt 0 0
vt 0 0
vt 0 0
vt 0 0
vt 0 0
vt 0 0
vt 0 0
vt 0 0
vt 0 0
vt 0 0
vt 0 0
vt 0 0
vt 0 0
vt 0 0
vt 0 0
vt 0 0
vt 0 0
vt 0 0
vt 0 0
vt 0 0
vt 0 0
vt 0 0
vt 0 0
vt 0 0
vt 0 0
vt 0 0
vt 0 0
vt 0 0
vt 0 0
vt 0 0
vt 0 0
vt 0 0
vt 0 0
vt 0 0
vt 0 0
vt 0 0
vt 0 0
vt 0 0
vt 0 0
vt 0 0
vt 0 0
vt 0 0
vt 0 0
vt 0 0
vt 0 0
vt 0 0
vt 0 0
vt 0 0
vt 0 0
vt 0 0
vt 0 0
vt 0 0
vt 0 0
vt 0 0
vt 0 0
vt 0 0
vt 0 0
vt 0 0
vt 0 0
vt 0 0
vt 0 0
vt 0 0
vt 0 0
vt 0 0
vt 0 0
vt 0 0
vt 0 0
vt 0 0
vt 0 0
vt 0 0
vt 0 0
vt 0 0
vt 0 0
vt 0 0
vt 0 0
vt 0 0
vt 0 0
vt 0 0
vt 0 0
vt 0 0
vt 0 0
vt 0 0
vt 0 0
vt 0 0
vt 0 0
vt 0 0
vt 0 0
vt 0 0
vt 0 0
vt 0 0
vt 0 0
vt 0 0
vt 0 0
vt 0 0
vt 0 0
vt 0 0
vt 0 0
vt 0 0
vt 0 0
vt 0 0
vt 0 0
vt 0 0
vt 0 0
vt 0 0
vt 0 0
vt 0 0
vt 0 0
vt 0 0
vt 0 0
vt 0 0
vt 0 0
vt 0 0
vt 0 0
vt 0 0
vt 0 0
vt 0 0
vt 0 0
vt 0 0
vt 0 0
vt 0 0
vt 0 0
vt 0 0
vt 0 0
vt 0 0
vt 0 0
vt 0 0
vt 0 0
vt 0 0
vt 0 0
vt 0 0
vt 0 0
vt 0 0
vt 0 0
vt 0 0
vt 0 0
vt 0 0
vt 0 0
vt 0 0
vt 0 0
vt 0 0
vt 0 0
vt 0 0
vt 0 0
vt 0 0
vt 0 0
vt 0 0
vt 0 0
vt 0 0
vt 0 0
vt 0 0
vt 0 0
vt 0 0
vt 0 0
vt 0 0
vt 0 0
vt 0 0
vt 0 0
vt 0 0
vt 0 0
vt 0 0
vt 0 0
vt 0 0
vt 0 0
vt 0 0
vt 0 0
vt 0 0
vt 0 0
vt 0 0
vt 0 0
vt 0 0
vt 0 0
vt 0 0
vt 0 0
vt 0.117644 0.583688
vt 0.117644 0.581456
vt 0.124743 0.584112
vt 0.124743 0.584112
vt 0.117644 0.58808
vt 0.117644 0.583688
vt 0.882474 0.583688
vt 0.875375 0.584112
vt 0.882474 0.581456
vt 0.875375 0.584112
vt 0.882474 0.583688
vt 0.882474 0.58808
vt 0.87218 0.606287
vt 0.944518 0.605949
vt 0.944518 0.603409
vt 0.944518 0.603409
vt 0.87218 0.601509
vt 0.87218 0.606287
vt 0.87218 0.601509
vt 0.944518 0.603409
vt 0.944518 0.593706
vt 0.944518 0.593706
vt 0.87218 0.591444
vt 0.87218 0.601509
vt 0.87218 0.591444
vt 0.944518 0.593706
vt 0.944518 0.579183
vt 0.944518 0.579183
vt 0.87218 0.577705
vt 0.87218 0.591444
vt 0.87218 0.577705
vt 0.944518 0.579183
vt 0.944518 0.561669
vt 0.944518 0.561669
vt 0.87218 0.562008
vt 0.87218 0.577705
vt 0.87218 0.562008
vt 0.944518 0.561669
vt 0.944518 0.54303
vt 0.944518 0.54303
vt 0.87218 0.543144
vt 0.87218 0.562008
vt 0.87218 0.543144
vt 0.944518 0.54303
vt 0.944518 0.526063
vt 0.944518 0.526063
vt 0.87218 0.526363
vt 0.87218 0.543144
vt 0.87218 0.526363
vt 0.944518 0.526063
vt 0.944518 0.519107
vt 0.944518 0.519107
vt 0.87218 0.519535
vt 0.87218 0.526363
vt 0.87218 0.519535
vt 0.944518 0.519107
vt 0.944518 0.513691
vt 0.944518 0.513691
vt 0.87218 0.514249
vt 0.87218 0.519535
vt 0.87218 0.514249
vt 0.944518 0.513691
vt 0.944518 0.510225
vt 0.944518 0.510225
vt 0.87218 0.510879
vt 0.87218 0.514249
vt 0.87218 0.510879
vt 0.944518 0.510225
vt 0.944518 0.509031
vt 0.944518 0.509031
vt 0.87218 0.509718
vt 0.87218 0.510879
vt 0.944518 0.605949
vt 0.87218 0.606287
vt 0.908146 0.607339
vt 0.944518 0.561669
vt 0.944518 0.579183
vt 0.944518 0.562008
vt 0.944518 0.562008
vt 0.944518 0.54303
vt 0.944518 0.561669
vt 0.87218 0.509718
vt 0.944518 0.509031
vt 0.907323 0.506969
vt 0.0556002 0.603409
vt 0.0556002 0.605949
vt 0.127938 0.606287
vt 0.0556002 0.603409
vt 0.127938 0.606287
vt 0.127938 0.601509
vt 0.127938 0.601509
vt 0.0556002 0.593706
vt 0.0556002 0.603409
vt 0.0556002 0.593706
vt 0.127938 0.601509
vt 0.127938 0.591444
vt 0.127938 0.591444
vt 0.0556002 0.579183
vt 0.0556002 0.593706
vt 0.0556002 0.579183
vt 0.127938 0.591444
vt 0.127938 0.577705
vt 0.127938 0.577705
vt 0.0556002 0.561669
vt 0.0556002 0.579183
vt 0.0556002 0.561669
vt 0.127938 0.577705
vt 0.127938 0.562008
vt 0.127938 0.562008
vt 0.0556002 0.54303
vt 0.0556002 0.561669
vt 0.0556002 0.54303
vt 0.127938 0.562008
vt 0.127938 0.543144
vt 0.127938 0.543144
vt 0.0556002 0.526063
vt 0.0556002 0.54303
vt 0.0556002 0.526063
vt 0.127938 0.543144
vt 0.127938 0.526363
vt 0.127938 0.526363
vt 0.0556002 0.519107
vt 0.0556002 0.526063
vt 0.0556002 0.519107
vt 0.127938 0.526363
vt 0.127938 0.519535
vt 0.127938 0.519535
vt 0.0556002 0.513691
vt 0.0556002 0.519107
vt 0.0556002 0.513691
vt 0.127938 0.519535
vt 0.127938 0.514249
vt 0.127938 0.514249
vt 0.0556002 0.510225
vt 0.0556002 0.513691
vt 0.0556002 0.510225
vt 0.127938 0.514249
vt 0.127938 0.510879
vt 0.127938 0.510879
vt 0.0556002 0.509031
vt 0.0556002 0.510225
vt 0.0556002 0.509031
vt 0.127938 0.510879
vt 0.127938 0.509718
vt 0.0556002 0.605949
vt 0.0919722 0.607339
vt 0.127938 0.606287
vt 0.0556002 0.561669
vt 0.0556002 0.562008
vt 0.0556002 0.579183
vt 0.0556002 0.562008
vt 0.0556002 0.561669
vt 0.0556002 0.54303
vt 0.944518 0.605949
vt 0.908146 0.607339
vt 0.944518 0.603409
vt 0.944518 0.603409
vt 0.908146 0.607339
vt 0.896884 0.600362
vt 0.944518 0.603409
vt 0.896884 0.600362
vt 0.944518 0.593706
vt 0.908146 0.607339
vt 0.87218 0.605829
vt 0.896884 0.600362
vt 0.87218 0.605829
vt 0.87218 0.599895
vt 0.896884 0.600362
vt 0.87218 0.576713
vt 0.896884 0.587739
vt 0.87218 0.589818
vt 0.896884 0.587739
vt 0.87218 0.576713
vt 0.896884 0.571257
vt 0.896884 0.587739
vt 0.896884 0.571257
vt 0.944518 0.579183
vt 0.896884 0.587739
vt 0.944518 0.579183
vt 0.944518 0.593706
vt 0.896884 0.587739
vt 0.944518 0.593706
vt 0.896884 0.600362
vt 0.896884 0.587739
vt 0.896884 0.600362
vt 0.87218 0.589818
vt 0.87218 0.576713
vt 0.87218 0.562008
vt 0.896884 0.571257
vt 0.944518 0.562008
vt 0.944518 0.579183
vt 0.908512 0.562008
vt 0.87218 0.562008
vt 0.908512 0.562008
vt 0.896884 0.571257
vt 0.87218 0.599895
vt 0.87218 0.589818
vt 0.896884 0.600362
vt 0.908512 0.562008
vt 0.944518 0.579183
vt 0.896884 0.571257
vt 0.908512 0.562008
vt 0.87218 0.562008
vt 0.903797 0.542091
vt 0.908512 0.562008
vt 0.903797 0.542091
vt 0.944518 0.54303
vt 0.908512 0.562008
vt 0.944518 0.54303
vt 0.944518 0.562008
vt 0.87218 0.562008
vt 0.87218 0.543144
vt 0.903797 0.542091
vt 0.87218 0.519535
vt 0.903506 0.52479
vt 0.87218 0.526363
vt 0.903506 0.52479
vt 0.87218 0.519535
vt 0.903217 0.512804
vt 0.903506 0.52479
vt 0.903217 0.512804
vt 0.944518 0.519107
vt 0.903506 0.52479
vt 0.944518 0.519107
vt 0.944518 0.526063
vt 0.903506 0.52479
vt 0.944518 0.526063
vt 0.903797 0.542091
vt 0.903506 0.52479
vt 0.903797 0.542091
vt 0.87218 0.526363
vt 0.87218 0.519535
vt 0.87218 0.514249
vt 0.903217 0.512804
vt 0.87218 0.509718
vt 0.902969 0.507315
vt 0.87218 0.510879
vt 0.87218 0.509718
vt 0.907323 0.506969
vt 0.902969 0.507315
vt 0.944518 0.509031
vt 0.944518 0.510225
vt 0.907323 0.506969
vt 0.944518 0.513691
vt 0.903217 0.512804
vt 0.944518 0.510225
vt 0.944518 0.513691
vt 0.944518 0.519107
vt 0.903217 0.512804
vt 0.944518 0.526063
vt 0.944518 0.54303
vt 0.903797 0.542091
vt 0.87218 0.543144
vt 0.87218 0.526363
vt 0.903797 0.542091
vt 0.907323 0.506969
vt 0.944518 0.510225
vt 0.902969 0.507315
vt 0.87218 0.514249
vt 0.87218 0.510879
vt 0.903217 0.512804
vt 0.87218 0.510879
vt 0.902969 0.507315
vt 0.903217 0.512804
vt 0.944518 0.510225
vt 0.903217 0.512804
vt 0.902969 0.507315
vt 0.908146 0.607339
vt 0.87218 0.606287
vt 0.87218 0.605829
vt 0.0556002 0.605949
vt 0.0556002 0.603409
vt 0.0919722 0.607339
vt 0.0556002 0.603409
vt 0.103234 0.600362
vt 0.0919722 0.607339
vt 0.0556002 0.603409
vt 0.0556002 0.593706
vt 0.103234 0.600362
vt 0.0919722 0.607339
vt 0.103234 0.600362
vt 0.127938 0.605829
vt 0.127938 0.605829
vt 0.103234 0.600362
vt 0.127938 0.599895
vt 0.127938 0.576713
vt 0.127938 0.589818
vt 0.103234 0.587739
vt 0.103234 0.587739
vt 0.103234 0.571257
vt 0.127938 0.576713
vt 0.103234 0.587739
vt 0.0556002 0.579183
vt 0.103234 0.571257
vt 0.103234 0.587739
vt 0.0556002 0.593706
vt 0.0556002 0.579183
vt 0.103234 0.587739
vt 0.103234 0.600362
vt 0.0556002 0.593706
vt 0.103234 0.587739
vt 0.127938 0.589818
vt 0.103234 0.600362
vt 0.127938 0.576713
vt 0.103234 0.571257
vt 0.127938 0.562008
vt 0.0556002 0.562008
vt 0.0916058 0.562008
vt 0.0556002 0.579183
vt 0.127938 0.562008
vt 0.103234 0.571257
vt 0.0916058 0.562008
vt 0.127938 0.599895
vt 0.103234 0.600362
vt 0.127938 0.589818
vt 0.0916058 0.562008
vt 0.103234 0.571257
vt 0.0556002 0.579183
vt 0.0916058 0.562008
vt 0.0963213 0.542091
vt 0.127938 0.562008
vt 0.0916058 0.562008
vt 0.0556002 0.54303
vt 0.0963213 0.542091
vt 0.0916058 0.562008
vt 0.0556002 0.562008
vt 0.0556002 0.54303
vt 0.127938 0.562008
vt 0.0963213 0.542091
vt 0.127938 0.543144
vt 0.127938 0.519535
vt 0.127938 0.526363
vt 0.0966121 0.52479
vt 0.0966121 0.52479
vt 0.0969014 0.512804
vt 0.127938 0.519535
vt 0.0966121 0.52479
vt 0.0556002 0.519107
vt 0.0969014 0.512804
vt 0.0966121 0.52479
vt 0.0556002 0.526063
vt 0.0556002 0.519107
vt 0.0966121 0.52479
vt 0.0963213 0.542091
vt 0.0556002 0.526063
vt 0.0966121 0.52479
vt 0.127938 0.526363
vt 0.0963213 0.542091
vt 0.127938 0.519535
vt 0.0969014 0.512804
vt 0.127938 0.514249
vt 0.127938 0.509718
vt 0.127938 0.510879
vt 0.0971488 0.507315
vt 0.127938 0.509718
vt 0.0971488 0.507315
vt 0.0927952 0.506969
vt 0.0556002 0.509031
vt 0.0927952 0.506969
vt 0.0556002 0.510225
vt 0.0556002 0.513691
vt 0.0556002 0.510225
vt 0.0969014 0.512804
vt 0.0556002 0.513691
vt 0.0969014 0.512804
vt 0.0556002 0.519107
vt 0.0556002 0.526063
vt 0.0963213 0.542091
vt 0.0556002 0.54303
vt 0.127938 0.543144
vt 0.0963213 0.542091
vt 0.127938 0.526363
vt 0.0927952 0.506969
vt 0.0971488 0.507315
vt 0.0556002 0.510225
vt 0.127938 0.514249
vt 0.0969014 0.512804
vt 0.127938 0.510879
vt 0.127938 0.510879
vt 0.0969014 0.512804
vt 0.0971488 0.507315
vt 0.0556002 0.510225
vt 0.0971488 0.507315
vt 0.0969014 0.512804
vt 0.0919722 0.607339
vt 0.127938 0.605829
vt 0.127938 0.606287
vt 0 0
vt 0 0
vt 0 0
vt 0 0
vt 0 0
vt 0 0
vt 0 0
vt 0 0
vt 0 0
vt 0 0
vt 0 0
vt 0 0
vt 0 0
vt 0 0
vt 0 0
vt 0 0
vt 0 0
vt 0 0
vt 0 0
vt 0 0
vt 0 0
vt 0 0
vt 0 0
vt 0 0
vt 0 0
vt 0 0
vt 0 0
vt 0 0
vt 0 0
vt 0 0
vt 0 0
vt 0 0
vt 0 0
vt 0 0
vt 0 0
vt 0 0
vt 0 0
vt 0 0
vt 0 0
vt 0 0
vt 0 0
vt 0 0
vt 0 0
vt 0 0
vt 0 0
vt 0 0
vt 0 0
vt 0 0
vt 0 0
vt 0 0
vt 0 0
vt 0 0
vt 0 0
vt 0 0
vt 0 0
vt 0 0
vt 0 0
vt 0 0
vt 0 0
vt 0 0
vt 0 0
vt 0 0
vt 0 0
vt 0 0
vt 0 0
vt 0 0
vt 0 0
vt 0 0
vt 0 0
vt 0 0
vt 0 0
vt 0 0
vt 0 0
vt 0 0
vt 0 0
vt 0 0
vt 0 0
vt 0 0
vt 0 0
vt 0 0
vt 0 0
vt 0 0
vt 0 0
vt 0 0
vt 0 0
vt 0 0
vt 0 0
vt 0 0
vt 0 0
vt 0 0
vt 0 0
vt 0 0
vt 0 0
vt 0 0
vt 0 0
vt 0 0
vt 0 0
vt 0 0
vt 0 0
vt 0 0
vt 0 0
vt 0 0
vt 0 0
vt 0 0
vt 0 0
vt 0 0
vt 0 0
vt 0 0
vt 0 0
vt 0 0
vt 0 0
vt 0 0
vt 0 0
vt 0 0
vt 0 0
vt 0 0
vt 0 0
vt 0 0
vt 0 0
vt 0 0
vt 0 0
vt 0 0
vt 0 0
vt 0 0
vt 0 0
vt 0 0
vt 0 0
vt 0 0
vt 0 0
vt 0 0
vt 0 0
vt 0 0
vt 0 0
vt 0 0
vt 0 0
vt 0 0
vt 0 0
vt 0 0
vt 0 0
vt 0 0
vt 0 0
vt 0 0
vt 0 0
vt 0 0
vt 0 0
vt 0 0
vt 0 0
vt 0 0
vt 0 0
vt 0 0
vt 0 0
vt 0 0
vt 0 0
vt 0 0
vt 0 0
vt 0 0
vt 0 0
vt 0 0
vt 0 0
vt 0 0
vt 0 0
vt 0 0
vt 0 0
vt 0 0
vt 0 0
vt 0 0
vt 0 0
vt 0 0
vt 0 0
vt 0 0
vt 0 0
vt 0 0
vt 0 0
vt 0 0
vt 0 0
vt 0 0
vt 0 0
vt 0 0
vt 0 0
vt 0 0
vt 0 0
vt 0 0
vt 0 0
vt 0 0
vt 0 0
vt 0 0
vt 0 0
vt 0 0
vt 0 0
vt 0 0
vt 0 0
vt 0 0
vt 0 0
vt 0 0
vt 0 0
vt 0 0
vt 0 0
vt 0 0
vt 0 0
vt 0 0
vt 0 0
vt 0 0
vt 0 0
vt 0 0
vt 0 0
vt 0 0
vt 0 0
vt 0 0
vt 0 0
vt 0 0
vt 0 0
vt 0 0
vt 0 0
vt 0 0
vt 0 0
vt 0 0
vt 0 0
vt 0 0
vt 0 0
vt 0 0
vt 0 0
vt 0 0
vt 0 0
vt 0 0
vt 0 0
vt 0 0
vt 0 0
vt 0 0
vt 0 0
vt 0 0
vt 0 0
vt 0 0
vt 0 0
vt 0 0
vt 0 0
vt 0 0
vt 0 0
vt 0 0
vt 0 0
vt 0 0
vt 0 0
vt 0 0
vt 0 0
vt 0 0
vt 0 0
vt 0 0
vt 0 0
vt 0 0
vt 0 0
vt 0 0
vt 0 0
vt 0 0
vt 0 0
vt 0 0
vt 0 0
vt 0 0
vt 0 0
vt 0 0
vt 0 0
vt 0 0
vt 0 0
vt 0 0
vt 0 0
vt 0 0
vt 0 0
vt 0 0
vt 0 0
vt 0 0
vt 0 0
vt 0 0
vt 0 0
vt 0 0
vt 0 0
vt 0 0
vt 0 0
vt 0 0
vt 0 0
vt 0 0
vt 0 0
vt 0 0
vt 0 0
vt 0 0
vt 0 0
vt 0 0
vt 0 0
vt 0 0
vt 0 0
vt 0 0
vt 0 0
vt 0 0
vt 0 0
vt 0 0
vt 0 0
vt 0 0
vt 0 0
vt 0 0
vt 0 0
vt 0 0
vt 0 0
vt 0 0
vt 0 0
vt 0 0
vt 0 0
vt 0 0
vt 0 0
vt 0 0
vt 0 0
vt 0 0
vt 0 0
vt 0 0
vt 0 0
vt 0 0
vt 0 0
vt 0 0
vt 0 0
vt 0 0
vt 0 0
vt 0 0
vt 0 0
vt 0 0
vt 0 0
vt 0 0
vt 0 0
vt 0 0
vt 0 0
vt 0 0
vt 0 0
vt 0 0
vt 0 0
vt 0 0
vt 0 0
vt 0 0
vt 0 0
vt 0 0
vt 0 0
vt 0 0
vt 0 0
vt 0 0
vt 0 0
vt 0 0
vt 0 0
vt 0 0
vt 0 0
vt 0 0
vt 0 0
vt 0 0
vt 0 0
vt 0 0
vt 0 0
vt 0 0
vt 0 0
vt 0 0
vt 0 0
vt 0 0
vt 0 0
vt 0 0
vt 0 0
vt 0 0
vt 0 0
vt 0 0
vt 0 0
vt 0 0
vt 0 0
vt 0 0
vt 0 0
vt 0 0
vt 0 0
vt 0 0
vt 0 0
vt 0 0
vt 0 0
vt 0 0
vt 0 0
vt 0 0
vt 0 0
vt 0 0
vt 0 0
vt 0 0
vt 0 0
vt 0 0
vt 0 0
vt 0 0
vt 0 0
vt 0 0
vt 0 0
vt 0 0
vt 0 0
vt 0 0
vt 0 0
vt 0 0
vt 0 0
vt 0 0
vt 0 0
vt 0 0
vt 0 0
vt 0 0
vt 0 0
vt 0 0
vt 0 0
vt 0 0
vt 0 0
vt 0 0
vt 0 0
vt 0 0
vt 0 0
vt 0 0
vt 0 0
vt 0 0
vt 0 0
vt 0 0
vt 0 0
vt 0 0
vt 0 0
vt 0 0
vt 0 0
vt 0 0
vt 0 0
vt 0 0
vt 0 0
vt 0 0
vt 0 0
vt 0 0
vt 0 0
vt 0 0
vt 0 0
vt 0 0
vt 0 0
vt 0 0
vt 0 0
vt 0 0
vt 0 0
vt 0 0
vt 0 0
vt 0 0
vt 0 0
vt 0 0
vt 0 0
vt 0 0
vt 0 0
vt 0 0
vt 0 0
vt 0 0
vt 0 0
vt 0 0
vt 0 0
vt 0 0
vt 0 0
vt 0 0
vt 0 0
vt 0 0
vt 0 0
vt 0 0
vt 0 0
vt 0 0
vt 0 0
vt 0 0
vt 0 0
vt 0 0
vt 0 0
vt 0 0
vt 0 0
vt 0 0
vt 0 0
vt 0 0
vt 0 0
vt 0 0
vt 0 0
vt 0 0
vt 0 0
vt 0 0
vt 0 0
vt 0 0
vt 0 0
vt 0 0
vt 0 0
vt 0 0
vt 0 0
vt 0 0
vt 0 0
vt 0 0
vt 0 0
vt 0 0
vt 0 0
vt 0 0
vt 0 0
vt 0 0
vt 0 0
vt 0 0
vt 0 0
vt 0 0
vt 0 0
vt 0 0
vt 0 0
vt 0 0
vt 0 0
vt 0 0
vt 0 0
vt 0 0
vt 0 0
vt 0 0
vt 0 0
vt 0 0
vt 0 0
vt 0 0
vt 0 0
vt 0 0
vt 0 0
vt 0 0
vt 0 0
vt 0 0
vt 0 0
vt 0 0
vt 0 0
vt 0 0
vt 0 0
vt 0 0
vt 0 0
vt 0 0
vt 0 0
vt 0 0
vt 0 0
vt 0 0
vt 0 0
vt 0 0
vt 0 0
vt 0 0
vt 0 0
vt 0 0
vt 0 0
vt 0 0
vt 0 0
vt 0 0
vt 0 0
vt 0 0
vt 0 0
vt 0 0
vt 0 0
vt 0 0
vt 0 0
vt 0 0
vt 0 0
vt 0 0
vt 0 0
vt 0 0
vt 0 0
vt 0 0
vt 0 0
vt 0 0
vt 0 0
vt 0 0
vt 0 0
vt 0 0
vt 0 0
vt 0 0
vt 0 0
vt 0 0
vt 0 0
vt 0 0
vt 0 0
vt 0 0
vt 0 0
vt 0 0
vt 0 0
vt 0 0
vt 0 0
vt 0 0
vt 0 0
vt 0 0
vt 0 0
vt 0 0
vt 0 0
vt 0 0
vt 0 0
vt 0 0
vt 0 0
vt 0 0
vt 0 0
vt 0 0
vt 0 0
vt 0 0
vt 0 0
vt 0 0
vt 0 0
vt 0 0
vt 0 0
vt 0 0
vt 0 0
vt 0 0
vt 0 0
vt 0 0
vt 0 0
vt 0 0
vt 0 0
vt 0 0
vt 0 0
vt 0 0
vt 0 0
vt 0 0
vt 0 0
vt 0 0
vt 0 0
vt 0 0
vt 0 0
vt 0 0
vt 0 0
vt 0 0
vt 0 0
vt 0 0
vt 0 0
vt 0 0
vt 0 0
vt 0 0
vt 0 0
vt 0 0
vt 0 0
vt 0 0
vt 0 0
vt 0 0
vt 0 0
vt 0 0
vt 0 0
vt 0 0
vt 0 0
vt 0 0
vt 0 0
vt 0 0
vt 0 0
vt 0 0
vt 0 0
vt 0 0
vt 0 0
vt 0 0
vt 0 0
vt 0 0
vt 0 0
vt 0 0
vt 0 0
vt 0 0
vt 0 0
vt 0 0
vt 0 0
vt 0 0
vt 0 0
vt 0 0
vt 0 0
vt 0 0
vt 0 0
vt 0 0
vt 0 0
vt 0 0
vt 0 0
vt 0 0
vt 0 0
vt 0 0
vt 0 0
vt 0 0
vt 0 0
vt 0 0
vt 0 0
vt 0 0
vt 0 0
vt 0 0
vt 0 0
vt 0 0
vt 0 0
vt 0 0
vt 0 0
vt 0 0
vt 0 0
vt 0 0
vt 0 0
vt 0 0
vt 0 0
vt 0 0
vt 0 0
vt 0 0
vt 0 0
vt 0 0
vt 0 0
vt 0 0
vt 0 0
vt 0 0
vt 0 0
vt 0 0
vt 0 0
vt 0 0
vt 0 0
vt 0 0
vt 0 0
vt 0 0
vt 0 0
vt 0 0
vt 0 0
vt 0 0
vt 0 0
vt 0 0
vt 0 0
vt 0 0
vt 0 0
vt 0 0
vt 0 0
vt 0 0
vt 0 0
vt 0 0
vt 0 0
vt 0 0
vt 0 0
vt 0 0
vt 0 0
vt 0 0
vt 0 0
vt 0 0
vt 0 0
vt 0 0
vt 0 0
vt 0 0
vt 0 0
vt 0 0
vt 0 0
vt 0 0
vt 0 0
vt 0 0
vt 0 0
vt 0 0
vt 0 0
vt 0 0
vt 0 0
vt 0 0
vt 0 0
vt 0 0
vt 0 0
vt 0 0
vt 0 0
vt 0 0
vt 0 0
vt 0 0
vt 0 0
vt 0 0
vt 0 0
vt 0 0
vt 0 0
vt 0 0
vt 0 0
vt 0 0
vt 0 0
vt 0 0
vt 0 0
vt 0 0
vt 0 0
vt 0 0
vt 0 0
vt 0 0
vt 0 0
vt 0 0
vt 0 0
vt 0 0
vt 0 0
vt 0 0
vt 0 0
vt 0 0
vt 0 0
vt 0 0
vt 0 0
vt 0 0
vt 0 0
vt 0 0
vt 0 0
vt 0 0
vt 0 0
vt 0 0
vt 0 0
vt 0 0
vt 0 0
vt 0 0
vt 0 0
vt 0 0
vt 0 0
vt 0 0
vt 0 0
vt 0 0
vt 0 0
vt 0 0
vt 0 0
vt 0 0
vt 0 0
vt 0 0
vt 0 0
vt 0 0
vt 0 0
vt 0 0
vt 0 0
vt 0 0
vt 0 0
vt 0 0
vt 0 0
vt 0 0
vt 0 0
vt 0 0
vt 0 0
vt 0 0
vt 0 0
vt 0 0
vt 0 0
vt 0 0
vt 0 0
vt 0 0
vt 0 0
vt 0 0
vt 0 0
vt 0 0
vt 0 0
vt 0 0
vt 0 0
vt 0 0
vt 0 0
vt 0 0
vt 0 0
vt 0 0
vt 0 0
vt 0 0
vt 0 0
vt 0 0
vt 0 0
vt 0 0
vt 0 0
vt 0 0
vt 0 0
vt 0 0
vt 0 0
vt 0 0
vt 0 0
vt 0 0
vt 0 0
vt 0 0
vt 0 0
vt 0 0
vt 0 0
vt 0 0
vt 0 0
vt 0 0
vt 0 0
vt 0 0
vt 0 0
vt 0 0
vt 0 0
vt 0 0
vt 0 0
vt 0 0
vt 0 0
vt 0 0
vt 0 0
vt 0 0
vt 0 0
vt 0 0
vt 0 0
vt 0 0
vt 0 0
vt 0 0
vt 0 0
vt 0 0
vt 0 0
vt 0 0
vt 0 0
vt 0 0
vt 0 0
vt 0 0
vt 0 0
vt 0 0
vt 0 0
vt 0 0
vt 0 0
vt 0 0
vt 0 0
vt 0 0
vt 0 0
vt 0 0
vt 0 0
vt 0 0
vt 0 0
vt 0 0
vt 0 0
vt 0 0
vt 0 0
vt 0 0
vt 0 0
vt 0 0
vt 0 0
vt 0 0
vt 0 0
vt 0 0
vt 0 0
vt 0 0
vt 0 0
vt 0 0
vt 0 0
vt 0 0
vt 0 0
vt 0 0
vt 0 0
vt 0 0
vt 0 0
vt 0 0
vt 0 0
vt 0 0
vt 0 0
vt 0 0
vt 0 0
vt 0 0
vt 0 0
vt 0 0
vt 0 0
vt 0 0
vt 0 0
vt 0 0
vt 0 0
vt 0 0
vt 0 0
vt 0 0
vt 0 0
vt 0 0
vt 0 0
vt 0 0
vt 0 0
vt 0 0
vt 0 0
vt 0 0
vt 0 0
vt 0 0
vt 0 0
vt 0 0
vt 0 0
vt 0 0
vt 0 0
vt 0 0
vt 0 0
vt 0 0
vt 0 0
vt 0 0
vt 0 0
vt 0 0
vt 0 0
vt 0 0
vt 0 0
vt 0 0
vt 0 0
vt 0 0
vt 0 0
vt 0 0
vt 0 0
vt 0 0
vt 0 0
vt 0 0
vt 0 0
vt 0 0
vt 0 0
vt 0 0
vt 0 0
vt 0 0
vt 0 0
vt 0 0
vt 0 0
vt 0 0
vt 0 0
vt 0 0
vt 0 0
vt 0 0
vt 0 0
vt 0 0
vt 0 0
vt 0 0
vt 0 0
vt 0 0
vt 0 0
vt 0 0
vt 0 0
vt 0 0
vt 0 0
vt 0 0
vt 0 0
vt 0 0
vt 0 0
vt 0 0
vt 0 0
vt 0 0
vt 0 0
vt 0 0
vt 0 0
vt 0 0
vt 0 0
vt 0 0
vt 0 0
vt 0 0
vt 0 0
vt 0 0
vt 0 0
vt 0 0
vt 0 0
vt 0 0
vt 0 0
vt 0 0
vt 0 0
vt 0 0
vt 0 0
vt 0 0
vt 0 0
vt 0 0
vt 0 0
vt 0 0
vt 0 0
vt 0 0
vt 0 0
vt 0 0
vt 0 0
vt 0 0
vt 0 0
vt 0 0
vt 0 0
vt 0 0
vt 0 0
vt 0 0
vt 0 0
vt 0 0
vt 0 0
vt 0 0
vt 0 0
vt 0 0
vt 0 0
vt 0 0
vt 0 0
vt 0 0
vt 0 0
vt 0 0
vt 0 0
vt 0 0
vt 0 0
vt 0 0
vt 0 0
vt 0 0
vt 0 0
vt 0 0
vt 0 0
vt 0 0
vt 0 0
vt 0 0
vt 0 0
vt 0 0
vt 0 0
vt 0 0
vt 0 0
vt 0 0
vt 0 0
vt 0 0
vt 0 0
vt 0 0
vt 0 0
vt 0 0
vt 0 0
vt 0 0
vt 0 0
vt 0 0
vt 0 0
vt 0 0
vt 0 0
vt 0 0
vt 0 0
vt 0 0
vt 0 0
vt 0 0
vt 0.87218 0.562008
vt 0.87218 0.562008
vt 0.87218 0.545947
vt 0.87218 0.526344
vt 0.87218 0.532324
vt 0.87218 0.543129
vt 0.87218 0.526344
vt 0.87218 0.519516
vt 0.87218 0.532324
vt 0.87218 0.532324
vt 0.87218 0.519516
vt 0.87218 0.523211
vt 0.87218 0.519516
vt 0.87218 0.514234
vt 0.87218 0.523211
vt 0.87218 0.509776
vt 0.87218 0.520044
vt 0.87218 0.510872
vt 0.87218 0.520044
vt 0.87218 0.523211
vt 0.87218 0.510872
vt 0.87218 0.532324
vt 0.87218 0.545947
vt 0.87218 0.543129
vt 0.87218 0.545947
vt 0.87218 0.562008
vt 0.87218 0.543129
vt 0.87218 0.523211
vt 0.87218 0.514234
vt 0.87218 0.510872
vt 0.882474 0.562008
vt 0.87218 0.562008
vt 0.882474 0.546047
vt 0.87218 0.532324
vt 0.882474 0.532516
vt 0.87218 0.545947
vt 0.882474 0.532516
vt 0.87218 0.532324
vt 0.882474 0.523475
vt 0.87218 0.520044
vt 0.882474 0.520357
vt 0.87218 0.523211
vt 0.882474 0.520357
vt 0.882474 0.523475
vt 0.87218 0.523211
vt 0.87218 0.523211
vt 0.882474 0.523475
vt 0.87218 0.532324
vt 0.882474 0.532516
vt 0.882474 0.546047
vt 0.87218 0.545947
vt 0.882474 0.546047
vt 0.87218 0.562008
vt 0.87218 0.545947
vt 0.882474 0.562008
vt 0.882474 0.562008
vt 0.882474 0.548047
vt 0.882474 0.532516
vt 0.882474 0.53606
vt 0.882474 0.546047
vt 0.882474 0.53606
vt 0.882474 0.532516
vt 0.882474 0.527742
vt 0.882474 0.520357
vt 0.882474 0.524269
vt 0.882474 0.523475
vt 0.882474 0.524269
vt 0.882474 0.527742
vt 0.882474 0.523475
vt 0.882474 0.523475
vt 0.882474 0.527742
vt 0.882474 0.532516
vt 0.882474 0.53606
vt 0.882474 0.548047
vt 0.882474 0.546047
vt 0.882474 0.548047
vt 0.882474 0.562008
vt 0.882474 0.546047
vt 0.876045 0.539854
vt 0.882474 0.542559
vt 0.869618 0.539377
vt 0.876045 0.539854
vt 0.882474 0.540327
vt 0.882474 0.542559
vt 0.882474 0.540327
vt 0.876045 0.539854
vt 0.882474 0.524269
vt 0.876045 0.539854
vt 0.869618 0.539377
vt 0.882474 0.524269
vt 0.87218 0.603344
vt 0.87218 0.606287
vt 0.87218 0.602956
vt 0.87218 0.603344
vt 0.87218 0.606646
vt 0.87218 0.606287
vt 0.87218 0.606287
vt 0.87218 0.605829
vt 0.87218 0.602956
vt 0.87218 0.602956
vt 0.87218 0.605829
vt 0.87218 0.602459
vt 0.87218 0.589818
vt 0.87218 0.596819
vt 0.87218 0.599895
vt 0.87218 0.576713
vt 0.87218 0.575455
vt 0.87218 0.589818
vt 0.87218 0.562008
vt 0.87218 0.562008
vt 0.87218 0.576713
vt 0.87218 0.562008
vt 0.87218 0.575455
vt 0.87218 0.576713
vt 0.87218 0.575455
vt 0.87218 0.587482
vt 0.87218 0.589818
vt 0.87218 0.587482
vt 0.87218 0.596819
vt 0.87218 0.589818
vt 0.87218 0.596819
vt 0.87218 0.602459
vt 0.87218 0.599895
vt 0.87218 0.599895
vt 0.87218 0.602459
vt 0.87218 0.605829
vt 0.87218 0.602956
vt 0.87218 0.602459
vt 0.882474 0.600541
vt 0.87218 0.602956
vt 0.882474 0.600541
vt 0.882474 0.603659
vt 0.87218 0.602956
vt 0.882474 0.603659
vt 0.87218 0.603344
vt 0.87218 0.587482
vt 0.882474 0.5915
vt 0.87218 0.596819
vt 0.882474 0.5915
vt 0.87218 0.587482
vt 0.882474 0.577969
vt 0.87218 0.562008
vt 0.882474 0.562008
vt 0.87218 0.575455
vt 0.882474 0.562008
vt 0.882474 0.577969
vt 0.87218 0.575455
vt 0.87218 0.575455
vt 0.882474 0.577969
vt 0.87218 0.587482
vt 0.882474 0.5915
vt 0.882474 0.600541
vt 0.87218 0.596819
vt 0.87218 0.596819
vt 0.882474 0.600541
vt 0.87218 0.602459
vt 0.882474 0.600541
vt 0.882474 0.599747
vt 0.882474 0.603659
vt 0.882474 0.599747
vt 0.882474 0.600541
vt 0.882474 0.596274
vt 0.882474 0.577969
vt 0.882474 0.587956
vt 0.882474 0.5915
vt 0.882474 0.587956
vt 0.882474 0.577969
vt 0.882474 0.575969
vt 0.882474 0.562008
vt 0.882474 0.575969
vt 0.882474 0.562008
vt 0.882474 0.562008
vt 0.882474 0.575969
vt 0.882474 0.577969
vt 0.882474 0.587956
vt 0.882474 0.596274
vt 0.882474 0.5915
vt 0.882474 0.5915
vt 0.882474 0.596274
vt 0.882474 0.600541
vt 0.806539 0.562008
vt 0.828014 0.545085
vt 0.842741 0.562008
vt 0.806539 0.562008
vt 0.806539 0.547393
vt 0.828014 0.545085
vt 0.806539 0.547393
vt 0.806539 0.535004
vt 0.828014 0.545085
vt 0.828014 0.545085
vt 0.806539 0.535004
vt 0.82801 0.53065
vt 0.828014 0.545085
vt 0.82801 0.53065
vt 0.87218 0.526344
vt 0.828014 0.545085
vt 0.87218 0.526344
vt 0.87218 0.543129
vt 0.828014 0.545085
vt 0.87218 0.543129
vt 0.842741 0.562008
vt 0.806539 0.523819
vt 0.828005 0.521289
vt 0.806539 0.526726
vt 0.806539 0.523819
vt 0.832968 0.517341
vt 0.828005 0.521289
vt 0.87218 0.509776
vt 0.87218 0.510872
vt 0.832968 0.517341
vt 0.832968 0.517341
vt 0.87218 0.510872
vt 0.828005 0.521289
vt 0.87218 0.510872
vt 0.87218 0.514234
vt 0.828005 0.521289
vt 0.87218 0.526344
vt 0.82801 0.53065
vt 0.87218 0.519516
vt 0.87218 0.543129
vt 0.87218 0.562008
vt 0.842741 0.562008
vt 0.806539 0.535004
vt 0.806539 0.526726
vt 0.82801 0.53065
vt 0.87218 0.514234
vt 0.87218 0.519516
vt 0.828005 0.521289
vt 0.87218 0.519516
vt 0.82801 0.53065
vt 0.828005 0.521289
vt 0.82801 0.53065
vt 0.806539 0.526726
vt 0.828005 0.521289
vt 0.882474 0.527742
vt 0.882474 0.524269
vt 0.845745 0.525872
vt 0.882474 0.527742
vt 0.845745 0.525872
vt 0.882474 0.53606
vt 0.882474 0.524269
vt 0.843879 0.521813
vt 0.845745 0.525872
vt 0.806539 0.523819
vt 0.816032 0.525996
vt 0.824991 0.521367
vt 0.806539 0.523819
vt 0.806539 0.526726
vt 0.816032 0.525996
vt 0.806539 0.526726
vt 0.806539 0.535004
vt 0.816032 0.525996
vt 0.816032 0.525996
vt 0.806539 0.535004
vt 0.816103 0.536195
vt 0.816032 0.525996
vt 0.816103 0.536195
vt 0.845832 0.53613
vt 0.816032 0.525996
vt 0.845832 0.53613
vt 0.845745 0.525872
vt 0.816032 0.525996
vt 0.845745 0.525872
vt 0.824991 0.521367
vt 0.806539 0.562008
vt 0.816173 0.550905
vt 0.806539 0.547393
vt 0.806539 0.562008
vt 0.84439 0.562008
vt 0.816173 0.550905
vt 0.816173 0.550905
vt 0.84439 0.562008
vt 0.845918 0.550882
vt 0.816173 0.550905
vt 0.845918 0.550882
vt 0.816103 0.536195
vt 0.816173 0.550905
vt 0.816103 0.536195
vt 0.806539 0.547393
vt 0.84439 0.562008
vt 0.882474 0.562008
vt 0.845918 0.550882
vt 0.882474 0.53606
vt 0.845832 0.53613
vt 0.882474 0.548047
vt 0.845832 0.53613
vt 0.882474 0.53606
vt 0.845745 0.525872
vt 0.882474 0.562008
vt 0.882474 0.548047
vt 0.845918 0.550882
vt 0.843879 0.521813
vt 0.824991 0.521367
vt 0.845745 0.525872
vt 0.882474 0.548047
vt 0.845832 0.53613
vt 0.845918 0.550882
vt 0.806539 0.547393
vt 0.816103 0.536195
vt 0.806539 0.535004
vt 0.845918 0.550882
vt 0.845832 0.53613
vt 0.816103 0.536195
vt 0.87218 0.606646
vt 0.87218 0.603344
vt 0.867681 0.606419
vt 0.806539 0.599602
vt 0.817737 0.603886
vt 0.842761 0.604612
vt 0.806539 0.599602
vt 0.797379 0.599884
vt 0.817737 0.603886
vt 0.797379 0.599884
vt 0.788219 0.600165
vt 0.817737 0.603886
vt 0.817737 0.603886
vt 0.867681 0.606419
vt 0.842761 0.604612
vt 0.842761 0.604612
vt 0.867681 0.606419
vt 0.87218 0.603344
vt 0.817737 0.603886
vt 0.788219 0.600165
vt 0.817737 0.603013
vt 0.788219 0.600165
vt 0.788219 0.599205
vt 0.817737 0.603013
vt 0.806539 0.599602
vt 0.806539 0.598627
vt 0.797379 0.599884
vt 0.806539 0.598627
vt 0.788219 0.599205
vt 0.797379 0.599884
vt 0.788219 0.599205
vt 0.788219 0.600165
vt 0.797379 0.599884
vt 0.87218 0.606646
vt 0.867681 0.606419
vt 0.87218 0.606287
vt 0.867681 0.606419
vt 0.866857 0.606016
vt 0.87218 0.606287
vt 0.87218 0.606287
vt 0.866857 0.606016
vt 0.87218 0.605829
vt 0.842749 0.60375
vt 0.87218 0.599895
vt 0.866172 0.605518
vt 0.87218 0.599895
vt 0.842749 0.60375
vt 0.837465 0.597925
vt 0.87218 0.599895
vt 0.837465 0.597925
vt 0.87218 0.589818
vt 0.842749 0.60375
vt 0.806539 0.598627
vt 0.837465 0.597925
vt 0.806539 0.598627
vt 0.806539 0.593343
vt 0.837465 0.597925
vt 0.806539 0.574049
vt 0.837465 0.585544
vt 0.806539 0.584862
vt 0.837465 0.585544
vt 0.806539 0.574049
vt 0.837465 0.569122
vt 0.837465 0.585544
vt 0.837465 0.569122
vt 0.87218 0.576713
vt 0.837465 0.585544
vt 0.87218 0.576713
vt 0.87218 0.589818
vt 0.837465 0.585544
vt 0.87218 0.589818
vt 0.837465 0.597925
vt 0.837465 0.585544
vt 0.837465 0.597925
vt 0.806539 0.584862
vt 0.806539 0.574049
vt 0.806539 0.562008
vt 0.837465 0.569122
vt 0.806539 0.562008
vt 0.842741 0.562008
vt 0.837465 0.569122
vt 0.842741 0.562008
vt 0.87218 0.562008
vt 0.837465 0.569122
vt 0.87218 0.599895
vt 0.87218 0.605829
vt 0.866172 0.605518
vt 0.866172 0.605518
vt 0.87218 0.605829
vt 0.866857 0.606016
vt 0.837465 0.569122
vt 0.87218 0.562008
vt 0.87218 0.576713
vt 0.806539 0.593343
vt 0.806539 0.584862
vt 0.837465 0.597925
vt 0.866172 0.605518
vt 0.817737 0.603013
vt 0.842749 0.60375
vt 0.788219 0.599205
vt 0.806539 0.598627
vt 0.817737 0.603013
vt 0.806539 0.598627
vt 0.842749 0.60375
vt 0.817737 0.603013
vt 0.867681 0.606419
vt 0.817737 0.603886
vt 0.866857 0.606016
vt 0.817737 0.603886
vt 0.817737 0.603013
vt 0.866857 0.606016
vt 0.817737 0.603013
vt 0.866172 0.605518
vt 0.866857 0.606016
vt 0.882474 0.603659
vt 0.842759 0.604797
vt 0.87218 0.603344
vt 0.842759 0.604797
vt 0.842761 0.604612
vt 0.87218 0.603344
vt 0.842761 0.604612
vt 0.842759 0.604797
vt 0.806539 0.599602
vt 0.806539 0.599602
vt 0.844703 0.600701
vt 0.806539 0.598627
vt 0.882474 0.599747
vt 0.882474 0.596274
vt 0.844703 0.600701
vt 0.844703 0.600701
vt 0.882474 0.596274
vt 0.844379 0.596373
vt 0.844703 0.600701
vt 0.844379 0.596373
vt 0.806539 0.598627
vt 0.882474 0.575969
vt 0.844379 0.585564
vt 0.882474 0.587956
vt 0.844379 0.585564
vt 0.882474 0.575969
vt 0.844379 0.570548
vt 0.844379 0.585564
vt 0.844379 0.570548
vt 0.806539 0.574049
vt 0.844379 0.585564
vt 0.806539 0.574049
vt 0.806539 0.584862
vt 0.844379 0.585564
vt 0.806539 0.584862
vt 0.806539 0.593343
vt 0.844379 0.585564
vt 0.806539 0.593343
vt 0.844379 0.596373
vt 0.844379 0.585564
vt 0.844379 0.596373
vt 0.882474 0.587956
vt 0.882474 0.575969
vt 0.882474 0.562008
vt 0.844379 0.570548
vt 0.882474 0.562008
vt 0.84439 0.562008
vt 0.844379 0.570548
vt 0.84439 0.562008
vt 0.806539 0.562008
vt 0.844379 0.570548
vt 0.806539 0.593343
vt 0.806539 0.598627
vt 0.844379 0.596373
vt 0.882474 0.587956
vt 0.844379 0.596373
vt 0.882474 0.596274
vt 0.806539 0.562008
vt 0.806539 0.574049
vt 0.844379 0.570548
vt 0.832968 0.517341
vt 0.87218 0.509718
vt 0.87218 0.509776
vt 0.193579 0.562008
vt 0.157377 0.562008
vt 0.172104 0.545085
vt 0.193579 0.562008
vt 0.172104 0.545085
vt 0.193579 0.547393
vt 0.193579 0.547393
vt 0.172104 0.545085
vt 0.193579 0.535004
vt 0.172104 0.545085
vt 0.172108 0.53065
vt 0.193579 0.535004
vt 0.172104 0.545085
vt 0.127938 0.526344
vt 0.172108 0.53065
vt 0.172104 0.545085
vt 0.127938 0.543129
vt 0.127938 0.526344
vt 0.172104 0.545085
vt 0.157377 0.562008
vt 0.127938 0.543129
vt 0.193579 0.523819
vt 0.193579 0.526726
vt 0.172113 0.521289
vt 0.193579 0.523819
vt 0.172113 0.521289
vt 0.16715 0.517341
vt 0.127938 0.509776
vt 0.16715 0.517341
vt 0.127938 0.510872
vt 0.16715 0.517341
vt 0.172113 0.521289
vt 0.127938 0.510872
vt 0.127938 0.510872
vt 0.172113 0.521289
vt 0.127938 0.514234
vt 0.127938 0.526344
vt 0.127938 0.519516
vt 0.172108 0.53065
vt 0.157377 0.562008
vt 0.127938 0.562008
vt 0.127938 0.543129
vt 0.193579 0.535004
vt 0.172108 0.53065
vt 0.193579 0.526726
vt 0.127938 0.514234
vt 0.172113 0.521289
vt 0.127938 0.519516
vt 0.127938 0.519516
vt 0.172113 0.521289
vt 0.172108 0.53065
vt 0.172108 0.53065
vt 0.172113 0.521289
vt 0.193579 0.526726
vt 0.117644 0.527742
vt 0.154373 0.525872
vt 0.117644 0.524269
vt 0.117644 0.527742
vt 0.117644 0.53606
vt 0.154373 0.525872
vt 0.117644 0.524269
vt 0.154373 0.525872
vt 0.156239 0.521813
vt 0.193579 0.523819
vt 0.175127 0.521367
vt 0.184086 0.525996
vt 0.193579 0.523819
vt 0.184086 0.525996
vt 0.193579 0.526726
vt 0.193579 0.526726
vt 0.184086 0.525996
vt 0.193579 0.535004
vt 0.184086 0.525996
vt 0.184015 0.536195
vt 0.193579 0.535004
vt 0.184086 0.525996
vt 0.154287 0.53613
vt 0.184015 0.536195
vt 0.184086 0.525996
vt 0.154373 0.525872
vt 0.154287 0.53613
vt 0.184086 0.525996
vt 0.175127 0.521367
vt 0.154373 0.525872
vt 0.193579 0.562008
vt 0.193579 0.547393
vt 0.183945 0.550905
vt 0.193579 0.562008
vt 0.183945 0.550905
vt 0.155728 0.562008
vt 0.183945 0.550905
vt 0.1542 0.550882
vt 0.155728 0.562008
vt 0.183945 0.550905
vt 0.184015 0.536195
vt 0.1542 0.550882
vt 0.183945 0.550905
vt 0.193579 0.547393
vt 0.184015 0.536195
vt 0.155728 0.562008
vt 0.1542 0.550882
vt 0.117644 0.562008
vt 0.117644 0.53606
vt 0.117644 0.548047
vt 0.154287 0.53613
vt 0.154287 0.53613
vt 0.154373 0.525872
vt 0.117644 0.53606
vt 0.117644 0.562008
vt 0.1542 0.550882
vt 0.117644 0.548047
vt 0.156239 0.521813
vt 0.154373 0.525872
vt 0.175127 0.521367
vt 0.117644 0.548047
vt 0.1542 0.550882
vt 0.154287 0.53613
vt 0.193579 0.547393
vt 0.193579 0.535004
vt 0.184015 0.536195
vt 0.1542 0.550882
vt 0.184015 0.536195
vt 0.154287 0.53613
vt 0.127938 0.606646
vt 0.132437 0.606419
vt 0.127938 0.603344
vt 0.193579 0.599602
vt 0.157357 0.604612
vt 0.182381 0.603886
vt 0.193579 0.599602
vt 0.182381 0.603886
vt 0.202739 0.599884
vt 0.202739 0.599884
vt 0.182381 0.603886
vt 0.211899 0.600165
vt 0.182381 0.603886
vt 0.157357 0.604612
vt 0.132437 0.606419
vt 0.157357 0.604612
vt 0.127938 0.603344
vt 0.132437 0.606419
vt 0.182381 0.603886
vt 0.182381 0.603013
vt 0.211899 0.600165
vt 0.211899 0.600165
vt 0.182381 0.603013
vt 0.211899 0.599205
vt 0.193579 0.599602
vt 0.202739 0.599884
vt 0.193579 0.598627
vt 0.193579 0.598627
vt 0.202739 0.599884
vt 0.211899 0.599205
vt 0.211899 0.599205
vt 0.202739 0.599884
vt 0.211899 0.600165
vt 0.127938 0.606646
vt 0.127938 0.606287
vt 0.132437 0.606419
vt 0.132437 0.606419
vt 0.127938 0.606287
vt 0.133261 0.606016
vt 0.127938 0.606287
vt 0.127938 0.605829
vt 0.133261 0.606016
vt 0.157369 0.60375
vt 0.133946 0.605518
vt 0.127938 0.599895
vt 0.127938 0.599895
vt 0.162653 0.597925
vt 0.157369 0.60375
vt 0.127938 0.599895
vt 0.127938 0.589818
vt 0.162653 0.597925
vt 0.157369 0.60375
vt 0.162653 0.597925
vt 0.193579 0.598627
vt 0.193579 0.598627
vt 0.162653 0.597925
vt 0.193579 0.593343
vt 0.193579 0.574049
vt 0.193579 0.584862
vt 0.162653 0.585544
vt 0.162653 0.585544
vt 0.162653 0.569122
vt 0.193579 0.574049
vt 0.162653 0.585544
vt 0.127938 0.576713
vt 0.162653 0.569122
vt 0.162653 0.585544
vt 0.127938 0.589818
vt 0.127938 0.576713
vt 0.162653 0.585544
vt 0.162653 0.597925
vt 0.127938 0.589818
vt 0.162653 0.585544
vt 0.193579 0.584862
vt 0.162653 0.597925
vt 0.193579 0.574049
vt 0.162653 0.569122
vt 0.193579 0.562008
vt 0.193579 0.562008
vt 0.162653 0.569122
vt 0.157377 0.562008
vt 0.162653 0.569122
vt 0.127938 0.562008
vt 0.157377 0.562008
vt 0.127938 0.599895
vt 0.133946 0.605518
vt 0.127938 0.605829
vt 0.133946 0.605518
vt 0.133261 0.606016
vt 0.127938 0.605829
vt 0.127938 0.576713
vt 0.127938 0.562008
vt 0.162653 0.569122
vt 0.193579 0.593343
vt 0.162653 0.597925
vt 0.193579 0.584862
vt 0.133946 0.605518
vt 0.157369 0.60375
vt 0.182381 0.603013
vt 0.211899 0.599205
vt 0.182381 0.603013
vt 0.193579 0.598627
vt 0.193579 0.598627
vt 0.182381 0.603013
vt 0.157369 0.60375
vt 0.132437 0.606419
vt 0.133261 0.606016
vt 0.182381 0.603886
vt 0.182381 0.603886
vt 0.133261 0.606016
vt 0.182381 0.603013
vt 0.182381 0.603013
vt 0.133261 0.606016
vt 0.133946 0.605518
vt 0.117644 0.603659
vt 0.127938 0.603344
vt 0.157358 0.604797
vt 0.157358 0.604797
vt 0.127938 0.603344
vt 0.157357 0.604612
vt 0.157357 0.604612
vt 0.193579 0.599602
vt 0.157358 0.604797
vt 0.193579 0.599602
vt 0.193579 0.598627
vt 0.155415 0.600701
vt 0.117644 0.599747
vt 0.155415 0.600701
vt 0.117644 0.596274
vt 0.155415 0.600701
vt 0.155739 0.596373
vt 0.117644 0.596274
vt 0.155415 0.600701
vt 0.193579 0.598627
vt 0.155739 0.596373
vt 0.117644 0.575969
vt 0.117644 0.587956
vt 0.155739 0.585564
vt 0.155739 0.585564
vt 0.155739 0.570548
vt 0.117644 0.575969
vt 0.155739 0.585564
vt 0.193579 0.574049
vt 0.155739 0.570548
vt 0.155739 0.585564
vt 0.193579 0.584862
vt 0.193579 0.574049
vt 0.155739 0.585564
vt 0.193579 0.593343
vt 0.193579 0.584862
vt 0.155739 0.585564
vt 0.155739 0.596373
vt 0.193579 0.593343
vt 0.155739 0.585564
vt 0.117644 0.587956
vt 0.155739 0.596373
vt 0.117644 0.575969
vt 0.155739 0.570548
vt 0.117644 0.562008
vt 0.117644 0.562008
vt 0.155739 0.570548
vt 0.155728 0.562008
vt 0.155728 0.562008
vt 0.155739 0.570548
vt 0.193579 0.562008
vt 0.193579 0.593343
vt 0.155739 0.596373
vt 0.193579 0.598627
vt 0.117644 0.587956
vt 0.117644 0.596274
vt 0.155739 0.596373
vt 0.193579 0.562008
vt 0.155739 0.570548
vt 0.193579 0.574049
vt 0.16715 0.517341
vt 0.127938 0.509776
vt 0.127938 0.509718
vt 0.127938 0.562008
vt 0.127938 0.545947
vt 0.127938 0.562008
vt 0.127938 0.526344
vt 0.127938 0.543129
vt 0.127938 0.532324
vt 0.127938 0.526344
vt 0.127938 0.532324
vt 0.127938 0.519516
vt 0.127938 0.532324
vt 0.127938 0.523211
vt 0.127938 0.519516
vt 0.127938 0.519516
vt 0.127938 0.523211
vt 0.127938 0.514234
vt 0.127938 0.509776
vt 0.127938 0.510872
vt 0.127938 0.520044
vt 0.127938 0.520044
vt 0.127938 0.510872
vt 0.127938 0.523211
vt 0.127938 0.532324
vt 0.127938 0.543129
vt 0.127938 0.545947
vt 0.127938 0.545947
vt 0.127938 0.543129
vt 0.127938 0.562008
vt 0.127938 0.523211
vt 0.127938 0.510872
vt 0.127938 0.514234
vt 0.117644 0.546047
vt 0.127938 0.562008
vt 0.117644 0.562008
vt 0.127938 0.532324
vt 0.127938 0.545947
vt 0.117644 0.532516
vt 0.117644 0.532516
vt 0.117644 0.523475
vt 0.127938 0.532324
vt 0.127938 0.520044
vt 0.127938 0.523211
vt 0.117644 0.520357
vt 0.117644 0.520357
vt 0.127938 0.523211
vt 0.117644 0.523475
vt 0.127938 0.523211
vt 0.127938 0.532324
vt 0.117644 0.523475
vt 0.117644 0.532516
vt 0.127938 0.545947
vt 0.117644 0.546047
vt 0.127938 0.545947
vt 0.127938 0.562008
vt 0.117644 0.546047
vt 0.117644 0.562008
vt 0.117644 0.548047
vt 0.117644 0.562008
vt 0.117644 0.532516
vt 0.117644 0.546047
vt 0.117644 0.53606
vt 0.117644 0.53606
vt 0.117644 0.527742
vt 0.117644 0.532516
vt 0.117644 0.520357
vt 0.117644 0.523475
vt 0.117644 0.524269
vt 0.117644 0.524269
vt 0.117644 0.523475
vt 0.117644 0.527742
vt 0.117644 0.523475
vt 0.117644 0.532516
vt 0.117644 0.527742
vt 0.117644 0.53606
vt 0.117644 0.546047
vt 0.117644 0.548047
vt 0.117644 0.548047
vt 0.117644 0.546047
vt 0.117644 0.562008
vt 0.124073 0.539854
vt 0.1305 0.539377
vt 0.117644 0.542559
vt 0.124073 0.539854
vt 0.117644 0.542559
vt 0.117644 0.540327
vt 0.117644 0.540327
vt 0.117644 0.524269
vt 0.124073 0.539854
vt 0.124073 0.539854
vt 0.117644 0.524269
vt 0.1305 0.539377
vt 0.127938 0.603344
vt 0.127938 0.602956
vt 0.127938 0.606287
vt 0.127938 0.603344
vt 0.127938 0.606287
vt 0.127938 0.606646
vt 0.127938 0.606287
vt 0.127938 0.602956
vt 0.127938 0.605829
vt 0.127938 0.602956
vt 0.127938 0.602459
vt 0.127938 0.605829
vt 0.127938 0.589818
vt 0.127938 0.599895
vt 0.127938 0.596819
vt 0.127938 0.576713
vt 0.127938 0.589818
vt 0.127938 0.575455
vt 0.127938 0.576713
vt 0.127938 0.562008
vt 0.127938 0.562008
vt 0.127938 0.562008
vt 0.127938 0.576713
vt 0.127938 0.575455
vt 0.127938 0.575455
vt 0.127938 0.589818
vt 0.127938 0.587482
vt 0.127938 0.587482
vt 0.127938 0.589818
vt 0.127938 0.596819
vt 0.127938 0.596819
vt 0.127938 0.599895
vt 0.127938 0.602459
vt 0.127938 0.599895
vt 0.127938 0.605829
vt 0.127938 0.602459
vt 0.127938 0.602956
vt 0.117644 0.600541
vt 0.127938 0.602459
vt 0.127938 0.602956
vt 0.117644 0.603659
vt 0.117644 0.600541
vt 0.127938 0.602956
vt 0.127938 0.603344
vt 0.117644 0.603659
vt 0.127938 0.587482
vt 0.127938 0.596819
vt 0.117644 0.5915
vt 0.117644 0.5915
vt 0.117644 0.577969
vt 0.127938 0.587482
vt 0.127938 0.562008
vt 0.127938 0.575455
vt 0.117644 0.562008
vt 0.117644 0.562008
vt 0.127938 0.575455
vt 0.117644 0.577969
vt 0.127938 0.575455
vt 0.127938 0.587482
vt 0.117644 0.577969
vt 0.117644 0.5915
vt 0.127938 0.596819
vt 0.117644 0.600541
vt 0.127938 0.596819
vt 0.127938 0.602459
vt 0.117644 0.600541
vt 0.117644 0.600541
vt 0.117644 0.603659
vt 0.117644 0.599747
vt 0.117644 0.599747
vt 0.117644 0.596274
vt 0.117644 0.600541
vt 0.117644 0.577969
vt 0.117644 0.5915
vt 0.117644 0.587956
vt 0.117644 0.587956
vt 0.117644 0.575969
vt 0.117644 0.577969
vt 0.117644 0.562008
vt 0.117644 0.562008
vt 0.117644 0.575969
vt 0.117644 0.562008
vt 0.117644 0.577969
vt 0.117644 0.575969
vt 0.117644 0.587956
vt 0.117644 0.5915
vt 0.117644 0.596274
vt 0.117644 0.5915
vt 0.117644 0.600541
vt 0.117644 0.596274
g Core
f 2/1 3/2 4/3
f 4/4 3/5 5/6
f 6/7 1/8 4/9
f 4/10 1/11 2/12
f 8/13 7/14 9/15
f 8/16 9/17 10/18
f 12/19 11/20 13/21
f 15/22 14/23 11/24
f 17/25 16/26 15/27
f 18/28 17/29 15/30
f 18/31 15/32 11/33
f 19/34 18/35 11/36
f 10/37 12/38 13/39
f 10/40 13/41 8/42
f 11/43 12/44 19/45
f 20/46 7/47 8/48
f 21/49 20/50 8/51
f 21/52 8/53 13/54
f 11/55 22/56 23/57
f 25/58 24/59 22/60
f 14/61 25/62 22/63
f 11/64 14/65 22/66
f 13/67 11/68 23/69
f 13/70 23/71 21/72
f 26/73 6/74 15/75
f 16/76 26/77 15/78
f 27/79 4/80 5/81
f 28/82 6/83 4/84
f 14/85 15/86 6/87
f 25/88 14/89 6/90
f 24/91 25/92 6/93
f 28/94 24/95 6/96
f 29/97 28/98 4/99
f 27/100 29/101 4/102
f 30/103 27/104 5/105
f 31/106 30/107 5/108
f 6/109 26/110 32/111
f 1/112 6/113 32/114
f 33/115 20/116 21/117
f 34/118 33/119 21/120
f 34/121 21/122 35/123
f 35/124 21/125 23/126
f 36/127 34/128 35/129
f 35/130 37/131 38/132
f 39/133 35/134 23/135
f 39/136 23/137 22/138
f 30/139 31/140 40/141
f 27/142 30/143 40/144
f 29/145 27/146 40/147
f 28/148 29/149 40/150
f 24/151 28/152 40/153
f 22/154 24/155 40/156
f 22/157 40/158 39/159
f 35/160 38/161 36/162
f 42/163 41/164 43/165
f 43/166 41/167 44/168
f 44/169 41/170 45/171
f 44/172 46/173 47/174
f 45/175 46/176 44/177
f 44/178 47/179 43/180
f 43/181 47/182 42/183
f 48/184 47/185 46/186
f 49/187 42/188 47/189
f 51/190 50/191 49/192
f 52/193 50/194 51/195
f 53/196 51/197 49/198
f 53/199 49/200 47/201
f 54/202 48/203 46/204
f 55/205 54/206 46/207
f 56/208 55/209 46/210
f 57/211 56/212 46/213
f 58/214 57/215 46/216
f 47/217 48/218 53/219
f 59/220 41/221 42/222
f 49/223 59/224 42/225
f 7/226 20/227 60/228
f 61/229 7/230 60/231
f 61/232 60/233 62/234
f 64/235 63/236 65/237
f 56/238 57/239 63/240
f 64/241 56/242 63/243
f 62/244 64/245 65/246
f 62/247 65/248 61/249
f 7/250 61/251 66/252
f 66/253 61/254 67/255
f 67/256 61/257 65/258
f 9/259 7/260 66/261
f 67/262 68/263 69/264
f 71/265 70/266 68/267
f 70/268 71/269 72/270
f 72/271 71/272 63/273
f 63/274 71/275 65/276
f 65/277 71/278 73/279
f 73/280 71/281 68/282
f 74/283 70/284 72/285
f 63/286 57/287 58/288
f 65/289 73/290 67/291
f 67/292 73/293 68/294
f 58/295 74/296 72/297
f 69/298 9/299 66/300
f 67/301 69/302 66/303
f 63/304 58/305 72/306
f 49/307 50/308 75/309
f 59/310 49/311 75/312
f 76/313 52/314 51/315
f 78/316 77/317 76/318
f 80/319 79/320 77/321
f 81/322 37/323 79/324
f 81/325 79/326 82/327
f 82/328 79/329 80/330
f 33/331 81/332 82/333
f 60/334 83/335 84/336
f 85/337 83/338 60/339
f 20/340 85/341 60/342
f 80/343 62/344 60/345
f 78/346 64/347 62/348
f 55/349 56/350 64/351
f 54/352 55/353 64/354
f 48/355 54/356 64/357
f 53/358 48/359 64/360
f 53/361 64/362 86/363
f 86/364 64/365 78/366
f 82/367 80/368 60/369
f 77/370 78/371 87/372
f 87/373 78/374 62/375
f 80/376 77/377 87/378
f 86/379 78/380 76/381
f 76/382 51/383 86/384
f 86/385 51/386 53/387
f 62/388 80/389 87/390
f 84/391 33/392 82/393
f 60/394 84/395 82/396
f 91/397 58/398 92/399
f 58/400 93/401 92/402
f 58/403 74/404 93/405
f 94/406 96/407 95/408
f 94/409 95/410 97/411
f 97/412 95/413 98/414
f 98/415 95/416 99/417
f 99/418 95/419 100/420
f 95/421 93/422 100/423
f 95/424 96/425 93/426
f 100/427 93/428 101/429
f 101/430 93/431 74/432
f 92/433 93/434 96/435
f 91/436 92/437 102/438
f 102/439 92/440 103/441
f 92/442 96/443 103/444
f 104/445 105/446 94/447
f 106/448 104/449 97/450
f 97/451 104/452 94/453
f 94/454 105/455 96/456
f 105/457 103/458 96/459
f 102/460 103/461 107/462
f 103/463 108/464 107/465
f 103/466 105/467 108/468
f 107/469 108/470 109/471
f 111/472 108/473 110/474
f 111/475 109/476 108/477
f 112/478 114/479 113/480
f 112/481 113/482 115/483
f 115/484 113/485 116/486
f 113/487 104/488 116/489
f 113/490 105/491 104/492
f 113/493 108/494 105/495
f 113/496 114/497 108/498
f 116/499 104/500 117/501
f 117/502 104/503 118/504
f 106/505 119/506 104/507
f 110/508 108/509 114/510
f 119/511 118/512 104/513
f 90/514 46/515 102/516
f 90/517 102/518 89/519
f 88/520 89/521 109/522
f 111/523 88/524 109/525
f 109/526 89/527 107/528
f 107/529 89/530 102/531
f 102/532 46/533 91/534
f 91/535 46/536 58/537
f 120/538 123/539 121/540
f 124/541 122/542 123/543
f 123/544 122/545 121/546
f 123/547 125/548 124/549
f 124/550 125/551 126/552
f 125/553 123/554 127/555
f 127/556 123/557 128/558
f 128/559 123/560 129/561
f 123/562 130/563 129/564
f 129/565 130/566 131/567
f 131/568 130/569 132/570
f 133/571 135/572 134/573
f 134/574 135/575 130/576
f 135/577 132/578 130/579
f 120/580 136/581 123/582
f 134/583 130/584 137/585
f 137/586 130/587 136/588
f 130/589 123/590 136/591
f 133/592 138/593 135/594
f 135/595 138/596 132/597
f 138/598 139/599 132/600
f 138/601 140/602 139/603
f 129/604 131/605 141/606
f 131/607 139/608 141/609
f 131/610 132/611 139/612
f 142/613 144/614 143/615
f 106/616 142/617 116/618
f 142/619 143/620 116/621
f 116/622 143/623 115/624
f 115/625 143/626 145/627
f 141/628 139/629 144/630
f 145/631 143/632 140/633
f 143/634 139/635 140/636
f 143/637 144/638 139/639
f 129/640 141/641 128/642
f 128/643 141/644 127/645
f 127/646 141/647 146/648
f 141/649 144/650 146/651
f 147/652 148/653 142/654
f 97/655 147/656 106/657
f 106/658 147/659 142/660
f 142/661 148/662 144/663
f 148/664 146/665 144/666
f 126/667 125/668 149/669
f 149/670 125/671 150/672
f 150/673 125/674 151/675
f 125/676 152/677 151/678
f 125/679 146/680 152/681
f 125/682 127/683 146/684
f 151/685 152/686 153/687
f 98/688 155/689 154/690
f 98/691 154/692 97/693
f 97/694 154/695 147/696
f 154/697 152/698 147/699
f 154/700 155/701 152/702
f 147/703 152/704 148/705
f 153/706 152/707 155/708
f 148/709 152/710 146/711
g Intake
f 171/712 160/713 170/714
f 157/715 169/716 159/717
f 169/718 157/719 168/720
f 157/721 158/722 168/723
f 169/724 170/725 159/726
f 159/727 170/728 160/729
f 172/730 165/731 173/732
f 164/733 174/734 166/735
f 174/736 164/737 175/738
f 163/739 176/740 162/741
f 176/742 163/743 177/744
f 160/745 171/746 161/747
f 171/748 177/749 161/750
f 161/751 177/752 163/753
f 176/754 175/755 162/756
f 162/757 175/758 164/759
f 174/760 173/761 166/762
f 166/763 173/764 165/765
f 158/766 156/767 168/768
f 168/769 156/770 178/771
f 178/772 156/773 167/774
f 191/775 190/776 182/777
f 179/778 181/779 189/780
f 189/781 188/782 179/783
f 179/784 188/785 180/786
f 189/787 181/788 190/789
f 181/790 182/791 190/792
f 172/793 192/794 165/795
f 186/796 187/797 193/798
f 193/799 194/800 186/801
f 185/802 184/803 195/804
f 195/805 196/806 185/807
f 182/808 183/809 191/810
f 191/811 183/812 196/813
f 183/814 185/815 196/816
f 195/817 184/818 194/819
f 184/820 186/821 194/822
f 193/823 187/824 192/825
f 187/826 165/827 192/828
f 188/829 156/830 180/831
f 197/832 156/833 188/834
f 167/835 156/836 197/837
f 214/838 156/839 215/840
f 214/841 215/842 216/843
f 214/844 216/845 217/846
f 157/847 218/848 158/849
f 218/850 157/851 219/852
f 218/853 219/854 220/855
f 218/856 220/857 221/858
f 218/859 221/860 215/861
f 218/862 215/863 158/864
f 157/865 159/866 219/867
f 159/868 160/869 219/870
f 222/871 220/872 223/873
f 220/874 222/875 224/876
f 220/877 224/878 221/879
f 225/880 226/881 227/882
f 226/883 225/884 228/885
f 226/886 228/887 229/888
f 226/889 229/890 230/891
f 226/892 230/893 224/894
f 226/895 224/896 227/897
f 231/898 232/899 233/900
f 231/901 234/902 232/903
f 234/904 235/905 232/906
f 232/907 235/908 236/909
f 232/910 236/911 237/912
f 232/913 237/914 238/915
f 232/916 238/917 228/918
f 232/919 228/920 233/921
f 242/922 243/923 244/924
f 242/925 245/926 243/927
f 243/928 245/929 246/930
f 243/931 246/932 237/933
f 243/934 237/935 239/936
f 243/937 239/938 241/939
f 243/940 241/941 244/942
f 245/943 247/944 246/945
f 248/946 249/947 250/948
f 249/949 248/950 251/951
f 249/952 251/953 229/954
f 249/955 229/956 238/957
f 249/958 238/959 246/960
f 249/961 246/962 250/963
f 248/964 217/965 251/966
f 215/967 221/968 216/969
f 251/970 216/971 230/972
f 251/973 230/974 229/975
f 247/976 250/977 246/978
f 237/979 246/980 238/981
f 240/982 244/983 241/984
f 224/985 230/986 221/987
f 216/988 221/989 230/990
f 228/991 238/992 229/993
f 156/994 158/995 215/996
f 217/997 216/998 251/999
f 236/1000 239/1001 237/1002
f 223/1003 220/1004 219/1005
f 223/1006 219/1007 160/1008
f 227/1009 224/1010 222/1011
f 233/1012 228/1013 225/1014
f 252/1015 253/1016 254/1017
f 255/1018 235/1019 257/1020
f 255/1021 257/1022 256/1023
f 231/1024 258/1025 234/1026
f 258/1027 231/1028 259/1029
f 258/1030 259/1031 260/1032
f 258/1033 260/1034 261/1035
f 258/1036 261/1037 262/1038
f 258/1039 262/1040 234/1041
f 231/1042 233/1043 259/1044
f 227/1045 263/1046 225/1047
f 263/1048 227/1049 264/1050
f 263/1051 264/1052 265/1053
f 263/1054 265/1055 266/1056
f 263/1057 266/1058 259/1059
f 263/1060 259/1061 225/1062
f 222/1063 161/1064 264/1065
f 222/1066 264/1067 227/1068
f 162/1069 267/1070 163/1071
f 267/1072 162/1073 268/1074
f 267/1075 268/1076 269/1077
f 267/1078 269/1079 265/1080
f 267/1081 265/1082 264/1083
f 267/1084 264/1085 163/1086
f 162/1087 164/1088 268/1089
f 165/1090 270/1091 166/1092
f 271/1093 272/1094 270/1095
f 273/1096 274/1097 271/1098
f 274/1099 273/1100 275/1101
f 274/1102 275/1103 276/1104
f 274/1105 276/1106 277/1107
f 274/1108 277/1109 278/1110
f 274/1111 278/1112 271/1113
f 273/1114 279/1115 275/1116
f 279/1117 280/1118 275/1119
f 254/1120 253/1121 281/1122
f 280/1123 281/1124 275/1125
f 253/1126 282/1127 283/1128
f 253/1129 283/1130 275/1131
f 253/1132 275/1133 281/1134
f 276/1135 275/1136 283/1137
f 276/1138 283/1139 261/1140
f 276/1141 261/1142 260/1143
f 276/1144 260/1145 277/1146
f 272/1147 271/1148 284/1149
f 272/1150 284/1151 269/1152
f 272/1153 269/1154 268/1155
f 272/1156 268/1157 285/1158
f 272/1159 285/1160 270/1161
f 284/1162 278/1163 286/1164
f 284/1165 286/1166 269/1167
f 166/1168 270/1169 285/1170
f 166/1171 285/1172 268/1173
f 166/1174 268/1175 164/1176
f 284/1177 271/1178 278/1179
f 283/1180 282/1181 287/1182
f 283/1183 287/1184 261/1185
f 262/1186 261/1187 287/1188
f 262/1189 287/1190 257/1191
f 262/1192 257/1193 234/1194
f 257/1195 287/1196 256/1197
f 260/1198 266/1199 277/1200
f 269/1201 286/1202 265/1203
f 266/1204 260/1205 259/1206
f 266/1207 265/1208 286/1209
f 266/1210 286/1211 277/1212
f 278/1213 277/1214 286/1215
f 256/1216 287/1217 282/1218
f 234/1219 257/1220 235/1221
f 233/1222 225/1223 259/1224
f 161/1225 163/1226 264/1227
f 161/1228 222/1229 223/1230
f 161/1231 223/1232 160/1233
f 288/1234 156/1235 214/1236
f 214/1237 289/1238 288/1239
f 214/1240 217/1241 289/1242
f 179/1243 180/1244 290/1245
f 290/1246 291/1247 179/1248
f 290/1249 292/1250 291/1251
f 290/1252 293/1253 292/1254
f 290/1255 288/1256 293/1257
f 290/1258 180/1259 288/1260
f 179/1261 291/1262 181/1263
f 181/1264 291/1265 182/1266
f 294/1267 295/1268 292/1269
f 292/1270 296/1271 294/1272
f 292/1273 293/1274 296/1275
f 297/1276 299/1277 298/1278
f 298/1279 300/1280 297/1281
f 298/1282 301/1283 300/1284
f 298/1285 302/1286 301/1287
f 298/1288 296/1289 302/1290
f 298/1291 299/1292 296/1293
f 303/1294 305/1295 304/1296
f 303/1297 304/1298 306/1299
f 306/1300 304/1301 307/1302
f 304/1303 308/1304 307/1305
f 304/1306 309/1307 308/1308
f 304/1309 310/1310 309/1311
f 304/1312 300/1313 310/1314
f 304/1315 305/1316 300/1317
f 242/1318 244/1319 313/1320
f 242/1321 313/1322 245/1323
f 313/1324 314/1325 245/1326
f 313/1327 309/1328 314/1329
f 313/1330 311/1331 309/1332
f 313/1333 312/1334 311/1335
f 313/1336 244/1337 312/1338
f 245/1339 314/1340 247/1341
f 248/1342 250/1343 315/1344
f 315/1345 316/1346 248/1347
f 315/1348 301/1349 316/1350
f 315/1351 310/1352 301/1353
f 315/1354 314/1355 310/1356
f 315/1357 250/1358 314/1359
f 248/1360 316/1361 217/1362
f 288/1363 289/1364 293/1365
f 316/1366 302/1367 289/1368
f 316/1369 301/1370 302/1371
f 247/1372 314/1373 250/1374
f 309/1375 310/1376 314/1377
f 240/1378 312/1379 244/1380
f 296/1381 293/1382 302/1383
f 289/1384 302/1385 293/1386
f 300/1387 301/1388 310/1389
f 156/1390 288/1391 180/1392
f 217/1393 316/1394 289/1395
f 308/1396 309/1397 311/1398
f 295/1399 291/1400 292/1401
f 295/1402 182/1403 291/1404
f 299/1405 294/1406 296/1407
f 305/1408 297/1409 300/1410
f 252/1411 254/1412 317/1413
f 318/1414 320/1415 307/1416
f 318/1417 319/1418 320/1419
f 303/1420 306/1421 321/1422
f 321/1423 322/1424 303/1425
f 321/1426 323/1427 322/1428
f 321/1429 324/1430 323/1431
f 321/1432 325/1433 324/1434
f 321/1435 306/1436 325/1437
f 303/1438 322/1439 305/1440
f 299/1441 297/1442 326/1443
f 326/1444 327/1445 299/1446
f 326/1447 328/1448 327/1449
f 326/1450 329/1451 328/1452
f 326/1453 322/1454 329/1455
f 326/1456 297/1457 322/1458
f 294/1459 327/1460 183/1461
f 294/1462 299/1463 327/1464
f 184/1465 185/1466 330/1467
f 330/1468 331/1469 184/1470
f 330/1471 332/1472 331/1473
f 330/1474 328/1475 332/1476
f 330/1477 327/1478 328/1479
f 330/1480 185/1481 327/1482
f 184/1483 331/1484 186/1485
f 165/1486 187/1487 270/1488
f 271/1489 270/1490 333/1491
f 273/1492 271/1493 334/1494
f 334/1495 335/1496 273/1497
f 334/1498 336/1499 335/1500
f 334/1501 337/1502 336/1503
f 334/1504 338/1505 337/1506
f 334/1507 271/1508 338/1509
f 273/1510 335/1511 279/1512
f 279/1513 335/1514 280/1515
f 254/1516 281/1517 317/1518
f 280/1519 335/1520 281/1521
f 317/1522 340/1523 339/1524
f 317/1525 335/1526 340/1527
f 317/1528 281/1529 335/1530
f 336/1531 340/1532 335/1533
f 336/1534 324/1535 340/1536
f 336/1537 323/1538 324/1539
f 336/1540 337/1541 323/1542
f 333/1543 341/1544 271/1545
f 333/1546 332/1547 341/1548
f 333/1549 331/1550 332/1551
f 333/1552 342/1553 331/1554
f 333/1555 270/1556 342/1557
f 341/1558 343/1559 338/1560
f 341/1561 332/1562 343/1563
f 187/1564 342/1565 270/1566
f 187/1567 331/1568 342/1569
f 187/1570 186/1571 331/1572
f 341/1573 338/1574 271/1575
f 340/1576 344/1577 339/1578
f 340/1579 324/1580 344/1581
f 325/1582 344/1583 324/1584
f 325/1585 320/1586 344/1587
f 325/1588 306/1589 320/1590
f 320/1591 319/1592 344/1593
f 323/1594 337/1595 329/1596
f 332/1597 328/1598 343/1599
f 329/1600 322/1601 323/1602
f 329/1603 343/1604 328/1605
f 329/1606 337/1607 343/1608
f 338/1609 343/1610 337/1611
f 319/1612 339/1613 344/1614
f 306/1615 307/1616 320/1617
f 305/1618 322/1619 297/1620
f 183/1621 327/1622 185/1623
f 183/1624 295/1625 294/1626
f 183/1627 182/1628 295/1629
f 345/1630 346/1631 167/1632
f 347/1633 169/1634 348/1635
f 169/1636 347/1637 170/1638
f 171/1639 170/1640 349/1641
f 349/1642 170/1643 347/1644
f 169/1645 168/1646 348/1647
f 348/1648 168/1649 346/1650
f 354/1651 198/1652 353/1653
f 200/1654 352/1655 199/1656
f 352/1657 200/1658 351/1659
f 202/1660 350/1661 201/1662
f 350/1663 351/1664 201/1665
f 201/1666 351/1667 200/1668
f 352/1669 353/1670 199/1671
f 353/1672 198/1673 199/1674
f 349/1675 355/1676 171/1677
f 171/1678 355/1679 177/1680
f 356/1681 175/1682 357/1683
f 358/1684 173/1685 356/1686
f 358/1687 172/1688 173/1689
f 173/1690 174/1691 356/1692
f 174/1693 175/1694 356/1695
f 175/1696 176/1697 357/1698
f 176/1699 177/1700 357/1701
f 357/1702 177/1703 355/1704
f 359/1705 360/1706 203/1707
f 203/1708 360/1709 204/1710
f 362/1711 212/1712 361/1713
f 212/1714 362/1715 205/1716
f 202/1717 205/1718 350/1719
f 350/1720 205/1721 362/1722
f 212/1723 204/1724 361/1725
f 361/1726 204/1727 360/1728
f 346/1729 168/1730 178/1731
f 346/1732 178/1733 167/1734
f 345/1735 167/1736 363/1737
f 364/1738 365/1739 189/1740
f 189/1741 190/1742 364/1743
f 191/1744 366/1745 190/1746
f 366/1747 364/1748 190/1749
f 189/1750 365/1751 188/1752
f 365/1753 363/1754 188/1755
f 354/1756 370/1757 198/1758
f 207/1759 206/1760 369/1761
f 369/1762 368/1763 207/1764
f 209/1765 208/1766 367/1767
f 367/1768 208/1769 368/1770
f 208/1771 207/1772 368/1773
f 369/1774 206/1775 370/1776
f 370/1777 206/1778 198/1779
f 366/1780 191/1781 371/1782
f 191/1783 196/1784 371/1785
f 372/1786 373/1787 194/1788
f 358/1789 372/1790 192/1791
f 358/1792 192/1793 172/1794
f 192/1795 372/1796 193/1797
f 193/1798 372/1799 194/1800
f 194/1801 373/1802 195/1803
f 195/1804 373/1805 196/1806
f 373/1807 371/1808 196/1809
f 359/1810 203/1811 374/1812
f 203/1813 210/1814 374/1815
f 376/1816 375/1817 213/1818
f 211/1819 376/1820 213/1821
f 209/1822 367/1823 211/1824
f 367/1825 376/1826 211/1827
f 213/1828 375/1829 210/1830
f 375/1831 374/1832 210/1833
f 363/1834 197/1835 188/1836
f 363/1837 167/1838 197/1839
f 349/1840 347/1841 350/1842
f 350/1843 347/1844 351/1845
f 346/1846 352/1847 348/1848
f 352/1849 346/1850 353/1851
f 353/1852 345/1853 354/1854
f 345/1855 353/1856 346/1857
f 352/1858 351/1859 348/1860
f 348/1861 351/1862 347/1863
f 358/1864 356/1865 359/1866
f 359/1867 356/1868 360/1869
f 355/1870 361/1871 357/1872
f 361/1873 355/1874 362/1875
f 350/1876 362/1877 349/1878
f 349/1879 362/1880 355/1881
f 361/1882 360/1883 357/1884
f 357/1885 360/1886 356/1887
f 366/1888 367/1889 364/1890
f 367/1891 368/1892 364/1893
f 363/1894 365/1895 369/1896
f 369/1897 370/1898 363/1899
f 354/1900 345/1901 370/1902
f 345/1903 363/1904 370/1905
f 369/1906 365/1907 368/1908
f 365/1909 364/1910 368/1911
f 358/1912 359/1913 372/1914
f 359/1915 374/1916 372/1917
f 371/1918 373/1919 375/1920
f 375/1921 376/1922 371/1923
f 366/1924 376/1925 367/1926
f 371/1927 376/1928 366/1929
f 375/1930 373/1931 374/1932
f 373/1933 372/1934 374/1935
g IntakeInterior
f 377/1936 378/1937 382/1938
f 382/1939 378/1940 383/1941
f 379/1942 384/1943 380/1944
f 384/1945 379/1946 385/1947
f 386/1948 385/1949 381/1950
f 381/1951 385/1952 379/1953
f 384/1954 383/1955 380/1956
f 380/1957 383/1958 378/1959
f 387/1960 388/1961 390/1962
f 386/1963 381/1964 389/1965
f 377/1966 382/1967 391/1968
f 382/1969 395/1970 391/1971
f 392/1972 393/1973 396/1974
f 396/1975 397/1976 392/1977
f 398/1978 394/1979 397/1980
f 394/1981 392/1982 397/1983
f 396/1984 393/1985 395/1986
f 393/1987 391/1988 395/1989
f 387/1990 390/1991 399/1992
f 398/1993 400/1994 394/1995
f 377/1996 405/1997 419/1998
f 377/1999 419/2000 378/2001
f 405/2002 403/2003 419/2004
f 402/2005 420/2006 404/2007
f 420/2008 402/2009 421/2010
f 420/2011 421/2012 379/2013
f 420/2014 379/2015 380/2016
f 420/2017 380/2018 419/2019
f 420/2020 419/2021 404/2022
f 402/2023 401/2024 421/2025
f 401/2026 381/2027 421/2028
f 380/2029 378/2030 419/2031
f 421/2032 381/2033 379/2034
f 403/2035 404/2036 419/2037
f 410/2038 422/2039 388/2040
f 422/2041 410/2042 423/2043
f 422/2044 423/2045 407/2046
f 422/2047 407/2048 408/2049
f 422/2050 408/2051 424/2052
f 422/2053 424/2054 388/2055
f 389/2056 381/2057 423/2058
f 389/2059 423/2060 410/2061
f 381/2062 401/2063 423/2064
f 401/2065 409/2066 423/2067
f 408/2068 406/2069 424/2070
f 406/2071 390/2072 424/2073
f 390/2074 388/2075 424/2076
f 409/2077 407/2078 423/2079
f 377/2080 425/2081 405/2082
f 377/2083 391/2084 425/2085
f 405/2086 425/2087 413/2088
f 412/2089 414/2090 426/2091
f 426/2092 427/2093 412/2094
f 426/2095 392/2096 427/2097
f 426/2098 393/2099 392/2100
f 426/2101 425/2102 393/2103
f 426/2104 414/2105 425/2106
f 412/2107 427/2108 411/2109
f 411/2110 427/2111 394/2112
f 393/2113 425/2114 391/2115
f 427/2116 392/2117 394/2118
f 413/2119 425/2120 414/2121
f 418/2122 399/2123 428/2124
f 428/2125 429/2126 418/2127
f 428/2128 415/2129 429/2130
f 428/2131 416/2132 415/2133
f 428/2134 430/2135 416/2136
f 428/2137 399/2138 430/2139
f 400/2140 429/2141 394/2142
f 400/2143 418/2144 429/2145
f 394/2146 429/2147 411/2148
f 411/2149 429/2150 417/2151
f 416/2152 430/2153 406/2154
f 406/2155 430/2156 390/2157
f 390/2158 430/2159 399/2160
f 417/2161 429/2162 415/2163
f 401/2164 402/2165 433/2166
f 433/2167 402/2168 432/2169
f 433/2170 432/2171 431/2172
f 403/2173 434/2174 404/2175
f 405/2176 435/2177 403/2178
f 403/2179 435/2180 436/2181
f 403/2182 436/2183 434/2184
f 402/2185 404/2186 432/2187
f 404/2188 434/2189 432/2190
f 437/2191 406/2192 438/2193
f 437/2194 438/2195 439/2196
f 407/2197 440/2198 408/2199
f 440/2200 407/2201 441/2202
f 440/2203 441/2204 442/2205
f 440/2206 442/2207 443/2208
f 440/2209 443/2210 444/2211
f 440/2212 444/2213 408/2214
f 407/2215 409/2216 441/2217
f 409/2218 401/2219 441/2220
f 431/2221 442/2222 433/2223
f 408/2224 444/2225 438/2226
f 408/2227 438/2228 406/2229
f 439/2230 438/2231 445/2232
f 443/2233 445/2234 444/2235
f 438/2236 444/2237 445/2238
f 433/2239 442/2240 441/2241
f 433/2242 441/2243 401/2244
f 411/2245 448/2246 412/2247
f 448/2248 447/2249 412/2250
f 448/2251 446/2252 447/2253
f 413/2254 414/2255 449/2256
f 405/2257 413/2258 435/2259
f 413/2260 450/2261 435/2262
f 413/2263 449/2264 450/2265
f 412/2266 447/2267 414/2268
f 414/2269 447/2270 449/2271
f 437/2272 451/2273 406/2274
f 437/2275 452/2276 451/2277
f 415/2278 416/2279 453/2280
f 453/2281 454/2282 415/2283
f 453/2284 455/2285 454/2286
f 453/2287 456/2288 455/2289
f 453/2290 457/2291 456/2292
f 453/2293 416/2294 457/2295
f 415/2296 454/2297 417/2298
f 417/2299 454/2300 411/2301
f 446/2302 448/2303 455/2304
f 416/2305 451/2306 457/2307
f 416/2308 406/2309 451/2310
f 452/2311 458/2312 451/2313
f 456/2314 457/2315 458/2316
f 451/2317 458/2318 457/2319
f 448/2320 454/2321 455/2322
f 448/2323 411/2324 454/2325
g Nacelle
f 460/2326 459/2327 462/2328
f 462/2329 461/2330 460/2331
f 464/2332 466/2333 463/2334
f 466/2335 464/2336 465/2337
f 471/2338 467/2339 469/2340
f 469/2341 472/2342 471/2343
f 472/2344 469/2345 470/2346
f 470/2347 474/2348 472/2349
f 474/2350 470/2351 475/2352
f 475/2353 473/2354 474/2355
f 473/2356 475/2357 491/2358
f 491/2359 476/2360 473/2361
f 476/2362 491/2363 478/2364
f 478/2365 479/2366 476/2367
f 479/2368 478/2369 483/2370
f 483/2371 481/2372 479/2373
f 481/2374 483/2375 482/2376
f 482/2377 480/2378 481/2379
f 480/2380 482/2381 490/2382
f 490/2383 484/2384 480/2385
f 484/2386 490/2387 489/2388
f 489/2389 486/2390 484/2391
f 486/2392 489/2393 488/2394
f 488/2395 485/2396 486/2397
f 467/2398 471/2399 468/2400
f 491/2401 475/2402 477/2403
f 477/2404 478/2405 491/2406
f 485/2407 488/2408 487/2409
f 494/2410 492/2411 496/2412
f 494/2413 496/2414 497/2415
f 497/2416 495/2417 494/2418
f 495/2419 497/2420 499/2421
f 499/2422 500/2423 495/2424
f 500/2425 499/2426 498/2427
f 498/2428 513/2429 500/2430
f 513/2431 498/2432 501/2433
f 501/2434 503/2435 513/2436
f 503/2437 501/2438 504/2439
f 504/2440 508/2441 503/2442
f 508/2443 504/2444 506/2445
f 506/2446 507/2447 508/2448
f 507/2449 506/2450 505/2451
f 505/2452 512/2453 507/2454
f 512/2455 505/2456 509/2457
f 509/2458 511/2459 512/2460
f 511/2461 509/2462 510/2463
f 510/2464 488/2465 511/2466
f 488/2467 510/2468 485/2469
f 492/2470 493/2471 496/2472
f 513/2473 502/2474 500/2475
f 502/2476 513/2477 503/2478
f 467/2479 468/2480 469/2481
f 469/2482 468/2483 514/2484
f 469/2485 514/2486 470/2487
f 468/2488 515/2489 514/2490
f 515/2491 516/2492 514/2493
f 517/2494 518/2495 519/2496
f 518/2497 517/2498 520/2499
f 518/2500 520/2501 475/2502
f 518/2503 475/2504 470/2505
f 518/2506 470/2507 514/2508
f 518/2509 514/2510 519/2511
f 517/2512 476/2513 520/2514
f 477/2515 475/2516 521/2517
f 476/2518 521/2519 520/2520
f 516/2521 519/2522 514/2523
f 521/2524 475/2525 520/2526
f 521/2527 476/2528 522/2529
f 521/2530 522/2531 478/2532
f 521/2533 478/2534 477/2535
f 476/2536 479/2537 522/2538
f 480/2539 523/2540 481/2541
f 523/2542 480/2543 524/2544
f 523/2545 524/2546 482/2547
f 523/2548 482/2549 483/2550
f 523/2551 483/2552 522/2553
f 523/2554 522/2555 481/2556
f 480/2557 484/2558 524/2559
f 485/2560 525/2561 486/2562
f 485/2563 487/2564 525/2565
f 488/2566 489/2567 487/2568
f 490/2569 524/2570 489/2571
f 490/2572 482/2573 524/2574
f 483/2575 478/2576 522/2577
f 479/2578 481/2579 522/2580
f 487/2581 489/2582 525/2583
f 484/2584 486/2585 524/2586
f 486/2587 525/2588 524/2589
f 489/2590 524/2591 525/2592
f 468/2593 471/2594 515/2595
f 492/2596 494/2597 493/2598
f 494/2599 526/2600 493/2601
f 494/2602 495/2603 526/2604
f 493/2605 526/2606 527/2607
f 527/2608 526/2609 528/2610
f 529/2611 531/2612 530/2613
f 530/2614 532/2615 529/2616
f 530/2617 500/2618 532/2619
f 530/2620 495/2621 500/2622
f 530/2623 526/2624 495/2625
f 530/2626 531/2627 526/2628
f 529/2629 532/2630 501/2631
f 502/2632 533/2633 500/2634
f 501/2635 532/2636 533/2637
f 528/2638 526/2639 531/2640
f 533/2641 532/2642 500/2643
f 533/2644 534/2645 501/2646
f 533/2647 503/2648 534/2649
f 533/2650 502/2651 503/2652
f 501/2653 534/2654 504/2655
f 505/2656 506/2657 535/2658
f 535/2659 536/2660 505/2661
f 535/2662 507/2663 536/2664
f 535/2665 508/2666 507/2667
f 535/2668 534/2669 508/2670
f 535/2671 506/2672 534/2673
f 505/2674 536/2675 509/2676
f 485/2677 510/2678 537/2679
f 485/2680 537/2681 487/2682
f 488/2683 487/2684 511/2685
f 512/2686 511/2687 536/2688
f 512/2689 536/2690 507/2691
f 508/2692 534/2693 503/2694
f 504/2695 534/2696 506/2697
f 487/2698 537/2699 511/2700
f 509/2701 536/2702 510/2703
f 510/2704 536/2705 537/2706
f 511/2707 537/2708 536/2709
f 493/2710 527/2711 496/2712
g Nozzle
f 539/2713 538/2714 540/2715
f 539/2716 540/2717 541/2718
f 541/2719 540/2720 542/2721
f 544/2722 543/2723 545/2724
f 543/2725 544/2726 546/2727
f 546/2728 544/2729 547/2730
f 547/2731 544/2732 548/2733
f 548/2734 544/2735 541/2736
f 541/2737 544/2738 545/2739
f 549/2740 543/2741 546/2742
f 551/2743 550/2744 552/2745
f 551/2746 552/2747 546/2748
f 546/2749 552/2750 549/2751
f 554/2752 553/2753 555/2754
f 553/2755 554/2756 556/2757
f 556/2758 554/2759 557/2760
f 557/2761 554/2762 547/2763
f 547/2764 554/2765 546/2766
f 546/2767 554/2768 555/2769
f 559/2770 558/2771 560/2772
f 558/2773 559/2774 561/2775
f 561/2776 559/2777 562/2778
f 562/2779 559/2780 563/2781
f 563/2782 559/2783 556/2784
f 556/2785 559/2786 560/2787
f 565/2788 564/2789 566/2790
f 568/2791 567/2792 564/2793
f 570/2794 569/2795 568/2796
f 571/2797 569/2798 570/2799
f 571/2800 570/2801 572/2802
f 572/2803 570/2804 565/2805
f 565/2806 570/2807 568/2808
f 574/2809 573/2810 575/2811
f 576/2812 573/2813 574/2814
f 577/2815 576/2816 574/2817
f 577/2818 574/2819 578/2820
f 578/2821 574/2822 579/2823
f 579/2824 574/2825 572/2826
f 572/2827 574/2828 575/2829
f 581/2830 580/2831 582/2832
f 580/2833 581/2834 583/2835
f 583/2836 581/2837 563/2838
f 563/2839 581/2840 562/2841
f 562/2842 581/2843 578/2844
f 578/2845 581/2846 582/2847
f 585/2848 584/2849 586/2850
f 584/2851 585/2852 548/2853
f 548/2854 585/2855 547/2856
f 547/2857 585/2858 557/2859
f 557/2860 585/2861 583/2862
f 583/2863 585/2864 586/2865
f 578/2866 582/2867 577/2868
f 545/2869 539/2870 541/2871
f 541/2872 542/2873 548/2874
f 548/2875 542/2876 584/2877
f 555/2878 551/2879 546/2880
f 557/2881 583/2882 563/2883
f 556/2884 560/2885 553/2886
f 557/2887 563/2888 556/2889
f 586/2890 580/2891 583/2892
f 561/2893 562/2894 579/2895
f 579/2896 562/2897 578/2898
f 565/2899 566/2900 561/2901
f 561/2902 566/2903 558/2904
f 565/2905 561/2906 579/2907
f 579/2908 572/2909 565/2910
f 575/2911 571/2912 572/2913
f 568/2914 564/2915 565/2916
f 587/2917 538/2918 539/2919
f 588/2920 587/2921 539/2922
f 589/2923 587/2924 588/2925
f 545/2926 543/2927 590/2928
f 591/2929 590/2930 543/2931
f 592/2932 590/2933 591/2934
f 593/2935 590/2936 592/2937
f 588/2938 590/2939 593/2940
f 545/2941 590/2942 588/2943
f 591/2944 543/2945 549/2946
f 552/2947 550/2948 594/2949
f 591/2950 552/2951 594/2952
f 549/2953 552/2954 591/2955
f 597/2956 595/2957 596/2958
f 598/2959 596/2960 595/2961
f 599/2962 596/2963 598/2964
f 592/2965 596/2966 599/2967
f 591/2968 596/2969 592/2970
f 597/2971 596/2972 591/2973
f 602/2974 600/2975 601/2976
f 603/2977 601/2978 600/2979
f 604/2980 601/2981 603/2982
f 605/2983 601/2984 604/2985
f 598/2986 601/2987 605/2988
f 602/2989 601/2990 598/2991
f 608/2992 606/2993 607/2994
f 606/2995 567/2996 568/2997
f 568/2998 569/2999 609/3000
f 609/3001 569/3002 571/3003
f 610/3004 609/3005 571/3006
f 607/3007 609/3008 610/3009
f 568/3010 609/3011 607/3012
f 575/3013 573/3014 611/3015
f 611/3016 573/3017 576/3018
f 611/3019 576/3020 612/3021
f 613/3022 611/3023 612/3024
f 614/3025 611/3026 613/3027
f 610/3028 611/3029 614/3030
f 575/3031 611/3032 610/3033
f 617/3034 615/3035 616/3036
f 618/3037 616/3038 615/3039
f 605/3040 616/3041 618/3042
f 604/3043 616/3044 605/3045
f 613/3046 616/3047 604/3048
f 617/3049 616/3050 613/3051
f 621/3052 619/3053 620/3054
f 593/3055 620/3056 619/3057
f 592/3058 620/3059 593/3060
f 599/3061 620/3062 592/3063
f 618/3064 620/3065 599/3066
f 621/3067 620/3068 618/3069
f 612/3070 617/3071 613/3072
f 588/3073 539/3074 545/3075
f 593/3076 589/3077 588/3078
f 619/3079 589/3080 593/3081
f 591/3082 594/3083 597/3084
f 605/3085 618/3086 599/3087
f 595/3088 602/3089 598/3090
f 598/3091 605/3092 599/3093
f 618/3094 615/3095 621/3096
f 614/3097 604/3098 603/3099
f 613/3100 604/3101 614/3102
f 603/3103 608/3104 607/3105
f 600/3106 608/3107 603/3108
f 614/3109 603/3110 607/3111
f 607/3112 610/3113 614/3114
f 610/3115 571/3116 575/3117
f 607/3118 606/3119 568/3120
f 632/3121 631/3122 640/3123
f 632/3124 640/3125 633/3126
f 641/3127 642/3128 643/3129
f 623/3130 622/3131 641/3132
f 641/3133 622/3134 642/3135
f 625/3136 644/3137 624/3138
f 644/3139 625/3140 645/3141
f 644/3142 645/3143 646/3144
f 644/3145 646/3146 647/3147
f 644/3148 647/3149 642/3150
f 644/3151 642/3152 624/3153
f 626/3154 648/3155 627/3156
f 648/3157 626/3158 649/3159
f 648/3160 649/3161 650/3162
f 648/3163 650/3164 651/3165
f 648/3166 651/3167 645/3168
f 648/3169 645/3170 627/3171
f 628/3172 652/3173 629/3174
f 652/3175 628/3176 653/3177
f 652/3178 653/3179 654/3180
f 652/3181 654/3182 655/3183
f 652/3184 655/3185 649/3186
f 652/3187 649/3188 629/3189
f 628/3190 630/3191 653/3192
f 630/3193 656/3194 653/3195
f 639/3196 654/3197 657/3198
f 639/3199 638/3200 654/3201
f 654/3202 638/3203 655/3204
f 636/3205 650/3206 637/3207
f 650/3208 636/3209 651/3210
f 634/3211 646/3212 635/3213
f 646/3214 634/3215 647/3216
f 631/3217 643/3218 640/3219
f 633/3220 640/3221 647/3222
f 633/3223 647/3224 634/3225
f 643/3226 642/3227 640/3228
f 642/3229 647/3230 640/3231
f 622/3232 624/3233 642/3234
f 635/3235 646/3236 651/3237
f 635/3238 651/3239 636/3240
f 627/3241 645/3242 625/3243
f 651/3244 646/3245 645/3246
f 637/3247 650/3248 655/3249
f 637/3250 655/3251 638/3252
f 629/3253 649/3254 626/3255
f 655/3256 650/3257 649/3258
f 657/3259 654/3260 653/3261
f 657/3262 653/3263 656/3264
f 665/3265 672/3266 631/3267
f 665/3268 666/3269 672/3270
f 641/3271 643/3272 673/3273
f 623/3274 641/3275 658/3276
f 641/3277 673/3278 658/3279
f 660/3280 659/3281 674/3282
f 674/3283 675/3284 660/3285
f 674/3286 676/3287 675/3288
f 674/3289 677/3290 676/3291
f 674/3292 673/3293 677/3294
f 674/3295 659/3296 673/3297
f 661/3298 662/3299 678/3300
f 678/3301 679/3302 661/3303
f 678/3304 680/3305 679/3306
f 678/3307 681/3308 680/3309
f 678/3310 675/3311 681/3312
f 678/3313 662/3314 675/3315
f 663/3316 664/3317 682/3318
f 682/3319 683/3320 663/3321
f 682/3322 684/3323 683/3324
f 682/3325 685/3326 684/3327
f 682/3328 679/3329 685/3330
f 682/3331 664/3332 679/3333
f 663/3334 683/3335 630/3336
f 630/3337 683/3338 656/3339
f 639/3340 657/3341 684/3342
f 639/3343 684/3344 671/3345
f 684/3346 685/3347 671/3348
f 669/3349 670/3350 680/3351
f 680/3352 681/3353 669/3354
f 667/3355 668/3356 676/3357
f 676/3358 677/3359 667/3360
f 631/3361 672/3362 643/3363
f 666/3364 677/3365 672/3366
f 666/3367 667/3368 677/3369
f 643/3370 672/3371 673/3372
f 673/3373 672/3374 677/3375
f 658/3376 673/3377 659/3378
f 668/3379 681/3380 676/3381
f 668/3382 669/3383 681/3384
f 662/3385 660/3386 675/3387
f 681/3388 675/3389 676/3390
f 670/3391 685/3392 680/3393
f 670/3394 671/3395 685/3396
f 664/3397 661/3398 679/3399
f 685/3400 679/3401 680/3402
f 657/3403 683/3404 684/3405
f 657/3406 656/3407 683/3408
f 622/3409 623/3410 686/3411
f 622/3412 686/3413 624/3414
f 623/3415 687/3416 686/3417
f 687/3418 688/3419 686/3420
f 688/3421 689/3422 686/3423
f 690/3424 691/3425 692/3426
f 690/3427 693/3428 691/3429
f 691/3430 693/3431 694/3432
f 691/3433 694/3434 625/3435
f 691/3436 625/3437 624/3438
f 691/3439 624/3440 686/3441
f 691/3442 686/3443 692/3444
f 693/3445 695/3446 694/3447
f 696/3448 697/3449 698/3450
f 696/3451 699/3452 697/3453
f 697/3454 699/3455 700/3456
f 697/3457 700/3458 626/3459
f 697/3460 626/3461 627/3462
f 697/3463 627/3464 694/3465
f 697/3466 694/3467 698/3468
f 699/3469 701/3470 700/3471
f 701/3472 702/3473 700/3474
f 703/3475 704/3476 705/3477
f 703/3478 706/3479 704/3480
f 704/3481 706/3482 707/3483
f 704/3484 707/3485 628/3486
f 704/3487 628/3488 629/3489
f 704/3490 629/3491 700/3492
f 704/3493 700/3494 705/3495
f 706/3496 708/3497 707/3498
f 708/3499 709/3500 707/3501
f 709/3502 630/3503 707/3504
f 629/3505 626/3506 700/3507
f 627/3508 625/3509 694/3510
f 707/3511 630/3512 628/3513
f 689/3514 692/3515 686/3516
f 695/3517 698/3518 694/3519
f 702/3520 705/3521 700/3522
f 687/3523 631/3524 688/3525
f 631/3526 632/3527 688/3528
f 633/3529 692/3530 632/3531
f 634/3532 693/3533 633/3534
f 635/3535 698/3536 634/3537
f 636/3538 699/3539 635/3540
f 637/3541 702/3542 636/3543
f 638/3544 703/3545 637/3546
f 639/3547 708/3548 638/3549
f 639/3550 709/3551 708/3552
f 708/3553 706/3554 638/3555
f 706/3556 703/3557 638/3558
f 703/3559 705/3560 637/3561
f 705/3562 702/3563 637/3564
f 702/3565 701/3566 636/3567
f 701/3568 699/3569 636/3570
f 699/3571 696/3572 635/3573
f 696/3574 698/3575 635/3576
f 698/3577 695/3578 634/3579
f 695/3580 693/3581 634/3582
f 693/3583 690/3584 633/3585
f 690/3586 692/3587 633/3588
f 692/3589 689/3590 632/3591
f 689/3592 688/3593 632/3594
f 658/3595 710/3596 623/3597
f 658/3598 659/3599 710/3600
f 623/3601 710/3602 687/3603
f 687/3604 710/3605 711/3606
f 711/3607 710/3608 712/3609
f 713/3610 715/3611 714/3612
f 713/3613 714/3614 716/3615
f 714/3616 717/3617 716/3618
f 714/3619 660/3620 717/3621
f 714/3622 659/3623 660/3624
f 714/3625 710/3626 659/3627
f 714/3628 715/3629 710/3630
f 716/3631 717/3632 718/3633
f 719/3634 721/3635 720/3636
f 719/3637 720/3638 722/3639
f 720/3640 723/3641 722/3642
f 720/3643 661/3644 723/3645
f 720/3646 662/3647 661/3648
f 720/3649 717/3650 662/3651
f 720/3652 721/3653 717/3654
f 722/3655 723/3656 724/3657
f 724/3658 723/3659 725/3660
f 726/3661 728/3662 727/3663
f 726/3664 727/3665 729/3666
f 727/3667 730/3668 729/3669
f 727/3670 663/3671 730/3672
f 727/3673 664/3674 663/3675
f 727/3676 723/3677 664/3678
f 727/3679 728/3680 723/3681
f 729/3682 730/3683 731/3684
f 731/3685 730/3686 709/3687
f 709/3688 730/3689 630/3690
f 664/3691 723/3692 661/3693
f 662/3694 717/3695 660/3696
f 730/3697 663/3698 630/3699
f 712/3700 710/3701 715/3702
f 718/3703 717/3704 721/3705
f 725/3706 723/3707 728/3708
f 687/3709 711/3710 631/3711
f 631/3712 711/3713 665/3714
f 666/3715 665/3716 715/3717
f 667/3718 666/3719 716/3720
f 668/3721 667/3722 721/3723
f 669/3724 668/3725 722/3726
f 670/3727 669/3728 725/3729
f 671/3730 670/3731 726/3732
f 639/3733 671/3734 731/3735
f 639/3736 731/3737 709/3738
f 731/3739 671/3740 729/3741
f 729/3742 671/3743 726/3744
f 726/3745 670/3746 728/3747
f 728/3748 670/3749 725/3750
f 725/3751 669/3752 724/3753
f 724/3754 669/3755 722/3756
f 722/3757 668/3758 719/3759
f 719/3760 668/3761 721/3762
f 721/3763 667/3764 718/3765
f 718/3766 667/3767 716/3768
f 716/3769 666/3770 713/3771
f 713/3772 666/3773 715/3774
f 715/3775 665/3776 712/3777
f 712/3778 665/3779 711/3780
g Reverser
f 732/3781 733/3782 734/3783
f 735/3784 736/3785 737/3786
f 735/3787 738/3788 736/3789
f 736/3790 738/3791 739/3792
f 738/3793 740/3794 739/3795
f 741/3796 742/3797 743/3798
f 742/3799 739/3800 743/3801
f 736/3802 734/3803 737/3804
f 734/3805 733/3806 737/3807
f 739/3808 740/3809 743/3810
f 744/3811 732/3812 745/3813
f 736/3814 746/3815 734/3816
f 746/3817 736/3818 747/3819
f 742/3820 748/3821 739/3822
f 748/3823 747/3824 739/3825
f 739/3826 747/3827 736/3828
f 746/3829 745/3830 734/3831
f 745/3832 732/3833 734/3834
f 752/3835 744/3836 753/3837
f 746/3838 751/3839 745/3840
f 751/3841 746/3842 749/3843
f 748/3844 750/3845 747/3846
f 750/3847 749/3848 747/3849
f 747/3850 749/3851 746/3852
f 751/3853 753/3854 745/3855
f 753/3856 744/3857 745/3858
f 754/3859 755/3860 756/3861
f 754/3862 757/3863 755/3864
f 757/3865 754/3866 750/3867
f 754/3868 756/3869 750/3870
f 759/3871 760/3872 761/3873
f 759/3874 758/3875 760/3876
f 760/3877 762/3878 761/3879
f 761/3880 762/3881 763/3882
f 764/3883 765/3884 766/3885
f 767/3886 768/3887 764/3888
f 733/3889 732/3890 767/3891
f 732/3892 768/3893 767/3894
f 768/3895 769/3896 764/3897
f 769/3898 765/3899 764/3900
f 765/3901 763/3902 766/3903
f 766/3904 763/3905 762/3906
f 761/3907 763/3908 770/3909
f 761/3910 770/3911 771/3912
f 761/3913 771/3914 759/3915
f 769/3916 772/3917 765/3918
f 772/3919 769/3920 773/3921
f 732/3922 744/3923 768/3924
f 744/3925 773/3926 768/3927
f 768/3928 773/3929 769/3930
f 772/3931 770/3932 765/3933
f 765/3934 770/3935 763/3936
f 770/3937 774/3938 771/3939
f 774/3940 770/3941 775/3942
f 773/3943 776/3944 772/3945
f 776/3946 773/3947 777/3948
f 752/3949 777/3950 744/3951
f 744/3952 777/3953 773/3954
f 776/3955 775/3956 772/3957
f 772/3958 775/3959 770/3960
f 778/3961 779/3962 780/3963
f 778/3964 781/3965 779/3966
f 781/3967 782/3968 779/3969
f 779/3970 782/3971 783/3972
f 779/3973 783/3974 735/3975
f 779/3976 735/3977 737/3978
f 779/3979 737/3980 780/3981
f 784/3982 785/3983 786/3984
f 784/3985 787/3986 785/3987
f 741/3988 743/3989 787/3990
f 787/3991 743/3992 785/3993
f 743/3994 740/3995 785/3996
f 735/3997 783/3998 738/3999
f 737/4000 733/4001 780/4002
f 782/4003 786/4004 783/4005
f 740/4006 738/4007 785/4008
f 738/4009 783/4010 785/4011
f 783/4012 786/4013 785/4014
f 749/4015 750/4016 788/4017
f 749/4018 788/4019 751/4020
f 750/4021 789/4022 788/4023
f 784/4024 790/4025 791/4026
f 784/4027 786/4028 790/4029
f 786/4030 782/4031 790/4032
f 790/4033 782/4034 792/4035
f 790/4036 792/4037 793/4038
f 790/4039 793/4040 788/4041
f 790/4042 788/4043 791/4044
f 778/4045 794/4046 781/4047
f 778/4048 795/4049 794/4050
f 794/4051 795/4052 796/4053
f 794/4054 796/4055 792/4056
f 794/4057 792/4058 781/4059
f 795/4060 752/4061 796/4062
f 751/4063 793/4064 753/4065
f 793/4066 751/4067 788/4068
f 752/4069 753/4070 796/4071
f 789/4072 791/4073 788/4074
f 753/4075 793/4076 796/4077
f 781/4078 792/4079 782/4080
f 796/4081 793/4082 792/4083
f 758/4084 759/4085 797/4086
f 798/4087 799/4088 800/4089
f 798/4090 801/4091 799/4092
f 801/4093 802/4094 799/4095
f 799/4096 797/4097 800/4098
f 800/4099 797/4100 759/4101
f 799/4102 802/4103 803/4104
f 802/4105 804/4106 803/4107
f 798/4108 805/4109 801/4110
f 805/4111 804/4112 801/4113
f 804/4114 802/4115 801/4116
f 758/4117 797/4118 760/4119
f 797/4120 806/4121 760/4122
f 760/4123 806/4124 762/4125
f 807/4126 766/4127 808/4128
f 766/4129 807/4130 809/4131
f 766/4132 809/4133 764/4134
f 807/4135 805/4136 809/4137
f 805/4138 810/4139 809/4140
f 811/4141 812/4142 813/4143
f 812/4144 811/4145 814/4146
f 812/4147 814/4148 767/4149
f 812/4150 767/4151 764/4152
f 812/4153 764/4154 809/4155
f 812/4156 809/4157 813/4158
f 811/4159 778/4160 814/4161
f 778/4162 780/4163 814/4164
f 780/4165 733/4166 814/4167
f 766/4168 762/4169 808/4170
f 808/4171 762/4172 806/4173
f 814/4174 733/4175 767/4176
f 810/4177 813/4178 809/4179
f 808/4180 803/4181 807/4182
f 804/4183 805/4184 803/4185
f 805/4186 807/4187 803/4188
f 797/4189 799/4190 806/4191
f 799/4192 803/4193 806/4194
f 803/4195 808/4196 806/4197
f 771/4198 815/4199 759/4200
f 815/4201 800/4202 759/4203
f 800/4204 815/4205 798/4206
f 798/4207 816/4208 805/4209
f 774/4210 775/4211 816/4212
f 816/4213 775/4214 817/4215
f 816/4216 817/4217 805/4218
f 777/4219 818/4220 776/4221
f 818/4222 777/4223 819/4224
f 818/4225 819/4226 811/4227
f 818/4228 811/4229 813/4230
f 818/4231 813/4232 810/4233
f 818/4234 810/4235 817/4236
f 818/4237 817/4238 776/4239
f 777/4240 752/4241 819/4242
f 752/4243 795/4244 819/4245
f 795/4246 778/4247 819/4248
f 810/4249 805/4250 817/4251
f 776/4252 817/4253 775/4254
f 778/4255 811/4256 819/4257
f 787/4258 820/4259 741/4260
f 828/4261 830/4262 829/4263
f 828/4264 829/4265 831/4266
f 831/4267 829/4268 832/4269
f 829/4270 833/4271 832/4272
f 829/4273 822/4274 833/4275
f 829/4276 823/4277 822/4278
f 829/4279 830/4280 823/4281
f 784/4282 835/4283 834/4284
f 784/4285 834/4286 787/4287
f 826/4288 787/4289 827/4290
f 787/4291 834/4292 827/4293
f 827/4294 834/4295 825/4296
f 822/4297 824/4298 833/4299
f 830/4300 821/4301 823/4302
f 832/4303 833/4304 835/4305
f 825/4306 834/4307 824/4308
f 824/4309 834/4310 833/4311
f 833/4312 834/4313 835/4314
f 836/4315 838/4316 837/4317
f 836/4318 839/4319 838/4320
f 837/4321 838/4322 840/4323
f 784/4324 842/4325 841/4326
f 784/4327 841/4328 835/4329
f 835/4330 841/4331 832/4332
f 841/4333 843/4334 832/4335
f 841/4336 844/4337 843/4338
f 841/4339 838/4340 844/4341
f 841/4342 842/4343 838/4344
f 828/4345 831/4346 845/4347
f 828/4348 845/4349 846/4350
f 845/4351 847/4352 846/4353
f 845/4354 843/4355 847/4356
f 845/4357 831/4358 843/4359
f 846/4360 847/4361 848/4362
f 839/4363 849/4364 844/4365
f 844/4366 838/4367 839/4368
f 848/4369 847/4370 849/4371
f 840/4372 838/4373 842/4374
f 849/4375 847/4376 844/4377
f 831/4378 832/4379 843/4380
f 847/4381 843/4382 844/4383
f 850/4384 852/4385 851/4386
f 853/4387 855/4388 854/4389
f 853/4390 854/4391 856/4392
f 856/4393 854/4394 857/4395
f 854/4396 855/4397 852/4398
f 855/4399 851/4400 852/4401
f 854/4402 863/4403 857/4404
f 857/4405 863/4406 864/4407
f 853/4408 856/4409 865/4410
f 865/4411 856/4412 864/4413
f 864/4414 856/4415 857/4416
f 850/4417 858/4418 852/4419
f 852/4420 858/4421 866/4422
f 858/4423 859/4424 866/4425
f 867/4426 868/4427 861/4428
f 861/4429 869/4430 867/4431
f 861/4432 860/4433 869/4434
f 867/4435 869/4436 865/4437
f 865/4438 869/4439 870/4440
f 871/4441 873/4442 872/4443
f 872/4444 874/4445 871/4446
f 872/4447 862/4448 874/4449
f 872/4450 860/4451 862/4452
f 872/4453 869/4454 860/4455
f 872/4456 873/4457 869/4458
f 871/4459 874/4460 828/4461
f 828/4462 874/4463 830/4464
f 874/4465 821/4466 830/4467
f 861/4468 868/4469 859/4470
f 868/4471 866/4472 859/4473
f 862/4474 821/4475 874/4476
f 870/4477 869/4478 873/4479
f 868/4480 867/4481 863/4482
f 864/4483 863/4484 865/4485
f 865/4486 863/4487 867/4488
f 852/4489 866/4490 854/4491
f 854/4492 866/4493 863/4494
f 863/4495 866/4496 868/4497
f 875/4498 851/4499 876/4500
f 876/4501 851/4502 855/4503
f 855/4504 853/4505 876/4506
f 853/4507 865/4508 877/4509
f 878/4510 877/4511 879/4512
f 877/4513 882/4514 879/4515
f 877/4516 865/4517 882/4518
f 881/4519 880/4520 883/4521
f 883/4522 884/4523 881/4524
f 883/4525 871/4526 884/4527
f 883/4528 873/4529 871/4530
f 883/4531 870/4532 873/4533
f 883/4534 882/4535 870/4536
f 883/4537 880/4538 882/4539
f 881/4540 884/4541 848/4542
f 848/4543 884/4544 846/4545
f 846/4546 884/4547 828/4548
f 870/4549 882/4550 865/4551
f 880/4552 879/4553 882/4554
f 828/4555 884/4556 871/4557
f 787/4558 826/4559 820/4560
f 885/4561 886/4562 821/4563
f 822/4564 823/4565 887/4566
f 822/4567 887/4568 824/4569
f 887/4570 888/4571 824/4572
f 824/4573 888/4574 825/4575
f 826/4576 827/4577 889/4578
f 889/4579 827/4580 888/4581
f 887/4582 823/4583 886/4584
f 886/4585 823/4586 821/4587
f 888/4588 827/4589 825/4590
f 891/4591 885/4592 890/4593
f 887/4594 886/4595 892/4596
f 892/4597 893/4598 887/4599
f 889/4600 888/4601 894/4602
f 894/4603 888/4604 893/4605
f 888/4606 887/4607 893/4608
f 892/4609 886/4610 891/4611
f 886/4612 885/4613 891/4614
f 848/4615 849/4616 890/4617
f 892/4618 891/4619 839/4620
f 839/4621 836/4622 892/4623
f 894/4624 893/4625 837/4626
f 837/4627 893/4628 836/4629
f 893/4630 892/4631 836/4632
f 839/4633 891/4634 849/4635
f 849/4636 891/4637 890/4638
f 895/4639 897/4640 896/4641
f 895/4642 896/4643 898/4644
f 898/4645 837/4646 895/4647
f 895/4648 837/4649 897/4650
f 851/4651 899/4652 858/4653
f 851/4654 858/4655 850/4656
f 858/4657 899/4658 859/4659
f 899/4660 900/4661 859/4662
f 860/4663 861/4664 901/4665
f 862/4666 860/4667 902/4668
f 862/4669 885/4670 821/4671
f 885/4672 862/4673 902/4674
f 902/4675 860/4676 903/4677
f 903/4678 860/4679 901/4680
f 901/4681 861/4682 900/4683
f 861/4684 859/4685 900/4686
f 899/4687 904/4688 900/4689
f 899/4690 875/4691 904/4692
f 899/4693 851/4694 875/4695
f 903/4696 901/4697 905/4698
f 905/4699 906/4700 903/4701
f 885/4702 902/4703 890/4704
f 890/4705 902/4706 906/4707
f 902/4708 903/4709 906/4710
f 905/4711 901/4712 904/4713
f 901/4714 900/4715 904/4716
f 904/4717 875/4718 878/4719
f 878/4720 879/4721 904/4722
f 906/4723 905/4724 880/4725
f 880/4726 881/4727 906/4728
f 848/4729 890/4730 881/4731
f 890/4732 906/4733 881/4734
f 880/4735 905/4736 879/4737
f 905/4738 904/4739 879/4740
