# Converted from a320src/A320-family-master/Models/LandingGears/a320.nlg.ac by simengine's ac3d_to_obj tool
# NOTE: materials/textures are not exported — see tools/ac3d_to_obj/main.cpp LIMITATIONS.
v -0.325444 -0.936093 0.086733
v -0.327914 -0.951689 0.122199
v -0.344416 -1.05587 0.133286
v -0.347985 -1.07841 0.101878
v -0.34862 -1.08242 0.063267
v -0.341237 -1.0358 0.004981
v -0.338867 -1.02085 0.149077
v -0.34615 -1.06683 0.027801
v -0.326079 -0.940101 0.048122
v -0.332828 -0.982711 0.145019
v -0.335197 -0.997669 0.000923
v -0.329649 -0.96264 0.016714
v -0.101698 -1.12153 0.063267
v -0.101063 -1.11752 0.101878
v -0.097494 -1.09498 0.133286
v -0.085905 -1.02182 0.145019
v -0.080992 -0.990798 0.122199
v -0.082726 -1.00175 0.016714
v -0.078522 -0.975202 0.086733
v -0.079157 -0.979209 0.048122
v -0.099228 -1.10593 0.027801
v -0.091945 -1.05995 0.149077
v -0.088275 -1.03678 0.000923
v -0.094315 -1.07491 0.004981
v -0.335197 -0.997669 0.000923
v -0.079157 -0.979209 0.048122
v -0.329649 -0.96264 0.016714
v -0.082726 -1.00175 0.016714
v -0.326079 -0.940101 0.048122
v -0.080992 -0.990798 0.122199
v -0.325444 -0.936093 0.086733
v -0.078522 -0.975202 0.086733
v -0.327914 -0.951689 0.122199
v -0.091945 -1.05995 0.149077
v -0.332828 -0.982711 0.145019
v -0.085905 -1.02182 0.145019
v -0.338867 -1.02085 0.149077
v -0.101063 -1.11752 0.101878
v -0.344416 -1.05587 0.133286
v -0.097494 -1.09498 0.133286
v -0.347985 -1.07841 0.101878
v -0.099228 -1.10593 0.027801
v -0.34862 -1.08242 0.063267
v -0.101698 -1.12153 0.063267
v -0.34615 -1.06683 0.027801
v -0.088275 -1.03678 0.000923
v -0.341237 -1.0358 0.004981
v -0.094315 -1.07491 0.004981
v -0.588877 -1.00123 0.113857
v -0.59168 -1.01893 0.067178
v -0.586757 -0.987847 0.028321
v -0.591256 -1.01625 0.092918
v -0.590033 -1.00853 0.043534
v -0.576652 -0.924045 0.057082
v -0.576229 -0.921372 0.082822
v -0.577876 -0.93177 0.106466
v -0.581151 -0.952451 0.121679
v -0.585178 -0.977874 0.124384
v -0.582731 -0.962423 0.025616
v -0.579032 -0.93907 0.036143
v 0.154009 -1.10517 0.028321
v 0.149087 -1.13625 0.067178
v 0.150733 -1.12585 0.043534
v 0.14951 -1.13358 0.092918
v 0.15189 -1.11855 0.113857
v 0.159615 -1.06978 0.121679
v 0.162891 -1.0491 0.106466
v 0.164537 -1.0387 0.082822
v 0.164114 -1.04137 0.057082
v 0.158036 -1.07975 0.025616
v 0.155589 -1.0952 0.124384
v 0.161734 -1.0564 0.036143
v -0.582731 -0.962423 0.025616
v 0.164114 -1.04137 0.057082
v -0.579032 -0.93907 0.036143
v 0.161734 -1.0564 0.036143
v -0.576652 -0.924045 0.057082
v 0.162891 -1.0491 0.106466
v -0.576229 -0.921372 0.082822
v 0.164537 -1.0387 0.082822
v -0.577876 -0.93177 0.106466
v 0.155589 -1.0952 0.124384
v -0.581151 -0.952451 0.121679
v 0.159615 -1.06978 0.121679
v -0.585178 -0.977874 0.124384
v 0.14951 -1.13358 0.092918
v -0.588877 -1.00123 0.113857
v 0.15189 -1.11855 0.113857
v -0.591256 -1.01625 0.092918
v 0.150733 -1.12585 0.043534
v -0.59168 -1.01893 0.067178
v 0.149087 -1.13625 0.067178
v -0.590033 -1.00853 0.043534
v 0.158036 -1.07975 0.025616
v -0.586757 -0.987847 0.028321
v 0.154009 -1.10517 0.028321
v -0.418273 -1.94242 0.1875
v -0.410234 -1.97242 0.1875
v -0.410234 -1.91242 0.1875
v -0.388273 -1.89046 0.1875
v -0.388273 -1.99439 0.1875
v -0.328273 -1.89046 0.1875
v -0.358273 -2.00242 0.1875
v -0.358273 -1.88242 0.1875
v -0.328273 -1.99439 0.1875
v -0.306311 -1.97242 0.1875
v -0.306311 -1.91242 0.1875
v -0.298273 -1.94242 0.1875
v -0.358273 -1.88242 -0.1875
v -0.410234 -1.91242 -0.1875
v -0.418273 -1.94242 -0.1875
v -0.410234 -1.97242 -0.1875
v -0.358273 -2.00242 -0.1875
v -0.388273 -1.89046 -0.1875
v -0.388273 -1.99439 -0.1875
v -0.328273 -1.99439 -0.1875
v -0.306311 -1.97242 -0.1875
v -0.328273 -1.89046 -0.1875
v -0.298273 -1.94242 -0.1875
v -0.306311 -1.91242 -0.1875
v -0.298389 -1.93868 0.046857
v -0.300556 -1.92603 0.051586
v -0.298273 -1.94242 0.1875
v -0.299012 -1.95181 0.045
v -0.31846 -1.98731 0.058967
v -0.306311 -1.97242 0.1875
v -0.305846 -1.9716 0.049499
v -0.328273 -1.99439 0.1875
v -0.335341 -1.99787 0.068146
v -0.377604 -1.99922 0.074302
v -0.358273 -2.00242 0.1875
v -0.35629 -2.00239 0.074138
v -0.388273 -1.99439 0.1875
v -0.396366 -1.98878 0.068575
v -0.416932 -1.95504 0.049931
v -0.410234 -1.97242 0.1875
v -0.409474 -1.9737 0.059486
v -0.418273 -1.94242 0.1875
v -0.4177 -1.93415 0.045014
v -0.39886 -1.89823 0.058446
v -0.410234 -1.91242 0.1875
v -0.411222 -1.9142 0.04908
v -0.388273 -1.89046 0.1875
v -0.382221 -1.88741 0.067708
v -0.340033 -1.88526 0.074449
v -0.358273 -1.88242 0.1875
v -0.361406 -1.88251 0.073957
v -0.328273 -1.89046 0.1875
v -0.321047 -1.89537 0.068995
v -0.307619 -1.91027 0.06
v -0.304761 -1.91528 0.06
v -0.300556 -1.92603 0.06
v -0.306311 -1.91242 0.1875
v -0.3024 -1.92056 0.06
v -0.406227 -2.00548 -0.064952
v -0.433341 -2.00118 -0.0375
v -0.406227 -2.00548 0.064952
v -0.305036 -2.0215 0.0375
v -0.369189 -2.01134 0.075
v -0.33215 -2.01721 0.064952
v -0.433341 -2.00118 0.0375
v -0.295112 -2.02308 0
v -0.305036 -2.0215 -0.0375
v -0.369189 -2.01134 -0.075
v -0.443265 -1.99961 0
v -0.33215 -2.01721 -0.064952
v -0.340033 -1.88526 0.074449
v -0.39886 -1.89823 0.058446
v -0.411222 -1.9142 0.04908
v -0.416932 -1.95504 0.049931
v -0.433341 -2.00118 0.0375
v -0.409474 -1.9737 0.059486
v -0.377604 -1.99922 0.074302
v -0.406227 -2.00548 0.064952
v -0.396366 -1.98878 0.068575
v -0.369189 -2.01134 0.075
v -0.35629 -2.00239 0.074138
v -0.31846 -1.98731 0.058967
v -0.33215 -2.01721 0.064952
v -0.335341 -1.99787 0.068146
v -0.305846 -1.9716 0.049499
v -0.305036 -2.0215 0.0375
v -0.299012 -1.95181 0.045
v -0.298389 -1.93868 0.046857
v -0.300556 -1.92603 0.051586
v -0.295112 -2.02308 0
v -0.282606 -1.92887 0.018761
v -0.300556 -1.92603 -0.051586
v -0.299012 -1.95181 -0.045
v -0.282606 -1.92887 -0.01876
v -0.298389 -1.93868 -0.046857
v -0.305846 -1.9716 -0.049498
v -0.305036 -2.0215 -0.0375
v -0.31846 -1.98731 -0.058967
v -0.35629 -2.00239 -0.074138
v -0.33215 -2.01721 -0.064952
v -0.335341 -1.99787 -0.068146
v -0.369189 -2.01134 -0.075
v -0.377604 -1.99922 -0.074302
v -0.409474 -1.9737 -0.059485
v -0.406227 -2.00548 -0.064952
v -0.396366 -1.98878 -0.068575
v -0.416932 -1.95504 -0.049931
v -0.433341 -2.00118 -0.0375
v -0.411222 -1.9142 -0.049079
v -0.39886 -1.89823 -0.058446
v -0.340033 -1.88526 -0.074449
v -0.307619 -1.91027 -0.06
v -0.330638 -1.84027 -0.074141
v -0.321047 -1.89537 -0.068994
v -0.297367 -1.84554 -0.06
v -0.361406 -1.88251 -0.073956
v -0.382221 -1.88741 -0.067708
v -0.36656 -1.83458 -0.070691
v -0.4177 -1.93415 -0.045014
v -0.396611 -1.82982 -0.050466
v -0.443265 -1.99961 0
v -0.413659 -1.82712 -0.018267
v -0.396611 -1.82982 0.050466
v -0.4177 -1.93415 0.045014
v -0.413659 -1.82712 0.018267
v -0.382221 -1.88741 0.067708
v -0.361406 -1.88251 0.073957
v -0.36656 -1.83458 0.070691
v -0.330638 -1.84027 0.074142
v -0.321047 -1.89537 0.068995
v -0.297367 -1.84554 0.06
v -0.307619 -1.91027 0.06
v -0.361406 -1.88251 -0.073956
v -0.411222 -1.9142 -0.049079
v -0.409474 -1.9737 -0.059485
v -0.35629 -2.00239 -0.074138
v -0.305846 -1.9716 -0.049498
v -0.298389 -1.93868 -0.046857
v -0.300556 -1.92603 -0.051586
v -0.3024 -1.92056 -0.06
v -0.304761 -1.91528 -0.06
v -0.307619 -1.91027 -0.06
v -0.306311 -1.97242 -0.1875
v -0.299012 -1.95181 -0.045
v -0.31846 -1.98731 -0.058967
v -0.358273 -2.00242 -0.1875
v -0.335341 -1.99787 -0.068146
v -0.328273 -1.99439 -0.1875
v -0.377604 -1.99922 -0.074302
v -0.410234 -1.97242 -0.1875
v -0.396366 -1.98878 -0.068575
v -0.388273 -1.99439 -0.1875
v -0.416932 -1.95504 -0.049931
v -0.410234 -1.91242 -0.1875
v -0.4177 -1.93415 -0.045014
v -0.418273 -1.94242 -0.1875
v -0.39886 -1.89823 -0.058446
v -0.358273 -1.88242 -0.1875
v -0.382221 -1.88741 -0.067708
v -0.388273 -1.89046 -0.1875
v -0.340033 -1.88526 -0.074449
v -0.321047 -1.89537 -0.068994
v -0.328273 -1.89046 -0.1875
v -0.298273 -1.94242 -0.1875
v -0.300556 -1.92603 -0.06
v -0.306311 -1.91242 -0.1875
v -0.36656 -1.83458 0.070691
v -0.330638 -1.84027 0.074142
v -0.396611 -1.82982 0.050466
v -0.413659 -1.82712 0.018267
v -0.252333 -1.85267 -0.06
v -0.252333 -1.85267 0.06
v -0.297367 -1.84554 0.06
v -0.413659 -1.82712 -0.018267
v -0.396611 -1.82982 -0.050466
v -0.297367 -1.84554 -0.06
v -0.36656 -1.83458 -0.070691
v -0.330638 -1.84027 -0.074141
v -0.304761 -1.91528 -0.06
v -0.3024 -1.92056 -0.06
v -0.300556 -1.92603 -0.06
v -0.264848 -1.93169 -0.06
v -0.244256 -1.92952 -0.06
v -0.227505 -1.91735 -0.06
v -0.219083 -1.89844 -0.06
v -0.221247 -1.87784 -0.06
v -0.233418 -1.86109 -0.06
v -0.307619 -1.91027 -0.06
v -0.252333 -1.85267 -0.06
v -0.297367 -1.84554 -0.06
v -0.221247 -1.87784 -0.06
v -0.264848 -1.93169 -0.06
v -0.264848 -1.93169 0.06
v -0.227505 -1.91735 0.06
v -0.244256 -1.92952 -0.06
v -0.244256 -1.92952 0.06
v -0.227505 -1.91735 -0.06
v -0.221247 -1.87784 0.06
v -0.219083 -1.89844 -0.06
v -0.219083 -1.89844 0.06
v -0.233418 -1.86109 -0.06
v -0.252333 -1.85267 -0.06
v -0.233418 -1.86109 0.06
v -0.252333 -1.85267 0.06
v -0.264848 -1.93169 -0.06
v -0.282606 -1.92887 -0.01876
v -0.300556 -1.92603 -0.06
v -0.300556 -1.92603 -0.051586
v -0.264848 -1.93169 0.06
v -0.300556 -1.92603 0.06
v -0.282606 -1.92887 0.018761
v -0.300556 -1.92603 0.051586
v -0.3024 -1.92056 0.06
v -0.300556 -1.92603 0.06
v -0.304761 -1.91528 0.06
v -0.233418 -1.86109 0.06
v -0.221247 -1.87784 0.06
v -0.219083 -1.89844 0.06
v -0.227505 -1.91735 0.06
v -0.244256 -1.92952 0.06
v -0.264848 -1.93169 0.06
v -0.252333 -1.85267 0.06
v -0.307619 -1.91027 0.06
v -0.297367 -1.84554 0.06
v -0.349837 -0.712763 0.04
v -0.332958 -0.702036 0.034641
v -0.366717 -0.723491 0.034641
v -0.320601 -0.694183 0.02
v -0.379074 -0.731344 0.02
v -0.332958 -0.702036 -0.034641
v -0.349837 -0.712763 -0.04
v -0.320601 -0.694183 -0.02
v -0.366717 -0.723491 -0.034641
v -0.379074 -0.731344 -0.02
v -0.283055 -0.753261 -0.02
v -0.283055 -0.753261 0.02
v -0.289259 -0.733508 0
v -0.287559 -0.773471 0.02
v -0.301564 -0.788722 -0.02
v -0.301564 -0.788722 0.02
v -0.287559 -0.773471 -0.02
v -0.321318 -0.794926 -0.02
v -0.321318 -0.794926 0.02
v -0.341528 -0.790422 0.02
v -0.341528 -0.790422 -0.02
v -0.356778 -0.776417 0
v -0.321318 -0.794926 -0.02
v -0.287559 -0.773471 -0.02
v -0.301564 -0.788722 -0.02
v -0.283055 -0.753261 -0.02
v -0.341528 -0.790422 -0.02
v -0.320601 -0.694183 -0.02
v -0.379074 -0.731344 -0.02
v -0.283055 -0.753261 0.02
v -0.287559 -0.773471 0.02
v -0.301564 -0.788722 0.02
v -0.321318 -0.794926 0.02
v -0.320601 -0.694183 0.02
v -0.341528 -0.790422 0.02
v -0.379074 -0.731344 0.02
v -0.571506 -0.289392 0
v -0.576029 -0.292266 0.02
v -0.576029 -0.292266 -0.02
v -0.588386 -0.300119 0.034641
v -0.588386 -0.300119 -0.034641
v -0.634502 -0.329427 0.02
v -0.639025 -0.332301 0
v -0.622145 -0.321574 0.034641
v -0.634502 -0.329427 -0.02
v -0.622145 -0.321574 -0.034641
v -0.615205 -0.25792 -0.05
v -0.658114 -0.190401 -0.05
v -0.615205 -0.25792 0.05
v -0.658114 -0.190401 0.05
v -0.606966 -0.270883 -0.034641
v -0.606966 -0.270883 0.034641
v -0.588386 -0.300119 -0.034641
v -0.588386 -0.300119 0.034641
v -0.639025 -0.332301 0
v -0.634502 -0.329427 0.02
v -0.626721 -0.277087 0.04
v -0.576029 -0.292266 0.02
v -0.571506 -0.289392 0
v -0.588386 -0.300119 -0.034641
v -0.606966 -0.270883 -0.034641
v -0.626721 -0.277087 -0.04
v -0.622145 -0.321574 -0.034641
v -0.640726 -0.292338 -0.034641
v -0.606966 -0.270883 0.034641
v -0.588386 -0.300119 0.034641
v -0.349837 -0.712763 0.04
v -0.617252 -0.272685 0.038637
v -0.332958 -0.702036 0.034641
v -0.640726 -0.292338 0.034641
v -0.634727 -0.283791 0.038637
v -0.622145 -0.321574 0.034641
v -0.366717 -0.723491 0.034641
v -0.379074 -0.731344 0.02
v -0.341528 -0.790422 0.02
v -0.356778 -0.776417 0
v -0.341528 -0.790422 -0.02
v -0.634502 -0.329427 -0.02
v -0.379074 -0.731344 -0.02
v -0.634727 -0.283791 -0.038637
v -0.366717 -0.723491 -0.034641
v -0.617252 -0.272685 -0.038637
v -0.349837 -0.712763 -0.04
v -0.576029 -0.292266 -0.02
v -0.332958 -0.702036 -0.034641
v -0.320601 -0.694183 -0.02
v -0.283055 -0.753261 -0.02
v -0.320601 -0.694183 0.02
v -0.289259 -0.733508 0
v -0.283055 -0.753261 0.02
v -0.648964 -0.279375 -0.05
v -0.691874 -0.211856 -0.05
v -0.691874 -0.211856 0.05
v -0.648964 -0.279375 0.05
v -0.622145 -0.321574 0.034641
v -0.640726 -0.292338 -0.034641
v -0.640726 -0.292338 0.034641
v -0.622145 -0.321574 -0.034641
v -0.658114 -0.190401 -0.05
v -0.691874 -0.211856 -0.05
v -0.658114 -0.190401 0.05
v -0.691874 -0.211856 0.05
v -0.615205 -0.25792 -0.05
v -0.648964 -0.279375 -0.05
v -0.658114 -0.190401 -0.05
v -0.691874 -0.211856 -0.05
v -0.634727 -0.283791 -0.038637
v -0.640726 -0.292338 -0.034641
v -0.648964 -0.279375 -0.05
v -0.626721 -0.277087 -0.04
v -0.615205 -0.25792 -0.05
v -0.617252 -0.272685 -0.038637
v -0.606966 -0.270883 -0.034641
v -0.615205 -0.25792 0.05
v -0.658114 -0.190401 0.05
v -0.648964 -0.279375 0.05
v -0.691874 -0.211856 0.05
v -0.617252 -0.272685 0.038637
v -0.606966 -0.270883 0.034641
v -0.615205 -0.25792 0.05
v -0.626721 -0.277087 0.04
v -0.648964 -0.279375 0.05
v -0.634727 -0.283791 0.038637
v -0.640726 -0.292338 0.034641
v -1.29548 0.71062 0.5
v -1.29097 0.73083 0.5
v -1.27697 0.74608 0.5
v -1.25721 0.752285 0.5
v -1.28927 0.690866 0.5
v -1.237 0.747781 0.5
v -1.22175 0.733776 0.5
v -1.29097 0.73083 -0.5
v -1.22175 0.733776 -0.5
v -1.22175 0.733776 0.5
v -1.25721 0.752285 0.5
v -1.237 0.747781 -0.5
v -1.237 0.747781 0.5
v -1.25721 0.752285 -0.5
v -1.29097 0.73083 0.5
v -1.27697 0.74608 -0.5
v -1.27697 0.74608 0.5
v -1.29548 0.71062 -0.5
v -1.28927 0.690866 -0.5
v -1.29548 0.71062 0.5
v -1.28927 0.690866 0.5
v -0.720961 -0.054224 -0.087088
v -0.635871 -0.188114 -0.07
v -0.677573 -0.122495 0.07
v -0.677573 -0.122495 -0.07
v -0.635871 -0.188114 0.07
v -0.692415 -0.099142 0.071924
v -0.692415 -0.099142 -0.071923
v -0.706971 -0.076238 -0.077656
v -0.706971 -0.076238 0.077657
v -1.22175 0.733776 -0.5
v -0.720961 -0.054224 0.087089
v -1.22175 0.733776 0.5
v -0.70339 -0.231024 0.07
v -0.70339 -0.231024 -0.07
v -0.688139 -0.245029 -0.07
v -0.667929 -0.249532 0.07
v -0.667929 -0.249532 -0.07
v -0.688139 -0.245029 0.07
v -0.648175 -0.243328 0.07
v -0.648175 -0.243328 -0.07
v -0.629666 -0.207868 0.07
v -0.63417 -0.228078 -0.07
v -0.63417 -0.228078 0.07
v -0.629666 -0.207868 -0.07
v -0.635871 -0.188114 0.07
v -0.635871 -0.188114 -0.07
v -0.70339 -0.231024 -0.07
v -0.70339 -0.231024 0.07
v -0.745092 -0.165405 -0.07
v -0.745092 -0.165405 0.07
v -1.28927 0.690866 0.5
v -1.28927 0.690866 -0.5
v -0.759933 -0.142052 0.071924
v -0.759933 -0.142052 -0.071923
v -0.774489 -0.119148 -0.077656
v -0.78848 -0.097134 -0.087088
v -0.78848 -0.097134 0.087089
v -0.774489 -0.119148 0.077657
v -1.28927 0.690866 0.5
v -0.78848 -0.097134 0.087089
v -1.22175 0.733776 0.5
v -0.720961 -0.054224 0.087089
v -0.78848 -0.097134 0.087089
v -0.706971 -0.076238 0.077657
v -0.774489 -0.119148 0.077657
v -0.720961 -0.054224 0.087089
v -0.759933 -0.142052 0.071924
v -0.745092 -0.165405 0.07
v -0.692415 -0.099142 0.071924
v -0.677573 -0.122495 0.07
v -0.629666 -0.207868 0.07
v -0.63417 -0.228078 0.07
v -0.667929 -0.249532 0.07
v -0.648175 -0.243328 0.07
v -0.688139 -0.245029 0.07
v -0.70339 -0.231024 0.07
v -0.635871 -0.188114 0.07
v -0.745092 -0.165405 0.07
v -0.677573 -0.122495 0.07
v -1.25721 0.752285 -0.5
v -1.27697 0.74608 -0.5
v -1.29097 0.73083 -0.5
v -1.29548 0.71062 -0.5
v -1.237 0.747781 -0.5
v -1.28927 0.690866 -0.5
v -1.22175 0.733776 -0.5
v -1.28927 0.690866 -0.5
v -1.22175 0.733776 -0.5
v -0.78848 -0.097134 -0.087088
v -0.720961 -0.054224 -0.087088
v -0.745092 -0.165405 -0.07
v -0.677573 -0.122495 -0.07
v -0.706971 -0.076238 -0.077656
v -0.759933 -0.142052 -0.071923
v -0.692415 -0.099142 -0.071923
v -0.774489 -0.119148 -0.077656
v -0.720961 -0.054224 -0.087088
v -0.78848 -0.097134 -0.087088
v -0.648175 -0.243328 -0.07
v -0.688139 -0.245029 -0.07
v -0.667929 -0.249532 -0.07
v -0.63417 -0.228078 -0.07
v -0.629666 -0.207868 -0.07
v -0.70339 -0.231024 -0.07
v -0.745092 -0.165405 -0.07
v -0.635871 -0.188114 -0.07
v -0.677573 -0.122495 -0.07
v -0.133067 -0.872116 -0.095263
v -0.18739 -0.863512 -0.11
v -0.0933 -0.878414 -0.055
v -0.241713 -0.854908 -0.095263
v -0.296036 -0.846304 0
v -0.078744 -0.88072 0
v -0.28148 -0.848609 -0.055
v -0.28148 -0.848609 0.055
v -0.241713 -0.854908 0.095263
v -0.18739 -0.863512 0.11
v -0.133067 -0.872116 0.095263
v -0.0933 -0.878414 0.055
v -0.31589 -1.43511 -0.064952
v -0.278851 -1.44097 -0.075
v -0.352928 -1.42924 0
v -0.343003 -1.43081 -0.0375
v -0.241813 -1.44684 -0.064952
v -0.214699 -1.45114 -0.0375
v -0.204775 -1.45271 0
v -0.241813 -1.44684 0.064952
v -0.343003 -1.43081 0.0375
v -0.214699 -1.45114 0.0375
v -0.278851 -1.44097 0.075
v -0.31589 -1.43511 0.064952
v -0.188769 -1.11194 -0.064952
v -0.278851 -1.44097 -0.075
v -0.225808 -1.10607 -0.075
v -0.241813 -1.44684 -0.064952
v -0.151731 -1.1178 0
v -0.204775 -1.45271 0
v -0.161655 -1.11623 -0.0375
v -0.214699 -1.45114 0.0375
v -0.188769 -1.11194 0.064952
v -0.241813 -1.44684 0.064952
v -0.161655 -1.11623 0.0375
v -0.278851 -1.44097 0.075
v -0.262846 -1.1002 0.064952
v -0.31589 -1.43511 0.064952
v -0.225808 -1.10607 0.075
v -0.343003 -1.43081 0.0375
v -0.299884 -1.09434 0
v -0.352928 -1.42924 0
v -0.28996 -1.09591 0.0375
v -0.343003 -1.43081 -0.0375
v -0.28996 -1.09591 -0.0375
v -0.31589 -1.43511 -0.064952
v -0.262846 -1.1002 -0.064952
v -0.214699 -1.45114 -0.0375
v -0.168872 -1.09818 -0.095263
v -0.188769 -1.11194 -0.064952
v -0.223195 -1.08957 -0.11
v -0.161655 -1.11623 -0.0375
v -0.114549 -1.10678 0
v -0.151731 -1.1178 0
v -0.129105 -1.10448 -0.055
v -0.161655 -1.11623 0.0375
v -0.129105 -1.10448 0.055
v -0.223195 -1.08957 0.11
v -0.225808 -1.10607 0.075
v -0.168872 -1.09818 0.095263
v -0.262846 -1.1002 0.064952
v -0.277518 -1.08097 0.095263
v -0.331841 -1.07237 0
v -0.28996 -1.09591 0.0375
v -0.317285 -1.07467 0.055
v -0.317285 -1.07467 -0.055
v -0.28996 -1.09591 -0.0375
v -0.262846 -1.1002 -0.064952
v -0.225808 -1.10607 -0.075
v -0.277518 -1.08097 -0.095263
v -0.299884 -1.09434 0
v -0.188769 -1.11194 0.064952
v -0.133067 -0.872116 -0.095263
v -0.168872 -1.09818 -0.095263
v -0.18739 -0.863512 -0.11
v -0.129105 -1.10448 -0.055
v -0.0933 -0.878414 -0.055
v -0.0933 -0.878414 0.055
v -0.114549 -1.10678 0
v -0.078744 -0.88072 0
v -0.133067 -0.872116 0.095263
v -0.168872 -1.09818 0.095263
v -0.223195 -1.08957 0.11
v -0.18739 -0.863512 0.11
v -0.28148 -0.848609 0.055
v -0.317285 -1.07467 0.055
v -0.241713 -0.854908 0.095263
v -0.331841 -1.07237 0
v -0.28148 -0.848609 -0.055
v -0.317285 -1.07467 -0.055
v -0.296036 -0.846304 0
v -0.277518 -1.08097 -0.095263
v -0.241713 -0.854908 -0.095263
v -0.223195 -1.08957 -0.11
v -0.277518 -1.08097 0.095263
v -0.129105 -1.10448 0.055
v -0.279994 -0.848845 -0.04
v -0.28616 -0.847868 -0.04
v -0.279867 -0.847314 -0.04
v -0.354038 -0.794178 -0.04
v -0.315197 -0.705578 -0.04
v -0.367747 -0.777309 -0.04
v -0.355966 -0.717352 -0.04
v -0.373003 -0.756217 -0.04
v -0.368812 -0.734887 -0.04
v -0.336892 -0.706926 -0.04
v -0.258832 -0.714505 -0.04
v -0.354038 -0.794178 0.04
v -0.367747 -0.777309 0.04
v -0.354038 -0.794178 -0.04
v -0.367747 -0.777309 -0.04
v -0.368812 -0.734887 0.04
v -0.368812 -0.734887 -0.04
v -0.373003 -0.756217 0.04
v -0.355966 -0.717352 -0.04
v -0.355966 -0.717352 0.04
v -0.315197 -0.705578 0.04
v -0.336892 -0.706926 -0.04
v -0.336892 -0.706926 0.04
v -0.315197 -0.705578 -0.04
v -0.373003 -0.756217 -0.04
v -0.264653 -0.713583 -0.006849
v -0.262804 -0.713876 -0.020418
v -0.315197 -0.705578 -0.04
v -0.315197 -0.705578 0.04
v -0.264653 -0.713583 0.006849
v -0.258832 -0.714505 -0.04
v -0.258832 -0.714505 0.04
v -0.262804 -0.713876 0.020419
v -0.28616 -0.847868 -0.04
v -0.28616 -0.847868 0.04
v -0.354038 -0.794178 -0.04
v -0.354038 -0.794178 0.04
v -0.279994 -0.848845 0.04
v -0.279867 -0.847314 0.04
v -0.28616 -0.847868 0.04
v -0.258832 -0.714505 0.04
v -0.315197 -0.705578 0.04
v -0.354038 -0.794178 0.04
v -0.336892 -0.706926 0.04
v -0.368812 -0.734887 0.04
v -0.367747 -0.777309 0.04
v -0.355966 -0.717352 0.04
v -0.373003 -0.756217 0.04
v -0.262804 -0.713876 -0.020418
v -0.167669 -0.112978 -0.020236
v -0.264653 -0.713583 0.006849
v -0.15205 -0.001135 0
v -0.264653 -0.713583 -0.006849
v -0.167669 -0.112978 0.020237
v -0.138817 -0.003231 0.05
v -0.262804 -0.713876 0.020419
v -0.250903 -0.638711 0.020402
v -0.170923 -0.133538 0.020247
v -0.148195 -0.124362 0.063906
v -0.166515 -0.51773 0.094231
v -0.10831 -0.122294 0.092562
v -0.200442 -0.54264 0.077589
v -0.149014 -0.512648 0.098547
v -0.131831 -0.512725 0.1
v -0.107036 -0.356175 0.1
v -0.087224 -0.358325 0.097999
v -0.060633 -0.127819 0.099488
v -0.112734 -0.519391 0.098
v -0.084894 -0.546263 0.085656
v -0.016355 -0.139639 0.083058
v -0.061094 -0.705356 0.000299
v 0.014128 -0.154981 0.047129
v -0.065739 -0.589797 0.063399
v -0.088621 -0.879155 0.000336
v 0.045488 -0.032422 0
v -0.088621 -0.879155 -0.000335
v -0.061094 -0.705356 -0.000299
v -0.065739 -0.589797 -0.063399
v 0.014128 -0.154981 -0.047128
v -0.016355 -0.139639 -0.083057
v -0.112734 -0.519391 -0.097999
v -0.087224 -0.358325 -0.097999
v -0.084894 -0.546263 -0.085655
v -0.107036 -0.356175 -0.1
v -0.060633 -0.127819 -0.099488
v -0.131831 -0.512725 -0.1
v -0.149014 -0.512648 -0.098547
v -0.10831 -0.122294 -0.092562
v -0.166515 -0.51773 -0.094231
v -0.250903 -0.638711 -0.020402
v -0.148195 -0.124362 -0.063906
v -0.200442 -0.54264 -0.077589
v -0.170923 -0.133538 -0.020247
v -0.144943 -0.103801 0.0639
v -0.102665 -0.008957 0.086603
v -0.057376 -0.107257 0.099488
v -0.053281 -0.016778 0.1
v -0.105057 -0.101732 0.092561
v -0.003896 -0.0246 0.086603
v 0.017387 -0.134421 0.047123
v 0.032256 -0.030326 0.05
v -0.013096 -0.119078 0.083056
v 0.02366 -0.170242 0.000136
v 0.026916 -0.149682 0.000125
v 0.017387 -0.134421 -0.047122
v 0.026916 -0.149682 -0.000125
v 0.032256 -0.030326 -0.05
v -0.057376 -0.107257 -0.099488
v -0.003896 -0.0246 -0.086602
v -0.013096 -0.119078 -0.083056
v -0.053281 -0.016778 -0.1
v -0.144943 -0.103801 -0.0639
v -0.102665 -0.008957 -0.086602
v -0.105057 -0.101732 -0.09256
v -0.138817 -0.003231 -0.05
v 0.02366 -0.170242 -0.000135
v -0.262804 -0.713876 0.020419
v -0.279867 -0.847314 0.04
v -0.216483 -0.559979 0.125963
v -0.258832 -0.714505 0.04
v -0.061556 -0.057278 0.488137
v -0.066616 -0.065287 0.469903
v -0.059179 -0.048702 0.493041
v -0.062393 -0.042204 0.47263
v -0.057056 -0.03927 0.496066
v -0.055275 -0.029368 0.497088
v -0.049384 0.007822 0.497088
v -0.167669 -0.112978 0.020237
v -0.066197 -0.026585 0.442438
v -0.170923 -0.133538 0.020247
v -0.063662 -0.026551 0.454606
v -0.062285 -0.032204 0.465534
v -0.063961 -0.054178 0.474212
v -0.216986 -0.553203 0.118382
v -0.23531 -0.601903 0.067353
v -0.250682 -0.638326 0.021172
v -0.250864 -0.638731 0.020603
v -0.250901 -0.638789 0.02047
v -0.250907 -0.638788 0.020441
v -0.250909 -0.638783 0.020428
v -0.250909 -0.638774 0.020418
v -0.250908 -0.638748 0.020406
v -0.250903 -0.638711 0.020402
v -0.279994 -0.848845 0.04
v -0.270043 -0.850421 0.054747
v -0.279867 -0.847314 0.04
v -0.211959 -0.714558 0.087962
v -0.214329 -0.651588 0.089673
v -0.23328 -0.609327 0.096931
v -0.216483 -0.559979 0.125963
v -0.169581 -0.672046 0.099234
v -0.183148 -0.679895 0.096944
v -0.1617 -0.630221 0.103612
v -0.145162 -0.675914 0.099234
v -0.156854 -0.670712 0.100001
v -0.120164 -0.644291 0.100089
v -0.127429 -0.596803 0.115407
v -0.117997 -0.729449 0.087961
v -0.091861 -0.677303 0.08672
v -0.134685 -0.687572 0.096944
v -0.104737 -0.876603 0.054747
v -0.088621 -0.879155 0.031484
v -0.04408 -0.597932 0.11865
v -0.058395 -0.643304 0.092974
v -0.12676 -0.560236 0.135548
v -0.142677 -0.593173 0.116174
v -0.061556 -0.057278 0.488137
v 0.039028 -0.073209 0.488137
v -0.059179 -0.048702 0.493041
v 0.041921 -0.054947 0.496066
v -0.057056 -0.03927 0.496066
v 0.040411 -0.064476 0.493041
v 0.043494 -0.045012 0.497088
v -0.055275 -0.029368 0.497088
v -0.055275 -0.029368 0.497088
v 0.043494 -0.045012 0.497088
v -0.049384 0.007822 0.497088
v 0.049384 -0.007822 0.497088
v 0.049384 -0.007822 0.497088
v -0.013096 -0.119078 0.083056
v -0.049384 0.007822 0.497088
v 0.026916 -0.149682 0.000125
v 0.017387 -0.134421 0.047123
v -0.057376 -0.107257 0.099488
v -0.105057 -0.101732 0.092561
v -0.144943 -0.103801 0.0639
v -0.167669 -0.112978 0.020237
v 0.039028 -0.073209 0.488137
v -0.061556 -0.057278 0.488137
v -0.04408 -0.597932 0.11865
v -0.216483 -0.559979 0.125963
v -0.12676 -0.560236 0.135548
v -0.084894 -0.546263 0.085656
v -0.112734 -0.519391 0.098
v -0.104048 -0.546783 0.10305
v -0.08584 -0.568528 0.092919
v -0.065739 -0.589797 0.063399
v -0.114545 -0.534405 0.102558
v -0.108648 -0.542966 0.104635
v -0.11383 -0.52722 0.099155
v -0.112556 -0.540167 0.105736
v -0.114512 -0.543957 0.114978
v -0.106214 -0.549465 0.123322
v -0.114789 -0.540212 0.107985
v -0.110608 -0.546613 0.124657
v -0.112552 -0.543815 0.130542
v -0.111106 -0.540116 0.137455
v -0.101056 -0.553337 0.121419
v -0.113733 -0.54518 0.122789
v -0.109539 -0.534512 0.142912
v -0.072236 -0.565001 0.126027
v -0.046541 -0.613474 0.095525
v -0.05402 -0.660694 0.052162
v -0.054872 -0.634965 0.073493
v -0.057626 -0.683461 0.026492
v -0.062402 -0.628176 0.060908
v -0.061094 -0.705356 0.000299
v -0.060925 -0.704287 0.001878
v -0.061061 -0.705147 0.000818
v -0.061102 -0.705404 0.000448
v -0.061106 -0.705428 0.000391
v -0.061107 -0.705435 0.000345
v -0.061103 -0.705411 0.000309
v -0.088499 -0.565472 0.115025
v -0.07028 -0.600441 0.076296
v -0.063579 -0.607232 0.090693
v -0.080782 -0.575245 0.109577
v 0.037667 -0.081804 0.469903
v -0.046541 -0.613474 0.095525
v 0.003713 -0.076426 0.469903
v -0.109539 -0.534512 0.142912
v -0.072236 -0.565001 0.126027
v -0.12858 -0.527874 0.1454
v -0.130132 -0.533374 0.139928
v -0.15086 -0.525806 0.144396
v -0.13155 -0.536855 0.132966
v -0.135874 -0.537217 0.127957
v -0.13269 -0.537978 0.125231
v -0.133446 -0.536656 0.117475
v -0.133746 -0.53303 0.110454
v -0.134896 -0.531164 0.108402
v -0.133558 -0.527448 0.104856
v -0.13919 -0.530687 0.108305
v -0.140727 -0.536649 0.127835
v -0.131831 -0.512725 0.1
v -0.149014 -0.512648 0.098547
v -0.132899 -0.520449 0.101247
v -0.166515 -0.51773 0.094231
v -0.200442 -0.54264 0.077589
v -0.1764 -0.540348 0.100411
v -0.250903 -0.638711 0.020402
v -0.250908 -0.638748 0.020406
v -0.250909 -0.638774 0.020418
v -0.250909 -0.638783 0.020428
v -0.250907 -0.638788 0.020441
v -0.250901 -0.638789 0.02047
v -0.250864 -0.638731 0.020603
v -0.250682 -0.638326 0.021172
v -0.206382 -0.564229 0.084652
v -0.216986 -0.553203 0.118382
v -0.214196 -0.568806 0.100132
v -0.23531 -0.601903 0.067353
v -0.173501 -0.529444 0.139434
v -0.171405 -0.541015 0.122155
v -0.196043 -0.553797 0.111616
v -0.163431 -0.538621 0.124426
v -0.148467 -0.530875 0.107514
v -0.132899 -0.520449 0.101247
v -0.133558 -0.527448 0.104856
v -0.131831 -0.512725 0.1
v -0.133746 -0.53303 0.110454
v -0.133446 -0.536656 0.117475
v -0.13269 -0.537978 0.125231
v -0.13155 -0.536855 0.132966
v -0.130132 -0.533374 0.139928
v -0.12858 -0.527874 0.1454
v -0.016189 -0.073274 0.469903
v -0.100255 -0.384797 0.190906
v -0.013885 -0.062109 0.474212
v -0.012188 -0.050155 0.47263
v -0.011502 -0.040247 0.465534
v -0.011989 -0.034735 0.454606
v -0.013534 -0.034926 0.442438
v -0.037376 -0.073019 0.299354
v -0.034326 -0.072652 0.323395
v -0.03337 -0.083587 0.344992
v -0.034732 -0.103256 0.359074
v -0.038094 -0.127044 0.362335
v -0.042665 -0.149365 0.35401
v -0.103389 -0.396075 0.180074
v -0.106282 -0.403461 0.166233
v -0.108656 -0.406271 0.150731
v -0.110277 -0.404169 0.135035
v -0.110944 -0.397181 0.12078
v -0.110564 -0.385948 0.109538
v -0.107036 -0.356175 0.1
v -0.109204 -0.371773 0.102427
v -0.016189 -0.073274 0.469903
v -0.12858 -0.527874 0.1454
v -0.066616 -0.065287 0.469903
v -0.15086 -0.525806 0.144396
v -0.216986 -0.553203 0.118382
v -0.173501 -0.529444 0.139434
v 0.003713 -0.076426 0.469903
v 0.006018 -0.065262 0.474212
v 0.037667 -0.081804 0.469903
v 0.007714 -0.053308 0.47263
v 0.041337 -0.058633 0.47263
v 0.042884 -0.048861 0.465534
v 0.007913 -0.037887 0.454606
v 0.043724 -0.043559 0.454606
v 0.0084 -0.043399 0.465534
v 0.006369 -0.038078 0.442438
v 0.043657 -0.043984 0.442438
v 0.039448 -0.070557 0.474212
v 0.006369 -0.038078 0.442438
v -0.017979 -0.076978 0.296322
v 0.043657 -0.043984 0.442438
v -0.037376 -0.073019 0.299354
v -0.060633 -0.127819 0.099488
v -0.013534 -0.034926 0.442438
v -0.066197 -0.026585 0.442438
v -0.170923 -0.133538 0.020247
v -0.148195 -0.124362 0.063906
v -0.10831 -0.122294 0.092562
v -0.016355 -0.139639 0.083058
v 0.014128 -0.154981 0.047129
v 0.02366 -0.170242 0.000136
v -0.066197 -0.026585 0.442438
v -0.013534 -0.034926 0.442438
v -0.063662 -0.026551 0.454606
v -0.011502 -0.040247 0.465534
v -0.062285 -0.032204 0.465534
v -0.011989 -0.034735 0.454606
v -0.062393 -0.042204 0.47263
v -0.013885 -0.062109 0.474212
v -0.063961 -0.054178 0.474212
v -0.012188 -0.050155 0.47263
v -0.016189 -0.073274 0.469903
v -0.066616 -0.065287 0.469903
v -0.109204 -0.371773 0.102427
v -0.107609 -0.393666 0.116881
v -0.107036 -0.356175 0.1
v -0.109506 -0.393928 0.116969
v -0.108656 -0.406271 0.150731
v -0.106282 -0.403461 0.166233
v -0.104976 -0.393459 0.116707
v -0.110944 -0.397181 0.12078
v -0.110277 -0.404169 0.135035
v -0.110564 -0.385948 0.109538
v -0.104306 -0.405803 0.155825
v -0.100255 -0.384797 0.190906
v -0.101099 -0.405927 0.155624
v -0.103389 -0.396075 0.180074
v -0.080545 -0.38748 0.188758
v -0.083663 -0.398684 0.177965
v -0.091783 -0.407282 0.154527
v -0.086535 -0.405953 0.164143
v -0.089094 -0.407972 0.154057
v -0.093642 -0.395006 0.115355
v -0.090455 -0.406259 0.133036
v -0.092181 -0.395528 0.115104
v -0.088877 -0.408575 0.148657
v -0.091094 -0.399164 0.118876
v -0.09072 -0.387984 0.107653
v -0.08938 -0.373877 0.100467
v -0.087224 -0.358325 0.097999
v -0.100255 -0.384797 0.190906
v -0.042665 -0.149365 0.35401
v -0.080545 -0.38748 0.188758
v -0.023268 -0.153324 0.350978
v -0.017979 -0.076978 0.296322
v -0.014928 -0.076611 0.320363
v -0.037376 -0.073019 0.299354
v -0.034326 -0.072652 0.323395
v -0.015335 -0.107216 0.356042
v -0.034732 -0.103256 0.359074
v -0.013972 -0.087546 0.34196
v -0.038094 -0.127044 0.362335
v -0.023268 -0.153324 0.350978
v -0.042665 -0.149365 0.35401
v -0.018697 -0.131003 0.359303
v -0.03337 -0.083587 0.344992
v -0.111106 -0.540116 0.137455
v -0.112734 -0.519391 0.098
v -0.109539 -0.534512 0.142912
v -0.112552 -0.543815 0.130542
v -0.113733 -0.54518 0.122789
v -0.114512 -0.543957 0.114978
v -0.114789 -0.540212 0.107985
v -0.114545 -0.534405 0.102558
v -0.11383 -0.52722 0.099155
v -0.087224 -0.358325 0.097999
v -0.08938 -0.373877 0.100467
v -0.09072 -0.387984 0.107653
v -0.091094 -0.399164 0.118876
v -0.090455 -0.406259 0.133036
v -0.088877 -0.408575 0.148657
v -0.086535 -0.405953 0.164143
v -0.083663 -0.398684 0.177965
v -0.023268 -0.153324 0.350978
v 0.003713 -0.076426 0.469903
v -0.080545 -0.38748 0.188758
v -0.018697 -0.131003 0.359303
v 0.006369 -0.038078 0.442438
v 0.007913 -0.037887 0.454606
v 0.0084 -0.043399 0.465534
v 0.007714 -0.053308 0.47263
v 0.006018 -0.065262 0.474212
v -0.015335 -0.107216 0.356042
v -0.013972 -0.087546 0.34196
v -0.017979 -0.076978 0.296322
v -0.014928 -0.076611 0.320363
v 0.041921 -0.054947 0.496066
v 0.041337 -0.058633 0.47263
v 0.043494 -0.045012 0.497088
v 0.040411 -0.064476 0.493041
v 0.039028 -0.073209 0.488137
v -0.04408 -0.597932 0.11865
v 0.037667 -0.081804 0.469903
v -0.046541 -0.613474 0.095525
v -0.088621 -0.879155 0.000336
v -0.088621 -0.879155 0.031484
v -0.05402 -0.660694 0.052162
v -0.061094 -0.705356 0.000299
v -0.061103 -0.705411 0.000309
v -0.061107 -0.705435 0.000345
v -0.061106 -0.705428 0.000391
v -0.061102 -0.705404 0.000448
v -0.061061 -0.705147 0.000818
v -0.057626 -0.683461 0.026492
v 0.039448 -0.070557 0.474212
v 0.042884 -0.048861 0.465534
v 0.049384 -0.007822 0.497088
v 0.043724 -0.043559 0.454606
v 0.02366 -0.170242 0.000136
v 0.026916 -0.149682 0.000125
v 0.043657 -0.043984 0.442438
v -0.104737 -0.876603 0.054747
v -0.117997 -0.729449 0.087961
v -0.140408 -0.870953 0.087963
v -0.134685 -0.687572 0.096944
v -0.18739 -0.863512 0.100001
v -0.145162 -0.675914 0.099234
v -0.156854 -0.670712 0.100001
v -0.169581 -0.672046 0.099234
v -0.211959 -0.714558 0.087962
v -0.234372 -0.856071 0.087963
v -0.183148 -0.679895 0.096944
v -0.270043 -0.850421 0.054747
v 0.043494 -0.045012 -0.497088
v 0.041921 -0.054947 -0.496065
v -0.055275 -0.029368 -0.497088
v -0.057056 -0.03927 -0.496065
v 0.039028 -0.073209 -0.488136
v -0.059179 -0.048702 -0.49304
v 0.040411 -0.064476 -0.49304
v -0.061556 -0.057278 -0.488136
v -0.258832 -0.714505 -0.04
v -0.262804 -0.713876 -0.020418
v -0.250903 -0.638711 -0.020402
v -0.250908 -0.638748 -0.020406
v -0.250909 -0.638774 -0.020418
v -0.250909 -0.638783 -0.020428
v -0.250907 -0.638788 -0.020441
v -0.250901 -0.638789 -0.020469
v -0.250864 -0.638731 -0.020603
v -0.250682 -0.638326 -0.021171
v -0.23531 -0.601903 -0.067352
v -0.216483 -0.559979 -0.125963
v -0.279867 -0.847314 -0.04
v -0.216986 -0.553203 -0.118382
v -0.063961 -0.054178 -0.474212
v -0.061556 -0.057278 -0.488136
v -0.066616 -0.065287 -0.469903
v -0.062393 -0.042204 -0.47263
v -0.062285 -0.032204 -0.465534
v -0.049384 0.007822 -0.497088
v -0.063662 -0.026551 -0.454605
v -0.066197 -0.026585 -0.442438
v -0.170923 -0.133538 -0.020247
v -0.167669 -0.112978 -0.020236
v -0.055275 -0.029368 -0.497088
v -0.057056 -0.03927 -0.496065
v -0.059179 -0.048702 -0.49304
v -0.055275 -0.029368 -0.497088
v -0.049384 0.007822 -0.497088
v 0.043494 -0.045012 -0.497088
v 0.049384 -0.007822 -0.497088
v -0.049384 0.007822 -0.497088
v -0.013096 -0.119078 -0.083056
v 0.049384 -0.007822 -0.497088
v -0.167669 -0.112978 -0.020236
v -0.144943 -0.103801 -0.0639
v -0.105057 -0.101732 -0.09256
v -0.057376 -0.107257 -0.099488
v 0.017387 -0.134421 -0.047122
v 0.026916 -0.149682 -0.000125
v -0.279994 -0.848845 -0.04
v -0.279867 -0.847314 -0.04
v -0.270043 -0.850421 -0.054746
v -0.216483 -0.559979 -0.125963
v -0.265419 -0.630442 -0.080428
v -0.12676 -0.560236 -0.135548
v -0.04408 -0.597932 -0.118649
v -0.088621 -0.879155 -0.031484
v -0.043737 -0.662145 -0.082573
v -0.082624 -0.620358 -0.10502
v -0.104737 -0.876603 -0.054746
v -0.134685 -0.687572 -0.096944
v -0.10783 -0.655547 -0.09572
v -0.117997 -0.729449 -0.08796
v -0.156854 -0.670712 -0.1
v -0.146208 -0.631832 -0.104008
v -0.145162 -0.675914 -0.099233
v -0.138343 -0.594003 -0.116082
v -0.169581 -0.672046 -0.099233
v -0.211959 -0.714558 -0.087962
v -0.199422 -0.641495 -0.095506
v -0.183148 -0.679895 -0.096944
v -0.21276 -0.6002 -0.104734
v 0.039028 -0.073209 -0.488136
v -0.04408 -0.597932 -0.118649
v -0.061556 -0.057278 -0.488136
v -0.12676 -0.560236 -0.135548
v -0.216483 -0.559979 -0.125963
v -0.270043 -0.850421 -0.054746
v -0.211959 -0.714558 -0.087962
v -0.234372 -0.856071 -0.087962
v -0.183148 -0.679895 -0.096944
v -0.18739 -0.863512 -0.1
v -0.169581 -0.672046 -0.099233
v -0.156854 -0.670712 -0.1
v -0.145162 -0.675914 -0.099233
v -0.117997 -0.729449 -0.08796
v -0.140408 -0.870953 -0.087962
v -0.134685 -0.687572 -0.096944
v -0.104737 -0.876603 -0.054746
v -0.111106 -0.540116 -0.137455
v -0.105302 -0.550107 -0.123013
v -0.109539 -0.534512 -0.142911
v -0.112552 -0.543815 -0.130541
v -0.110527 -0.546662 -0.124634
v -0.114512 -0.543957 -0.114978
v -0.107835 -0.543598 -0.104379
v -0.113733 -0.54518 -0.122789
v -0.112484 -0.540215 -0.105718
v -0.114545 -0.534405 -0.102557
v -0.11383 -0.52722 -0.099154
v -0.084894 -0.546263 -0.085655
v -0.114789 -0.540212 -0.107985
v -0.112734 -0.519391 -0.097999
v -0.065739 -0.589797 -0.063399
v -0.061094 -0.705356 -0.000299
v -0.061103 -0.705411 -0.000309
v -0.061107 -0.705435 -0.000345
v -0.061106 -0.705428 -0.000391
v -0.061102 -0.705404 -0.000447
v -0.061061 -0.705147 -0.000818
v -0.061716 -0.631527 -0.059004
v -0.069323 -0.60314 -0.074831
v -0.057626 -0.683461 -0.026492
v -0.046541 -0.613474 -0.095525
v -0.054111 -0.638314 -0.071377
v -0.05402 -0.660694 -0.052161
v -0.072236 -0.565001 -0.126027
v -0.079985 -0.576377 -0.108933
v -0.062521 -0.609932 -0.089046
v -0.087295 -0.566866 -0.114261
v -0.091708 -0.560193 -0.096966
v -0.109539 -0.534512 -0.142911
v -0.072236 -0.565001 -0.126027
v 0.003713 -0.076426 -0.469903
v -0.046541 -0.613474 -0.095525
v 0.037667 -0.081804 -0.469903
v -0.132899 -0.520449 -0.101247
v -0.134728 -0.531191 -0.108402
v -0.131831 -0.512725 -0.1
v -0.133558 -0.527448 -0.104856
v -0.133746 -0.53303 -0.110454
v -0.138746 -0.53072 -0.108323
v -0.13269 -0.537978 -0.125231
v -0.135655 -0.537251 -0.127957
v -0.133446 -0.536656 -0.117475
v -0.13155 -0.536855 -0.132965
v -0.130132 -0.533374 -0.139928
v -0.12858 -0.527874 -0.1454
v -0.15086 -0.525806 -0.144396
v -0.173501 -0.529444 -0.139434
v -0.216986 -0.553203 -0.118382
v -0.184325 -0.546701 -0.117298
v -0.23531 -0.601903 -0.067352
v -0.216581 -0.571181 -0.098353
v -0.230813 -0.596475 -0.063851
v -0.208627 -0.566643 -0.083083
v -0.198427 -0.555477 -0.110302
v -0.200442 -0.54264 -0.077589
v -0.245268 -0.625483 -0.037426
v -0.250903 -0.638711 -0.020402
v -0.250682 -0.638326 -0.021171
v -0.250864 -0.638731 -0.020603
v -0.250901 -0.638789 -0.020469
v -0.250907 -0.638788 -0.020441
v -0.250909 -0.638783 -0.020428
v -0.250908 -0.638748 -0.020406
v -0.250909 -0.638774 -0.020418
v -0.166515 -0.51773 -0.094231
v -0.178571 -0.541596 -0.099564
v -0.149014 -0.512648 -0.098547
v -0.191629 -0.550629 -0.093548
v -0.164377 -0.53886 -0.124185
v -0.160351 -0.533369 -0.105349
v -0.140226 -0.536691 -0.127858
v -0.130132 -0.533374 -0.139928
v -0.131831 -0.512725 -0.1
v -0.12858 -0.527874 -0.1454
v -0.13155 -0.536855 -0.132965
v -0.13269 -0.537978 -0.125231
v -0.133446 -0.536656 -0.117475
v -0.133746 -0.53303 -0.110454
v -0.133558 -0.527448 -0.104856
v -0.132899 -0.520449 -0.101247
v -0.107036 -0.356175 -0.1
v -0.109204 -0.371773 -0.102427
v -0.110564 -0.385948 -0.109537
v -0.110944 -0.397181 -0.120779
v -0.110277 -0.404169 -0.135035
v -0.108656 -0.406271 -0.15073
v -0.106282 -0.403461 -0.166233
v -0.103389 -0.396075 -0.180074
v -0.042665 -0.149365 -0.35401
v -0.016189 -0.073274 -0.469903
v -0.100255 -0.384797 -0.190906
v -0.038094 -0.127044 -0.362335
v -0.013534 -0.034926 -0.442438
v -0.011989 -0.034735 -0.454605
v -0.011502 -0.040247 -0.465534
v -0.012188 -0.050155 -0.47263
v -0.013885 -0.062109 -0.474212
v -0.034732 -0.103256 -0.359073
v -0.03337 -0.083587 -0.344992
v -0.037376 -0.073019 -0.299353
v -0.034326 -0.072652 -0.323395
v -0.216986 -0.553203 -0.118382
v -0.173501 -0.529444 -0.139434
v -0.066616 -0.065287 -0.469903
v -0.15086 -0.525806 -0.144396
v -0.12858 -0.527874 -0.1454
v -0.016189 -0.073274 -0.469903
v 0.006369 -0.038078 -0.442438
v 0.007913 -0.037887 -0.454605
v 0.043657 -0.043984 -0.442438
v 0.043724 -0.043559 -0.454605
v 0.007714 -0.053308 -0.47263
v 0.042884 -0.048861 -0.465534
v 0.0084 -0.043399 -0.465534
v 0.041337 -0.058633 -0.47263
v 0.003713 -0.076426 -0.469903
v 0.037667 -0.081804 -0.469903
v 0.006018 -0.065262 -0.474212
v 0.039448 -0.070557 -0.474212
v 0.006369 -0.038078 -0.442438
v 0.043657 -0.043984 -0.442438
v -0.017979 -0.076978 -0.296321
v 0.02366 -0.170242 -0.000135
v 0.014128 -0.154981 -0.047128
v -0.016355 -0.139639 -0.083057
v -0.10831 -0.122294 -0.092562
v -0.037376 -0.073019 -0.299353
v -0.060633 -0.127819 -0.099488
v -0.066197 -0.026585 -0.442438
v -0.013534 -0.034926 -0.442438
v -0.170923 -0.133538 -0.020247
v -0.148195 -0.124362 -0.063906
v -0.066616 -0.065287 -0.469903
v -0.016189 -0.073274 -0.469903
v -0.063961 -0.054178 -0.474212
v -0.013885 -0.062109 -0.474212
v -0.011502 -0.040247 -0.465534
v -0.062393 -0.042204 -0.47263
v -0.012188 -0.050155 -0.47263
v -0.062285 -0.032204 -0.465534
v -0.013534 -0.034926 -0.442438
v -0.063662 -0.026551 -0.454605
v -0.011989 -0.034735 -0.454605
v -0.066197 -0.026585 -0.442438
v -0.103389 -0.396075 -0.180074
v -0.102277 -0.405862 -0.155708
v -0.100255 -0.384797 -0.190906
v -0.104393 -0.405802 -0.155829
v -0.108656 -0.406271 -0.15073
v -0.106652 -0.40582 -0.155915
v -0.106282 -0.403461 -0.166233
v -0.110277 -0.404169 -0.135035
v -0.108438 -0.393769 -0.116923
v -0.110944 -0.397181 -0.120779
v -0.110564 -0.385948 -0.109537
v -0.107036 -0.356175 -0.1
v -0.106754 -0.393578 -0.11683
v -0.109204 -0.371773 -0.102427
v -0.087224 -0.358325 -0.097999
v -0.08938 -0.373877 -0.100467
v -0.09413 -0.394849 -0.115435
v -0.09286 -0.395276 -0.115223
v -0.08975 -0.40779 -0.154178
v -0.091094 -0.399164 -0.118875
v -0.090455 -0.406259 -0.133035
v -0.09072 -0.387984 -0.107653
v -0.086535 -0.405953 -0.164143
v -0.088877 -0.408575 -0.148657
v -0.083663 -0.398684 -0.177964
v -0.091504 -0.407347 -0.154481
v -0.080545 -0.38748 -0.188757
v -0.100255 -0.384797 -0.190906
v -0.080545 -0.38748 -0.188757
v -0.042665 -0.149365 -0.35401
v -0.023268 -0.153324 -0.350978
v -0.023268 -0.153324 -0.350978
v -0.018697 -0.131003 -0.359303
v -0.042665 -0.149365 -0.35401
v -0.038094 -0.127044 -0.362335
v -0.013972 -0.087546 -0.34196
v -0.034732 -0.103256 -0.359073
v -0.015335 -0.107216 -0.356041
v -0.014928 -0.076611 -0.320363
v -0.034326 -0.072652 -0.323395
v -0.017979 -0.076978 -0.296321
v -0.037376 -0.073019 -0.299353
v -0.03337 -0.083587 -0.344992
v -0.11383 -0.52722 -0.099154
v -0.114545 -0.534405 -0.102557
v -0.112734 -0.519391 -0.097999
v -0.114789 -0.540212 -0.107985
v -0.114512 -0.543957 -0.114978
v -0.113733 -0.54518 -0.122789
v -0.112552 -0.543815 -0.130541
v -0.111106 -0.540116 -0.137455
v -0.109539 -0.534512 -0.142911
v 0.003713 -0.076426 -0.469903
v -0.080545 -0.38748 -0.188757
v 0.006018 -0.065262 -0.474212
v 0.007714 -0.053308 -0.47263
v 0.0084 -0.043399 -0.465534
v 0.007913 -0.037887 -0.454605
v 0.006369 -0.038078 -0.442438
v -0.017979 -0.076978 -0.296321
v -0.014928 -0.076611 -0.320363
v -0.013972 -0.087546 -0.34196
v -0.015335 -0.107216 -0.356041
v -0.018697 -0.131003 -0.359303
v -0.023268 -0.153324 -0.350978
v -0.083663 -0.398684 -0.177964
v -0.086535 -0.405953 -0.164143
v -0.088877 -0.408575 -0.148657
v -0.090455 -0.406259 -0.133035
v -0.091094 -0.399164 -0.118875
v -0.09072 -0.387984 -0.107653
v -0.087224 -0.358325 -0.097999
v -0.08938 -0.373877 -0.100467
v 0.040411 -0.064476 -0.49304
v 0.041337 -0.058633 -0.47263
v 0.039028 -0.073209 -0.488136
v 0.041921 -0.054947 -0.496065
v 0.043494 -0.045012 -0.497088
v 0.042884 -0.048861 -0.465534
v 0.026916 -0.149682 -0.000125
v 0.043657 -0.043984 -0.442438
v 0.049384 -0.007822 -0.497088
v 0.02366 -0.170242 -0.000135
v 0.043724 -0.043559 -0.454605
v 0.039448 -0.070557 -0.474212
v 0.037667 -0.081804 -0.469903
v -0.04408 -0.597932 -0.118649
v -0.05402 -0.660694 -0.052161
v -0.088621 -0.879155 -0.031484
v -0.046541 -0.613474 -0.095525
v -0.057626 -0.683461 -0.026492
v -0.060925 -0.704287 -0.001878
v -0.061061 -0.705147 -0.000818
v -0.061102 -0.705404 -0.000447
v -0.061106 -0.705428 -0.000391
v -0.061107 -0.705435 -0.000345
v -0.061103 -0.705411 -0.000309
v -0.061094 -0.705356 -0.000299
v -0.088621 -0.879155 -0.000335
v -0.102665 -0.008957 0.086603
v -0.053281 -0.016778 0.1
v -0.138817 -0.003231 0.05
v -0.003896 -0.0246 0.086603
v 0.045488 -0.032422 0
v -0.138817 -0.003231 -0.05
v 0.032256 -0.030326 0.05
v 0.032256 -0.030326 -0.05
v -0.003896 -0.0246 -0.086602
v -0.053281 -0.016778 -0.1
v -0.102665 -0.008957 -0.086602
v -0.15205 -0.001135 0
v -0.032547 -1.65838 0.005
v -0.026777 -1.64428 0.005
v -0.028671 -1.62917 0.005
v -0.037741 -1.61694 0.005
v -0.05165 -1.61073 0.005
v -0.066813 -1.61216 0.005
v -0.051631 -1.68373 0.005
v -0.079322 -1.62084 0.005
v -0.099939 -1.64497 0.005
v -0.106468 -1.58368 0.001031
v -0.100735 -1.60133 -0.003482
v -0.094854 -1.61943 -0.005
v -0.085048 -1.64961 -0.005
v -0.085048 -1.64961 -0.035
v -0.111907 -1.56695 0.008426
v -0.09461 -1.62018 -0.035
v -0.164168 -1.40611 -0.097791
v -0.165808 -1.40106 -0.099015
v -0.167474 -1.39593 -0.099753
v -0.169155 -1.39076 -0.1
v -0.184783 -1.34267 -0.1
v -0.184783 -1.34267 0.1
v -0.16819 -1.39373 0.099242
v -0.162604 -1.41092 0.093287
v -0.171131 -1.38468 0.1
v -0.165324 -1.40255 0.096985
v -0.162604 -1.41092 0.093287
v -0.111907 -1.56695 0.008426
v -0.090096 -1.38982 0.093287
v -0.049155 -1.54868 0.008426
v -0.108006 -1.32032 -0.1
v -0.116403 -1.30424 0.1
v -0.116403 -1.30424 -0.1
v -0.108006 -1.32032 0.1
v -0.131043 -1.29351 -0.1
v -0.148914 -1.29036 0.1
v -0.148914 -1.29036 -0.1
v -0.131043 -1.29351 0.1
v -0.166338 -1.29543 -0.1
v -0.179728 -1.30768 0.1
v -0.179728 -1.30768 -0.1
v -0.166338 -1.29543 0.1
v -0.186329 -1.32459 -0.1
v -0.184783 -1.34267 -0.1
v -0.186329 -1.32459 0.1
v -0.184783 -1.34267 0.1
v -0.035188 -1.60288 -0.035
v -0.09461 -1.62018 -0.035
v -0.091359 -1.38492 -0.097791
v -0.164168 -1.40611 -0.097791
v -0.063358 -1.66954 -0.005
v -0.027465 -1.63285 -0.005
v -0.027533 -1.64808 -0.035
v -0.027533 -1.64808 -0.005
v -0.027465 -1.63285 -0.035
v -0.035069 -1.66131 -0.035
v -0.035069 -1.66131 -0.005
v -0.063358 -1.66954 -0.035
v -0.048133 -1.66914 -0.005
v -0.048133 -1.66914 -0.035
v -0.076819 -1.66242 -0.035
v -0.076819 -1.66242 -0.005
v -0.085048 -1.64961 -0.035
v -0.085048 -1.64961 -0.005
v -0.076819 -1.66242 -0.035
v -0.063358 -1.66954 -0.035
v -0.048133 -1.66914 -0.035
v -0.027533 -1.64808 -0.035
v -0.035069 -1.66131 -0.035
v -0.027465 -1.63285 -0.035
v -0.085048 -1.64961 -0.035
v -0.035188 -1.60288 -0.035
v -0.09461 -1.62018 -0.035
v -0.116403 -1.30424 -0.1
v -0.131043 -1.29351 -0.1
v -0.148914 -1.29036 -0.1
v -0.179728 -1.30768 -0.1
v -0.186329 -1.32459 -0.1
v -0.166338 -1.29543 -0.1
v -0.184783 -1.34267 -0.1
v -0.108006 -1.32032 -0.1
v -0.169155 -1.39076 -0.1
v -0.095386 -1.36929 -0.1
v -0.165808 -1.40106 -0.099015
v -0.092683 -1.37978 -0.099015
v -0.164168 -1.40611 -0.097791
v -0.091359 -1.38492 -0.097791
v -0.094029 -1.37456 -0.099753
v -0.167474 -1.39593 -0.099753
v -0.095386 -1.36929 -0.1
v -0.169155 -1.39076 -0.1
v -0.092683 -1.37978 -0.099015
v -0.094029 -1.37456 -0.099753
v -0.108006 -1.32032 0.1
v -0.108006 -1.32032 -0.1
v -0.095386 -1.36929 -0.1
v -0.027465 -1.63285 -0.005
v -0.027465 -1.63285 -0.035
v -0.035385 -1.60212 -0.005
v -0.040134 -1.58369 -0.003482
v -0.044763 -1.56573 0.001031
v -0.035188 -1.60288 -0.035
v -0.091359 -1.38492 -0.097791
v -0.049155 -1.54868 0.008426
v -0.090096 -1.38982 0.093287
v -0.096981 -1.3631 0.1
v -0.092292 -1.3813 0.096985
v -0.094607 -1.37232 0.099242
v -0.184783 -1.34267 0.1
v -0.186329 -1.32459 0.1
v -0.179728 -1.30768 0.1
v -0.166338 -1.29543 0.1
v -0.148914 -1.29036 0.1
v -0.131043 -1.29351 0.1
v -0.116403 -1.30424 0.1
v -0.171131 -1.38468 0.1
v -0.108006 -1.32032 0.1
v -0.096981 -1.3631 0.1
v -0.16819 -1.39373 0.099242
v -0.094607 -1.37232 0.099242
v -0.171131 -1.38468 0.1
v -0.096981 -1.3631 0.1
v -0.165324 -1.40255 0.096985
v -0.162604 -1.41092 0.093287
v -0.092292 -1.3813 0.096985
v -0.090096 -1.38982 0.093287
v -0.027465 -1.63285 -0.005
v -0.027533 -1.64808 -0.005
v -0.035069 -1.66131 -0.005
v -0.048133 -1.66914 -0.005
v -0.063358 -1.66954 -0.005
v -0.076819 -1.66242 -0.005
v -0.035385 -1.60212 -0.005
v -0.085048 -1.64961 -0.005
v -0.094854 -1.61943 -0.005
v -0.035385 -1.60212 -0.005
v -0.100735 -1.60133 -0.003482
v -0.040134 -1.58369 -0.003482
v -0.094854 -1.61943 -0.005
v -0.044763 -1.56573 0.001031
v -0.049155 -1.54868 0.008426
v -0.106468 -1.58368 0.001031
v -0.111907 -1.56695 0.008426
v -0.124355 -1.67354 -0.00103
v -0.112303 -1.65944 0.003483
v -0.099939 -1.64497 0.005
v -0.079322 -1.62084 0.005
v -0.079322 -1.62084 0.035
v -0.135789 -1.68692 -0.008426
v -0.099426 -1.64437 0.035
v -0.24566 -1.81548 0.097792
v -0.249107 -1.81951 0.099015
v -0.252611 -1.82361 0.099753
v -0.256145 -1.82775 0.1
v -0.288999 -1.86619 0.1
v -0.288999 -1.86619 -0.1
v -0.254116 -1.82537 -0.099241
v -0.242373 -1.81163 -0.093287
v -0.260298 -1.83261 -0.1
v -0.24809 -1.81832 -0.096985
v -0.242373 -1.81163 -0.093287
v -0.135789 -1.68692 -0.008426
v -0.183473 -1.85889 -0.093287
v -0.084815 -1.72782 -0.008426
v -0.275894 -1.92824 0.1
v -0.240549 -1.92788 -0.1
v -0.226632 -1.91623 0.1
v -0.226632 -1.91623 -0.1
v -0.240549 -1.92788 0.1
v -0.275894 -1.92824 -0.1
v -0.258179 -1.93217 0.1
v -0.258179 -1.93217 -0.1
v -0.290048 -1.91688 0.1
v -0.297727 -1.90044 -0.1
v -0.297727 -1.90044 0.1
v -0.290048 -1.91688 -0.1
v -0.297352 -1.8823 0.1
v -0.288999 -1.86619 0.1
v -0.297352 -1.8823 -0.1
v -0.288999 -1.86619 -0.1
v -0.051156 -1.6831 0.035
v -0.099426 -1.64437 0.035
v -0.186516 -1.86294 0.097792
v -0.24566 -1.81548 0.097792
v -0.026777 -1.64428 0.035
v -0.032547 -1.65838 0.005
v -0.032547 -1.65838 0.035
v -0.026777 -1.64428 0.005
v -0.037741 -1.61694 0.035
v -0.028671 -1.62917 0.005
v -0.028671 -1.62917 0.035
v -0.037741 -1.61694 0.005
v -0.066813 -1.61216 0.035
v -0.05165 -1.61073 0.005
v -0.05165 -1.61073 0.035
v -0.066813 -1.61216 0.005
v -0.079322 -1.62084 0.035
v -0.079322 -1.62084 0.005
v -0.066813 -1.61216 0.035
v -0.05165 -1.61073 0.035
v -0.037741 -1.61694 0.035
v -0.026777 -1.64428 0.035
v -0.028671 -1.62917 0.035
v -0.032547 -1.65838 0.035
v -0.079322 -1.62084 0.035
v -0.051156 -1.6831 0.035
v -0.099426 -1.64437 0.035
v -0.240549 -1.92788 0.1
v -0.258179 -1.93217 0.1
v -0.275894 -1.92824 0.1
v -0.297727 -1.90044 0.1
v -0.297352 -1.8823 0.1
v -0.290048 -1.91688 0.1
v -0.288999 -1.86619 0.1
v -0.226632 -1.91623 0.1
v -0.256145 -1.82775 0.1
v -0.196221 -1.87583 0.1
v -0.24566 -1.81548 0.097792
v -0.189706 -1.86717 0.099015
v -0.249107 -1.81951 0.099015
v -0.186516 -1.86294 0.097792
v -0.252611 -1.82361 0.099753
v -0.256145 -1.82775 0.1
v -0.19295 -1.87148 0.099753
v -0.196221 -1.87583 0.1
v -0.189706 -1.86717 0.099015
v -0.19295 -1.87148 0.099753
v -0.226632 -1.91623 -0.1
v -0.226632 -1.91623 0.1
v -0.196221 -1.87583 0.1
v -0.032547 -1.65838 0.005
v -0.032547 -1.65838 0.035
v -0.051631 -1.68373 0.005
v -0.063075 -1.69894 0.003483
v -0.074231 -1.71376 -0.00103
v -0.051156 -1.6831 0.035
v -0.186516 -1.86294 0.097792
v -0.084815 -1.72782 -0.008426
v -0.183473 -1.85889 -0.093287
v -0.200065 -1.88094 -0.1
v -0.188765 -1.86592 -0.096985
v -0.194343 -1.87333 -0.099241
v -0.288999 -1.86619 -0.1
v -0.297352 -1.8823 -0.1
v -0.297727 -1.90044 -0.1
v -0.290048 -1.91688 -0.1
v -0.275894 -1.92824 -0.1
v -0.258179 -1.93217 -0.1
v -0.240549 -1.92788 -0.1
v -0.260298 -1.83261 -0.1
v -0.226632 -1.91623 -0.1
v -0.200065 -1.88094 -0.1
v -0.260298 -1.83261 -0.1
v -0.194343 -1.87333 -0.099241
v -0.254116 -1.82537 -0.099241
v -0.200065 -1.88094 -0.1
v -0.24809 -1.81832 -0.096985
v -0.242373 -1.81163 -0.093287
v -0.188765 -1.86592 -0.096985
v -0.183473 -1.85889 -0.093287
v -0.051631 -1.68373 0.005
v -0.112303 -1.65944 0.003483
v -0.063075 -1.69894 0.003483
v -0.099939 -1.64497 0.005
v -0.074231 -1.71376 -0.00103
v -0.084815 -1.72782 -0.008426
v -0.124355 -1.67354 -0.00103
v -0.135789 -1.68692 -0.008426
v -0.115655 -1.35548 -0.06
v -0.132406 -1.36765 -0.06
v -0.107233 -1.33656 -0.06
v -0.152998 -1.36981 -0.06
v -0.109397 -1.31597 -0.06
v -0.121568 -1.29922 -0.06
v -0.264776 -1.35211 -0.06
v -0.140483 -1.2908 -0.06
v -0.252261 -1.27309 -0.06
v -0.264776 -1.35211 0.060001
v -0.252261 -1.27309 0.060001
v -0.140483 -1.2908 0.060001
v -0.121568 -1.29922 0.060001
v -0.109397 -1.31597 0.060001
v -0.107233 -1.33656 0.060001
v -0.152998 -1.36981 0.060001
v -0.115655 -1.35548 0.060001
v -0.132406 -1.36765 0.060001
v -0.140483 -1.2908 -0.06
v -0.252261 -1.27309 -0.06
v -0.140483 -1.2908 0.060001
v -0.252261 -1.27309 0.060001
v -0.252261 -1.27309 -0.06
v -0.264776 -1.35211 -0.06
v -0.252261 -1.27309 0.060001
v -0.264776 -1.35211 0.060001
v -0.264776 -1.35211 -0.06
v -0.152998 -1.36981 -0.06
v -0.264776 -1.35211 0.060001
v -0.152998 -1.36981 0.060001
v -0.132406 -1.36765 0.060001
v -0.152998 -1.36981 -0.06
v -0.152998 -1.36981 0.060001
v -0.132406 -1.36765 -0.06
v -0.107233 -1.33656 0.060001
v -0.115655 -1.35548 -0.06
v -0.115655 -1.35548 0.060001
v -0.107233 -1.33656 -0.06
v -0.121568 -1.29922 0.060001
v -0.109397 -1.31597 -0.06
v -0.109397 -1.31597 0.060001
v -0.121568 -1.29922 -0.06
v -0.140483 -1.2908 0.060001
v -0.140483 -1.2908 -0.06
v -0.366355 -1.99345 0.065
v -0.430555 -1.98328 0
v -0.246683 -1.03012 -0.056292
v -0.366355 -1.99345 -0.065
v -0.398455 -1.98837 -0.056292
v -0.278783 -1.02504 0
v -0.421953 -1.98464 -0.0325
v -0.270182 -1.0264 -0.0325
v -0.270182 -1.0264 0.0325
v -0.421953 -1.98464 0.0325
v -0.398455 -1.98837 0.056292
v -0.246683 -1.03012 0.056292
v -0.182484 -1.04029 0.056292
v -0.334255 -1.99853 0.056292
v -0.214584 -1.0352 0.065
v -0.158985 -1.04401 0.0325
v -0.310756 -2.00226 0.0325
v -0.158985 -1.04401 -0.0325
v -0.302155 -2.00362 0
v -0.150384 -1.04537 0
v -0.310756 -2.00226 -0.0325
v -0.214584 -1.0352 -0.065
v -0.334255 -1.99853 -0.056292
v -0.182484 -1.04029 -0.056292
vt 0.949365 0.389549
vt 0.949752 0.392714
vt 0.949643 0.391823
vt 0.949978 0.394563
vt 0.950091 0.395493
vt 0.950062 0.395254
vt 0.949752 0.392714
vt 0.949978 0.394563
vt 0.950062 0.395254
vt 0.949474 0.390441
vt 0.949752 0.392714
vt 0.949365 0.389549
vt 0.949218 0.388353
vt 0.949474 0.390441
vt 0.949139 0.3877
vt 0.949054 0.387009
vt 0.949218 0.388353
vt 0.949139 0.3877
vt 0.949025 0.38677
vt 0.949054 0.387009
vt 0.949139 0.3877
vt 0.949139 0.3877
vt 0.949474 0.390441
vt 0.949365 0.389549
vt 0.949898 0.393911
vt 0.949752 0.392714
vt 0.950062 0.395254
vt 0.949898 0.393911
vt 0.949643 0.391823
vt 0.949752 0.392714
vt 0.96219 0.388382
vt 0.962359 0.389764
vt 0.962614 0.391852
vt 0.961771 0.38495
vt 0.961741 0.384711
vt 0.961855 0.385641
vt 0.961935 0.386294
vt 0.961771 0.38495
vt 0.961855 0.385641
vt 0.96219 0.388382
vt 0.961935 0.386294
vt 0.961855 0.385641
vt 0.962468 0.390655
vt 0.96219 0.388382
vt 0.962614 0.391852
vt 0.962694 0.392504
vt 0.962468 0.390655
vt 0.962614 0.391852
vt 0.962808 0.393434
vt 0.962694 0.392504
vt 0.962614 0.391852
vt 0.962778 0.393195
vt 0.962808 0.393434
vt 0.962614 0.391852
vt 0.962081 0.38749
vt 0.96219 0.388382
vt 0.961855 0.385641
vt 0.962081 0.38749
vt 0.962359 0.389764
vt 0.96219 0.388382
vt 0.962359 0.389764
vt 0.949643 0.391823
vt 0.962614 0.391852
vt 0.949365 0.389549
vt 0.949643 0.391823
vt 0.962359 0.389764
vt 0.961855 0.385641
vt 0.949139 0.3877
vt 0.962081 0.38749
vt 0.949025 0.38677
vt 0.949139 0.3877
vt 0.961855 0.385641
vt 0.961771 0.38495
vt 0.949054 0.387009
vt 0.961741 0.384711
vt 0.949218 0.388353
vt 0.949054 0.387009
vt 0.961771 0.38495
vt 0.96219 0.388382
vt 0.949474 0.390441
vt 0.961935 0.386294
vt 0.949752 0.392714
vt 0.949474 0.390441
vt 0.96219 0.388382
vt 0.962694 0.392504
vt 0.949978 0.394563
vt 0.962468 0.390655
vt 0.950091 0.395493
vt 0.949978 0.394563
vt 0.962694 0.392504
vt 0.962778 0.393195
vt 0.950062 0.395254
vt 0.962808 0.393434
vt 0.949898 0.393911
vt 0.950062 0.395254
vt 0.962778 0.393195
vt 0.949898 0.393911
vt 0.962614 0.391852
vt 0.949643 0.391823
vt 0.962614 0.391852
vt 0.949898 0.393911
vt 0.962778 0.393195
vt 0.950091 0.395493
vt 0.962808 0.393434
vt 0.950062 0.395254
vt 0.962808 0.393434
vt 0.950091 0.395493
vt 0.962694 0.392504
vt 0.949752 0.392714
vt 0.962468 0.390655
vt 0.949978 0.394563
vt 0.962468 0.390655
vt 0.949752 0.392714
vt 0.96219 0.388382
vt 0.949218 0.388353
vt 0.961935 0.386294
vt 0.949474 0.390441
vt 0.961935 0.386294
vt 0.949218 0.388353
vt 0.961771 0.38495
vt 0.949025 0.38677
vt 0.961741 0.384711
vt 0.949054 0.387009
vt 0.961741 0.384711
vt 0.949025 0.38677
vt 0.961855 0.385641
vt 0.949365 0.389549
vt 0.962081 0.38749
vt 0.949139 0.3877
vt 0.962081 0.38749
vt 0.949365 0.389549
vt 0.962359 0.389764
vt 0.934746 0.391663
vt 0.934808 0.392139
vt 0.934905 0.392876
vt 0.934663 0.391024
vt 0.934808 0.392139
vt 0.934746 0.391663
vt 0.934569 0.390307
vt 0.934663 0.391024
vt 0.934746 0.391663
vt 0.934617 0.390675
vt 0.934552 0.390179
vt 0.934569 0.390307
vt 0.934617 0.390675
vt 0.934569 0.390307
vt 0.934746 0.391663
vt 0.935051 0.393991
vt 0.935161 0.394836
vt 0.935144 0.394708
vt 0.935051 0.393991
vt 0.935096 0.39434
vt 0.935161 0.394836
vt 0.935051 0.393991
vt 0.934967 0.393352
vt 0.935096 0.39434
vt 0.935051 0.393991
vt 0.934808 0.392139
vt 0.934967 0.393352
vt 0.935051 0.393991
vt 0.934905 0.392876
vt 0.934808 0.392139
vt 0.976866 0.386852
vt 0.977024 0.388066
vt 0.976782 0.386213
vt 0.976736 0.385865
vt 0.976866 0.386852
vt 0.976782 0.386213
vt 0.976688 0.385496
vt 0.976672 0.385369
vt 0.976736 0.385865
vt 0.976688 0.385496
vt 0.976736 0.385865
vt 0.976782 0.386213
vt 0.976928 0.387328
vt 0.976782 0.386213
vt 0.977024 0.388066
vt 0.977087 0.388542
vt 0.976928 0.387328
vt 0.97717 0.389181
vt 0.977216 0.389529
vt 0.977087 0.388542
vt 0.97717 0.389181
vt 0.97728 0.390026
vt 0.977216 0.389529
vt 0.97717 0.389181
vt 0.977264 0.389898
vt 0.97728 0.390026
vt 0.97717 0.389181
vt 0.97717 0.389181
vt 0.976928 0.387328
vt 0.977024 0.388066
vt 0.977024 0.388066
vt 0.934905 0.392876
vt 0.97717 0.389181
vt 0.934746 0.391663
vt 0.934905 0.392876
vt 0.977024 0.388066
vt 0.934617 0.390675
vt 0.976866 0.386852
vt 0.976736 0.385865
vt 0.934552 0.390179
vt 0.934617 0.390675
vt 0.976736 0.385865
vt 0.976688 0.385496
vt 0.934569 0.390307
vt 0.976672 0.385369
vt 0.934663 0.391024
vt 0.934569 0.390307
vt 0.976688 0.385496
vt 0.976928 0.387328
vt 0.934808 0.392139
vt 0.976782 0.386213
vt 0.934967 0.393352
vt 0.934808 0.392139
vt 0.976928 0.387328
vt 0.977216 0.389529
vt 0.935096 0.39434
vt 0.977087 0.388542
vt 0.935161 0.394836
vt 0.935096 0.39434
vt 0.977216 0.389529
vt 0.977264 0.389898
vt 0.935144 0.394708
vt 0.97728 0.390026
vt 0.935051 0.393991
vt 0.935144 0.394708
vt 0.977264 0.389898
vt 0.935051 0.393991
vt 0.97717 0.389181
vt 0.934905 0.392876
vt 0.97717 0.389181
vt 0.935051 0.393991
vt 0.977264 0.389898
vt 0.935161 0.394836
vt 0.97728 0.390026
vt 0.935144 0.394708
vt 0.97728 0.390026
vt 0.935161 0.394836
vt 0.977216 0.389529
vt 0.934967 0.393352
vt 0.977087 0.388542
vt 0.935096 0.39434
vt 0.977087 0.388542
vt 0.934967 0.393352
vt 0.976928 0.387328
vt 0.934663 0.391024
vt 0.976782 0.386213
vt 0.934808 0.392139
vt 0.976782 0.386213
vt 0.934663 0.391024
vt 0.976688 0.385496
vt 0.934552 0.390179
vt 0.976672 0.385369
vt 0.934569 0.390307
vt 0.976672 0.385369
vt 0.934552 0.390179
vt 0.976736 0.385865
vt 0.934746 0.391663
vt 0.976866 0.386852
vt 0.934617 0.390675
vt 0.976866 0.386852
vt 0.934746 0.391663
vt 0.977024 0.388066
vt 0.945344 0.335577
vt 0.946533 0.332521
vt 0.945635 0.337369
vt 0.948778 0.338763
vt 0.948844 0.332586
vt 0.949638 0.337481
vt 0.947694 0.332076
vt 0.948844 0.332586
vt 0.948778 0.338763
vt 0.946533 0.332521
vt 0.945344 0.335577
vt 0.945673 0.333803
vt 0.946467 0.338698
vt 0.945635 0.337369
vt 0.946533 0.332521
vt 0.947617 0.339208
vt 0.946467 0.338698
vt 0.946533 0.332521
vt 0.947694 0.332076
vt 0.947617 0.339208
vt 0.946533 0.332521
vt 0.947617 0.339208
vt 0.947694 0.332076
vt 0.948778 0.338763
vt 0.949676 0.333915
vt 0.949638 0.337481
vt 0.948844 0.332586
vt 0.949967 0.335707
vt 0.949638 0.337481
vt 0.949676 0.333915
vt 0.947694 0.332076
vt 0.948778 0.338763
vt 0.948844 0.332586
vt 0.947617 0.339208
vt 0.948778 0.338763
vt 0.947694 0.332076
vt 0.946467 0.338698
vt 0.947617 0.339208
vt 0.947694 0.332076
vt 0.945635 0.337369
vt 0.946467 0.338698
vt 0.946533 0.332521
vt 0.945344 0.335577
vt 0.945635 0.337369
vt 0.946533 0.332521
vt 0.945673 0.333803
vt 0.945344 0.335577
vt 0.946533 0.332521
vt 0.946533 0.332521
vt 0.946467 0.338698
vt 0.947694 0.332076
vt 0.949676 0.333915
vt 0.948844 0.332586
vt 0.948778 0.338763
vt 0.949967 0.335707
vt 0.949676 0.333915
vt 0.948778 0.338763
vt 0.949638 0.337481
vt 0.949967 0.335707
vt 0.948778 0.338763
vt 0.949869 0.336679
vt 0.949967 0.335707
vt 0.94996 0.335929
vt 0.949945 0.335148
vt 0.94996 0.335929
vt 0.949967 0.335707
vt 0.949638 0.337481
vt 0.949967 0.335707
vt 0.949869 0.336679
vt 0.948322 0.339059
vt 0.948778 0.338763
vt 0.94906 0.338479
vt 0.947617 0.339208
vt 0.948778 0.338763
vt 0.948322 0.339059
vt 0.946064 0.338225
vt 0.946467 0.338698
vt 0.946698 0.338886
vt 0.945635 0.337369
vt 0.946467 0.338698
vt 0.946064 0.338225
vt 0.945404 0.334829
vt 0.945344 0.335577
vt 0.945361 0.33607
vt 0.945673 0.333803
vt 0.945344 0.335577
vt 0.945404 0.334829
vt 0.946947 0.332245
vt 0.946533 0.332521
vt 0.946218 0.332846
vt 0.947694 0.332076
vt 0.946533 0.332521
vt 0.946947 0.332245
vt 0.949218 0.333017
vt 0.948844 0.332586
vt 0.948574 0.332371
vt 0.949676 0.333915
vt 0.948844 0.332586
vt 0.949218 0.333017
vt 0.949869 0.336679
vt 0.949869 0.336679
vt 0.94996 0.335929
vt 0.949676 0.333915
vt 0.949945 0.335148
vt 0.949967 0.335707
vt 0.949694 0.333964
vt 0.949945 0.335148
vt 0.949676 0.333915
vt 0.949694 0.333964
vt 0.949676 0.333915
vt 0.949218 0.333017
vt 0.947694 0.332076
vt 0.948574 0.332371
vt 0.948844 0.332586
vt 0.94777 0.33208
vt 0.948574 0.332371
vt 0.947694 0.332076
vt 0.94777 0.33208
vt 0.947694 0.332076
vt 0.946947 0.332245
vt 0.945673 0.333803
vt 0.946218 0.332846
vt 0.946533 0.332521
vt 0.945703 0.333728
vt 0.946218 0.332846
vt 0.945673 0.333803
vt 0.945703 0.333728
vt 0.945673 0.333803
vt 0.945404 0.334829
vt 0.945635 0.337369
vt 0.945361 0.33607
vt 0.945344 0.335577
vt 0.945598 0.337263
vt 0.945361 0.33607
vt 0.945635 0.337369
vt 0.945598 0.337263
vt 0.945635 0.337369
vt 0.946064 0.338225
vt 0.947617 0.339208
vt 0.946698 0.338886
vt 0.946467 0.338698
vt 0.947497 0.3392
vt 0.946698 0.338886
vt 0.947617 0.339208
vt 0.947497 0.3392
vt 0.947617 0.339208
vt 0.948322 0.339059
vt 0.949638 0.337481
vt 0.94906 0.338479
vt 0.948778 0.338763
vt 0.949587 0.337608
vt 0.94906 0.338479
vt 0.949638 0.337481
vt 0.9497 0.337313
vt 0.949587 0.337608
vt 0.949638 0.337481
vt 0.949794 0.337002
vt 0.9497 0.337313
vt 0.949638 0.337481
vt 0.949794 0.337002
vt 0.949638 0.337481
vt 0.949869 0.336679
vt 0.944801 0.332069
vt 0.945848 0.331843
vt 0.947279 0.331534
vt 0.944418 0.332151
vt 0.944801 0.332069
vt 0.947279 0.331534
vt 0.949757 0.330999
vt 0.944801 0.332069
vt 0.95014 0.330916
vt 0.945848 0.331843
vt 0.944801 0.332069
vt 0.949757 0.330999
vt 0.947279 0.331534
vt 0.945848 0.331843
vt 0.949757 0.330999
vt 0.94871 0.331225
vt 0.947279 0.331534
vt 0.949757 0.330999
vt 0.944418 0.332151
vt 0.95014 0.330916
vt 0.944801 0.332069
vt 0.949757 0.330999
vt 0.95014 0.330916
vt 0.944418 0.332151
vt 0.94871 0.331225
vt 0.949757 0.330999
vt 0.944418 0.332151
vt 0.94871 0.331225
vt 0.944418 0.332151
vt 0.947279 0.331534
vt 0.949757 0.330999
vt 0.949694 0.333964
vt 0.949218 0.333017
vt 0.94777 0.33208
vt 0.947279 0.331534
vt 0.946947 0.332245
vt 0.944801 0.332069
vt 0.945404 0.334829
vt 0.945703 0.333728
vt 0.949757 0.330999
vt 0.949945 0.335148
vt 0.950562 0.336529
vt 0.944801 0.332069
vt 0.945361 0.33607
vt 0.945449 0.342436
vt 0.949694 0.333964
vt 0.949945 0.335148
vt 0.949757 0.330999
vt 0.945404 0.334829
vt 0.945361 0.33607
vt 0.944801 0.332069
vt 0.94871 0.331225
vt 0.947279 0.331534
vt 0.94777 0.33208
vt 0.95014 0.330916
vt 0.949757 0.330999
vt 0.950562 0.336529
vt 0.94871 0.331225
vt 0.949757 0.330999
vt 0.949218 0.333017
vt 0.946947 0.332245
vt 0.947279 0.331534
vt 0.94777 0.33208
vt 0.945848 0.331843
vt 0.947279 0.331534
vt 0.946947 0.332245
vt 0.944418 0.332151
vt 0.944801 0.332069
vt 0.945449 0.342436
vt 0.945848 0.331843
vt 0.944801 0.332069
vt 0.945703 0.333728
vt 0.948322 0.339059
vt 0.94906 0.338479
vt 0.948655 0.341744
vt 0.947497 0.3392
vt 0.948322 0.339059
vt 0.948655 0.341744
vt 0.946107 0.342294
vt 0.946698 0.338886
vt 0.947268 0.342043
vt 0.946064 0.338225
vt 0.946698 0.338886
vt 0.946107 0.342294
vt 0.945598 0.337263
vt 0.946064 0.338225
vt 0.946107 0.342294
vt 0.945361 0.33607
vt 0.945598 0.337263
vt 0.946107 0.342294
vt 0.945703 0.333728
vt 0.945404 0.334829
vt 0.944801 0.332069
vt 0.945848 0.331843
vt 0.945703 0.333728
vt 0.944801 0.332069
vt 0.946218 0.332846
vt 0.945703 0.333728
vt 0.945848 0.331843
vt 0.946218 0.332846
vt 0.945848 0.331843
vt 0.946947 0.332245
vt 0.94871 0.331225
vt 0.94777 0.33208
vt 0.947279 0.331534
vt 0.948574 0.332371
vt 0.94777 0.33208
vt 0.94871 0.331225
vt 0.948574 0.332371
vt 0.94871 0.331225
vt 0.949218 0.333017
vt 0.949945 0.335148
vt 0.949694 0.333964
vt 0.949757 0.330999
vt 0.950562 0.336529
vt 0.949757 0.330999
vt 0.95014 0.330916
vt 0.950562 0.336529
vt 0.949945 0.335148
vt 0.949757 0.330999
vt 0.94996 0.335929
vt 0.949945 0.335148
vt 0.950562 0.336529
vt 0.949869 0.336679
vt 0.94996 0.335929
vt 0.950562 0.336529
vt 0.950562 0.336529
vt 0.95014 0.330916
vt 0.950562 0.336529
vt 0.94996 0.335929
vt 0.949869 0.336679
vt 0.950562 0.336529
vt 0.94996 0.335929
vt 0.950562 0.336529
vt 0.949945 0.335148
vt 0.949218 0.333017
vt 0.949694 0.333964
vt 0.949757 0.330999
vt 0.94871 0.331225
vt 0.949218 0.333017
vt 0.949757 0.330999
vt 0.948574 0.332371
vt 0.949218 0.333017
vt 0.94871 0.331225
vt 0.948574 0.332371
vt 0.94871 0.331225
vt 0.94777 0.33208
vt 0.945848 0.331843
vt 0.946947 0.332245
vt 0.947279 0.331534
vt 0.946218 0.332846
vt 0.946947 0.332245
vt 0.945848 0.331843
vt 0.946218 0.332846
vt 0.945848 0.331843
vt 0.945703 0.333728
vt 0.945361 0.33607
vt 0.945404 0.334829
vt 0.944801 0.332069
vt 0.945449 0.342436
vt 0.944801 0.332069
vt 0.944418 0.332151
vt 0.945449 0.342436
vt 0.945361 0.33607
vt 0.944801 0.332069
vt 0.945598 0.337263
vt 0.945361 0.33607
vt 0.946107 0.342294
vt 0.946064 0.338225
vt 0.945598 0.337263
vt 0.946107 0.342294
vt 0.946698 0.338886
vt 0.946064 0.338225
vt 0.946107 0.342294
vt 0.948655 0.341744
vt 0.947497 0.3392
vt 0.947268 0.342043
vt 0.948322 0.339059
vt 0.947497 0.3392
vt 0.948655 0.341744
vt 0.94906 0.338479
vt 0.948322 0.339059
vt 0.948655 0.341744
vt 0.94994 0.341466
vt 0.949587 0.337608
vt 0.94906 0.338479
vt 0.94994 0.341466
vt 0.94906 0.338479
vt 0.948655 0.341744
vt 0.946698 0.338886
vt 0.947268 0.342043
vt 0.947497 0.3392
vt 0.947268 0.342043
vt 0.946698 0.338886
vt 0.946107 0.342294
vt 0.946107 0.342294
vt 0.945361 0.33607
vt 0.945449 0.342436
vt 0.945449 0.342436
vt 0.944418 0.332151
vt 0.945449 0.342436
vt 0.945449 0.342436
vt 0.945361 0.33607
vt 0.946107 0.342294
vt 0.947497 0.3392
vt 0.947268 0.342043
vt 0.946698 0.338886
vt 0.947268 0.342043
vt 0.947497 0.3392
vt 0.948655 0.341744
vt 0.94994 0.341466
vt 0.948655 0.341744
vt 0.94906 0.338479
vt 0.949587 0.337608
vt 0.94994 0.341466
vt 0.94906 0.338479
vt 0.949945 0.335148
vt 0.949967 0.335707
vt 0.94996 0.335929
vt 0.949638 0.337481
vt 0.949794 0.337002
vt 0.949869 0.336679
vt 0.947617 0.339208
vt 0.948322 0.339059
vt 0.948778 0.338763
vt 0.947497 0.3392
vt 0.948322 0.339059
vt 0.947617 0.339208
vt 0.946698 0.338886
vt 0.947497 0.3392
vt 0.947617 0.339208
vt 0.945635 0.337369
vt 0.946064 0.338225
vt 0.946467 0.338698
vt 0.945598 0.337263
vt 0.946064 0.338225
vt 0.945635 0.337369
vt 0.945361 0.33607
vt 0.945598 0.337263
vt 0.945635 0.337369
vt 0.945673 0.333803
vt 0.945404 0.334829
vt 0.945344 0.335577
vt 0.945703 0.333728
vt 0.945404 0.334829
vt 0.945673 0.333803
vt 0.946218 0.332846
vt 0.945703 0.333728
vt 0.945673 0.333803
vt 0.947694 0.332076
vt 0.946947 0.332245
vt 0.946533 0.332521
vt 0.94777 0.33208
vt 0.946947 0.332245
vt 0.947694 0.332076
vt 0.948574 0.332371
vt 0.94777 0.33208
vt 0.947694 0.332076
vt 0.949676 0.333915
vt 0.949218 0.333017
vt 0.948844 0.332586
vt 0.949694 0.333964
vt 0.949218 0.333017
vt 0.949676 0.333915
vt 0.949945 0.335148
vt 0.949694 0.333964
vt 0.949676 0.333915
vt 0.949869 0.336679
vt 0.94996 0.335929
vt 0.949967 0.335707
vt 0.949869 0.336679
vt 0.94996 0.335929
vt 0.949869 0.336679
vt 0.9497 0.337313
vt 0.949794 0.337002
vt 0.949638 0.337481
vt 0.949587 0.337608
vt 0.9497 0.337313
vt 0.949638 0.337481
vt 0.94906 0.338479
vt 0.949587 0.337608
vt 0.949638 0.337481
vt 0.949967 0.335707
vt 0.949945 0.335148
vt 0.949676 0.333915
vt 0.948574 0.332371
vt 0.948844 0.332586
vt 0.949218 0.333017
vt 0.948844 0.332586
vt 0.948574 0.332371
vt 0.947694 0.332076
vt 0.946218 0.332846
vt 0.946533 0.332521
vt 0.946947 0.332245
vt 0.946533 0.332521
vt 0.946218 0.332846
vt 0.945673 0.333803
vt 0.945361 0.33607
vt 0.945344 0.335577
vt 0.945404 0.334829
vt 0.945344 0.335577
vt 0.945361 0.33607
vt 0.945635 0.337369
vt 0.946698 0.338886
vt 0.946467 0.338698
vt 0.946064 0.338225
vt 0.946467 0.338698
vt 0.946698 0.338886
vt 0.947617 0.339208
vt 0.94906 0.338479
vt 0.948778 0.338763
vt 0.948322 0.339059
vt 0.948778 0.338763
vt 0.94906 0.338479
vt 0.949638 0.337481
vt 0.949638 0.337481
vt 0.949869 0.336679
vt 0.949967 0.335707
vt 0.947268 0.342043
vt 0.94994 0.341466
vt 0.946107 0.342294
vt 0.948655 0.341744
vt 0.94994 0.341466
vt 0.947268 0.342043
vt 0.945449 0.342436
vt 0.946107 0.342294
vt 0.94994 0.341466
vt 0.945449 0.342436
vt 0.945449 0.342436
vt 0.94994 0.341466
vt 0.94994 0.341466
vt 0.95168 0.341091
vt 0.95168 0.341091
vt 0.94994 0.341466
vt 0.94994 0.341466
vt 0.95168 0.341091
vt 0.94994 0.341466
vt 0.945449 0.342436
vt 0.94994 0.341466
vt 0.946107 0.342294
vt 0.945449 0.342436
vt 0.94994 0.341466
vt 0.947268 0.342043
vt 0.946107 0.342294
vt 0.94994 0.341466
vt 0.948655 0.341744
vt 0.947268 0.342043
vt 0.94994 0.341466
vt 0.949587 0.337608
vt 0.95168 0.341091
vt 0.951248 0.336381
vt 0.9497 0.337313
vt 0.949587 0.337608
vt 0.951248 0.336381
vt 0.949794 0.337002
vt 0.9497 0.337313
vt 0.951248 0.336381
vt 0.949869 0.336679
vt 0.949794 0.337002
vt 0.951248 0.336381
vt 0.95204 0.336532
vt 0.951248 0.336381
vt 0.95168 0.341091
vt 0.952677 0.337273
vt 0.95204 0.336532
vt 0.95168 0.341091
vt 0.95299 0.338406
vt 0.952677 0.337273
vt 0.95168 0.341091
vt 0.952893 0.339628
vt 0.95299 0.338406
vt 0.95168 0.341091
vt 0.952414 0.340611
vt 0.952893 0.339628
vt 0.95168 0.341091
vt 0.94994 0.341466
vt 0.95168 0.341091
vt 0.949587 0.337608
vt 0.952893 0.339628
vt 0.952414 0.340611
vt 0.952414 0.340611
vt 0.952893 0.339628
vt 0.952414 0.340611
vt 0.952893 0.339628
vt 0.95299 0.338406
vt 0.952893 0.339628
vt 0.952893 0.339628
vt 0.952677 0.337273
vt 0.952677 0.337273
vt 0.95299 0.338406
vt 0.95204 0.336532
vt 0.952677 0.337273
vt 0.952677 0.337273
vt 0.951248 0.336381
vt 0.95204 0.336532
vt 0.95204 0.336532
vt 0.951248 0.336381
vt 0.951248 0.336381
vt 0.95204 0.336532
vt 0.95204 0.336532
vt 0.95204 0.336532
vt 0.952677 0.337273
vt 0.95299 0.338406
vt 0.95299 0.338406
vt 0.952677 0.337273
vt 0.95299 0.338406
vt 0.95299 0.338406
vt 0.952893 0.339628
vt 0.95168 0.341091
vt 0.952414 0.340611
vt 0.952414 0.340611
vt 0.95168 0.341091
vt 0.952414 0.340611
vt 0.95168 0.341091
vt 0.950562 0.336529
vt 0.951248 0.336381
vt 0.950562 0.336529
vt 0.951248 0.336381
vt 0.951248 0.336381
vt 0.950562 0.336529
vt 0.949869 0.336679
vt 0.951248 0.336381
vt 0.950562 0.336529
vt 0.949869 0.336679
vt 0.949869 0.336679
vt 0.950562 0.336529
vt 0.949869 0.336679
vt 0.950562 0.336529
vt 0.951248 0.336381
vt 0.949869 0.336679
vt 0.950562 0.336529
vt 0.949869 0.336679
vt 0.951248 0.336381
vt 0.9497 0.337313
vt 0.949794 0.337002
vt 0.949869 0.336679
vt 0.951248 0.336381
vt 0.949794 0.337002
vt 0.949587 0.337608
vt 0.9497 0.337313
vt 0.951248 0.336381
vt 0.95168 0.341091
vt 0.952893 0.339628
vt 0.952414 0.340611
vt 0.95168 0.341091
vt 0.95299 0.338406
vt 0.952893 0.339628
vt 0.95168 0.341091
vt 0.952677 0.337273
vt 0.95299 0.338406
vt 0.95168 0.341091
vt 0.95204 0.336532
vt 0.952677 0.337273
vt 0.95168 0.341091
vt 0.951248 0.336381
vt 0.95204 0.336532
vt 0.95168 0.341091
vt 0.949587 0.337608
vt 0.951248 0.336381
vt 0.94994 0.341466
vt 0.949587 0.337608
vt 0.95168 0.341091
vt 0.949507 0.409397
vt 0.948649 0.408741
vt 0.947791 0.408086
vt 0.950135 0.409877
vt 0.949507 0.409397
vt 0.947791 0.408086
vt 0.947163 0.407606
vt 0.950135 0.409877
vt 0.947791 0.408086
vt 0.949507 0.409397
vt 0.950135 0.409877
vt 0.947791 0.408086
vt 0.948649 0.408741
vt 0.949507 0.409397
vt 0.947791 0.408086
vt 0.947163 0.407606
vt 0.947791 0.408086
vt 0.950135 0.409877
vt 0.95031 0.406598
vt 0.95031 0.406598
vt 0.951217 0.40719
vt 0.951217 0.40719
vt 0.95031 0.406598
vt 0.951217 0.40719
vt 0.951675 0.409462
vt 0.951716 0.408238
vt 0.951716 0.408238
vt 0.951675 0.409462
vt 0.951716 0.408238
vt 0.951675 0.409462
vt 0.951104 0.410534
vt 0.951675 0.409462
vt 0.951675 0.409462
vt 0.951217 0.40719
vt 0.951716 0.408238
vt 0.951716 0.408238
vt 0.951716 0.408238
vt 0.951217 0.40719
vt 0.951217 0.40719
vt 0.94924 0.406622
vt 0.95031 0.406598
vt 0.95031 0.406598
vt 0.94924 0.406622
vt 0.94924 0.406622
vt 0.95031 0.406598
vt 0.948293 0.407255
vt 0.94924 0.406622
vt 0.94924 0.406622
vt 0.950183 0.403888
vt 0.949142 0.404134
vt 0.950135 0.409877
vt 0.951193 0.404278
vt 0.950183 0.403888
vt 0.950135 0.409877
vt 0.952113 0.406406
vt 0.951899 0.4052
vt 0.951193 0.404278
vt 0.952113 0.406406
vt 0.951193 0.404278
vt 0.950135 0.409877
vt 0.947163 0.407606
vt 0.950135 0.409877
vt 0.949142 0.404134
vt 0.952113 0.406406
vt 0.950135 0.409877
vt 0.951193 0.404278
vt 0.951899 0.4052
vt 0.952113 0.406406
vt 0.951193 0.404278
vt 0.950183 0.403888
vt 0.951193 0.404278
vt 0.950135 0.409877
vt 0.949142 0.404134
vt 0.950183 0.403888
vt 0.950135 0.409877
vt 0.947163 0.407606
vt 0.949142 0.404134
vt 0.950135 0.409877
vt 0.930941 0.432746
vt 0.931129 0.432966
vt 0.930941 0.432746
vt 0.930426 0.432146
vt 0.930941 0.432746
vt 0.930941 0.432746
vt 0.930426 0.432146
vt 0.930426 0.432146
vt 0.930941 0.432746
vt 0.928506 0.429906
vt 0.929021 0.430506
vt 0.928506 0.429906
vt 0.928318 0.429686
vt 0.928506 0.429906
vt 0.928506 0.429906
vt 0.929021 0.430506
vt 0.928506 0.429906
vt 0.929021 0.430506
vt 0.928528 0.434277
vt 0.925492 0.437688
vt 0.929111 0.433623
vt 0.925492 0.437688
vt 0.925492 0.437688
vt 0.928528 0.434277
vt 0.929111 0.433623
vt 0.925492 0.437688
vt 0.928528 0.434277
vt 0.929111 0.433623
vt 0.929111 0.433623
vt 0.925492 0.437688
vt 0.930426 0.432146
vt 0.929111 0.433623
vt 0.929111 0.433623
vt 0.930426 0.432146
vt 0.930426 0.432146
vt 0.929111 0.433623
vt 0.9478 0.411026
vt 0.927893 0.432549
vt 0.947097 0.410206
vt 0.949018 0.412446
vt 0.930426 0.432146
vt 0.948503 0.411846
vt 0.949018 0.412446
vt 0.951104 0.410534
vt 0.931129 0.432966
vt 0.949018 0.412446
vt 0.931129 0.432966
vt 0.951104 0.410534
vt 0.948503 0.411846
vt 0.930426 0.432146
vt 0.930941 0.432746
vt 0.947097 0.410206
vt 0.929021 0.430506
vt 0.927893 0.432549
vt 0.946583 0.409606
vt 0.928318 0.429686
vt 0.948293 0.407255
vt 0.946583 0.409606
vt 0.948293 0.407255
vt 0.928318 0.429686
vt 0.928506 0.429906
vt 0.929021 0.430506
vt 0.947097 0.410206
vt 0.928506 0.429906
vt 0.946583 0.409606
vt 0.928318 0.429686
vt 0.928506 0.429906
vt 0.928318 0.429686
vt 0.946583 0.409606
vt 0.929021 0.430506
vt 0.928506 0.429906
vt 0.946583 0.409606
vt 0.928205 0.433031
vt 0.927893 0.432549
vt 0.9478 0.411026
vt 0.928621 0.433398
vt 0.928205 0.433031
vt 0.9478 0.411026
vt 0.930941 0.432746
vt 0.930426 0.432146
vt 0.949018 0.412446
vt 0.930941 0.432746
vt 0.949018 0.412446
vt 0.931129 0.432966
vt 0.930941 0.432746
vt 0.931129 0.432966
vt 0.949018 0.412446
vt 0.928621 0.433398
vt 0.930426 0.432146
vt 0.948503 0.411846
vt 0.929111 0.433623
vt 0.930426 0.432146
vt 0.928621 0.433398
vt 0.928205 0.433031
vt 0.928621 0.433398
vt 0.9478 0.411026
vt 0.927893 0.432549
vt 0.928205 0.433031
vt 0.9478 0.411026
vt 0.927706 0.431983
vt 0.927893 0.432549
vt 0.929021 0.430506
vt 0.928621 0.433398
vt 0.930426 0.432146
vt 0.929111 0.433623
vt 0.928621 0.433398
vt 0.948503 0.411846
vt 0.930426 0.432146
vt 0.948503 0.411846
vt 0.928621 0.433398
vt 0.9478 0.411026
vt 0.929021 0.430506
vt 0.927893 0.432549
vt 0.927706 0.431983
vt 0.929021 0.430506
vt 0.947097 0.410206
vt 0.927893 0.432549
vt 0.947097 0.410206
vt 0.929021 0.430506
vt 0.946583 0.409606
vt 0.94924 0.406622
vt 0.946583 0.409606
vt 0.948293 0.407255
vt 0.94924 0.406622
vt 0.948293 0.407255
vt 0.946583 0.409606
vt 0.946583 0.409606
vt 0.928506 0.429906
vt 0.947097 0.410206
vt 0.947097 0.410206
vt 0.927893 0.432549
vt 0.9478 0.411026
vt 0.9478 0.411026
vt 0.928621 0.433398
vt 0.948503 0.411846
vt 0.948503 0.411846
vt 0.930941 0.432746
vt 0.949018 0.412446
vt 0.951675 0.409462
vt 0.949018 0.412446
vt 0.951104 0.410534
vt 0.951675 0.409462
vt 0.951104 0.410534
vt 0.949018 0.412446
vt 0.927706 0.431983
vt 0.924086 0.436048
vt 0.927706 0.431983
vt 0.927123 0.432638
vt 0.927706 0.431983
vt 0.924086 0.436048
vt 0.924086 0.436048
vt 0.927123 0.432638
vt 0.924086 0.436048
vt 0.927123 0.432638
vt 0.924086 0.436048
vt 0.927706 0.431983
vt 0.929021 0.430506
vt 0.929021 0.430506
vt 0.927706 0.431983
vt 0.929021 0.430506
vt 0.927706 0.431983
vt 0.927706 0.431983
vt 0.925492 0.437688
vt 0.925492 0.437688
vt 0.924086 0.436048
vt 0.924086 0.436048
vt 0.925492 0.437688
vt 0.924086 0.436048
vt 0.925492 0.437688
vt 0.928528 0.434277
vt 0.927123 0.432638
vt 0.924086 0.436048
vt 0.925492 0.437688
vt 0.927123 0.432638
vt 0.927893 0.432549
vt 0.927123 0.432638
vt 0.928205 0.433031
vt 0.927706 0.431983
vt 0.927123 0.432638
vt 0.927893 0.432549
vt 0.928528 0.434277
vt 0.928205 0.433031
vt 0.927123 0.432638
vt 0.928621 0.433398
vt 0.928205 0.433031
vt 0.928528 0.434277
vt 0.929111 0.433623
vt 0.928621 0.433398
vt 0.928528 0.434277
vt 0.927123 0.432638
vt 0.928528 0.434277
vt 0.925492 0.437688
vt 0.924086 0.436048
vt 0.927123 0.432638
vt 0.925492 0.437688
vt 0.928621 0.433398
vt 0.928528 0.434277
vt 0.928205 0.433031
vt 0.929111 0.433623
vt 0.928528 0.434277
vt 0.928621 0.433398
vt 0.927123 0.432638
vt 0.928205 0.433031
vt 0.928528 0.434277
vt 0.927893 0.432549
vt 0.928205 0.433031
vt 0.927123 0.432638
vt 0.927706 0.431983
vt 0.927893 0.432549
vt 0.927123 0.432638
vt 0.881687 0.483661
vt 0.881728 0.482437
vt 0.882299 0.481365
vt 0.882186 0.48471
vt 0.881687 0.483661
vt 0.882299 0.481365
vt 0.883093 0.485301
vt 0.882186 0.48471
vt 0.882299 0.481365
vt 0.884163 0.485277
vt 0.883093 0.485301
vt 0.882299 0.481365
vt 0.88511 0.484644
vt 0.884163 0.485277
vt 0.882299 0.481365
vt 0.881687 0.483661
vt 0.881728 0.482437
vt 0.881728 0.482437
vt 0.881687 0.483661
vt 0.881728 0.482437
vt 0.881687 0.483661
vt 0.882186 0.48471
vt 0.881687 0.483661
vt 0.881687 0.483661
vt 0.883093 0.485301
vt 0.883093 0.485301
vt 0.882186 0.48471
vt 0.884163 0.485277
vt 0.883093 0.485301
vt 0.883093 0.485301
vt 0.88511 0.484644
vt 0.884163 0.485277
vt 0.884163 0.485277
vt 0.88511 0.484644
vt 0.88511 0.484644
vt 0.884163 0.485277
vt 0.884163 0.485277
vt 0.884163 0.485277
vt 0.883093 0.485301
vt 0.882186 0.48471
vt 0.882186 0.48471
vt 0.883093 0.485301
vt 0.882186 0.48471
vt 0.882186 0.48471
vt 0.881687 0.483661
vt 0.882299 0.481365
vt 0.881728 0.482437
vt 0.881728 0.482437
vt 0.882299 0.481365
vt 0.881728 0.482437
vt 0.882299 0.481365
vt 0.923623 0.441396
vt 0.922572 0.442575
vt 0.922572 0.442575
vt 0.920552 0.444844
vt 0.88511 0.484644
vt 0.920552 0.444844
vt 0.921542 0.443732
vt 0.920552 0.444844
vt 0.920552 0.444844
vt 0.923623 0.441396
vt 0.922572 0.442575
vt 0.923623 0.441396
vt 0.926574 0.438081
vt 0.926574 0.438081
vt 0.923623 0.441396
vt 0.926574 0.438081
vt 0.923623 0.441396
vt 0.923623 0.441396
vt 0.921542 0.443732
vt 0.922572 0.442575
vt 0.922572 0.442575
vt 0.921542 0.443732
vt 0.921542 0.443732
vt 0.922572 0.442575
vt 0.921542 0.443732
vt 0.921542 0.443732
vt 0.920552 0.444844
vt 0.88511 0.484644
vt 0.920552 0.444844
vt 0.88511 0.484644
vt 0.926687 0.434736
vt 0.926687 0.434736
vt 0.92578 0.434145
vt 0.927145 0.437009
vt 0.927145 0.437009
vt 0.926574 0.438081
vt 0.927186 0.435785
vt 0.927145 0.437009
vt 0.927145 0.437009
vt 0.92578 0.434145
vt 0.926687 0.434736
vt 0.92578 0.434145
vt 0.923763 0.434802
vt 0.92471 0.434169
vt 0.92471 0.434169
vt 0.923763 0.434802
vt 0.92471 0.434169
vt 0.923763 0.434802
vt 0.92578 0.434145
vt 0.92471 0.434169
vt 0.92471 0.434169
vt 0.92471 0.434169
vt 0.92578 0.434145
vt 0.92578 0.434145
vt 0.927186 0.435785
vt 0.926687 0.434736
vt 0.926687 0.434736
vt 0.927186 0.435785
vt 0.927186 0.435785
vt 0.926687 0.434736
vt 0.927186 0.435785
vt 0.927186 0.435785
vt 0.927145 0.437009
vt 0.926574 0.438081
vt 0.926574 0.438081
vt 0.927145 0.437009
vt 0.917741 0.441564
vt 0.917741 0.441564
vt 0.882299 0.481365
vt 0.923763 0.434802
vt 0.920811 0.438116
vt 0.920811 0.438116
vt 0.923763 0.434802
vt 0.920811 0.438116
vt 0.923763 0.434802
vt 0.919761 0.439296
vt 0.920811 0.438116
vt 0.920811 0.438116
vt 0.919761 0.439296
vt 0.919761 0.439296
vt 0.920811 0.438116
vt 0.882299 0.481365
vt 0.917741 0.441564
vt 0.882299 0.481365
vt 0.918731 0.440453
vt 0.919761 0.439296
vt 0.919761 0.439296
vt 0.918731 0.440453
vt 0.918731 0.440453
vt 0.919761 0.439296
vt 0.918731 0.440453
vt 0.917741 0.441564
vt 0.918731 0.440453
vt 0.918731 0.440453
vt 0.917741 0.441564
vt 0.917741 0.441564
vt 0.88511 0.484644
vt 0.882299 0.481365
vt 0.917741 0.441564
vt 0.920552 0.444844
vt 0.88511 0.484644
vt 0.917741 0.441564
vt 0.921542 0.443732
vt 0.919761 0.439296
vt 0.922572 0.442575
vt 0.918731 0.440453
vt 0.919761 0.439296
vt 0.921542 0.443732
vt 0.920552 0.444844
vt 0.917741 0.441564
vt 0.918731 0.440453
vt 0.920552 0.444844
vt 0.918731 0.440453
vt 0.921542 0.443732
vt 0.920811 0.438116
vt 0.922572 0.442575
vt 0.919761 0.439296
vt 0.923623 0.441396
vt 0.922572 0.442575
vt 0.920811 0.438116
vt 0.927145 0.437009
vt 0.926574 0.438081
vt 0.923763 0.434802
vt 0.927186 0.435785
vt 0.927145 0.437009
vt 0.923763 0.434802
vt 0.926687 0.434736
vt 0.927186 0.435785
vt 0.923763 0.434802
vt 0.92471 0.434169
vt 0.92578 0.434145
vt 0.926687 0.434736
vt 0.92471 0.434169
vt 0.926687 0.434736
vt 0.923763 0.434802
vt 0.920811 0.438116
vt 0.923763 0.434802
vt 0.926574 0.438081
vt 0.923623 0.441396
vt 0.920811 0.438116
vt 0.926574 0.438081
vt 0.883093 0.485301
vt 0.884163 0.485277
vt 0.882299 0.481365
vt 0.882186 0.48471
vt 0.883093 0.485301
vt 0.882299 0.481365
vt 0.881687 0.483661
vt 0.882186 0.48471
vt 0.882299 0.481365
vt 0.881728 0.482437
vt 0.881687 0.483661
vt 0.882299 0.481365
vt 0.88511 0.484644
vt 0.882299 0.481365
vt 0.884163 0.485277
vt 0.917741 0.441564
vt 0.882299 0.481365
vt 0.88511 0.484644
vt 0.920552 0.444844
vt 0.917741 0.441564
vt 0.88511 0.484644
vt 0.918731 0.440453
vt 0.920552 0.444844
vt 0.921542 0.443732
vt 0.919761 0.439296
vt 0.918731 0.440453
vt 0.921542 0.443732
vt 0.920811 0.438116
vt 0.919761 0.439296
vt 0.922572 0.442575
vt 0.923623 0.441396
vt 0.920811 0.438116
vt 0.922572 0.442575
vt 0.922572 0.442575
vt 0.919761 0.439296
vt 0.921542 0.443732
vt 0.917741 0.441564
vt 0.920552 0.444844
vt 0.918731 0.440453
vt 0.923763 0.434802
vt 0.927186 0.435785
vt 0.926687 0.434736
vt 0.92471 0.434169
vt 0.923763 0.434802
vt 0.926687 0.434736
vt 0.92578 0.434145
vt 0.92471 0.434169
vt 0.926687 0.434736
vt 0.927145 0.437009
vt 0.927186 0.435785
vt 0.923763 0.434802
vt 0.926574 0.438081
vt 0.927145 0.437009
vt 0.923763 0.434802
vt 0.920811 0.438116
vt 0.926574 0.438081
vt 0.923763 0.434802
vt 0.923623 0.441396
vt 0.926574 0.438081
vt 0.920811 0.438116
vt 0.959918 0.399503
vt 0.957121 0.399956
vt 0.961966 0.399171
vt 0.957121 0.399956
vt 0.954323 0.400409
vt 0.961966 0.399171
vt 0.951526 0.400862
vt 0.962716 0.39905
vt 0.952275 0.40074
vt 0.951526 0.400862
vt 0.952275 0.40074
vt 0.962716 0.39905
vt 0.954323 0.400409
vt 0.957121 0.399956
vt 0.952275 0.40074
vt 0.957121 0.399956
vt 0.959918 0.399503
vt 0.952275 0.40074
vt 0.959918 0.399503
vt 0.961966 0.399171
vt 0.952275 0.40074
vt 0.961966 0.399171
vt 0.962716 0.39905
vt 0.952275 0.40074
vt 0.962716 0.39905
vt 0.961966 0.399171
vt 0.952275 0.40074
vt 0.952275 0.40074
vt 0.961966 0.399171
vt 0.954323 0.400409
vt 0.951006 0.365842
vt 0.952913 0.365533
vt 0.949098 0.366151
vt 0.951006 0.365842
vt 0.949098 0.366151
vt 0.949609 0.366068
vt 0.952913 0.365533
vt 0.954821 0.365224
vt 0.949098 0.366151
vt 0.954821 0.365224
vt 0.956217 0.364998
vt 0.949098 0.366151
vt 0.956217 0.364998
vt 0.956728 0.364916
vt 0.949098 0.366151
vt 0.954821 0.365224
vt 0.949609 0.366068
vt 0.956217 0.364998
vt 0.954821 0.365224
vt 0.952913 0.365533
vt 0.949609 0.366068
vt 0.952913 0.365533
vt 0.951006 0.365842
vt 0.949609 0.366068
vt 0.949609 0.366068
vt 0.949098 0.366151
vt 0.956217 0.364998
vt 0.956217 0.364998
vt 0.949098 0.366151
vt 0.956728 0.364916
vt 0.957261 0.385188
vt 0.952913 0.365533
vt 0.955353 0.385497
vt 0.952913 0.365533
vt 0.957261 0.385188
vt 0.954821 0.365224
vt 0.959168 0.384879
vt 0.956728 0.364916
vt 0.958657 0.384962
vt 0.956728 0.364916
vt 0.959168 0.384879
vt 0.956217 0.364998
vt 0.957261 0.385188
vt 0.954821 0.365224
vt 0.958657 0.384962
vt 0.954821 0.365224
vt 0.957261 0.385188
vt 0.952913 0.365533
vt 0.953446 0.385806
vt 0.951006 0.365842
vt 0.955353 0.385497
vt 0.951006 0.365842
vt 0.953446 0.385806
vt 0.949609 0.366068
vt 0.951538 0.386115
vt 0.949098 0.366151
vt 0.95205 0.386032
vt 0.949098 0.366151
vt 0.951538 0.386115
vt 0.949609 0.366068
vt 0.951538 0.386115
vt 0.95205 0.386032
vt 0.949609 0.366068
vt 0.955353 0.385497
vt 0.951006 0.365842
vt 0.953446 0.385806
vt 0.952913 0.365533
vt 0.951006 0.365842
vt 0.955353 0.385497
vt 0.951006 0.365842
vt 0.949609 0.366068
vt 0.953446 0.385806
vt 0.949098 0.366151
vt 0.949609 0.366068
vt 0.95205 0.386032
vt 0.95205 0.386032
vt 0.949609 0.366068
vt 0.953446 0.385806
vt 0.951006 0.365842
vt 0.952913 0.365533
vt 0.955353 0.385497
vt 0.955353 0.385497
vt 0.952913 0.365533
vt 0.957261 0.385188
vt 0.954821 0.365224
vt 0.956217 0.364998
vt 0.958657 0.384962
vt 0.958657 0.384962
vt 0.956217 0.364998
vt 0.959168 0.384879
vt 0.956728 0.364916
vt 0.956217 0.364998
vt 0.958657 0.384962
vt 0.956217 0.364998
vt 0.954821 0.365224
vt 0.958657 0.384962
vt 0.958657 0.384962
vt 0.954821 0.365224
vt 0.957261 0.385188
vt 0.949609 0.366068
vt 0.95205 0.386032
vt 0.953446 0.385806
vt 0.958271 0.386027
vt 0.957261 0.385188
vt 0.955474 0.38648
vt 0.957261 0.385188
vt 0.958271 0.386027
vt 0.958657 0.384962
vt 0.961069 0.385574
vt 0.959168 0.384879
vt 0.960319 0.385696
vt 0.959168 0.384879
vt 0.961069 0.385574
vt 0.958657 0.384962
vt 0.961069 0.385574
vt 0.960319 0.385696
vt 0.958657 0.384962
vt 0.955474 0.38648
vt 0.955353 0.385497
vt 0.958271 0.386027
vt 0.955353 0.385497
vt 0.955474 0.38648
vt 0.953446 0.385806
vt 0.955474 0.38648
vt 0.952676 0.386933
vt 0.953446 0.385806
vt 0.949878 0.387386
vt 0.95205 0.386032
vt 0.950628 0.387265
vt 0.950628 0.387265
vt 0.95205 0.386032
vt 0.949878 0.387386
vt 0.95205 0.386032
vt 0.950628 0.387265
vt 0.953446 0.385806
vt 0.955474 0.38648
vt 0.955353 0.385497
vt 0.952676 0.386933
vt 0.955353 0.385497
vt 0.953446 0.385806
vt 0.952676 0.386933
vt 0.952676 0.386933
vt 0.953446 0.385806
vt 0.950628 0.387265
vt 0.95205 0.386032
vt 0.951538 0.386115
vt 0.949878 0.387386
vt 0.951538 0.386115
vt 0.95205 0.386032
vt 0.949878 0.387386
vt 0.95205 0.386032
vt 0.953446 0.385806
vt 0.950628 0.387265
vt 0.955353 0.385497
vt 0.957261 0.385188
vt 0.958271 0.386027
vt 0.957261 0.385188
vt 0.958657 0.384962
vt 0.958271 0.386027
vt 0.959168 0.384879
vt 0.958657 0.384962
vt 0.960319 0.385696
vt 0.960319 0.385696
vt 0.958657 0.384962
vt 0.958271 0.386027
vt 0.957261 0.385188
vt 0.955353 0.385497
vt 0.955474 0.38648
vt 0.953446 0.385806
vt 0.952676 0.386933
vt 0.950628 0.387265
vt 0.958657 0.384962
vt 0.960319 0.385696
vt 0.958271 0.386027
vt 0.959918 0.399503
vt 0.958271 0.386027
vt 0.957121 0.399956
vt 0.958271 0.386027
vt 0.959918 0.399503
vt 0.960319 0.385696
vt 0.959918 0.399503
vt 0.961966 0.399171
vt 0.960319 0.385696
vt 0.961966 0.399171
vt 0.961069 0.385574
vt 0.962716 0.39905
vt 0.959918 0.399503
vt 0.958271 0.386027
vt 0.961966 0.399171
vt 0.958271 0.386027
vt 0.959918 0.399503
vt 0.955474 0.38648
vt 0.959918 0.399503
vt 0.957121 0.399956
vt 0.955474 0.38648
vt 0.952275 0.40074
vt 0.950628 0.387265
vt 0.954323 0.400409
vt 0.950628 0.387265
vt 0.952275 0.40074
vt 0.949878 0.387386
vt 0.952275 0.40074
vt 0.950628 0.387265
vt 0.951526 0.400862
vt 0.950628 0.387265
vt 0.952275 0.40074
vt 0.952676 0.386933
vt 0.952275 0.40074
vt 0.954323 0.400409
vt 0.952676 0.386933
vt 0.958271 0.386027
vt 0.955474 0.38648
vt 0.957121 0.399956
vt 0.950628 0.387265
vt 0.949878 0.387386
vt 0.951526 0.400862
vt 0.951526 0.400862
vt 0.949878 0.387386
vt 0.952275 0.40074
vt 0.950628 0.387265
vt 0.952676 0.386933
vt 0.954323 0.400409
vt 0.952676 0.386933
vt 0.955474 0.38648
vt 0.954323 0.400409
vt 0.958271 0.386027
vt 0.960319 0.385696
vt 0.961966 0.399171
vt 0.960319 0.385696
vt 0.961069 0.385574
vt 0.961966 0.399171
vt 0.961069 0.385574
vt 0.960319 0.385696
vt 0.962716 0.39905
vt 0.955474 0.38648
vt 0.957121 0.399956
vt 0.954323 0.400409
vt 0.954323 0.400409
vt 0.957121 0.399956
vt 0.952676 0.386933
vt 0.957121 0.399956
vt 0.955474 0.38648
vt 0.952676 0.386933
vt 0.960319 0.385696
vt 0.961966 0.399171
vt 0.962716 0.39905
vt 0.952352 0.400728
vt 0.952034 0.400779
vt 0.952357 0.400819
vt 0.948502 0.403898
vt 0.950422 0.409206
vt 0.952034 0.400779
vt 0.947784 0.404886
vt 0.948338 0.408462
vt 0.948502 0.403898
vt 0.947496 0.406134
vt 0.947693 0.407406
vt 0.947784 0.404886
vt 0.947693 0.407406
vt 0.948338 0.408462
vt 0.947784 0.404886
vt 0.948338 0.408462
vt 0.949309 0.409102
vt 0.948502 0.403898
vt 0.949309 0.409102
vt 0.950422 0.409206
vt 0.948502 0.403898
vt 0.950422 0.409206
vt 0.953325 0.408736
vt 0.952034 0.400779
vt 0.953325 0.408736
vt 0.952357 0.400819
vt 0.952034 0.400779
vt 0.948502 0.403898
vt 0.947784 0.404886
vt 0.948502 0.403898
vt 0.948502 0.403898
vt 0.947784 0.404886
vt 0.947784 0.404886
vt 0.947693 0.407406
vt 0.947693 0.407406
vt 0.947496 0.406134
vt 0.947693 0.407406
vt 0.947693 0.407406
vt 0.948338 0.408462
vt 0.947693 0.407406
vt 0.948338 0.408462
vt 0.948338 0.408462
vt 0.950422 0.409206
vt 0.949309 0.409102
vt 0.949309 0.409102
vt 0.950422 0.409206
vt 0.950422 0.409206
vt 0.949309 0.409102
vt 0.949309 0.409102
vt 0.948338 0.408462
vt 0.949309 0.409102
vt 0.947693 0.407406
vt 0.947496 0.406134
vt 0.947496 0.406134
vt 0.947496 0.406134
vt 0.947784 0.404886
vt 0.947496 0.406134
vt 0.947496 0.406134
vt 0.947784 0.404886
vt 0.947784 0.404886
vt 0.948338 0.408462
vt 0.948338 0.408462
vt 0.949309 0.409102
vt 0.953025 0.408784
vt 0.95312 0.408769
vt 0.950422 0.409206
vt 0.953025 0.408784
vt 0.950422 0.409206
vt 0.950422 0.409206
vt 0.953025 0.408784
vt 0.950422 0.409206
vt 0.953025 0.408784
vt 0.953325 0.408736
vt 0.95312 0.408769
vt 0.950422 0.409206
vt 0.95312 0.408769
vt 0.953025 0.408784
vt 0.950422 0.409206
vt 0.950422 0.409206
vt 0.95312 0.408769
vt 0.953325 0.408736
vt 0.952034 0.400779
vt 0.952034 0.400779
vt 0.948502 0.403898
vt 0.952034 0.400779
vt 0.948502 0.403898
vt 0.948502 0.403898
vt 0.952352 0.400728
vt 0.952357 0.400819
vt 0.952034 0.400779
vt 0.952357 0.400819
vt 0.953325 0.408736
vt 0.952034 0.400779
vt 0.953325 0.408736
vt 0.950422 0.409206
vt 0.952034 0.400779
vt 0.952034 0.400779
vt 0.950422 0.409206
vt 0.948502 0.403898
vt 0.950422 0.409206
vt 0.949309 0.409102
vt 0.948502 0.403898
vt 0.947693 0.407406
vt 0.947784 0.404886
vt 0.948338 0.408462
vt 0.947693 0.407406
vt 0.947496 0.406134
vt 0.947784 0.404886
vt 0.947784 0.404886
vt 0.948502 0.403898
vt 0.948338 0.408462
vt 0.948338 0.408462
vt 0.948502 0.403898
vt 0.949309 0.409102
vt 0.953025 0.408784
vt 0.958204 0.451253
vt 0.953025 0.408784
vt 0.958204 0.451253
vt 0.953025 0.408784
vt 0.957496 0.444588
vt 0.958204 0.451253
vt 0.957496 0.444588
vt 0.958885 0.451143
vt 0.953025 0.408784
vt 0.95312 0.408769
vt 0.957496 0.444588
vt 0.957347 0.443363
vt 0.953668 0.413249
vt 0.958506 0.443933
vt 0.957899 0.420531
vt 0.960553 0.444098
vt 0.956178 0.419014
vt 0.957899 0.420531
vt 0.958794 0.420852
vt 0.960553 0.444098
vt 0.959677 0.420866
vt 0.960817 0.430198
vt 0.958794 0.420852
vt 0.961837 0.430092
vt 0.963007 0.443821
vt 0.960817 0.430198
vt 0.960663 0.42049
vt 0.962116 0.418923
vt 0.961837 0.430092
vt 0.961837 0.430092
vt 0.962116 0.418923
vt 0.965291 0.443166
vt 0.961837 0.430092
vt 0.965291 0.443166
vt 0.963007 0.443821
vt 0.963474 0.409492
vt 0.96687 0.442287
vt 0.963137 0.416356
vt 0.962207 0.399132
vt 0.963474 0.409492
vt 0.962207 0.399132
vt 0.963137 0.416356
vt 0.96687 0.442287
vt 0.963474 0.409492
vt 0.96687 0.442287
vt 0.963137 0.416356
vt 0.965291 0.443166
vt 0.960663 0.42049
vt 0.961837 0.430092
vt 0.962116 0.418923
vt 0.960817 0.430198
vt 0.963007 0.443821
vt 0.961837 0.430092
vt 0.959677 0.420866
vt 0.958794 0.420852
vt 0.960817 0.430198
vt 0.960817 0.430198
vt 0.958794 0.420852
vt 0.960553 0.444098
vt 0.960817 0.430198
vt 0.960553 0.444098
vt 0.963007 0.443821
vt 0.958794 0.420852
vt 0.957899 0.420531
vt 0.960553 0.444098
vt 0.953668 0.413249
vt 0.958506 0.443933
vt 0.956178 0.419014
vt 0.958506 0.443933
vt 0.953668 0.413249
vt 0.957347 0.443363
vt 0.957347 0.443363
vt 0.957496 0.444588
vt 0.953668 0.413249
vt 0.957496 0.444588
vt 0.958656 0.445158
vt 0.958885 0.451143
vt 0.958885 0.451143
vt 0.958656 0.445158
vt 0.960747 0.450841
vt 0.963157 0.445047
vt 0.96329 0.450429
vt 0.960703 0.445324
vt 0.96329 0.450429
vt 0.963157 0.445047
vt 0.965834 0.450018
vt 0.96702 0.443513
vt 0.967695 0.449716
vt 0.965441 0.444392
vt 0.967695 0.449716
vt 0.96702 0.443513
vt 0.968377 0.449606
vt 0.967373 0.44139
vt 0.962207 0.399132
vt 0.967522 0.442616
vt 0.962207 0.399132
vt 0.967373 0.44139
vt 0.963474 0.409492
vt 0.96687 0.442287
vt 0.965291 0.443166
vt 0.963137 0.416356
vt 0.963007 0.443821
vt 0.960553 0.444098
vt 0.960817 0.430198
vt 0.960553 0.444098
vt 0.958506 0.443933
vt 0.956178 0.419014
vt 0.956178 0.419014
vt 0.958506 0.443933
vt 0.953668 0.413249
vt 0.96702 0.443513
vt 0.968377 0.449606
vt 0.967522 0.442616
vt 0.968377 0.449606
vt 0.96702 0.443513
vt 0.967695 0.449716
vt 0.963157 0.445047
vt 0.965834 0.450018
vt 0.965441 0.444392
vt 0.965834 0.450018
vt 0.963157 0.445047
vt 0.96329 0.450429
vt 0.958656 0.445158
vt 0.960747 0.450841
vt 0.960703 0.445324
vt 0.960747 0.450841
vt 0.958656 0.445158
vt 0.958885 0.451143
vt 0.957496 0.444588
vt 0.957347 0.443363
vt 0.95312 0.408769
vt 0.95312 0.408769
vt 0.957347 0.443363
vt 0.953668 0.413249
vt 0.958506 0.443933
vt 0.960553 0.444098
vt 0.956178 0.419014
vt 0.963007 0.443821
vt 0.965291 0.443166
vt 0.961837 0.430092
vt 0.96687 0.442287
vt 0.967373 0.44139
vt 0.963474 0.409492
vt 0.963474 0.409492
vt 0.967373 0.44139
vt 0.962207 0.399132
vt 0.96329 0.450429
vt 0.960747 0.450841
vt 0.960703 0.445324
vt 0.960703 0.445324
vt 0.960747 0.450841
vt 0.958656 0.445158
vt 0.953025 0.408784
vt 0.958204 0.451253
vt 0.957496 0.444588
vt 0.953025 0.408784
vt 0.957496 0.444588
vt 0.95312 0.408769
vt 0.960747 0.450841
vt 0.96329 0.450429
vt 0.960703 0.445324
vt 0.960703 0.445324
vt 0.96329 0.450429
vt 0.963157 0.445047
vt 0.965834 0.450018
vt 0.967695 0.449716
vt 0.965441 0.444392
vt 0.965441 0.444392
vt 0.967695 0.449716
vt 0.96702 0.443513
vt 0.967695 0.449716
vt 0.965834 0.450018
vt 0.965441 0.444392
vt 0.965441 0.444392
vt 0.965834 0.450018
vt 0.963157 0.445047
vt 0.967373 0.44139
vt 0.967522 0.442616
vt 0.962207 0.399132
vt 0.962207 0.399132
vt 0.967522 0.442616
vt 0.968377 0.449606
vt 0.963137 0.416356
vt 0.962116 0.418923
vt 0.965291 0.443166
vt 0.956178 0.419014
vt 0.960553 0.444098
vt 0.957899 0.420531
vt 0.963137 0.416356
vt 0.965291 0.443166
vt 0.962116 0.418923
vt 0.96702 0.443513
vt 0.967522 0.442616
vt 0.968377 0.449606
vt 0.96687 0.442287
vt 0.963474 0.409492
vt 0.967373 0.44139
vt 0.958204 0.451253
vt 0.958885 0.451143
vt 0.957496 0.444588
vt 0.957496 0.444588
vt 0.958885 0.451143
vt 0.958656 0.445158
vt 0.957496 0.444588
vt 0.95312 0.408769
vt 0.953668 0.413249
vt 0.960553 0.444098
vt 0.958794 0.420852
vt 0.960817 0.430198
vt 0.968377 0.449606
vt 0.967522 0.442616
vt 0.962207 0.399132
vt 0.965291 0.443166
vt 0.962116 0.418923
vt 0.961837 0.430092
vt 0.952357 0.400819
vt 0.955369 0.417966
vt 0.953325 0.408736
vt 0.9629 0.448013
vt 0.962647 0.447532
vt 0.955369 0.417966
vt 0.963015 0.448525
vt 0.962844 0.448908
vt 0.9629 0.448013
vt 0.963015 0.448525
vt 0.963116 0.449088
vt 0.962844 0.448908
vt 0.963116 0.449088
vt 0.963199 0.449679
vt 0.962844 0.448908
vt 0.963199 0.449679
vt 0.96347 0.451896
vt 0.962844 0.448908
vt 0.957496 0.444588
vt 0.962635 0.449833
vt 0.96347 0.451896
vt 0.957496 0.444588
vt 0.957347 0.443363
vt 0.962635 0.449833
vt 0.962635 0.449833
vt 0.962765 0.449837
vt 0.96347 0.451896
vt 0.962765 0.449837
vt 0.962841 0.449503
vt 0.96347 0.451896
vt 0.962841 0.449503
vt 0.962844 0.448908
vt 0.96347 0.451896
vt 0.962844 0.448908
vt 0.962774 0.448195
vt 0.9629 0.448013
vt 0.962774 0.448195
vt 0.962647 0.447532
vt 0.9629 0.448013
vt 0.962647 0.447532
vt 0.955337 0.418368
vt 0.955369 0.417966
vt 0.955337 0.418368
vt 0.954437 0.415454
vt 0.955369 0.417966
vt 0.955369 0.417966
vt 0.954437 0.415454
vt 0.953325 0.408736
vt 0.953679 0.413273
vt 0.95367 0.413248
vt 0.95312 0.408769
vt 0.95367 0.413248
vt 0.953668 0.413245
vt 0.95312 0.408769
vt 0.953668 0.413245
vt 0.953667 0.413245
vt 0.95312 0.408769
vt 0.953667 0.413245
vt 0.953667 0.413245
vt 0.95312 0.408769
vt 0.953667 0.413245
vt 0.953667 0.413246
vt 0.95312 0.408769
vt 0.953667 0.413246
vt 0.953667 0.413247
vt 0.95312 0.408769
vt 0.953667 0.413247
vt 0.953668 0.413249
vt 0.95312 0.408769
vt 0.954437 0.415454
vt 0.953679 0.413273
vt 0.953325 0.408736
vt 0.95312 0.408769
vt 0.953325 0.408736
vt 0.953679 0.413273
vt 0.952352 0.400728
vt 0.952864 0.400645
vt 0.952357 0.400819
vt 0.952864 0.400645
vt 0.955732 0.408783
vt 0.952357 0.400819
vt 0.952357 0.400819
vt 0.955732 0.408783
vt 0.955557 0.412523
vt 0.952357 0.400819
vt 0.955557 0.412523
vt 0.954548 0.415015
vt 0.952357 0.400819
vt 0.954548 0.415015
vt 0.955369 0.417966
vt 0.957873 0.411356
vt 0.958242 0.41385
vt 0.957183 0.410874
vt 0.958242 0.41385
vt 0.959188 0.416073
vt 0.954548 0.415015
vt 0.958242 0.41385
vt 0.954548 0.415015
vt 0.955557 0.412523
vt 0.958242 0.41385
vt 0.955557 0.412523
vt 0.957183 0.410874
vt 0.959131 0.411152
vt 0.960388 0.413058
vt 0.958526 0.411448
vt 0.960388 0.413058
vt 0.959974 0.415873
vt 0.958242 0.41385
vt 0.960388 0.413058
vt 0.958242 0.41385
vt 0.958526 0.411448
vt 0.960571 0.407999
vt 0.961869 0.411127
vt 0.959679 0.41047
vt 0.961377 0.399267
vt 0.962207 0.399132
vt 0.960571 0.407999
vt 0.964256 0.415896
vt 0.96356 0.413184
vt 0.962207 0.399132
vt 0.96356 0.413184
vt 0.964256 0.415896
vt 0.959974 0.415873
vt 0.96356 0.413184
vt 0.959974 0.415873
vt 0.960388 0.413058
vt 0.96356 0.413184
vt 0.960388 0.413058
vt 0.961869 0.411127
vt 0.96356 0.413184
vt 0.961869 0.411127
vt 0.962207 0.399132
vt 0.955369 0.417966
vt 0.959188 0.416073
vt 0.959977 0.418047
vt 0.954548 0.415015
vt 0.959188 0.416073
vt 0.955369 0.417966
vt 0.955732 0.408783
vt 0.957183 0.410874
vt 0.955557 0.412523
vt 0.958526 0.411448
vt 0.958242 0.41385
vt 0.957873 0.411356
vt 0.959977 0.418047
vt 0.959188 0.416073
vt 0.959974 0.415873
vt 0.959974 0.415873
vt 0.959188 0.416073
vt 0.958242 0.41385
vt 0.959977 0.418047
vt 0.959974 0.415873
vt 0.964256 0.415896
vt 0.959679 0.41047
vt 0.961869 0.411127
vt 0.960388 0.413058
vt 0.959679 0.41047
vt 0.960388 0.413058
vt 0.959131 0.411152
vt 0.960571 0.407999
vt 0.962207 0.399132
vt 0.961869 0.411127
vt 0.9629 0.448013
vt 0.96808 0.447174
vt 0.963015 0.448525
vt 0.968213 0.448263
vt 0.963116 0.449088
vt 0.968143 0.447695
vt 0.968285 0.448855
vt 0.963199 0.449679
vt 0.968213 0.448263
vt 0.963199 0.449679
vt 0.963116 0.449088
vt 0.968213 0.448263
vt 0.963116 0.449088
vt 0.963015 0.448525
vt 0.968143 0.447695
vt 0.968143 0.447695
vt 0.963015 0.448525
vt 0.96808 0.447174
vt 0.963199 0.449679
vt 0.968285 0.448855
vt 0.96347 0.451896
vt 0.968285 0.448855
vt 0.968556 0.451072
vt 0.96347 0.451896
vt 0.968556 0.451072
vt 0.965441 0.444392
vt 0.96347 0.451896
vt 0.967522 0.442616
vt 0.96702 0.443513
vt 0.968556 0.451072
vt 0.96702 0.443513
vt 0.965441 0.444392
vt 0.968556 0.451072
vt 0.965441 0.444392
vt 0.963157 0.445047
vt 0.96347 0.451896
vt 0.963157 0.445047
vt 0.960703 0.445324
vt 0.96347 0.451896
vt 0.960703 0.445324
vt 0.958656 0.445158
vt 0.96347 0.451896
vt 0.958656 0.445158
vt 0.957496 0.444588
vt 0.96347 0.451896
vt 0.96808 0.447174
vt 0.9629 0.448013
vt 0.964256 0.415896
vt 0.955369 0.417966
vt 0.959977 0.418047
vt 0.9629 0.448013
vt 0.959977 0.418047
vt 0.964256 0.415896
vt 0.9629 0.448013
vt 0.962116 0.418923
vt 0.960663 0.42049
vt 0.961133 0.418872
vt 0.962116 0.418923
vt 0.961133 0.418872
vt 0.962086 0.417599
vt 0.962116 0.418923
vt 0.962086 0.417599
vt 0.963137 0.416356
vt 0.960583 0.419596
vt 0.960893 0.419093
vt 0.960614 0.420024
vt 0.960893 0.419093
vt 0.960583 0.419596
vt 0.96069 0.419256
vt 0.960893 0.419093
vt 0.96069 0.419256
vt 0.960593 0.419028
vt 0.960893 0.419093
vt 0.960593 0.419028
vt 0.961024 0.41871
vt 0.960893 0.419093
vt 0.961024 0.41871
vt 0.961133 0.418872
vt 0.960893 0.419093
vt 0.961133 0.418872
vt 0.960614 0.420024
vt 0.960583 0.419596
vt 0.960575 0.419251
vt 0.96069 0.419256
vt 0.961024 0.41871
vt 0.960593 0.419028
vt 0.960796 0.418875
vt 0.961024 0.41871
vt 0.960796 0.418875
vt 0.960693 0.419039
vt 0.961024 0.41871
vt 0.960693 0.419039
vt 0.960764 0.41926
vt 0.961024 0.41871
vt 0.960764 0.41926
vt 0.961292 0.418485
vt 0.961024 0.41871
vt 0.961292 0.418485
vt 0.961133 0.418872
vt 0.960593 0.419028
vt 0.960634 0.418956
vt 0.960796 0.418875
vt 0.960764 0.41926
vt 0.96084 0.419595
vt 0.961292 0.418485
vt 0.96084 0.419595
vt 0.962782 0.417823
vt 0.961292 0.418485
vt 0.964143 0.414969
vt 0.963263 0.415322
vt 0.962782 0.417823
vt 0.963799 0.412155
vt 0.963733 0.413683
vt 0.964143 0.414969
vt 0.963633 0.410797
vt 0.963137 0.416356
vt 0.963341 0.414078
vt 0.963633 0.410797
vt 0.963341 0.414078
vt 0.963799 0.412155
vt 0.963633 0.410797
vt 0.963481 0.409556
vt 0.963474 0.409492
vt 0.963481 0.409556
vt 0.963475 0.409505
vt 0.963474 0.409492
vt 0.963475 0.409505
vt 0.963473 0.409489
vt 0.963474 0.409492
vt 0.963473 0.409489
vt 0.963473 0.409488
vt 0.963474 0.409492
vt 0.963473 0.409488
vt 0.963473 0.409488
vt 0.963474 0.409492
vt 0.963473 0.409488
vt 0.963473 0.409489
vt 0.963474 0.409492
vt 0.963474 0.409492
vt 0.963137 0.416356
vt 0.963633 0.410797
vt 0.960663 0.42049
vt 0.960614 0.420024
vt 0.961133 0.418872
vt 0.961947 0.417777
vt 0.961133 0.418872
vt 0.961292 0.418485
vt 0.961947 0.417777
vt 0.961292 0.418485
vt 0.962782 0.417823
vt 0.963341 0.414078
vt 0.963137 0.416356
vt 0.962913 0.415718
vt 0.963341 0.414078
vt 0.962913 0.415718
vt 0.963263 0.415322
vt 0.963341 0.414078
vt 0.963263 0.415322
vt 0.963733 0.413683
vt 0.963341 0.414078
vt 0.963733 0.413683
vt 0.963799 0.412155
vt 0.963733 0.413683
vt 0.963263 0.415322
vt 0.964143 0.414969
vt 0.961133 0.418872
vt 0.961947 0.417777
vt 0.962086 0.417599
vt 0.962913 0.415718
vt 0.963137 0.416356
vt 0.962086 0.417599
vt 0.962913 0.415718
vt 0.962086 0.417599
vt 0.963263 0.415322
vt 0.962782 0.417823
vt 0.963263 0.415322
vt 0.962352 0.417205
vt 0.962782 0.417823
vt 0.962352 0.417205
vt 0.961947 0.417777
vt 0.962086 0.417599
vt 0.961947 0.417777
vt 0.962352 0.417205
vt 0.962086 0.417599
vt 0.962352 0.417205
vt 0.963263 0.415322
vt 0.960575 0.419251
vt 0.960593 0.419028
vt 0.96069 0.419256
vt 0.960634 0.418956
vt 0.960693 0.419039
vt 0.960796 0.418875
vt 0.968017 0.446662
vt 0.964143 0.414969
vt 0.966268 0.446945
vt 0.96084 0.419595
vt 0.966268 0.446945
vt 0.962782 0.417823
vt 0.962782 0.417823
vt 0.966268 0.446945
vt 0.964143 0.414969
vt 0.959857 0.419969
vt 0.959782 0.419641
vt 0.95871 0.420068
vt 0.959712 0.419432
vt 0.95949 0.419406
vt 0.959782 0.419641
vt 0.959712 0.419432
vt 0.959654 0.419364
vt 0.95949 0.419406
vt 0.959654 0.419364
vt 0.959614 0.419442
vt 0.95949 0.419406
vt 0.959596 0.419657
vt 0.959535 0.419767
vt 0.959614 0.419442
vt 0.959596 0.419657
vt 0.9596 0.419989
vt 0.959535 0.419767
vt 0.959535 0.419767
vt 0.9596 0.419989
vt 0.959314 0.41979
vt 0.959535 0.419767
vt 0.959314 0.41979
vt 0.95924 0.419434
vt 0.959535 0.419767
vt 0.95924 0.419434
vt 0.959614 0.419442
vt 0.959677 0.420866
vt 0.958794 0.420852
vt 0.959628 0.420406
vt 0.957899 0.420531
vt 0.958838 0.419769
vt 0.958794 0.420852
vt 0.956178 0.419014
vt 0.957411 0.419176
vt 0.957899 0.420531
vt 0.953668 0.413249
vt 0.954437 0.415454
vt 0.956178 0.419014
vt 0.953667 0.413247
vt 0.953667 0.413246
vt 0.953668 0.413249
vt 0.953667 0.413246
vt 0.953667 0.413245
vt 0.953668 0.413249
vt 0.953667 0.413245
vt 0.953667 0.413245
vt 0.953668 0.413249
vt 0.953667 0.413245
vt 0.953668 0.413245
vt 0.953668 0.413249
vt 0.953668 0.413245
vt 0.95367 0.413248
vt 0.953668 0.413249
vt 0.95367 0.413248
vt 0.953679 0.413273
vt 0.953668 0.413249
vt 0.953679 0.413273
vt 0.954437 0.415454
vt 0.953668 0.413249
vt 0.956178 0.419014
vt 0.954437 0.415454
vt 0.955891 0.417725
vt 0.956178 0.419014
vt 0.955891 0.417725
vt 0.957411 0.419176
vt 0.955337 0.418368
vt 0.955494 0.417444
vt 0.954437 0.415454
vt 0.95755 0.419827
vt 0.957668 0.419142
vt 0.955337 0.418368
vt 0.95871 0.420068
vt 0.958076 0.419293
vt 0.95755 0.419827
vt 0.957668 0.419142
vt 0.957411 0.419176
vt 0.956413 0.418356
vt 0.957668 0.419142
vt 0.956413 0.418356
vt 0.955337 0.418368
vt 0.958794 0.420852
vt 0.958838 0.419769
vt 0.959628 0.420406
vt 0.958076 0.419293
vt 0.95871 0.420068
vt 0.95924 0.419434
vt 0.958076 0.419293
vt 0.95924 0.419434
vt 0.958838 0.419769
vt 0.959782 0.419641
vt 0.95949 0.419406
vt 0.95924 0.419434
vt 0.959782 0.419641
vt 0.95924 0.419434
vt 0.95871 0.420068
vt 0.95949 0.419406
vt 0.959614 0.419442
vt 0.95924 0.419434
vt 0.95755 0.419827
vt 0.958076 0.419293
vt 0.957668 0.419142
vt 0.958838 0.419769
vt 0.95924 0.419434
vt 0.959314 0.41979
vt 0.958838 0.419769
vt 0.959314 0.41979
vt 0.959628 0.420406
vt 0.958076 0.419293
vt 0.958838 0.419769
vt 0.957668 0.419142
vt 0.957411 0.419176
vt 0.957668 0.419142
vt 0.958838 0.419769
vt 0.957411 0.419176
vt 0.958838 0.419769
vt 0.957899 0.420531
vt 0.955891 0.417725
vt 0.955494 0.417444
vt 0.957411 0.419176
vt 0.955337 0.418368
vt 0.956413 0.418356
vt 0.955494 0.417444
vt 0.955494 0.417444
vt 0.956413 0.418356
vt 0.957411 0.419176
vt 0.954437 0.415454
vt 0.955494 0.417444
vt 0.955891 0.417725
vt 0.959314 0.41979
vt 0.9596 0.419989
vt 0.959628 0.420406
vt 0.959628 0.420406
vt 0.9596 0.419989
vt 0.959677 0.420866
vt 0.9596 0.419989
vt 0.959596 0.419657
vt 0.959677 0.420866
vt 0.959596 0.419657
vt 0.959614 0.419442
vt 0.959677 0.420866
vt 0.959614 0.419442
vt 0.959654 0.419364
vt 0.959677 0.420866
vt 0.959654 0.419364
vt 0.959712 0.419432
vt 0.959677 0.420866
vt 0.959712 0.419432
vt 0.959782 0.419641
vt 0.959677 0.420866
vt 0.959782 0.419641
vt 0.959857 0.419969
vt 0.959677 0.420866
vt 0.965243 0.447111
vt 0.96119 0.428504
vt 0.959857 0.419969
vt 0.965352 0.447777
vt 0.965429 0.44849
vt 0.965243 0.447111
vt 0.965429 0.44849
vt 0.965456 0.449079
vt 0.965243 0.447111
vt 0.965456 0.449079
vt 0.965427 0.449406
vt 0.965243 0.447111
vt 0.965427 0.449406
vt 0.965347 0.449393
vt 0.965243 0.447111
vt 0.964155 0.447104
vt 0.964311 0.447129
vt 0.965347 0.449393
vt 0.964311 0.447129
vt 0.96437 0.44648
vt 0.965347 0.449393
vt 0.96437 0.44648
vt 0.964316 0.445309
vt 0.965347 0.449393
vt 0.964316 0.445309
vt 0.964164 0.443892
vt 0.965347 0.449393
vt 0.965347 0.449393
vt 0.964164 0.443892
vt 0.965243 0.447111
vt 0.964164 0.443892
vt 0.963948 0.44256
vt 0.965243 0.447111
vt 0.96119 0.428504
vt 0.961039 0.42783
vt 0.959857 0.419969
vt 0.961039 0.42783
vt 0.960896 0.427388
vt 0.959857 0.419969
vt 0.960896 0.427388
vt 0.960777 0.427219
vt 0.959857 0.419969
vt 0.960777 0.427219
vt 0.960692 0.427342
vt 0.959857 0.419969
vt 0.959857 0.419969
vt 0.960692 0.427342
vt 0.959677 0.420866
vt 0.960692 0.427342
vt 0.960651 0.427756
vt 0.959677 0.420866
vt 0.960651 0.427756
vt 0.960661 0.428424
vt 0.959677 0.420866
vt 0.960817 0.430198
vt 0.959677 0.420866
vt 0.960719 0.429269
vt 0.960719 0.429269
vt 0.959677 0.420866
vt 0.960661 0.428424
vt 0.96119 0.428504
vt 0.965243 0.447111
vt 0.963948 0.44256
vt 0.965243 0.447111
vt 0.959857 0.419969
vt 0.962647 0.447532
vt 0.959857 0.419969
vt 0.95871 0.420068
vt 0.962647 0.447532
vt 0.955337 0.418368
vt 0.962647 0.447532
vt 0.95755 0.419827
vt 0.962647 0.447532
vt 0.95871 0.420068
vt 0.95755 0.419827
vt 0.966268 0.446945
vt 0.966377 0.447611
vt 0.968017 0.446662
vt 0.966454 0.448324
vt 0.968186 0.448043
vt 0.966377 0.447611
vt 0.968186 0.448043
vt 0.966454 0.448324
vt 0.968257 0.448626
vt 0.966452 0.449241
vt 0.968296 0.448942
vt 0.966481 0.448913
vt 0.966372 0.449227
vt 0.968293 0.448917
vt 0.966452 0.449241
vt 0.968293 0.448917
vt 0.968296 0.448942
vt 0.966452 0.449241
vt 0.968296 0.448942
vt 0.968257 0.448626
vt 0.966481 0.448913
vt 0.966481 0.448913
vt 0.968257 0.448626
vt 0.966454 0.448324
vt 0.968186 0.448043
vt 0.968099 0.447333
vt 0.966377 0.447611
vt 0.968099 0.447333
vt 0.968017 0.446662
vt 0.966377 0.447611
vt 0.966372 0.449227
vt 0.965155 0.446889
vt 0.968293 0.448917
vt 0.964155 0.447104
vt 0.963007 0.443821
vt 0.965155 0.446889
vt 0.965347 0.449393
vt 0.962635 0.449833
vt 0.964155 0.447104
vt 0.957347 0.443363
vt 0.958506 0.443933
vt 0.962635 0.449833
vt 0.958506 0.443933
vt 0.960553 0.444098
vt 0.962635 0.449833
vt 0.962635 0.449833
vt 0.960553 0.444098
vt 0.964155 0.447104
vt 0.963007 0.443821
vt 0.965291 0.443166
vt 0.965155 0.446889
vt 0.965291 0.443166
vt 0.96687 0.442287
vt 0.965155 0.446889
vt 0.967373 0.44139
vt 0.968293 0.448917
vt 0.96687 0.442287
vt 0.965155 0.446889
vt 0.96687 0.442287
vt 0.968293 0.448917
vt 0.963007 0.443821
vt 0.964155 0.447104
vt 0.960553 0.444098
vt 0.962635 0.449833
vt 0.965347 0.449393
vt 0.962765 0.449837
vt 0.965456 0.449079
vt 0.962841 0.449503
vt 0.965427 0.449406
vt 0.962841 0.449503
vt 0.965456 0.449079
vt 0.962844 0.448908
vt 0.965352 0.447777
vt 0.962774 0.448195
vt 0.965429 0.44849
vt 0.965352 0.447777
vt 0.965243 0.447111
vt 0.962774 0.448195
vt 0.965243 0.447111
vt 0.962647 0.447532
vt 0.962774 0.448195
vt 0.962774 0.448195
vt 0.962844 0.448908
vt 0.965429 0.44849
vt 0.965429 0.44849
vt 0.962844 0.448908
vt 0.965456 0.449079
vt 0.962841 0.449503
vt 0.962765 0.449837
vt 0.965427 0.449406
vt 0.962765 0.449837
vt 0.965347 0.449393
vt 0.965427 0.449406
vt 0.960719 0.429269
vt 0.96082 0.427969
vt 0.960817 0.430198
vt 0.96082 0.427969
vt 0.960719 0.429269
vt 0.960723 0.427951
vt 0.96082 0.427969
vt 0.960723 0.427951
vt 0.960777 0.427219
vt 0.96082 0.427969
vt 0.960777 0.427219
vt 0.960896 0.427388
vt 0.96082 0.427969
vt 0.960896 0.427388
vt 0.960955 0.427984
vt 0.96082 0.427969
vt 0.960955 0.427984
vt 0.960817 0.430198
vt 0.960651 0.427756
vt 0.960692 0.427342
vt 0.960661 0.428424
vt 0.960661 0.428424
vt 0.960692 0.427342
vt 0.960723 0.427951
vt 0.960661 0.428424
vt 0.960723 0.427951
vt 0.960719 0.429269
vt 0.960955 0.427984
vt 0.960896 0.427388
vt 0.961 0.427251
vt 0.96119 0.428504
vt 0.961165 0.427247
vt 0.961039 0.42783
vt 0.962205 0.428366
vt 0.961165 0.427247
vt 0.96119 0.428504
vt 0.962054 0.427696
vt 0.961644 0.427177
vt 0.962205 0.428366
vt 0.962054 0.427696
vt 0.961913 0.427261
vt 0.961644 0.427177
vt 0.961644 0.427177
vt 0.961913 0.427261
vt 0.961783 0.427138
vt 0.961644 0.427177
vt 0.961783 0.427138
vt 0.961538 0.427904
vt 0.961712 0.427239
vt 0.961614 0.427875
vt 0.961795 0.427103
vt 0.961712 0.427239
vt 0.961673 0.42766
vt 0.961614 0.427875
vt 0.961673 0.42766
vt 0.961682 0.428325
vt 0.961614 0.427875
vt 0.961682 0.428325
vt 0.961739 0.429165
vt 0.961614 0.427875
vt 0.961614 0.427875
vt 0.961739 0.429165
vt 0.961538 0.427904
vt 0.961614 0.427875
vt 0.961538 0.427904
vt 0.961795 0.427103
vt 0.960817 0.430198
vt 0.960955 0.427984
vt 0.961837 0.430092
vt 0.961837 0.430092
vt 0.960955 0.427984
vt 0.961538 0.427904
vt 0.961837 0.430092
vt 0.961538 0.427904
vt 0.961739 0.429165
vt 0.960692 0.427342
vt 0.960777 0.427219
vt 0.960723 0.427951
vt 0.961039 0.42783
vt 0.961165 0.427247
vt 0.961 0.427251
vt 0.961039 0.42783
vt 0.961 0.427251
vt 0.960896 0.427388
vt 0.961165 0.427247
vt 0.960955 0.427984
vt 0.961 0.427251
vt 0.962205 0.428366
vt 0.961644 0.427177
vt 0.961165 0.427247
vt 0.961795 0.427103
vt 0.961538 0.427904
vt 0.961783 0.427138
vt 0.961795 0.427103
vt 0.961783 0.427138
vt 0.961913 0.427261
vt 0.961165 0.427247
vt 0.961644 0.427177
vt 0.960955 0.427984
vt 0.960955 0.427984
vt 0.961644 0.427177
vt 0.961538 0.427904
vt 0.96119 0.428504
vt 0.963948 0.44256
vt 0.962205 0.428366
vt 0.963948 0.44256
vt 0.964948 0.442345
vt 0.962205 0.428366
vt 0.965155 0.446889
vt 0.965311 0.446914
vt 0.964155 0.447104
vt 0.964155 0.447104
vt 0.965311 0.446914
vt 0.964311 0.447129
vt 0.965316 0.445095
vt 0.964316 0.445309
vt 0.96537 0.446265
vt 0.964316 0.445309
vt 0.965316 0.445095
vt 0.964164 0.443892
vt 0.964948 0.442345
vt 0.963948 0.44256
vt 0.965164 0.443677
vt 0.963948 0.44256
vt 0.964164 0.443892
vt 0.965164 0.443677
vt 0.965164 0.443677
vt 0.964164 0.443892
vt 0.965316 0.445095
vt 0.964316 0.445309
vt 0.96437 0.44648
vt 0.96537 0.446265
vt 0.96437 0.44648
vt 0.964311 0.447129
vt 0.96537 0.446265
vt 0.96537 0.446265
vt 0.964311 0.447129
vt 0.965311 0.446914
vt 0.960764 0.41926
vt 0.960663 0.42049
vt 0.96084 0.419595
vt 0.960764 0.41926
vt 0.960693 0.419039
vt 0.960663 0.42049
vt 0.960693 0.419039
vt 0.960634 0.418956
vt 0.960663 0.42049
vt 0.960634 0.418956
vt 0.960593 0.419028
vt 0.960663 0.42049
vt 0.960593 0.419028
vt 0.960575 0.419251
vt 0.960663 0.42049
vt 0.960575 0.419251
vt 0.960583 0.419596
vt 0.960663 0.42049
vt 0.960583 0.419596
vt 0.960614 0.420024
vt 0.960663 0.42049
vt 0.961837 0.430092
vt 0.961739 0.429165
vt 0.960663 0.42049
vt 0.961739 0.429165
vt 0.961682 0.428325
vt 0.960663 0.42049
vt 0.961682 0.428325
vt 0.961673 0.42766
vt 0.960663 0.42049
vt 0.961673 0.42766
vt 0.961712 0.427239
vt 0.960663 0.42049
vt 0.960663 0.42049
vt 0.961712 0.427239
vt 0.96084 0.419595
vt 0.961712 0.427239
vt 0.961795 0.427103
vt 0.96084 0.419595
vt 0.961795 0.427103
vt 0.961913 0.427261
vt 0.96084 0.419595
vt 0.961913 0.427261
vt 0.962054 0.427696
vt 0.96084 0.419595
vt 0.964948 0.442345
vt 0.966268 0.446945
vt 0.962205 0.428366
vt 0.964948 0.442345
vt 0.965164 0.443677
vt 0.966268 0.446945
vt 0.966268 0.446945
vt 0.965164 0.443677
vt 0.966372 0.449227
vt 0.966268 0.446945
vt 0.966372 0.449227
vt 0.966452 0.449241
vt 0.966268 0.446945
vt 0.966452 0.449241
vt 0.966481 0.448913
vt 0.966268 0.446945
vt 0.966481 0.448913
vt 0.966454 0.448324
vt 0.966268 0.446945
vt 0.966454 0.448324
vt 0.966377 0.447611
vt 0.965164 0.443677
vt 0.965316 0.445095
vt 0.966372 0.449227
vt 0.965316 0.445095
vt 0.96537 0.446265
vt 0.966372 0.449227
vt 0.965155 0.446889
vt 0.966372 0.449227
vt 0.965311 0.446914
vt 0.966268 0.446945
vt 0.96084 0.419595
vt 0.962205 0.428366
vt 0.96084 0.419595
vt 0.962054 0.427696
vt 0.962205 0.428366
vt 0.965311 0.446914
vt 0.966372 0.449227
vt 0.96537 0.446265
vt 0.968213 0.448263
vt 0.968186 0.448043
vt 0.968285 0.448855
vt 0.968213 0.448263
vt 0.968143 0.447695
vt 0.968186 0.448043
vt 0.968143 0.447695
vt 0.96808 0.447174
vt 0.968186 0.448043
vt 0.964256 0.415896
vt 0.968017 0.446662
vt 0.96808 0.447174
vt 0.968017 0.446662
vt 0.964256 0.415896
vt 0.964143 0.414969
vt 0.962207 0.399132
vt 0.962207 0.399132
vt 0.963799 0.412155
vt 0.962207 0.399132
vt 0.963799 0.412155
vt 0.964143 0.414969
vt 0.962207 0.399132
vt 0.964143 0.414969
vt 0.964256 0.415896
vt 0.963474 0.409492
vt 0.963473 0.409489
vt 0.962207 0.399132
vt 0.963473 0.409489
vt 0.963473 0.409488
vt 0.962207 0.399132
vt 0.963473 0.409488
vt 0.963473 0.409488
vt 0.962207 0.399132
vt 0.963473 0.409488
vt 0.963473 0.409489
vt 0.962207 0.399132
vt 0.963473 0.409489
vt 0.963475 0.409505
vt 0.962207 0.399132
vt 0.963475 0.409505
vt 0.963633 0.410797
vt 0.962207 0.399132
vt 0.963633 0.410797
vt 0.963799 0.412155
vt 0.962207 0.399132
vt 0.968017 0.446662
vt 0.968099 0.447333
vt 0.96808 0.447174
vt 0.968099 0.447333
vt 0.968186 0.448043
vt 0.96808 0.447174
vt 0.968186 0.448043
vt 0.968257 0.448626
vt 0.968285 0.448855
vt 0.968285 0.448855
vt 0.968257 0.448626
vt 0.968556 0.451072
vt 0.968257 0.448626
vt 0.968296 0.448942
vt 0.968556 0.451072
vt 0.967373 0.44139
vt 0.967522 0.442616
vt 0.968293 0.448917
vt 0.967522 0.442616
vt 0.968556 0.451072
vt 0.968293 0.448917
vt 0.968556 0.451072
vt 0.968296 0.448942
vt 0.968293 0.448917
vt 0.961377 0.399267
vt 0.960571 0.407999
vt 0.95954 0.399564
vt 0.960571 0.407999
vt 0.959679 0.41047
vt 0.95954 0.399564
vt 0.95954 0.399564
vt 0.959679 0.41047
vt 0.957121 0.399956
vt 0.959679 0.41047
vt 0.959131 0.411152
vt 0.957121 0.399956
vt 0.959131 0.411152
vt 0.958526 0.411448
vt 0.957121 0.399956
vt 0.958526 0.411448
vt 0.957873 0.411356
vt 0.957121 0.399956
vt 0.955732 0.408783
vt 0.954701 0.400348
vt 0.957183 0.410874
vt 0.955732 0.408783
vt 0.952864 0.400645
vt 0.954701 0.400348
vt 0.954701 0.400348
vt 0.957121 0.399956
vt 0.957183 0.410874
vt 0.957183 0.410874
vt 0.957121 0.399956
vt 0.957873 0.411356
vt 0.968285 0.448855
vt 0.968213 0.448263
vt 0.963199 0.449679
vt 0.963199 0.449679
vt 0.968213 0.448263
vt 0.963116 0.449088
vt 0.96808 0.447174
vt 0.963015 0.448525
vt 0.968143 0.447695
vt 0.96808 0.447174
vt 0.9629 0.448013
vt 0.963015 0.448525
vt 0.963015 0.448525
vt 0.963116 0.449088
vt 0.968143 0.447695
vt 0.968143 0.447695
vt 0.963116 0.449088
vt 0.968213 0.448263
vt 0.953668 0.413249
vt 0.953667 0.413247
vt 0.95312 0.408769
vt 0.953667 0.413247
vt 0.953667 0.413246
vt 0.95312 0.408769
vt 0.953667 0.413246
vt 0.953667 0.413245
vt 0.95312 0.408769
vt 0.953667 0.413245
vt 0.953667 0.413245
vt 0.95312 0.408769
vt 0.953667 0.413245
vt 0.953668 0.413245
vt 0.95312 0.408769
vt 0.953668 0.413245
vt 0.95367 0.413248
vt 0.95312 0.408769
vt 0.95367 0.413248
vt 0.953679 0.413273
vt 0.95312 0.408769
vt 0.95312 0.408769
vt 0.953679 0.413273
vt 0.953325 0.408736
vt 0.953325 0.408736
vt 0.954437 0.415454
vt 0.955369 0.417966
vt 0.953325 0.408736
vt 0.955369 0.417966
vt 0.952357 0.400819
vt 0.954437 0.415454
vt 0.955337 0.418368
vt 0.955369 0.417966
vt 0.962774 0.448195
vt 0.9629 0.448013
vt 0.962647 0.447532
vt 0.962774 0.448195
vt 0.962844 0.448908
vt 0.9629 0.448013
vt 0.962841 0.449503
vt 0.96347 0.451896
vt 0.962844 0.448908
vt 0.962841 0.449503
vt 0.962765 0.449837
vt 0.96347 0.451896
vt 0.962765 0.449837
vt 0.962635 0.449833
vt 0.96347 0.451896
vt 0.957347 0.443363
vt 0.957496 0.444588
vt 0.962635 0.449833
vt 0.957496 0.444588
vt 0.96347 0.451896
vt 0.962635 0.449833
vt 0.96347 0.451896
vt 0.963199 0.449679
vt 0.962844 0.448908
vt 0.963199 0.449679
vt 0.963116 0.449088
vt 0.962844 0.448908
vt 0.963116 0.449088
vt 0.963015 0.448525
vt 0.962844 0.448908
vt 0.963015 0.448525
vt 0.9629 0.448013
vt 0.962844 0.448908
vt 0.9629 0.448013
vt 0.955369 0.417966
vt 0.962647 0.447532
vt 0.954437 0.415454
vt 0.953325 0.408736
vt 0.953679 0.413273
vt 0.962647 0.447532
vt 0.955369 0.417966
vt 0.955337 0.418368
vt 0.963199 0.449679
vt 0.96347 0.451896
vt 0.968285 0.448855
vt 0.96347 0.451896
vt 0.968556 0.451072
vt 0.968285 0.448855
vt 0.96347 0.451896
vt 0.965441 0.444392
vt 0.968556 0.451072
vt 0.957496 0.444588
vt 0.958656 0.445158
vt 0.96347 0.451896
vt 0.958656 0.445158
vt 0.960703 0.445324
vt 0.96347 0.451896
vt 0.960703 0.445324
vt 0.963157 0.445047
vt 0.96347 0.451896
vt 0.963157 0.445047
vt 0.965441 0.444392
vt 0.96347 0.451896
vt 0.965441 0.444392
vt 0.96702 0.443513
vt 0.968556 0.451072
vt 0.96702 0.443513
vt 0.967522 0.442616
vt 0.968556 0.451072
vt 0.952352 0.400728
vt 0.952357 0.400819
vt 0.952864 0.400645
vt 0.955369 0.417966
vt 0.952915 0.413725
vt 0.952357 0.400819
vt 0.959977 0.418047
vt 0.959411 0.416028
vt 0.955369 0.417966
vt 0.964256 0.415896
vt 0.962296 0.414521
vt 0.959977 0.418047
vt 0.962207 0.399132
vt 0.964329 0.412079
vt 0.964256 0.415896
vt 0.964329 0.412079
vt 0.962207 0.399132
vt 0.961031 0.412403
vt 0.964329 0.412079
vt 0.961031 0.412403
vt 0.962296 0.414521
vt 0.964329 0.412079
vt 0.962296 0.414521
vt 0.964256 0.415896
vt 0.962207 0.399132
vt 0.961377 0.399267
vt 0.961031 0.412403
vt 0.959679 0.41047
vt 0.961031 0.412403
vt 0.960571 0.407999
vt 0.958526 0.411448
vt 0.959039 0.413771
vt 0.959131 0.411152
vt 0.959039 0.413771
vt 0.959411 0.416028
vt 0.962296 0.414521
vt 0.959039 0.413771
vt 0.962296 0.414521
vt 0.961031 0.412403
vt 0.959039 0.413771
vt 0.961031 0.412403
vt 0.959131 0.411152
vt 0.958526 0.411448
vt 0.957873 0.411356
vt 0.959039 0.413771
vt 0.955732 0.408783
vt 0.956314 0.413139
vt 0.957183 0.410874
vt 0.956314 0.413139
vt 0.952915 0.413725
vt 0.955594 0.41558
vt 0.956314 0.413139
vt 0.955594 0.41558
vt 0.959039 0.413771
vt 0.956314 0.413139
vt 0.959039 0.413771
vt 0.957183 0.410874
vt 0.962296 0.414521
vt 0.959411 0.416028
vt 0.959977 0.418047
vt 0.952915 0.413725
vt 0.955369 0.417966
vt 0.955594 0.41558
vt 0.952864 0.400645
vt 0.952357 0.400819
vt 0.956314 0.413139
vt 0.952864 0.400645
vt 0.956314 0.413139
vt 0.955732 0.408783
vt 0.952357 0.400819
vt 0.952915 0.413725
vt 0.956314 0.413139
vt 0.959411 0.416028
vt 0.959039 0.413771
vt 0.955594 0.41558
vt 0.959411 0.416028
vt 0.955594 0.41558
vt 0.955369 0.417966
vt 0.957873 0.411356
vt 0.957183 0.410874
vt 0.959039 0.413771
vt 0.959679 0.41047
vt 0.959131 0.411152
vt 0.961031 0.412403
vt 0.961377 0.399267
vt 0.960571 0.407999
vt 0.961031 0.412403
vt 0.96808 0.447174
vt 0.964256 0.415896
vt 0.9629 0.448013
vt 0.964256 0.415896
vt 0.959977 0.418047
vt 0.9629 0.448013
vt 0.959977 0.418047
vt 0.955369 0.417966
vt 0.9629 0.448013
vt 0.952864 0.400645
vt 0.955732 0.408783
vt 0.954701 0.400348
vt 0.955732 0.408783
vt 0.957183 0.410874
vt 0.954701 0.400348
vt 0.954701 0.400348
vt 0.957183 0.410874
vt 0.957121 0.399956
vt 0.957183 0.410874
vt 0.957873 0.411356
vt 0.957121 0.399956
vt 0.957873 0.411356
vt 0.958526 0.411448
vt 0.957121 0.399956
vt 0.958526 0.411448
vt 0.959131 0.411152
vt 0.957121 0.399956
vt 0.960571 0.407999
vt 0.95954 0.399564
vt 0.959679 0.41047
vt 0.960571 0.407999
vt 0.961377 0.399267
vt 0.95954 0.399564
vt 0.95954 0.399564
vt 0.957121 0.399956
vt 0.959679 0.41047
vt 0.959679 0.41047
vt 0.957121 0.399956
vt 0.959131 0.411152
vt 0.960764 0.41926
vt 0.961071 0.418673
vt 0.96084 0.419595
vt 0.960764 0.41926
vt 0.960693 0.419039
vt 0.961071 0.418673
vt 0.961071 0.418673
vt 0.960693 0.419039
vt 0.9608 0.418872
vt 0.961071 0.418673
vt 0.9608 0.418872
vt 0.960593 0.419028
vt 0.961071 0.418673
vt 0.960593 0.419028
vt 0.960935 0.419057
vt 0.960693 0.419039
vt 0.960634 0.418956
vt 0.9608 0.418872
vt 0.960935 0.419057
vt 0.960593 0.419028
vt 0.960694 0.419253
vt 0.960935 0.419057
vt 0.960694 0.419253
vt 0.960583 0.419596
vt 0.960935 0.419057
vt 0.960583 0.419596
vt 0.960614 0.420024
vt 0.960935 0.419057
vt 0.960614 0.420024
vt 0.962116 0.418923
vt 0.960593 0.419028
vt 0.960575 0.419251
vt 0.960694 0.419253
vt 0.960614 0.420024
vt 0.960663 0.42049
vt 0.962116 0.418923
vt 0.963137 0.416356
vt 0.962964 0.415559
vt 0.962116 0.418923
vt 0.963474 0.409492
vt 0.963633 0.410797
vt 0.963137 0.416356
vt 0.963473 0.409489
vt 0.963473 0.409488
vt 0.963474 0.409492
vt 0.963473 0.409488
vt 0.963473 0.409488
vt 0.963474 0.409492
vt 0.963473 0.409488
vt 0.963473 0.409489
vt 0.963474 0.409492
vt 0.963473 0.409489
vt 0.963475 0.409505
vt 0.963474 0.409492
vt 0.963475 0.409505
vt 0.963633 0.410797
vt 0.963474 0.409492
vt 0.963137 0.416356
vt 0.963633 0.410797
vt 0.963379 0.41388
vt 0.963137 0.416356
vt 0.963379 0.41388
vt 0.962964 0.415559
vt 0.964143 0.414969
vt 0.963775 0.413485
vt 0.963799 0.412155
vt 0.962782 0.417823
vt 0.962394 0.417138
vt 0.964143 0.414969
vt 0.96084 0.419595
vt 0.961071 0.418673
vt 0.962782 0.417823
vt 0.962394 0.417138
vt 0.961778 0.418088
vt 0.962964 0.415559
vt 0.962394 0.417138
vt 0.962964 0.415559
vt 0.963319 0.415163
vt 0.962394 0.417138
vt 0.963319 0.415163
vt 0.964143 0.414969
vt 0.960634 0.418956
vt 0.960593 0.419028
vt 0.9608 0.418872
vt 0.961071 0.418673
vt 0.960935 0.419057
vt 0.96201 0.417696
vt 0.961071 0.418673
vt 0.96201 0.417696
vt 0.962782 0.417823
vt 0.961778 0.418088
vt 0.962116 0.418923
vt 0.962964 0.415559
vt 0.962394 0.417138
vt 0.962782 0.417823
vt 0.96201 0.417696
vt 0.962394 0.417138
vt 0.96201 0.417696
vt 0.961778 0.418088
vt 0.96201 0.417696
vt 0.960935 0.419057
vt 0.961778 0.418088
vt 0.962116 0.418923
vt 0.961778 0.418088
vt 0.960935 0.419057
vt 0.963319 0.415163
vt 0.962964 0.415559
vt 0.963775 0.413485
vt 0.963319 0.415163
vt 0.963775 0.413485
vt 0.964143 0.414969
vt 0.963633 0.410797
vt 0.963799 0.412155
vt 0.963379 0.41388
vt 0.963799 0.412155
vt 0.963775 0.413485
vt 0.963379 0.41388
vt 0.963379 0.41388
vt 0.963775 0.413485
vt 0.962964 0.415559
vt 0.960575 0.419251
vt 0.960583 0.419596
vt 0.960694 0.419253
vt 0.96084 0.419595
vt 0.962782 0.417823
vt 0.966268 0.446945
vt 0.962782 0.417823
vt 0.964143 0.414969
vt 0.966268 0.446945
vt 0.964143 0.414969
vt 0.968017 0.446662
vt 0.966268 0.446945
vt 0.959628 0.420406
vt 0.959544 0.419765
vt 0.959677 0.420866
vt 0.959628 0.420406
vt 0.9596 0.419989
vt 0.959544 0.419765
vt 0.9596 0.419989
vt 0.959596 0.419657
vt 0.959544 0.419765
vt 0.959544 0.419765
vt 0.959596 0.419657
vt 0.959337 0.419789
vt 0.959544 0.419765
vt 0.959337 0.419789
vt 0.959677 0.420866
vt 0.959654 0.419364
vt 0.959501 0.419404
vt 0.959614 0.419442
vt 0.959654 0.419364
vt 0.959712 0.419432
vt 0.959501 0.419404
vt 0.959712 0.419432
vt 0.959782 0.419641
vt 0.959501 0.419404
vt 0.959857 0.419969
vt 0.95871 0.420068
vt 0.959782 0.419641
vt 0.95755 0.419827
vt 0.958027 0.419278
vt 0.95871 0.420068
vt 0.955337 0.418368
vt 0.957009 0.41879
vt 0.95755 0.419827
vt 0.954437 0.415454
vt 0.955373 0.4173
vt 0.955337 0.418368
vt 0.955373 0.4173
vt 0.954437 0.415454
vt 0.954664 0.415781
vt 0.955373 0.4173
vt 0.954664 0.415781
vt 0.955778 0.417579
vt 0.955373 0.4173
vt 0.955778 0.417579
vt 0.956292 0.418253
vt 0.955373 0.4173
vt 0.956292 0.418253
vt 0.955337 0.418368
vt 0.956178 0.419014
vt 0.953946 0.414042
vt 0.953668 0.413249
vt 0.953946 0.414042
vt 0.953679 0.413273
vt 0.953668 0.413249
vt 0.953679 0.413273
vt 0.95367 0.413248
vt 0.953668 0.413249
vt 0.95367 0.413248
vt 0.953668 0.413245
vt 0.953668 0.413249
vt 0.953668 0.413245
vt 0.953667 0.413245
vt 0.953668 0.413249
vt 0.953667 0.413245
vt 0.953667 0.413245
vt 0.953668 0.413249
vt 0.953667 0.413247
vt 0.953668 0.413249
vt 0.953667 0.413246
vt 0.957899 0.420531
vt 0.9573 0.4191
vt 0.956178 0.419014
vt 0.958794 0.420852
vt 0.958229 0.419608
vt 0.957899 0.420531
vt 0.959677 0.420866
vt 0.959337 0.419789
vt 0.958794 0.420852
vt 0.954664 0.415781
vt 0.956178 0.419014
vt 0.955778 0.417579
vt 0.955337 0.418368
vt 0.956292 0.418253
vt 0.957009 0.41879
vt 0.9573 0.4191
vt 0.957899 0.420531
vt 0.958229 0.419608
vt 0.9573 0.4191
vt 0.958229 0.419608
vt 0.957009 0.41879
vt 0.9573 0.4191
vt 0.957009 0.41879
vt 0.956637 0.418549
vt 0.9573 0.4191
vt 0.956637 0.418549
vt 0.956178 0.419014
vt 0.958027 0.419278
vt 0.958229 0.419608
vt 0.959266 0.419433
vt 0.958027 0.419278
vt 0.959266 0.419433
vt 0.95871 0.420068
vt 0.959266 0.419433
vt 0.959337 0.419789
vt 0.959614 0.419442
vt 0.959266 0.419433
vt 0.959614 0.419442
vt 0.959501 0.419404
vt 0.959266 0.419433
vt 0.959501 0.419404
vt 0.959782 0.419641
vt 0.959266 0.419433
vt 0.959782 0.419641
vt 0.95871 0.420068
vt 0.959596 0.419657
vt 0.959614 0.419442
vt 0.959337 0.419789
vt 0.958794 0.420852
vt 0.959337 0.419789
vt 0.958229 0.419608
vt 0.958229 0.419608
vt 0.959337 0.419789
vt 0.959266 0.419433
vt 0.957009 0.41879
vt 0.958229 0.419608
vt 0.958027 0.419278
vt 0.957009 0.41879
vt 0.958027 0.419278
vt 0.95755 0.419827
vt 0.956178 0.419014
vt 0.956637 0.418549
vt 0.955778 0.417579
vt 0.955778 0.417579
vt 0.956637 0.418549
vt 0.956292 0.418253
vt 0.954437 0.415454
vt 0.953946 0.414042
vt 0.954664 0.415781
vt 0.957009 0.41879
vt 0.956292 0.418253
vt 0.956637 0.418549
vt 0.953946 0.414042
vt 0.956178 0.419014
vt 0.954664 0.415781
vt 0.953667 0.413246
vt 0.953668 0.413249
vt 0.953667 0.413245
vt 0.959782 0.419641
vt 0.959677 0.420866
vt 0.959857 0.419969
vt 0.959782 0.419641
vt 0.959712 0.419432
vt 0.959677 0.420866
vt 0.959712 0.419432
vt 0.959654 0.419364
vt 0.959677 0.420866
vt 0.959654 0.419364
vt 0.959614 0.419442
vt 0.959677 0.420866
vt 0.959614 0.419442
vt 0.959596 0.419657
vt 0.959677 0.420866
vt 0.959596 0.419657
vt 0.9596 0.419989
vt 0.959677 0.420866
vt 0.9596 0.419989
vt 0.959628 0.420406
vt 0.959677 0.420866
vt 0.960817 0.430198
vt 0.960719 0.429269
vt 0.959677 0.420866
vt 0.960719 0.429269
vt 0.960661 0.428424
vt 0.959677 0.420866
vt 0.960661 0.428424
vt 0.960651 0.427756
vt 0.959677 0.420866
vt 0.960651 0.427756
vt 0.960692 0.427342
vt 0.959677 0.420866
vt 0.959677 0.420866
vt 0.960692 0.427342
vt 0.959857 0.419969
vt 0.960692 0.427342
vt 0.960777 0.427219
vt 0.959857 0.419969
vt 0.960777 0.427219
vt 0.960896 0.427388
vt 0.959857 0.419969
vt 0.960896 0.427388
vt 0.961039 0.42783
vt 0.959857 0.419969
vt 0.963948 0.44256
vt 0.965243 0.447111
vt 0.96119 0.428504
vt 0.963948 0.44256
vt 0.964164 0.443892
vt 0.965243 0.447111
vt 0.965243 0.447111
vt 0.964164 0.443892
vt 0.965347 0.449393
vt 0.965243 0.447111
vt 0.965347 0.449393
vt 0.965427 0.449406
vt 0.965243 0.447111
vt 0.965427 0.449406
vt 0.965456 0.449079
vt 0.965243 0.447111
vt 0.965456 0.449079
vt 0.965429 0.44849
vt 0.965243 0.447111
vt 0.965429 0.44849
vt 0.965352 0.447777
vt 0.964164 0.443892
vt 0.964316 0.445309
vt 0.965347 0.449393
vt 0.964316 0.445309
vt 0.96437 0.44648
vt 0.965347 0.449393
vt 0.964155 0.447104
vt 0.965347 0.449393
vt 0.964311 0.447129
vt 0.965243 0.447111
vt 0.959857 0.419969
vt 0.96119 0.428504
vt 0.959857 0.419969
vt 0.961039 0.42783
vt 0.96119 0.428504
vt 0.964311 0.447129
vt 0.965347 0.449393
vt 0.96437 0.44648
vt 0.955337 0.418368
vt 0.95755 0.419827
vt 0.962647 0.447532
vt 0.95755 0.419827
vt 0.95871 0.420068
vt 0.962647 0.447532
vt 0.95871 0.420068
vt 0.959857 0.419969
vt 0.962647 0.447532
vt 0.959857 0.419969
vt 0.965243 0.447111
vt 0.962647 0.447532
vt 0.966372 0.449227
vt 0.966452 0.449241
vt 0.968293 0.448917
vt 0.968293 0.448917
vt 0.966452 0.449241
vt 0.968296 0.448942
vt 0.966454 0.448324
vt 0.968257 0.448626
vt 0.966481 0.448913
vt 0.968257 0.448626
vt 0.966454 0.448324
vt 0.968186 0.448043
vt 0.966268 0.446945
vt 0.968017 0.446662
vt 0.966377 0.447611
vt 0.968017 0.446662
vt 0.968099 0.447333
vt 0.966377 0.447611
vt 0.968099 0.447333
vt 0.968186 0.448043
vt 0.966377 0.447611
vt 0.966377 0.447611
vt 0.968186 0.448043
vt 0.966454 0.448324
vt 0.968257 0.448626
vt 0.968296 0.448942
vt 0.966481 0.448913
vt 0.966481 0.448913
vt 0.968296 0.448942
vt 0.966452 0.449241
vt 0.966372 0.449227
vt 0.968293 0.448917
vt 0.965155 0.446889
vt 0.967373 0.44139
vt 0.96687 0.442287
vt 0.968293 0.448917
vt 0.968293 0.448917
vt 0.96687 0.442287
vt 0.965155 0.446889
vt 0.96687 0.442287
vt 0.965291 0.443166
vt 0.965155 0.446889
vt 0.960553 0.444098
vt 0.964155 0.447104
vt 0.963007 0.443821
vt 0.964155 0.447104
vt 0.960553 0.444098
vt 0.962635 0.449833
vt 0.964155 0.447104
vt 0.962635 0.449833
vt 0.965347 0.449393
vt 0.957347 0.443363
vt 0.962635 0.449833
vt 0.958506 0.443933
vt 0.964155 0.447104
vt 0.965155 0.446889
vt 0.963007 0.443821
vt 0.963007 0.443821
vt 0.965155 0.446889
vt 0.965291 0.443166
vt 0.958506 0.443933
vt 0.962635 0.449833
vt 0.960553 0.444098
vt 0.962647 0.447532
vt 0.965243 0.447111
vt 0.962774 0.448195
vt 0.965243 0.447111
vt 0.965352 0.447777
vt 0.962774 0.448195
vt 0.965456 0.449079
vt 0.962844 0.448908
vt 0.965429 0.44849
vt 0.962844 0.448908
vt 0.965456 0.449079
vt 0.962841 0.449503
vt 0.965347 0.449393
vt 0.962765 0.449837
vt 0.965427 0.449406
vt 0.965347 0.449393
vt 0.962635 0.449833
vt 0.962765 0.449837
vt 0.962765 0.449837
vt 0.962841 0.449503
vt 0.965427 0.449406
vt 0.965427 0.449406
vt 0.962841 0.449503
vt 0.965456 0.449079
vt 0.962844 0.448908
vt 0.962774 0.448195
vt 0.965429 0.44849
vt 0.965429 0.44849
vt 0.962774 0.448195
vt 0.965352 0.447777
vt 0.961039 0.42783
vt 0.961104 0.42725
vt 0.96119 0.428504
vt 0.961104 0.42725
vt 0.961039 0.42783
vt 0.960995 0.427251
vt 0.961104 0.42725
vt 0.960995 0.427251
vt 0.960864 0.427975
vt 0.960777 0.427219
vt 0.960879 0.427248
vt 0.960896 0.427388
vt 0.960692 0.427342
vt 0.960777 0.427962
vt 0.960777 0.427219
vt 0.960651 0.427756
vt 0.960661 0.428424
vt 0.960692 0.427342
vt 0.960692 0.427342
vt 0.960661 0.428424
vt 0.960777 0.427962
vt 0.960817 0.430198
vt 0.960864 0.427975
vt 0.960719 0.429269
vt 0.961837 0.430092
vt 0.960864 0.427975
vt 0.960817 0.430198
vt 0.961739 0.429165
vt 0.961513 0.427913
vt 0.961837 0.430092
vt 0.961513 0.427913
vt 0.961739 0.429165
vt 0.961579 0.427889
vt 0.961513 0.427913
vt 0.961579 0.427889
vt 0.961749 0.427149
vt 0.961673 0.42766
vt 0.961712 0.427239
vt 0.961682 0.428325
vt 0.961682 0.428325
vt 0.961712 0.427239
vt 0.961579 0.427889
vt 0.961682 0.428325
vt 0.961579 0.427889
vt 0.961739 0.429165
vt 0.961913 0.427261
vt 0.961749 0.427149
vt 0.961795 0.427103
vt 0.961913 0.427261
vt 0.962054 0.427696
vt 0.961749 0.427149
vt 0.961749 0.427149
vt 0.962054 0.427696
vt 0.961659 0.427173
vt 0.961749 0.427149
vt 0.961659 0.427173
vt 0.961513 0.427913
vt 0.96119 0.428504
vt 0.961104 0.42725
vt 0.962205 0.428366
vt 0.960719 0.429269
vt 0.960864 0.427975
vt 0.960777 0.427962
vt 0.960719 0.429269
vt 0.960777 0.427962
vt 0.960661 0.428424
vt 0.962205 0.428366
vt 0.961104 0.42725
vt 0.961659 0.427173
vt 0.962205 0.428366
vt 0.961659 0.427173
vt 0.962054 0.427696
vt 0.961104 0.42725
vt 0.960864 0.427975
vt 0.961513 0.427913
vt 0.960896 0.427388
vt 0.960879 0.427248
vt 0.960995 0.427251
vt 0.960896 0.427388
vt 0.960995 0.427251
vt 0.961039 0.42783
vt 0.960777 0.427962
vt 0.960864 0.427975
vt 0.960777 0.427219
vt 0.960777 0.427219
vt 0.960864 0.427975
vt 0.960879 0.427248
vt 0.960864 0.427975
vt 0.960995 0.427251
vt 0.960879 0.427248
vt 0.961795 0.427103
vt 0.961749 0.427149
vt 0.961579 0.427889
vt 0.961795 0.427103
vt 0.961579 0.427889
vt 0.961712 0.427239
vt 0.961837 0.430092
vt 0.961513 0.427913
vt 0.960864 0.427975
vt 0.961513 0.427913
vt 0.961659 0.427173
vt 0.961104 0.42725
vt 0.96119 0.428504
vt 0.962205 0.428366
vt 0.963948 0.44256
vt 0.962205 0.428366
vt 0.964948 0.442345
vt 0.963948 0.44256
vt 0.964948 0.442345
vt 0.965164 0.443677
vt 0.963948 0.44256
vt 0.963948 0.44256
vt 0.965164 0.443677
vt 0.964164 0.443892
vt 0.96537 0.446265
vt 0.964316 0.445309
vt 0.965316 0.445095
vt 0.965311 0.446914
vt 0.964311 0.447129
vt 0.96537 0.446265
vt 0.965155 0.446889
vt 0.964155 0.447104
vt 0.965311 0.446914
vt 0.964155 0.447104
vt 0.964311 0.447129
vt 0.965311 0.446914
vt 0.964311 0.447129
vt 0.96437 0.44648
vt 0.96537 0.446265
vt 0.96437 0.44648
vt 0.964316 0.445309
vt 0.96537 0.446265
vt 0.964316 0.445309
vt 0.964164 0.443892
vt 0.965316 0.445095
vt 0.965316 0.445095
vt 0.964164 0.443892
vt 0.965164 0.443677
vt 0.960614 0.420024
vt 0.960583 0.419596
vt 0.960663 0.42049
vt 0.960583 0.419596
vt 0.960575 0.419251
vt 0.960663 0.42049
vt 0.960575 0.419251
vt 0.960593 0.419028
vt 0.960663 0.42049
vt 0.960593 0.419028
vt 0.960634 0.418956
vt 0.960663 0.42049
vt 0.960634 0.418956
vt 0.960693 0.419039
vt 0.960663 0.42049
vt 0.960693 0.419039
vt 0.960764 0.41926
vt 0.960663 0.42049
vt 0.960764 0.41926
vt 0.96084 0.419595
vt 0.960663 0.42049
vt 0.966268 0.446945
vt 0.962205 0.428366
vt 0.96084 0.419595
vt 0.966377 0.447611
vt 0.966454 0.448324
vt 0.966268 0.446945
vt 0.966454 0.448324
vt 0.966481 0.448913
vt 0.966268 0.446945
vt 0.966481 0.448913
vt 0.966452 0.449241
vt 0.966268 0.446945
vt 0.966452 0.449241
vt 0.966372 0.449227
vt 0.966268 0.446945
vt 0.965155 0.446889
vt 0.965311 0.446914
vt 0.966372 0.449227
vt 0.965311 0.446914
vt 0.96537 0.446265
vt 0.966372 0.449227
vt 0.96537 0.446265
vt 0.965316 0.445095
vt 0.966372 0.449227
vt 0.965316 0.445095
vt 0.965164 0.443677
vt 0.966372 0.449227
vt 0.966372 0.449227
vt 0.965164 0.443677
vt 0.966268 0.446945
vt 0.965164 0.443677
vt 0.964948 0.442345
vt 0.966268 0.446945
vt 0.962205 0.428366
vt 0.962054 0.427696
vt 0.96084 0.419595
vt 0.962054 0.427696
vt 0.961913 0.427261
vt 0.96084 0.419595
vt 0.961913 0.427261
vt 0.961795 0.427103
vt 0.96084 0.419595
vt 0.961795 0.427103
vt 0.961712 0.427239
vt 0.96084 0.419595
vt 0.96084 0.419595
vt 0.961712 0.427239
vt 0.960663 0.42049
vt 0.961712 0.427239
vt 0.961673 0.42766
vt 0.960663 0.42049
vt 0.961673 0.42766
vt 0.961682 0.428325
vt 0.960663 0.42049
vt 0.961837 0.430092
vt 0.960663 0.42049
vt 0.961739 0.429165
vt 0.961739 0.429165
vt 0.960663 0.42049
vt 0.961682 0.428325
vt 0.962205 0.428366
vt 0.966268 0.446945
vt 0.964948 0.442345
vt 0.968143 0.447695
vt 0.968186 0.448043
vt 0.96808 0.447174
vt 0.968143 0.447695
vt 0.968213 0.448263
vt 0.968186 0.448043
vt 0.968213 0.448263
vt 0.968285 0.448855
vt 0.968186 0.448043
vt 0.968186 0.448043
vt 0.968285 0.448855
vt 0.968257 0.448626
vt 0.967522 0.442616
vt 0.968293 0.448917
vt 0.968556 0.451072
vt 0.967522 0.442616
vt 0.967373 0.44139
vt 0.968293 0.448917
vt 0.968293 0.448917
vt 0.968296 0.448942
vt 0.968556 0.451072
vt 0.968296 0.448942
vt 0.968257 0.448626
vt 0.968556 0.451072
vt 0.968556 0.451072
vt 0.968257 0.448626
vt 0.968285 0.448855
vt 0.968186 0.448043
vt 0.968099 0.447333
vt 0.96808 0.447174
vt 0.968099 0.447333
vt 0.968017 0.446662
vt 0.96808 0.447174
vt 0.96808 0.447174
vt 0.968017 0.446662
vt 0.964256 0.415896
vt 0.963799 0.412155
vt 0.962207 0.399132
vt 0.964143 0.414969
vt 0.963633 0.410797
vt 0.962207 0.399132
vt 0.963799 0.412155
vt 0.963633 0.410797
vt 0.963481 0.409556
vt 0.962207 0.399132
vt 0.963481 0.409556
vt 0.963475 0.409505
vt 0.962207 0.399132
vt 0.963475 0.409505
vt 0.963473 0.409489
vt 0.962207 0.399132
vt 0.963473 0.409489
vt 0.963473 0.409488
vt 0.962207 0.399132
vt 0.963473 0.409488
vt 0.963473 0.409488
vt 0.962207 0.399132
vt 0.963473 0.409488
vt 0.963473 0.409489
vt 0.962207 0.399132
vt 0.963473 0.409489
vt 0.963474 0.409492
vt 0.962207 0.399132
vt 0.962207 0.399132
vt 0.964256 0.415896
vt 0.964143 0.414969
vt 0.964143 0.414969
vt 0.964256 0.415896
vt 0.968017 0.446662
vt 0.962207 0.399132
vt 0.963799 0.412155
vt 0.962207 0.399132
vt 0.960747 0.450841
vt 0.96329 0.450429
vt 0.958885 0.451143
vt 0.96329 0.450429
vt 0.965834 0.450018
vt 0.958885 0.451143
vt 0.968377 0.449606
vt 0.958885 0.451143
vt 0.967695 0.449716
vt 0.968377 0.449606
vt 0.967695 0.449716
vt 0.958885 0.451143
vt 0.967695 0.449716
vt 0.965834 0.450018
vt 0.958885 0.451143
vt 0.965834 0.450018
vt 0.96329 0.450429
vt 0.958885 0.451143
vt 0.96329 0.450429
vt 0.960747 0.450841
vt 0.958885 0.451143
vt 0.958885 0.451143
vt 0.958204 0.451253
vt 0.967695 0.449716
vt 0.958204 0.451253
vt 0.958885 0.451143
vt 0.967695 0.449716
vt 0.967695 0.449716
vt 0.958885 0.451143
vt 0.965834 0.450018
vt 0.971961 0.347017
vt 0.970523 0.345489
vt 0.972223 0.348757
vt 0.972388 0.347861
vt 0.971961 0.347017
vt 0.972223 0.348757
vt 0.971508 0.349474
vt 0.972223 0.348757
vt 0.970523 0.345489
vt 0.970429 0.349828
vt 0.971508 0.349474
vt 0.970523 0.345489
vt 0.969262 0.349727
vt 0.970429 0.349828
vt 0.970523 0.345489
vt 0.96831 0.349197
vt 0.969262 0.349727
vt 0.970523 0.345489
vt 0.966752 0.347741
vt 0.96831 0.349197
vt 0.970523 0.345489
vt 0.961499 0.36187
vt 0.961626 0.361585
vt 0.961095 0.362777
vt 0.965731 0.352366
vt 0.961626 0.361585
vt 0.961499 0.36187
vt 0.966171 0.351377
vt 0.965731 0.352366
vt 0.967131 0.34922
vt 0.966635 0.350334
vt 0.966171 0.351377
vt 0.967131 0.34922
vt 0.967111 0.349265
vt 0.966635 0.350334
vt 0.967131 0.34922
vt 0.967905 0.347482
vt 0.967111 0.349265
vt 0.967131 0.34922
vt 0.967905 0.347482
vt 0.967905 0.347482
vt 0.967131 0.34922
vt 0.967131 0.34922
vt 0.965731 0.352366
vt 0.961499 0.36187
vt 0.961366 0.362168
vt 0.961499 0.36187
vt 0.961095 0.362777
vt 0.961231 0.362471
vt 0.961366 0.362168
vt 0.961095 0.362777
vt 0.95983 0.365619
vt 0.961095 0.362777
vt 0.961626 0.361585
vt 0.95983 0.365619
vt 0.95983 0.365619
vt 0.961626 0.361585
vt 0.960935 0.363136
vt 0.95983 0.365619
vt 0.961626 0.361585
vt 0.961406 0.36208
vt 0.961174 0.362601
vt 0.960935 0.363136
vt 0.961406 0.36208
vt 0.960935 0.363136
vt 0.961626 0.361585
vt 0.967185 0.362918
vt 0.961626 0.361585
vt 0.965731 0.352366
vt 0.970542 0.353519
vt 0.967185 0.362918
vt 0.965731 0.352366
vt 0.960175 0.367703
vt 0.959688 0.366692
vt 0.959688 0.366692
vt 0.960175 0.367703
vt 0.959688 0.366692
vt 0.960175 0.367703
vt 0.962527 0.368766
vt 0.961191 0.368446
vt 0.961191 0.368446
vt 0.962527 0.368766
vt 0.961191 0.368446
vt 0.962527 0.368766
vt 0.96505 0.367976
vt 0.963908 0.368598
vt 0.963908 0.368598
vt 0.96505 0.367976
vt 0.963908 0.368598
vt 0.96505 0.367976
vt 0.965717 0.367029
vt 0.965717 0.367029
vt 0.96505 0.367976
vt 0.965717 0.367029
vt 0.96505 0.367976
vt 0.96505 0.367976
vt 0.962527 0.368766
vt 0.963908 0.368598
vt 0.963908 0.368598
vt 0.963908 0.368598
vt 0.962527 0.368766
vt 0.962527 0.368766
vt 0.960175 0.367703
vt 0.961191 0.368446
vt 0.961191 0.368446
vt 0.961191 0.368446
vt 0.960175 0.367703
vt 0.960175 0.367703
vt 0.95983 0.365619
vt 0.959688 0.366692
vt 0.959688 0.366692
vt 0.95983 0.365619
vt 0.959688 0.366692
vt 0.95983 0.365619
vt 0.967082 0.363208
vt 0.971687 0.350312
vt 0.967131 0.34922
vt 0.961499 0.36187
vt 0.967082 0.363208
vt 0.967131 0.34922
vt 0.971771 0.34684
vt 0.971771 0.34684
vt 0.972335 0.347634
vt 0.968556 0.346729
vt 0.968556 0.346729
vt 0.969602 0.34632
vt 0.969602 0.34632
vt 0.968556 0.346729
vt 0.969602 0.34632
vt 0.970774 0.34636
vt 0.969602 0.34632
vt 0.969602 0.34632
vt 0.972335 0.347634
vt 0.971771 0.34684
vt 0.972335 0.347634
vt 0.97232 0.34854
vt 0.97232 0.34854
vt 0.972335 0.347634
vt 0.97232 0.34854
vt 0.972335 0.347634
vt 0.972335 0.347634
vt 0.970774 0.34636
vt 0.971771 0.34684
vt 0.971771 0.34684
vt 0.970774 0.34636
vt 0.970774 0.34636
vt 0.971771 0.34684
vt 0.970774 0.34636
vt 0.970774 0.34636
vt 0.969602 0.34632
vt 0.967905 0.347482
vt 0.968556 0.346729
vt 0.968556 0.346729
vt 0.967905 0.347482
vt 0.967905 0.347482
vt 0.968556 0.346729
vt 0.968556 0.346729
vt 0.967905 0.347482
vt 0.971687 0.350312
vt 0.969602 0.34632
vt 0.968556 0.346729
vt 0.971687 0.350312
vt 0.970774 0.34636
vt 0.969602 0.34632
vt 0.971687 0.350312
vt 0.971771 0.34684
vt 0.970774 0.34636
vt 0.971687 0.350312
vt 0.97232 0.34854
vt 0.972335 0.347634
vt 0.971771 0.34684
vt 0.97232 0.34854
vt 0.971771 0.34684
vt 0.971687 0.350312
vt 0.967131 0.34922
vt 0.971687 0.350312
vt 0.967905 0.347482
vt 0.96505 0.367976
vt 0.965717 0.367029
vt 0.961095 0.362777
vt 0.963908 0.368598
vt 0.96505 0.367976
vt 0.961095 0.362777
vt 0.962527 0.368766
vt 0.963908 0.368598
vt 0.961095 0.362777
vt 0.961191 0.368446
vt 0.962527 0.368766
vt 0.961095 0.362777
vt 0.960175 0.367703
vt 0.961191 0.368446
vt 0.95983 0.365619
vt 0.959688 0.366692
vt 0.960175 0.367703
vt 0.95983 0.365619
vt 0.95983 0.365619
vt 0.961191 0.368446
vt 0.961095 0.362777
vt 0.966752 0.364132
vt 0.961095 0.362777
vt 0.965717 0.367029
vt 0.966973 0.363512
vt 0.961231 0.362471
vt 0.966863 0.36382
vt 0.961366 0.362168
vt 0.961231 0.362471
vt 0.966973 0.363512
vt 0.961499 0.36187
vt 0.961366 0.362168
vt 0.966973 0.363512
vt 0.967082 0.363208
vt 0.961499 0.36187
vt 0.966973 0.363512
vt 0.966752 0.364132
vt 0.966863 0.36382
vt 0.961231 0.362471
vt 0.961095 0.362777
vt 0.966752 0.364132
vt 0.961231 0.362471
vt 0.966973 0.363512
vt 0.966752 0.364132
vt 0.967082 0.363208
vt 0.97232 0.34854
vt 0.971687 0.350312
vt 0.971671 0.350358
vt 0.966863 0.36382
vt 0.966752 0.364132
vt 0.966973 0.363512
vt 0.967185 0.362918
vt 0.965717 0.367029
vt 0.966621 0.364498
vt 0.967185 0.362918
vt 0.965717 0.367029
vt 0.965717 0.367029
vt 0.967185 0.362918
vt 0.966752 0.364132
vt 0.965717 0.367029
vt 0.967185 0.362918
vt 0.967082 0.363208
vt 0.966752 0.364132
vt 0.97232 0.34854
vt 0.971687 0.350312
vt 0.97232 0.34854
vt 0.971282 0.351448
vt 0.971671 0.350358
vt 0.971687 0.350312
vt 0.970902 0.352511
vt 0.971282 0.351448
vt 0.971687 0.350312
vt 0.970542 0.353519
vt 0.970902 0.352511
vt 0.971687 0.350312
vt 0.967082 0.363208
vt 0.970542 0.353519
vt 0.971687 0.350312
vt 0.970542 0.353519
vt 0.967082 0.363208
vt 0.967185 0.362918
vt 0.967005 0.363422
vt 0.967185 0.362918
vt 0.966621 0.364498
vt 0.966816 0.363953
vt 0.967005 0.363422
vt 0.966621 0.364498
vt 0.95983 0.365619
vt 0.960935 0.363136
vt 0.960175 0.367703
vt 0.959688 0.366692
vt 0.95983 0.365619
vt 0.960175 0.367703
vt 0.961191 0.368446
vt 0.960175 0.367703
vt 0.960935 0.363136
vt 0.962527 0.368766
vt 0.961191 0.368446
vt 0.960935 0.363136
vt 0.963908 0.368598
vt 0.962527 0.368766
vt 0.960935 0.363136
vt 0.96505 0.367976
vt 0.963908 0.368598
vt 0.960935 0.363136
vt 0.965717 0.367029
vt 0.96505 0.367976
vt 0.960935 0.363136
vt 0.966621 0.364498
vt 0.965717 0.367029
vt 0.960935 0.363136
vt 0.966816 0.363953
vt 0.961406 0.36208
vt 0.967005 0.363422
vt 0.961174 0.362601
vt 0.961406 0.36208
vt 0.966816 0.363953
vt 0.960935 0.363136
vt 0.961174 0.362601
vt 0.966816 0.363953
vt 0.966621 0.364498
vt 0.960935 0.363136
vt 0.966816 0.363953
vt 0.961626 0.361585
vt 0.967005 0.363422
vt 0.961406 0.36208
vt 0.967185 0.362918
vt 0.967005 0.363422
vt 0.961626 0.361585
vt 0.97232 0.34854
vt 0.971671 0.350358
vt 0.971771 0.34684
vt 0.972335 0.347634
vt 0.97232 0.34854
vt 0.971771 0.34684
vt 0.970774 0.34636
vt 0.971771 0.34684
vt 0.971671 0.350358
vt 0.969602 0.34632
vt 0.970774 0.34636
vt 0.971671 0.350358
vt 0.968556 0.346729
vt 0.969602 0.34632
vt 0.971671 0.350358
vt 0.967905 0.347482
vt 0.968556 0.346729
vt 0.971671 0.350358
vt 0.967111 0.349265
vt 0.967905 0.347482
vt 0.971671 0.350358
vt 0.966635 0.350334
vt 0.970902 0.352511
vt 0.966171 0.351377
vt 0.971282 0.351448
vt 0.970902 0.352511
vt 0.966635 0.350334
vt 0.967111 0.349265
vt 0.971671 0.350358
vt 0.971282 0.351448
vt 0.967111 0.349265
vt 0.971282 0.351448
vt 0.966635 0.350334
vt 0.970542 0.353519
vt 0.966171 0.351377
vt 0.970902 0.352511
vt 0.965731 0.352366
vt 0.966171 0.351377
vt 0.970542 0.353519
vt 0.955742 0.337449
vt 0.95599 0.337682
vt 0.95495 0.336709
vt 0.964043 0.345209
vt 0.95599 0.337682
vt 0.955742 0.337449
vt 0.964907 0.346017
vt 0.964043 0.345209
vt 0.966791 0.347777
vt 0.965818 0.346868
vt 0.964907 0.346017
vt 0.966791 0.347777
vt 0.966752 0.347741
vt 0.965818 0.346868
vt 0.966791 0.347777
vt 0.96831 0.349197
vt 0.966752 0.347741
vt 0.966791 0.347777
vt 0.96831 0.349197
vt 0.96831 0.349197
vt 0.966791 0.347777
vt 0.966791 0.347777
vt 0.964043 0.345209
vt 0.955742 0.337449
vt 0.955481 0.337206
vt 0.955742 0.337449
vt 0.95495 0.336709
vt 0.955217 0.336958
vt 0.955481 0.337206
vt 0.95495 0.336709
vt 0.952467 0.334388
vt 0.95495 0.336709
vt 0.95599 0.337682
vt 0.952467 0.334388
vt 0.952467 0.334388
vt 0.95599 0.337682
vt 0.954636 0.336416
vt 0.952467 0.334388
vt 0.95599 0.337682
vt 0.955558 0.337278
vt 0.955103 0.336852
vt 0.954636 0.336416
vt 0.955558 0.337278
vt 0.954636 0.336416
vt 0.95599 0.337682
vt 0.960588 0.334936
vt 0.95599 0.337682
vt 0.964043 0.345209
vt 0.968023 0.342833
vt 0.960588 0.334936
vt 0.964043 0.345209
vt 0.951838 0.332343
vt 0.951844 0.333422
vt 0.951844 0.333422
vt 0.951838 0.332343
vt 0.951844 0.333422
vt 0.951838 0.332343
vt 0.953556 0.330714
vt 0.952451 0.331374
vt 0.952451 0.331374
vt 0.953556 0.330714
vt 0.952451 0.331374
vt 0.953556 0.330714
vt 0.954926 0.3305
vt 0.953556 0.330714
vt 0.953556 0.330714
vt 0.956279 0.330774
vt 0.956279 0.330774
vt 0.954926 0.3305
vt 0.957336 0.331481
vt 0.956279 0.330774
vt 0.956279 0.330774
vt 0.957336 0.331481
vt 0.957336 0.331481
vt 0.956279 0.330774
vt 0.954926 0.3305
vt 0.954926 0.3305
vt 0.956279 0.330774
vt 0.954926 0.3305
vt 0.954926 0.3305
vt 0.953556 0.330714
vt 0.951838 0.332343
vt 0.952451 0.331374
vt 0.952451 0.331374
vt 0.952451 0.331374
vt 0.951838 0.332343
vt 0.951838 0.332343
vt 0.952467 0.334388
vt 0.951844 0.333422
vt 0.951844 0.333422
vt 0.952467 0.334388
vt 0.951844 0.333422
vt 0.952467 0.334388
vt 0.960359 0.334692
vt 0.970559 0.345527
vt 0.966791 0.347777
vt 0.955742 0.337449
vt 0.960359 0.334692
vt 0.966791 0.347777
vt 0.969262 0.349727
vt 0.96831 0.349197
vt 0.969262 0.349727
vt 0.970429 0.349828
vt 0.969262 0.349727
vt 0.969262 0.349727
vt 0.971508 0.349474
vt 0.971508 0.349474
vt 0.970429 0.349828
vt 0.972223 0.348757
vt 0.971508 0.349474
vt 0.971508 0.349474
vt 0.972388 0.347861
vt 0.972388 0.347861
vt 0.972223 0.348757
vt 0.971961 0.347017
vt 0.972388 0.347861
vt 0.972388 0.347861
vt 0.971961 0.347017
vt 0.971961 0.347017
vt 0.972388 0.347861
vt 0.972223 0.348757
vt 0.972223 0.348757
vt 0.972388 0.347861
vt 0.972223 0.348757
vt 0.972223 0.348757
vt 0.971508 0.349474
vt 0.970429 0.349828
vt 0.970429 0.349828
vt 0.971508 0.349474
vt 0.970429 0.349828
vt 0.970429 0.349828
vt 0.969262 0.349727
vt 0.96831 0.349197
vt 0.96831 0.349197
vt 0.969262 0.349727
vt 0.969262 0.349727
vt 0.96831 0.349197
vt 0.970559 0.345527
vt 0.970429 0.349828
vt 0.969262 0.349727
vt 0.970559 0.345527
vt 0.971508 0.349474
vt 0.970429 0.349828
vt 0.970559 0.345527
vt 0.972223 0.348757
vt 0.971508 0.349474
vt 0.970559 0.345527
vt 0.971961 0.347017
vt 0.972388 0.347861
vt 0.972223 0.348757
vt 0.971961 0.347017
vt 0.972223 0.348757
vt 0.970559 0.345527
vt 0.966791 0.347777
vt 0.970559 0.345527
vt 0.96831 0.349197
vt 0.956279 0.330774
vt 0.957336 0.331481
vt 0.95495 0.336709
vt 0.954926 0.3305
vt 0.956279 0.330774
vt 0.95495 0.336709
vt 0.953556 0.330714
vt 0.954926 0.3305
vt 0.95495 0.336709
vt 0.952451 0.331374
vt 0.953556 0.330714
vt 0.95495 0.336709
vt 0.951838 0.332343
vt 0.952451 0.331374
vt 0.952467 0.334388
vt 0.951844 0.333422
vt 0.951838 0.332343
vt 0.952467 0.334388
vt 0.952467 0.334388
vt 0.952451 0.331374
vt 0.95495 0.336709
vt 0.959628 0.333915
vt 0.95495 0.336709
vt 0.957336 0.331481
vt 0.960119 0.334437
vt 0.955217 0.336958
vt 0.959874 0.334177
vt 0.955481 0.337206
vt 0.955217 0.336958
vt 0.960119 0.334437
vt 0.960359 0.334692
vt 0.955742 0.337449
vt 0.955481 0.337206
vt 0.960359 0.334692
vt 0.955481 0.337206
vt 0.960119 0.334437
vt 0.95495 0.336709
vt 0.959874 0.334177
vt 0.955217 0.336958
vt 0.959628 0.333915
vt 0.959874 0.334177
vt 0.95495 0.336709
vt 0.960119 0.334437
vt 0.959628 0.333915
vt 0.960359 0.334692
vt 0.971961 0.347017
vt 0.970559 0.345527
vt 0.970523 0.345489
vt 0.959874 0.334177
vt 0.959628 0.333915
vt 0.960119 0.334437
vt 0.960588 0.334936
vt 0.957336 0.331481
vt 0.959338 0.333608
vt 0.960588 0.334936
vt 0.957336 0.331481
vt 0.957336 0.331481
vt 0.960588 0.334936
vt 0.959628 0.333915
vt 0.957336 0.331481
vt 0.960588 0.334936
vt 0.960359 0.334692
vt 0.959628 0.333915
vt 0.971961 0.347017
vt 0.970559 0.345527
vt 0.971961 0.347017
vt 0.969661 0.344573
vt 0.970523 0.345489
vt 0.970559 0.345527
vt 0.96882 0.34368
vt 0.969661 0.344573
vt 0.970559 0.345527
vt 0.968023 0.342833
vt 0.96882 0.34368
vt 0.970559 0.345527
vt 0.960359 0.334692
vt 0.968023 0.342833
vt 0.970559 0.345527
vt 0.968023 0.342833
vt 0.960359 0.334692
vt 0.960588 0.334936
vt 0.96019 0.334512
vt 0.960588 0.334936
vt 0.959338 0.333608
vt 0.959769 0.334066
vt 0.96019 0.334512
vt 0.959338 0.333608
vt 0.952467 0.334388
vt 0.954636 0.336416
vt 0.951838 0.332343
vt 0.951844 0.333422
vt 0.952467 0.334388
vt 0.951838 0.332343
vt 0.952451 0.331374
vt 0.951838 0.332343
vt 0.954636 0.336416
vt 0.953556 0.330714
vt 0.952451 0.331374
vt 0.954636 0.336416
vt 0.954926 0.3305
vt 0.953556 0.330714
vt 0.954636 0.336416
vt 0.956279 0.330774
vt 0.954926 0.3305
vt 0.954636 0.336416
vt 0.957336 0.331481
vt 0.956279 0.330774
vt 0.954636 0.336416
vt 0.959338 0.333608
vt 0.957336 0.331481
vt 0.954636 0.336416
vt 0.959769 0.334066
vt 0.955558 0.337278
vt 0.96019 0.334512
vt 0.955103 0.336852
vt 0.955558 0.337278
vt 0.959769 0.334066
vt 0.959338 0.333608
vt 0.954636 0.336416
vt 0.955103 0.336852
vt 0.959338 0.333608
vt 0.955103 0.336852
vt 0.959769 0.334066
vt 0.95599 0.337682
vt 0.96019 0.334512
vt 0.955558 0.337278
vt 0.960588 0.334936
vt 0.96019 0.334512
vt 0.95599 0.337682
vt 0.965818 0.346868
vt 0.96882 0.34368
vt 0.964907 0.346017
vt 0.969661 0.344573
vt 0.96882 0.34368
vt 0.965818 0.346868
vt 0.966752 0.347741
vt 0.970523 0.345489
vt 0.969661 0.344573
vt 0.966752 0.347741
vt 0.969661 0.344573
vt 0.965818 0.346868
vt 0.968023 0.342833
vt 0.964907 0.346017
vt 0.96882 0.34368
vt 0.964043 0.345209
vt 0.964907 0.346017
vt 0.968023 0.342833
vt 0.961223 0.370791
vt 0.959317 0.369899
vt 0.96164 0.371924
vt 0.959317 0.369899
vt 0.961223 0.370791
vt 0.960373 0.370049
vt 0.961511 0.373146
vt 0.96164 0.371924
vt 0.959317 0.369899
vt 0.959893 0.374609
vt 0.959317 0.369899
vt 0.953561 0.370831
vt 0.959893 0.374609
vt 0.961511 0.373146
vt 0.959317 0.369899
vt 0.960872 0.374128
vt 0.961511 0.373146
vt 0.959893 0.374609
vt 0.954136 0.375541
vt 0.959893 0.374609
vt 0.953561 0.370831
vt 0.959893 0.374609
vt 0.959317 0.369899
vt 0.961511 0.373146
vt 0.953561 0.370831
vt 0.959317 0.369899
vt 0.959893 0.374609
vt 0.954136 0.375541
vt 0.953561 0.370831
vt 0.959893 0.374609
vt 0.960872 0.374128
vt 0.959893 0.374609
vt 0.961511 0.373146
vt 0.96164 0.371924
vt 0.961511 0.373146
vt 0.959317 0.369899
vt 0.961223 0.370791
vt 0.96164 0.371924
vt 0.959317 0.369899
vt 0.960373 0.370049
vt 0.961223 0.370791
vt 0.959317 0.369899
vt 0.959893 0.374609
vt 0.959893 0.374609
vt 0.954136 0.375541
vt 0.954136 0.375541
vt 0.959893 0.374609
vt 0.954136 0.375541
vt 0.954136 0.375541
vt 0.954136 0.375541
vt 0.953561 0.370831
vt 0.953561 0.370831
vt 0.954136 0.375541
vt 0.953561 0.370831
vt 0.953561 0.370831
vt 0.953561 0.370831
vt 0.959317 0.369899
vt 0.959317 0.369899
vt 0.953561 0.370831
vt 0.959317 0.369899
vt 0.960872 0.374128
vt 0.960872 0.374128
vt 0.959893 0.374609
vt 0.961511 0.373146
vt 0.960872 0.374128
vt 0.960872 0.374128
vt 0.96164 0.371924
vt 0.96164 0.371924
vt 0.961511 0.373146
vt 0.961223 0.370791
vt 0.96164 0.371924
vt 0.96164 0.371924
vt 0.960373 0.370049
vt 0.960373 0.370049
vt 0.961223 0.370791
vt 0.959317 0.369899
vt 0.960373 0.370049
vt 0.960373 0.370049
vt 0.959317 0.369899
vt 0.959317 0.369899
vt 0.960373 0.370049
vt 0.961223 0.370791
vt 0.961223 0.370791
vt 0.960373 0.370049
vt 0.961223 0.370791
vt 0.961223 0.370791
vt 0.96164 0.371924
vt 0.961511 0.373146
vt 0.961511 0.373146
vt 0.96164 0.371924
vt 0.961511 0.373146
vt 0.961511 0.373146
vt 0.960872 0.374128
vt 0.959893 0.374609
vt 0.959893 0.374609
vt 0.960872 0.374128
vt 0.951751 0.332137
vt 0.958733 0.389258
vt 0.957523 0.389454
vt 0.946024 0.333064
vt 0.953006 0.390185
vt 0.952563 0.390257
vt 0.950541 0.332333
vt 0.948888 0.3326
vt 0.95587 0.389721
vt 0.951751 0.332137
vt 0.957523 0.389454
vt 0.958733 0.389258
vt 0.952194 0.332065
vt 0.951751 0.332137
vt 0.958733 0.389258
vt 0.950541 0.332333
vt 0.951751 0.332137
vt 0.957523 0.389454
vt 0.948888 0.3326
vt 0.950541 0.332333
vt 0.95587 0.389721
vt 0.947235 0.332868
vt 0.948888 0.3326
vt 0.95587 0.389721
vt 0.945581 0.333136
vt 0.946024 0.333064
vt 0.952563 0.390257
vt 0.946024 0.333064
vt 0.945581 0.333136
vt 0.952563 0.390257
vt 0.954217 0.389989
vt 0.947235 0.332868
vt 0.953006 0.390185
vt 0.948888 0.3326
vt 0.947235 0.332868
vt 0.954217 0.389989
vt 0.95587 0.389721
vt 0.948888 0.3326
vt 0.954217 0.389989
vt 0.946024 0.333064
vt 0.953006 0.390185
vt 0.947235 0.332868
vt 0.953006 0.390185
vt 0.946024 0.333064
vt 0.952563 0.390257
vt 0.954217 0.389989
vt 0.953006 0.390185
vt 0.946024 0.333064
vt 0.947235 0.332868
vt 0.954217 0.389989
vt 0.946024 0.333064
vt 0.954217 0.389989
vt 0.947235 0.332868
vt 0.95587 0.389721
vt 0.95587 0.389721
vt 0.950541 0.332333
vt 0.957523 0.389454
vt 0.959176 0.389186
vt 0.958733 0.389258
vt 0.951751 0.332137
vt 0.952194 0.332065
vt 0.959176 0.389186
vt 0.951751 0.332137
vt 0.959176 0.389186
vt 0.952194 0.332065
vt 0.958733 0.389258
vt 0.950541 0.332333
vt 0.957523 0.389454
vt 0.951751 0.332137
vt 0.957523 0.389454
vt 0.950541 0.332333
vt 0.95587 0.389721
g ACUTATOR
f 6/1 10/2 11/3
f 2/4 1/5 9/6
f 10/7 2/8 9/9
f 7/10 10/11 6/12
f 3/13 7/14 8/15
f 4/16 3/17 8/18
f 5/19 4/20 8/21
f 8/22 7/23 6/24
f 12/25 10/26 9/27
f 12/28 11/29 10/30
f 22/31 23/32 18/33
f 14/34 13/35 21/36
f 15/37 14/38 21/39
f 22/40 15/41 21/42
f 16/43 22/44 18/45
f 17/46 16/47 18/48
f 19/49 17/50 18/51
f 20/52 19/53 18/54
f 24/55 22/56 21/57
f 24/58 23/59 22/60
f 46/61 25/62 28/63
f 47/64 25/65 46/66
f 42/67 45/68 48/69
f 43/70 45/71 42/72
f 38/73 41/74 44/75
f 39/76 41/77 38/78
f 34/79 37/80 40/81
f 35/82 37/83 34/84
f 30/85 33/86 36/87
f 31/88 33/89 30/90
f 26/91 29/92 32/93
f 27/94 29/95 26/96
f 27/97 28/98 25/99
f 28/100 27/101 26/102
f 31/103 32/104 29/105
f 32/106 31/107 30/108
f 35/109 36/110 33/111
f 36/112 35/113 34/114
f 39/115 40/116 37/117
f 40/118 39/119 38/120
f 43/121 44/122 41/123
f 44/124 43/125 42/126
f 47/127 48/128 45/129
f 48/130 47/131 46/132
f 51/133 58/134 59/135
f 49/136 58/137 51/138
f 52/139 49/140 51/141
f 53/142 50/143 52/144
f 53/145 52/146 51/147
f 60/148 55/149 54/150
f 60/151 56/152 55/153
f 60/154 57/155 56/156
f 60/157 58/158 57/159
f 60/160 59/161 58/162
f 61/163 70/164 65/165
f 63/166 61/167 65/168
f 64/169 62/170 63/171
f 64/172 63/173 65/174
f 71/175 65/176 70/177
f 66/178 71/179 72/180
f 67/181 66/182 72/183
f 68/184 67/185 72/186
f 69/187 68/188 72/189
f 72/190 71/191 70/192
f 94/193 73/194 76/195
f 95/196 73/197 94/198
f 93/199 96/200 90/201
f 91/202 93/203 90/204
f 86/205 89/206 92/207
f 87/208 89/209 86/210
f 82/211 85/212 88/213
f 83/214 85/215 82/216
f 78/217 81/218 84/219
f 79/220 81/221 78/222
f 74/223 77/224 80/225
f 75/226 77/227 74/228
f 75/229 76/230 73/231
f 76/232 75/233 74/234
f 79/235 80/236 77/237
f 80/238 79/239 78/240
f 83/241 84/242 81/243
f 84/244 83/245 82/246
f 87/247 88/248 85/249
f 88/250 87/251 86/252
f 91/253 92/254 89/255
f 92/256 91/257 90/258
f 95/259 96/260 93/261
f 96/262 95/263 94/264
g AXLE
f 97/265 101/266 99/267
f 102/268 105/269 107/270
f 103/271 105/272 102/273
f 101/274 97/275 98/276
f 100/277 99/278 101/279
f 104/280 100/281 101/282
f 103/283 104/284 101/285
f 104/286 103/287 102/288
f 106/289 107/290 105/291
f 108/292 107/293 106/294
f 113/295 118/296 116/297
f 109/298 118/299 113/300
f 114/301 109/302 113/303
f 110/304 114/305 115/306
f 111/307 110/308 115/309
f 112/310 111/311 115/312
f 115/313 114/314 113/315
f 117/316 116/317 118/318
f 119/319 117/320 118/321
f 120/322 119/323 118/324
f 152/325 123/326 121/327
f 124/328 121/329 123/330
f 153/331 123/332 152/333
f 145/334 148/335 149/336
f 146/337 148/338 145/339
f 140/340 143/341 144/342
f 141/343 143/344 140/345
f 135/346 138/347 139/348
f 136/349 138/350 135/351
f 130/352 133/353 134/354
f 131/355 133/356 130/357
f 125/358 128/359 129/360
f 126/361 128/362 125/363
f 122/364 152/365 121/366
f 126/367 124/368 123/369
f 127/370 124/371 126/372
f 127/373 126/374 125/375
f 131/376 129/377 128/378
f 132/379 129/380 131/381
f 132/382 131/383 130/384
f 136/385 134/386 133/387
f 137/388 134/389 136/390
f 137/391 136/392 135/393
f 141/394 139/395 138/396
f 142/397 139/398 141/399
f 142/400 141/401 140/402
f 146/403 144/404 143/405
f 147/406 144/407 146/408
f 147/409 146/410 145/411
f 153/412 149/413 148/414
f 150/415 149/416 153/417
f 151/418 150/419 153/420
f 154/421 151/422 153/423
f 154/424 153/425 152/426
f 156/427 155/428 164/429
f 165/430 156/431 164/432
f 158/433 161/434 162/435
f 157/436 161/437 158/438
f 159/439 157/440 158/441
f 160/442 159/443 158/444
f 165/445 162/446 161/447
f 163/448 162/449 165/450
f 166/451 163/452 165/453
f 166/454 165/455 164/456
f 182/457 181/458 178/459
f 195/460 198/461 199/462
f 204/463 203/464 200/465
f 193/466 189/467 190/468
f 171/469 220/470 221/471
f 192/472 189/473 193/474
f 170/475 220/476 171/477
f 196/478 198/479 195/480
f 186/481 193/482 190/483
f 179/484 182/485 178/486
f 173/487 176/488 177/489
f 174/490 176/491 173/492
f 217/493 171/494 221/495
f 201/496 204/497 200/498
f 167/499 226/500 225/501
f 223/502 167/503 225/504
f 219/505 222/506 224/507
f 168/508 222/509 219/510
f 169/511 168/512 219/513
f 220/514 169/515 219/516
f 172/517 170/518 171/519
f 174/520 172/521 171/522
f 175/523 172/524 174/525
f 175/526 174/527 173/528
f 179/529 177/530 176/531
f 180/532 177/533 179/534
f 180/535 179/536 178/537
f 183/538 181/539 182/540
f 187/541 182/542 186/543
f 187/544 183/545 182/546
f 184/547 183/548 187/549
f 185/550 184/551 187/552
f 187/553 186/554 190/555
f 191/556 188/557 190/558
f 191/559 190/560 189/561
f 194/562 192/563 193/564
f 196/565 194/566 193/567
f 197/568 194/569 196/570
f 197/571 196/572 195/573
f 201/574 199/575 198/576
f 202/577 199/578 201/579
f 202/580 201/581 200/582
f 215/583 203/584 204/585
f 218/586 204/587 217/588
f 218/589 215/590 204/591
f 205/592 215/593 216/594
f 206/595 205/596 216/597
f 213/598 206/599 216/600
f 209/601 212/602 214/603
f 207/604 212/605 209/606
f 210/607 207/608 209/609
f 211/610 208/611 210/612
f 211/613 210/614 209/615
f 213/616 214/617 212/618
f 214/619 213/620 216/621
f 216/622 215/623 218/624
f 218/625 217/626 221/627
f 221/628 220/629 219/630
f 223/631 224/632 222/633
f 224/634 223/635 225/636
f 227/637 225/638 226/639
f 228/640 227/641 226/642
f 240/643 260/644 234/645
f 262/646 236/647 261/648
f 254/649 257/650 259/651
f 229/652 257/653 254/654
f 255/655 229/656 254/657
f 250/658 253/659 256/660
f 230/661 253/662 250/663
f 251/664 230/665 250/666
f 246/667 249/668 252/669
f 231/670 249/671 246/672
f 247/673 231/674 246/675
f 242/676 245/677 248/678
f 232/679 245/680 242/681
f 243/682 232/683 242/684
f 239/685 241/686 244/687
f 233/688 241/689 239/690
f 240/691 233/692 239/693
f 261/694 234/695 260/696
f 235/697 234/698 261/699
f 237/700 236/701 262/702
f 238/703 237/704 262/705
f 258/706 238/707 262/708
f 260/709 240/710 239/711
f 243/712 244/713 241/714
f 244/715 243/716 242/717
f 247/718 248/719 245/720
f 248/721 247/722 246/723
f 251/724 252/725 249/726
f 252/727 251/728 250/729
f 255/730 256/731 253/732
f 256/733 255/734 254/735
f 258/736 259/737 257/738
f 259/739 258/740 262/741
f 262/742 261/743 260/744
f 263/745 269/746 265/747
f 264/748 269/749 263/750
f 266/751 265/752 269/753
f 270/754 266/755 269/756
f 272/757 268/758 267/759
f 272/760 269/761 268/762
f 272/763 270/764 269/765
f 271/766 270/767 272/768
f 273/769 271/770 272/771
f 274/772 273/773 272/774
f 284/775 285/776 278/777
f 275/778 284/779 278/780
f 276/781 275/782 278/783
f 277/784 276/785 278/786
f 279/787 278/788 285/789
f 280/790 279/791 285/792
f 281/793 280/794 285/795
f 282/796 281/797 285/798
f 283/799 282/800 285/801
f 286/802 285/803 284/804
f 294/805 297/806 299/807
f 287/808 297/809 294/810
f 295/811 287/812 294/813
f 290/814 293/815 296/816
f 291/817 293/818 290/819
f 288/820 291/821 292/822
f 289/823 288/824 292/825
f 292/826 291/827 290/828
f 295/829 296/830 293/831
f 296/832 295/833 294/834
f 298/835 299/836 297/837
f 300/838 299/839 298/840
f 302/841 305/842 307/843
f 301/844 305/845 302/846
f 303/847 301/848 302/849
f 304/850 303/851 302/852
f 306/853 307/854 305/855
f 308/856 307/857 306/858
f 317/859 311/860 309/861
f 310/862 317/863 309/864
f 319/865 311/866 317/867
f 318/868 313/869 312/870
f 318/871 314/872 313/873
f 318/874 315/875 314/876
f 318/877 316/878 315/879
f 318/880 317/881 316/882
f 318/883 319/884 317/885
f 320/886 319/887 318/888
g D_STRUCT.L
f 322/889 321/890 323/891
f 324/892 322/893 323/894
f 325/895 324/896 323/897
f 326/898 328/899 329/900
f 327/901 326/902 329/903
f 330/904 329/905 328/906
f 339/907 338/908 335/909
f 336/910 339/911 335/912
f 331/913 334/914 337/915
f 332/916 334/917 331/918
f 333/919 332/920 331/921
f 336/922 337/923 334/924
f 337/925 336/926 335/927
f 341/928 338/929 339/930
f 340/931 341/932 339/933
f 342/934 341/935 340/936
f 343/937 347/938 348/939
f 345/940 343/941 348/942
f 346/943 344/944 345/945
f 346/946 345/947 348/948
f 349/949 348/950 347/951
f 350/952 354/953 352/954
f 351/955 350/956 352/957
f 353/958 352/959 354/960
f 355/961 353/962 354/963
f 356/964 355/965 354/966
f 358/967 357/968 359/969
f 360/970 358/971 359/972
f 361/973 360/974 359/975
f 362/976 364/977 365/978
f 363/979 362/980 365/981
f 366/982 365/983 364/984
f 367/985 370/986 371/987
f 368/988 370/989 367/990
f 372/991 370/992 369/993
f 372/994 371/995 370/996
f 373/997 371/998 372/999
f 374/1000 373/1001 372/1002
f 387/1003 391/1004 393/1005
f 408/1006 386/1007 389/1008
f 408/1009 409/1010 379/1011
f 406/1012 379/1013 409/1014
f 405/1015 380/1016 404/1017
f 401/1018 383/1019 400/1020
f 394/1021 375/1022 396/1023
f 399/1024 396/1025 375/1026
f 398/1027 383/1028 401/1029
f 398/1030 399/1031 375/1032
f 376/1033 375/1034 394/1035
f 392/1036 376/1037 394/1038
f 377/1039 391/1040 387/1041
f 388/1042 377/1043 387/1044
f 378/1045 386/1046 408/1047
f 378/1048 408/1049 379/1050
f 404/1051 379/1052 406/1053
f 402/1054 380/1055 405/1056
f 381/1057 380/1058 402/1059
f 382/1060 402/1061 403/1062
f 400/1063 382/1064 403/1065
f 384/1066 400/1067 383/1068
f 388/1069 386/1070 385/1071
f 388/1072 389/1073 386/1074
f 389/1075 388/1076 387/1077
f 392/1078 391/1079 390/1080
f 392/1081 393/1082 391/1083
f 393/1084 392/1085 394/1086
f 395/1087 394/1088 396/1089
f 397/1090 396/1091 399/1092
f 399/1093 398/1094 401/1095
f 401/1096 400/1097 403/1098
f 403/1099 402/1100 405/1101
f 405/1102 404/1103 406/1104
f 407/1105 406/1106 409/1107
f 410/1108 409/1109 408/1110
f 417/1111 413/1112 416/1113
f 411/1114 416/1115 413/1116
f 412/1117 411/1118 413/1119
f 414/1120 413/1121 417/1122
f 418/1123 415/1124 417/1125
f 418/1126 417/1127 416/1128
f 421/1129 419/1130 420/1131
f 422/1132 421/1133 420/1134
f 425/1135 423/1136 424/1137
f 426/1138 425/1139 424/1140
f 427/1141 429/1142 430/1143
f 428/1144 429/1145 427/1146
f 431/1147 430/1148 429/1149
f 432/1150 430/1151 431/1152
f 433/1153 432/1154 431/1155
f 436/1156 434/1157 435/1158
f 437/1159 436/1160 435/1161
f 438/1162 440/1163 441/1164
f 439/1165 440/1166 438/1167
f 442/1168 441/1169 440/1170
f 443/1171 441/1172 442/1173
f 444/1174 443/1175 442/1176
g D_STRUCT.U
f 446/1177 445/1178 449/1179
f 447/1180 446/1181 449/1182
f 448/1183 447/1184 449/1185
f 450/1186 448/1187 449/1188
f 451/1189 450/1190 449/1191
f 459/1192 462/1193 464/1194
f 452/1195 462/1196 459/1197
f 460/1198 452/1199 459/1200
f 455/1201 458/1202 461/1203
f 456/1204 458/1205 455/1206
f 453/1207 456/1208 457/1209
f 454/1210 453/1211 457/1212
f 457/1213 456/1214 455/1215
f 460/1216 461/1217 458/1218
f 461/1219 460/1220 459/1221
f 463/1222 464/1223 462/1224
f 465/1225 464/1226 463/1227
f 468/1228 472/1229 471/1230
f 466/1231 475/1232 476/1233
f 473/1234 466/1235 476/1236
f 469/1237 472/1238 468/1239
f 470/1240 467/1241 469/1242
f 470/1243 469/1244 468/1245
f 474/1246 471/1247 472/1248
f 473/1249 474/1250 472/1251
f 474/1252 473/1253 476/1254
f 477/1255 476/1256 475/1257
f 485/1258 484/1259 481/1260
f 486/1261 489/1262 490/1263
f 487/1264 489/1265 486/1266
f 482/1267 485/1268 481/1269
f 478/1270 480/1271 483/1272
f 479/1273 480/1274 478/1275
f 482/1276 483/1277 480/1278
f 483/1279 482/1280 481/1281
f 488/1282 484/1283 485/1284
f 487/1285 488/1286 485/1287
f 488/1288 487/1289 486/1290
f 491/1291 490/1292 489/1293
f 501/1294 502/1295 496/1296
f 492/1297 495/1298 494/1299
f 493/1300 495/1301 492/1302
f 499/1303 494/1304 495/1305
f 498/1306 499/1307 495/1308
f 497/1309 501/1310 496/1311
f 503/1312 499/1313 498/1314
f 503/1315 500/1316 499/1317
f 503/1318 501/1319 500/1320
f 503/1321 502/1322 501/1323
f 506/1324 504/1325 505/1326
f 507/1327 506/1328 505/1329
f 509/1330 512/1331 514/1332
f 510/1333 512/1334 509/1335
f 511/1336 508/1337 510/1338
f 511/1339 510/1340 509/1341
f 513/1342 514/1343 512/1344
f 515/1345 514/1346 513/1347
f 516/1348 522/1349 521/1350
f 517/1351 516/1352 521/1353
f 519/1354 517/1355 521/1356
f 520/1357 518/1358 519/1359
f 520/1360 519/1361 521/1362
f 523/1363 521/1364 522/1365
f 524/1366 523/1367 522/1368
f 525/1369 529/1370 530/1371
f 526/1372 525/1373 530/1374
f 527/1375 526/1376 530/1377
f 528/1378 527/1379 530/1380
f 531/1381 530/1382 529/1383
f 534/1384 532/1385 533/1386
f 535/1387 534/1388 533/1389
f 541/1390 542/1391 538/1392
f 539/1393 541/1394 538/1395
f 536/1396 539/1397 540/1398
f 537/1399 536/1400 540/1401
f 540/1402 539/1403 538/1404
f 543/1405 542/1406 541/1407
f 549/1408 547/1409 544/1410
f 545/1411 549/1412 544/1413
f 546/1414 545/1415 544/1416
f 548/1417 547/1418 549/1419
f 551/1420 548/1421 549/1422
f 550/1423 551/1424 549/1425
f 552/1426 551/1427 550/1428
g FITTING
f 553/1429 554/1430 555/1431
f 554/1432 556/1433 555/1434
f 557/1435 558/1436 559/1437
f 557/1438 560/1439 558/1440
f 561/1441 562/1442 560/1443
f 562/1444 563/1445 560/1446
f 563/1447 564/1448 560/1449
f 564/1450 558/1451 560/1452
f 558/1453 555/1454 559/1455
f 559/1456 555/1457 556/1458
f 565/1459 566/1460 567/1461
f 565/1462 567/1463 568/1464
f 566/1465 569/1466 567/1467
f 569/1468 570/1469 567/1470
f 570/1471 571/1472 567/1473
f 572/1474 573/1475 574/1476
f 572/1477 575/1478 573/1479
f 575/1480 576/1481 573/1482
f 573/1483 567/1484 574/1485
f 574/1486 567/1487 571/1488
f 577/1489 578/1490 579/1491
f 578/1492 577/1493 580/1494
f 581/1495 582/1496 583/1497
f 582/1498 581/1499 584/1500
f 585/1501 586/1502 587/1503
f 586/1504 585/1505 588/1506
f 589/1507 590/1508 591/1509
f 590/1510 589/1511 592/1512
f 593/1513 594/1514 595/1515
f 594/1516 593/1517 596/1518
f 593/1519 597/1520 596/1521
f 579/1522 598/1523 599/1524
f 578/1525 598/1526 579/1527
f 598/1528 596/1529 599/1530
f 594/1531 592/1532 595/1533
f 595/1534 592/1535 589/1536
f 590/1537 588/1538 591/1539
f 591/1540 588/1541 585/1542
f 586/1543 584/1544 587/1545
f 587/1546 584/1547 581/1548
f 582/1549 600/1550 583/1551
f 600/1552 580/1553 583/1554
f 583/1555 580/1556 577/1557
f 596/1558 597/1559 599/1560
f 601/1561 602/1562 603/1563
f 602/1564 601/1565 604/1566
f 605/1567 606/1568 607/1569
f 606/1570 605/1571 608/1572
f 605/1573 609/1574 608/1575
f 610/1576 611/1577 612/1578
f 611/1579 610/1580 613/1581
f 610/1582 614/1583 613/1584
f 615/1585 616/1586 617/1587
f 618/1588 619/1589 615/1590
f 619/1591 618/1592 620/1593
f 603/1594 621/1595 622/1596
f 621/1597 620/1598 622/1599
f 622/1600 620/1601 618/1602
f 619/1603 623/1604 615/1605
f 623/1606 616/1607 615/1608
f 616/1609 613/1610 617/1611
f 611/1612 624/1613 612/1614
f 624/1615 608/1616 612/1617
f 606/1618 604/1619 607/1620
f 607/1621 604/1622 601/1623
f 602/1624 621/1625 603/1626
f 613/1627 614/1628 617/1629
f 608/1630 609/1631 612/1632
f 625/1633 626/1634 627/1635
f 626/1636 625/1637 628/1638
f 625/1639 629/1640 628/1641
f 630/1642 631/1643 632/1644
f 633/1645 634/1646 630/1647
f 634/1648 633/1649 635/1650
f 633/1651 636/1652 635/1653
f 637/1654 638/1655 639/1656
f 638/1657 637/1658 640/1659
f 641/1660 642/1661 643/1662
f 642/1663 641/1664 644/1665
f 641/1666 645/1667 644/1668
f 626/1669 646/1670 627/1671
f 642/1672 640/1673 643/1674
f 643/1675 640/1676 637/1677
f 638/1678 647/1679 639/1680
f 647/1681 635/1682 639/1683
f 634/1684 648/1685 630/1686
f 648/1687 631/1688 630/1689
f 631/1690 628/1691 632/1692
f 635/1693 636/1694 639/1695
f 645/1696 627/1697 644/1698
f 627/1699 646/1700 644/1701
f 628/1702 629/1703 632/1704
f 649/1705 650/1706 651/1707
f 652/1708 653/1709 650/1710
f 654/1711 655/1712 652/1713
f 656/1714 657/1715 654/1716
f 657/1717 655/1718 654/1719
f 655/1720 658/1721 652/1722
f 658/1723 653/1724 652/1725
f 653/1726 659/1727 650/1728
f 659/1729 651/1730 650/1731
f 660/1732 661/1733 662/1734
f 662/1735 661/1736 663/1737
f 664/1738 665/1739 666/1740
f 665/1741 664/1742 667/1743
f 664/1744 668/1745 667/1746
f 669/1747 670/1748 671/1749
f 669/1750 672/1751 670/1752
f 670/1753 667/1754 671/1755
f 665/1756 673/1757 666/1758
f 673/1759 663/1760 666/1761
f 666/1762 663/1763 661/1764
f 667/1765 668/1766 671/1767
f 674/1768 675/1769 676/1770
f 674/1771 676/1772 677/1773
f 674/1774 677/1775 678/1776
f 680/1777 681/1778 677/1779
f 681/1780 678/1781 677/1782
f 676/1783 675/1784 679/1785
f 682/1786 683/1787 684/1788
f 683/1789 685/1790 684/1791
f 686/1792 687/1793 688/1794
f 687/1795 689/1796 688/1797
f 689/1798 690/1799 688/1800
f 688/1801 690/1802 691/1803
f 690/1804 692/1805 691/1806
f 693/1807 694/1808 695/1809
f 693/1810 696/1811 694/1812
f 694/1813 691/1814 695/1815
f 695/1816 691/1817 692/1818
f 699/1819 700/1820 701/1821
f 700/1822 699/1823 702/1824
f 700/1825 702/1826 703/1827
f 699/1828 704/1829 702/1830
f 706/1831 705/1832 707/1833
f 708/1834 709/1835 710/1836
f 708/1837 711/1838 709/1839
f 712/1840 713/1841 711/1842
f 714/1843 715/1844 713/1845
f 716/1846 717/1847 714/1848
f 714/1849 717/1850 718/1851
f 714/1852 718/1853 715/1854
f 719/1855 720/1856 721/1857
f 724/1858 725/1859 722/1860
f 726/1861 727/1862 725/1863
f 727/1864 726/1865 728/1866
f 729/1867 730/1868 731/1869
f 732/1870 733/1871 730/1872
f 734/1873 735/1874 732/1875
f 732/1876 735/1877 736/1878
f 732/1879 736/1880 733/1881
f 735/1882 737/1883 736/1884
f 738/1885 739/1886 740/1887
f 739/1888 738/1889 741/1890
f 706/1891 702/1892 705/1893
f 702/1894 742/1895 703/1896
f 703/1897 742/1898 743/1899
f 744/1900 745/1901 746/1902
f 745/1903 744/1904 747/1905
f 748/1906 749/1907 750/1908
f 749/1909 748/1910 723/1911
f 751/1912 722/1913 752/1914
f 722/1915 751/1916 719/1917
f 720/1918 718/1919 721/1920
f 715/1921 709/1922 713/1923
f 709/1924 707/1925 710/1926
f 710/1927 707/1928 705/1929
f 753/1930 723/1931 754/1932
f 723/1933 753/1934 755/1935
f 756/1936 757/1937 758/1938
f 757/1939 756/1940 759/1941
f 760/1942 761/1943 762/1944
f 761/1945 760/1946 763/1947
f 698/1948 741/1949 697/1950
f 697/1951 741/1952 738/1953
f 739/1954 736/1955 740/1956
f 733/1957 728/1958 730/1959
f 727/1960 764/1961 725/1962
f 725/1963 764/1964 722/1965
f 745/1966 743/1967 746/1968
f 746/1969 743/1970 742/1971
f 701/1972 700/1973 698/1974
f 701/1975 698/1976 697/1977
f 761/1978 759/1979 762/1980
f 762/1981 759/1982 756/1983
f 757/1984 755/1985 758/1986
f 758/1987 755/1988 753/1989
f 749/1990 747/1991 750/1992
f 750/1993 747/1994 744/1995
f 764/1996 754/1997 722/1998
f 722/1999 754/2000 723/2001
f 726/2002 731/2003 728/2004
f 740/2005 736/2006 737/2007
f 721/2008 718/2009 717/2010
f 748/2011 752/2012 723/2013
f 720/2014 719/2015 751/2016
f 700/2017 763/2018 698/2019
f 698/2020 763/2021 760/2022
f 702/2023 704/2024 705/2025
f 709/2026 711/2027 713/2028
f 723/2029 752/2030 722/2031
f 728/2032 731/2033 730/2034
f 766/2035 767/2036 768/2037
f 769/2038 770/2039 767/2040
f 771/2041 772/2042 769/2043
f 771/2044 773/2045 772/2046
f 773/2047 774/2048 772/2049
f 774/2050 775/2051 772/2052
f 776/2053 777/2054 775/2055
f 776/2056 778/2057 777/2058
f 777/2059 779/2060 775/2061
f 779/2062 780/2063 775/2064
f 780/2065 772/2066 775/2067
f 772/2068 781/2069 769/2070
f 781/2071 770/2072 769/2073
f 770/2074 782/2075 767/2076
f 782/2077 783/2078 767/2079
f 767/2080 783/2081 768/2082
f 784/2083 785/2084 765/2085
f 785/2086 786/2087 765/2088
f 786/2089 787/2090 765/2091
f 787/2092 788/2093 765/2094
f 788/2095 789/2096 765/2097
f 789/2098 790/2099 765/2100
f 790/2101 791/2102 765/2103
f 783/2104 784/2105 768/2106
f 765/2107 768/2108 784/2109
f 792/2110 793/2111 794/2112
f 793/2113 795/2114 794/2115
f 794/2116 795/2117 796/2118
f 794/2119 796/2120 797/2121
f 794/2122 797/2123 798/2124
f 799/2125 801/2126 800/2127
f 801/2128 814/2129 797/2130
f 801/2131 797/2132 796/2133
f 801/2134 796/2135 800/2136
f 802/2137 804/2138 803/2139
f 804/2140 805/2141 801/2142
f 804/2143 801/2144 803/2145
f 806/2146 807/2147 808/2148
f 809/2149 810/2150 806/2151
f 811/2152 812/2153 810/2154
f 812/2155 811/2156 805/2157
f 812/2158 805/2159 804/2160
f 812/2161 804/2162 807/2163
f 812/2164 807/2165 810/2166
f 798/2167 814/2168 813/2169
f 797/2170 814/2171 798/2172
f 795/2173 800/2174 796/2175
f 803/2176 801/2177 799/2178
f 813/2179 814/2180 805/2181
f 805/2182 814/2183 801/2184
f 813/2185 805/2186 811/2187
f 808/2188 807/2189 804/2190
f 808/2191 804/2192 802/2193
f 806/2194 810/2195 807/2196
f 815/2197 816/2198 817/2199
f 818/2200 819/2201 820/2202
f 821/2203 822/2204 818/2205
f 822/2206 819/2207 818/2208
f 819/2209 817/2210 820/2211
f 820/2212 817/2213 816/2214
f 823/2215 824/2216 825/2217
f 824/2218 826/2219 825/2220
f 827/2221 828/2222 829/2223
f 830/2224 831/2225 827/2226
f 831/2227 828/2228 827/2229
f 828/2230 832/2231 829/2232
f 832/2233 833/2234 829/2235
f 833/2236 834/2237 829/2238
f 834/2239 835/2240 829/2241
f 836/2242 837/2243 838/2244
f 839/2245 840/2246 837/2247
f 840/2248 838/2249 837/2250
f 841/2251 842/2252 843/2253
f 841/2254 843/2255 844/2256
f 841/2257 844/2258 845/2259
f 846/2260 847/2261 848/2262
f 847/2263 846/2264 849/2265
f 847/2266 849/2267 850/2268
f 847/2269 850/2270 851/2271
f 847/2272 851/2273 843/2274
f 847/2275 843/2276 848/2277
f 846/2278 852/2279 849/2280
f 851/2281 850/2282 853/2283
f 851/2284 853/2285 854/2286
f 851/2287 854/2288 855/2289
f 851/2290 855/2291 856/2292
f 851/2293 856/2294 843/2295
f 850/2296 857/2297 853/2298
f 855/2299 858/2300 856/2301
f 858/2302 859/2303 856/2304
f 860/2305 874/2306 859/2307
f 861/2308 862/2309 860/2310
f 863/2311 845/2312 864/2313
f 863/2314 864/2315 861/2316
f 863/2317 866/2318 865/2319
f 866/2320 867/2321 865/2322
f 867/2323 868/2324 865/2325
f 868/2326 869/2327 865/2328
f 869/2329 870/2330 865/2331
f 870/2332 871/2333 865/2334
f 865/2335 845/2336 863/2337
f 842/2338 848/2339 843/2340
f 872/2341 843/2342 856/2343
f 872/2344 856/2345 859/2346
f 864/2347 845/2348 873/2349
f 864/2350 873/2351 874/2352
f 864/2353 874/2354 862/2355
f 864/2356 862/2357 861/2358
f 862/2359 874/2360 860/2361
f 843/2362 872/2363 844/2364
f 873/2365 845/2366 844/2367
f 873/2368 844/2369 874/2370
f 859/2371 874/2372 875/2373
f 859/2374 875/2375 872/2376
f 844/2377 872/2378 875/2379
f 844/2380 875/2381 874/2382
f 852/2383 850/2384 849/2385
f 857/2386 854/2387 853/2388
f 876/2389 877/2390 878/2391
f 879/2392 878/2393 880/2394
f 880/2395 878/2396 877/2397
f 881/2398 882/2399 883/2400
f 884/2401 885/2402 882/2403
f 884/2404 886/2405 885/2406
f 886/2407 887/2408 885/2409
f 888/2410 889/2411 887/2412
f 888/2413 890/2414 889/2415
f 889/2416 890/2417 891/2418
f 889/2419 891/2420 892/2421
f 889/2422 892/2423 887/2424
f 893/2425 894/2426 895/2427
f 896/2428 915/2429 894/2430
f 897/2431 898/2432 896/2433
f 899/2434 910/2435 897/2436
f 900/2437 901/2438 899/2439
f 901/2440 902/2441 899/2442
f 902/2443 903/2444 899/2445
f 903/2446 904/2447 899/2448
f 904/2449 905/2450 899/2451
f 905/2452 906/2453 899/2454
f 906/2455 910/2456 899/2457
f 897/2458 910/2459 907/2460
f 897/2461 907/2462 898/2463
f 908/2464 909/2465 910/2466
f 911/2467 912/2468 908/2469
f 883/2470 914/2471 911/2472
f 912/2473 898/2474 913/2475
f 912/2476 913/2477 908/2478
f 894/2479 915/2480 895/2481
f 914/2482 883/2483 892/2484
f 914/2485 892/2486 915/2487
f 882/2488 885/2489 892/2490
f 882/2491 892/2492 883/2493
f 885/2494 887/2495 892/2496
f 911/2497 914/2498 912/2499
f 915/2500 892/2501 891/2502
f 915/2503 891/2504 895/2505
f 914/2506 915/2507 912/2508
f 898/2509 912/2510 915/2511
f 898/2512 915/2513 896/2514
f 907/2515 909/2516 898/2517
f 908/2518 913/2519 909/2520
f 909/2521 913/2522 898/2523
f 910/2524 909/2525 907/2526
f 891/2527 890/2528 895/2529
f 916/2530 917/2531 918/2532
f 917/2533 919/2534 918/2535
f 919/2536 920/2537 918/2538
f 920/2539 921/2540 918/2541
f 921/2542 922/2543 918/2544
f 922/2545 923/2546 918/2547
f 923/2548 924/2549 918/2550
f 925/2551 926/2552 924/2553
f 927/2554 928/2555 925/2556
f 928/2557 929/2558 925/2559
f 929/2560 930/2561 925/2562
f 930/2563 931/2564 925/2565
f 932/2566 933/2567 931/2568
f 933/2569 934/2570 931/2571
f 934/2572 935/2573 931/2574
f 935/2575 936/2576 931/2577
f 931/2578 936/2579 925/2580
f 936/2581 937/2582 925/2583
f 926/2584 938/2585 924/2586
f 938/2587 939/2588 924/2589
f 939/2590 940/2591 924/2592
f 940/2593 941/2594 924/2595
f 924/2596 941/2597 918/2598
f 941/2599 942/2600 918/2601
f 942/2602 943/2603 918/2604
f 944/2605 918/2606 945/2607
f 945/2608 918/2609 943/2610
f 926/2611 925/2612 937/2613
f 946/2614 947/2615 948/2616
f 947/2617 949/2618 948/2619
f 950/2620 948/2621 951/2622
f 948/2623 949/2624 951/2625
f 952/2626 953/2627 954/2628
f 955/2629 956/2630 953/2631
f 956/2632 955/2633 957/2634
f 958/2635 959/2636 960/2637
f 961/2638 962/2639 958/2640
f 962/2641 959/2642 958/2643
f 959/2644 957/2645 960/2646
f 960/2647 957/2648 955/2649
f 956/2650 963/2651 953/2652
f 963/2653 954/2654 953/2655
f 964/2656 965/2657 966/2658
f 967/2659 968/2660 965/2661
f 969/2662 970/2663 967/2664
f 971/2665 972/2666 970/2667
f 972/2668 973/2669 970/2670
f 970/2671 973/2672 967/2673
f 968/2674 974/2675 965/2676
f 974/2677 975/2678 965/2679
f 976/2680 966/2681 975/2682
f 965/2683 975/2684 966/2685
f 968/2686 967/2687 973/2688
f 977/2689 978/2690 979/2691
f 980/2692 981/2693 982/2694
f 981/2695 980/2696 983/2697
f 984/2698 985/2699 986/2700
f 984/2701 987/2702 985/2703
f 987/2704 988/2705 985/2706
f 985/2707 983/2708 986/2709
f 986/2710 983/2711 980/2712
f 981/2713 979/2714 982/2715
f 979/2716 978/2717 982/2718
f 989/2719 990/2720 991/2721
f 990/2722 989/2723 992/2724
f 990/2725 992/2726 993/2727
f 990/2728 993/2729 994/2730
f 990/2731 994/2732 995/2733
f 990/2734 995/2735 991/2736
f 996/2737 997/2738 998/2739
f 998/2740 997/2741 992/2742
f 998/2743 992/2744 989/2745
f 995/2746 994/2747 999/2748
f 1000/2749 1001/2750 1002/2751
f 1003/2752 1001/2753 1000/2754
f 1004/2755 1005/2756 1003/2757
f 1004/2758 1006/2759 1005/2760
f 1005/2761 1006/2762 1007/2763
f 1005/2764 1007/2765 1008/2766
f 1009/2767 1010/2768 1011/2769
f 1009/2770 1012/2771 1010/2772
f 1012/2773 1013/2774 1010/2775
f 1013/2776 1014/2777 1010/2778
f 1010/2779 1014/2780 1008/2781
f 1010/2782 1008/2783 1011/2784
f 991/2785 995/2786 1015/2787
f 1015/2788 995/2789 1008/2790
f 1015/2791 1008/2792 1014/2793
f 997/2794 993/2795 992/2796
f 1002/2797 1001/2798 999/2799
f 1002/2800 999/2801 994/2802
f 1001/2803 995/2804 999/2805
f 1003/2806 1005/2807 1001/2808
f 1011/2809 1008/2810 1007/2811
f 1011/2812 1007/2813 1006/2814
f 1001/2815 1005/2816 995/2817
f 995/2818 1005/2819 1008/2820
f 1016/2821 1017/2822 1018/2823
f 1017/2824 1019/2825 1018/2826
f 1020/2827 1021/2828 1022/2829
f 1022/2830 1021/2831 1023/2832
f 1024/2833 1025/2834 1026/2835
f 1025/2836 1024/2837 1027/2838
f 1028/2839 1029/2840 1030/2841
f 1029/2842 1027/2843 1030/2844
f 1030/2845 1027/2846 1024/2847
f 1025/2848 1031/2849 1026/2850
f 1031/2851 1023/2852 1026/2853
f 1026/2854 1023/2855 1021/2856
f 1032/2857 1033/2858 1034/2859
f 1032/2860 1035/2861 1033/2862
f 1035/2863 1036/2864 1033/2865
f 1036/2866 1037/2867 1033/2868
f 1037/2869 1038/2870 1033/2871
f 1038/2872 1039/2873 1033/2874
f 1039/2875 1040/2876 1033/2877
f 1041/2878 1042/2879 1033/2880
f 1042/2881 1043/2882 1033/2883
f 1043/2884 1044/2885 1033/2886
f 1044/2887 1045/2888 1033/2889
f 1033/2890 1045/2891 1034/2892
f 1045/2893 1046/2894 1034/2895
f 1046/2896 1047/2897 1034/2898
f 1047/2899 1048/2900 1034/2901
f 1049/2902 1050/2903 1051/2904
f 1049/2905 1052/2906 1050/2907
f 1050/2908 1052/2909 1053/2910
f 1050/2911 1053/2912 1054/2913
f 1050/2914 1054/2915 1055/2916
f 1050/2917 1055/2918 1056/2919
f 1050/2920 1056/2921 1057/2922
f 1052/2923 1058/2924 1053/2925
f 1058/2926 1059/2927 1053/2928
f 1060/2929 1053/2930 1061/2931
f 1050/2932 1034/2933 1051/2934
f 1034/2935 1048/2936 1051/2937
f 1061/2938 1053/2939 1059/2940
f 1062/2941 1063/2942 1064/2943
f 1062/2944 1065/2945 1063/2946
f 1065/2947 1066/2948 1063/2949
f 1067/2950 1068/2951 1066/2952
f 1068/2953 1067/2954 1069/2955
f 1071/2956 1070/2957 1072/2958
f 1071/2959 1072/2960 1069/2961
f 1071/2962 1069/2963 1067/2964
f 1073/2965 1074/2966 1070/2967
f 1074/2968 1075/2969 1070/2970
f 1075/2971 1076/2972 1070/2973
f 1076/2974 1077/2975 1070/2976
f 1077/2977 1078/2978 1070/2979
f 1078/2980 1079/2981 1070/2982
f 1079/2983 1072/2984 1070/2985
f 1068/2986 1080/2987 1066/2988
f 1080/2989 1063/2990 1066/2991
f 1063/2992 1081/2993 1064/2994
f 1064/2995 1081/2996 1082/2997
f 1081/2998 1083/2999 1082/3000
f 1084/3001 1085/3002 1086/3003
f 1085/3004 1082/3005 1086/3006
f 1082/3007 1083/3008 1086/3009
f 1087/3010 1088/3011 1089/3012
f 1088/3013 1090/3014 1089/3015
f 1089/3016 1090/3017 1091/3018
f 1090/3019 1092/3020 1091/3021
f 1092/3022 1093/3023 1091/3024
f 1093/3025 1094/3026 1091/3027
f 1095/3028 1096/3029 1097/3030
f 1095/3031 1098/3032 1096/3033
f 1096/3034 1091/3035 1097/3036
f 1097/3037 1091/3038 1094/3039
f 1099/3040 1100/3041 1101/3042
f 1101/3043 1100/3044 1102/3045
f 1103/3046 1104/3047 1105/3048
f 1103/3049 1106/3050 1104/3051
f 1104/3052 1102/3053 1105/3054
f 1105/3055 1102/3056 1100/3057
f 1109/3058 1110/3059 1108/3060
f 1110/3061 1111/3062 1108/3063
f 1111/3064 1112/3065 1108/3066
f 1112/3067 1113/3068 1108/3069
f 1113/3070 1114/3071 1108/3072
f 1114/3073 1115/3074 1108/3075
f 1115/3076 1116/3077 1108/3078
f 1108/3079 1116/3080 1107/3081
f 1107/3082 1117/3083 1118/3084
f 1107/3085 1118/3086 1119/3087
f 1117/3088 1120/3089 1118/3090
f 1121/3091 1122/3092 1123/3093
f 1121/3094 1124/3095 1122/3096
f 1125/3097 1126/3098 1124/3099
f 1125/3100 1127/3101 1126/3102
f 1127/3103 1128/3104 1126/3105
f 1129/3106 1130/3107 1128/3108
f 1130/3109 1126/3110 1128/3111
f 1126/3112 1131/3113 1124/3114
f 1131/3115 1132/3116 1124/3117
f 1132/3118 1133/3119 1124/3120
f 1133/3121 1122/3122 1124/3123
f 1122/3124 1118/3125 1123/3126
f 1117/3127 1107/3128 1116/3129
f 1123/3130 1118/3131 1120/3132
f 1134/3133 1135/3134 1136/3135
f 1135/3136 1137/3137 1136/3138
f 1138/3139 1139/3140 1140/3141
f 1141/3142 1142/3143 1138/3144
f 1142/3145 1143/3146 1138/3147
f 1143/3148 1144/3149 1138/3150
f 1144/3151 1139/3152 1138/3153
f 1139/3154 1145/3155 1140/3156
f 1145/3157 1146/3158 1140/3159
f 1147/3160 1148/3161 1149/3162
f 1150/3163 1151/3164 1148/3165
f 1152/3166 1164/3167 1150/3168
f 1153/3169 1156/3170 1152/3171
f 1154/3172 1155/3173 1153/3174
f 1155/3175 1154/3176 1159/3177
f 1155/3178 1159/3179 1156/3180
f 1155/3181 1156/3182 1153/3183
f 1154/3184 1157/3185 1159/3186
f 1158/3187 1159/3188 1160/3189
f 1161/3190 1162/3191 1163/3192
f 1162/3193 1164/3194 1156/3195
f 1162/3196 1156/3197 1159/3198
f 1162/3199 1159/3200 1163/3201
f 1161/3202 1165/3203 1162/3204
f 1166/3205 1167/3206 1168/3207
f 1167/3208 1151/3209 1169/3210
f 1167/3211 1169/3212 1162/3213
f 1167/3214 1162/3215 1168/3216
f 1156/3217 1164/3218 1152/3219
f 1151/3220 1150/3221 1169/3222
f 1149/3223 1148/3224 1167/3225
f 1149/3226 1167/3227 1166/3228
f 1148/3229 1151/3230 1167/3231
f 1164/3232 1162/3233 1169/3234
f 1164/3235 1169/3236 1150/3237
f 1165/3238 1168/3239 1162/3240
f 1158/3241 1163/3242 1159/3243
f 1157/3244 1160/3245 1159/3246
f 1170/3247 1171/3248 1172/3249
f 1171/3250 1173/3251 1172/3252
f 1173/3253 1174/3254 1172/3255
f 1175/3256 1176/3257 1177/3258
f 1176/3259 1178/3260 1177/3261
f 1177/3262 1178/3263 1179/3264
f 1178/3265 1180/3266 1179/3267
f 1180/3268 1181/3269 1179/3270
f 1181/3271 1182/3272 1179/3273
f 1183/3274 1184/3275 1185/3276
f 1183/3277 1186/3278 1184/3279
f 1184/3280 1179/3281 1185/3282
f 1185/3283 1179/3284 1182/3285
f 1187/3286 1188/3287 1189/3288
f 1187/3289 1190/3290 1188/3291
f 1188/3292 1190/3293 1191/3294
f 1188/3295 1191/3296 1192/3297
f 1188/3298 1192/3299 1193/3300
f 1190/3301 1194/3302 1191/3303
f 1193/3304 1192/3305 1195/3306
f 1193/3307 1195/3308 1196/3309
f 1193/3310 1196/3311 1197/3312
f 1193/3313 1197/3314 1198/3315
f 1192/3316 1199/3317 1195/3318
f 1197/3319 1200/3320 1198/3321
f 1201/3322 1209/3323 1198/3324
f 1202/3325 1210/3326 1201/3327
f 1203/3328 1204/3329 1202/3330
f 1204/3331 1205/3332 1202/3333
f 1205/3334 1206/3335 1202/3336
f 1206/3337 1207/3338 1202/3339
f 1207/3340 1210/3341 1202/3342
f 1201/3343 1210/3344 1208/3345
f 1201/3346 1208/3347 1209/3348
f 1211/3349 1212/3350 1213/3351
f 1214/3352 1215/3353 1211/3354
f 1189/3355 1188/3356 1214/3357
f 1215/3358 1218/3359 1209/3360
f 1215/3361 1209/3362 1216/3363
f 1215/3364 1216/3365 1211/3366
f 1194/3367 1192/3368 1191/3369
f 1188/3370 1193/3371 1217/3372
f 1188/3373 1217/3374 1214/3375
f 1218/3376 1198/3377 1209/3378
f 1215/3379 1214/3380 1217/3381
f 1215/3382 1217/3383 1218/3384
f 1217/3385 1193/3386 1218/3387
f 1198/3388 1218/3389 1193/3390
f 1216/3391 1209/3392 1212/3393
f 1216/3394 1212/3395 1211/3396
f 1210/3397 1213/3398 1208/3399
f 1213/3400 1212/3401 1208/3402
f 1208/3403 1212/3404 1209/3405
f 1199/3406 1196/3407 1195/3408
f 1219/3409 1220/3410 1221/3411
f 1220/3412 1222/3413 1221/3414
f 1222/3415 1223/3416 1221/3417
f 1224/3418 1225/3419 1226/3420
f 1224/3421 1227/3422 1225/3423
f 1227/3424 1228/3425 1225/3426
f 1225/3427 1228/3428 1229/3429
f 1225/3430 1229/3431 1226/3432
f 1230/3433 1231/3434 1232/3435
f 1230/3436 1233/3437 1231/3438
f 1233/3439 1234/3440 1231/3441
f 1235/3442 1236/3443 1234/3444
f 1237/3445 1259/3446 1236/3447
f 1238/3448 1239/3449 1237/3450
f 1240/3451 1241/3452 1238/3453
f 1241/3454 1240/3455 1242/3456
f 1241/3457 1242/3458 1243/3459
f 1241/3460 1243/3461 1244/3462
f 1241/3463 1244/3464 1238/3465
f 1245/3466 1246/3467 1247/3468
f 1246/3469 1248/3470 1247/3471
f 1248/3472 1249/3473 1247/3474
f 1249/3475 1250/3476 1247/3477
f 1250/3478 1251/3479 1247/3480
f 1251/3481 1252/3482 1247/3483
f 1253/3484 1247/3485 1254/3486
f 1255/3487 1256/3488 1245/3489
f 1257/3490 1260/3491 1255/3492
f 1226/3493 1229/3494 1257/3495
f 1242/3496 1245/3497 1243/3498
f 1238/3499 1244/3500 1239/3501
f 1256/3502 1255/3503 1260/3504
f 1256/3505 1260/3506 1239/3507
f 1256/3508 1239/3509 1258/3510
f 1256/3511 1258/3512 1245/3513
f 1259/3514 1260/3515 1261/3516
f 1259/3517 1261/3518 1236/3519
f 1261/3520 1229/3521 1232/3522
f 1261/3523 1232/3524 1231/3525
f 1261/3526 1231/3527 1234/3528
f 1261/3529 1234/3530 1236/3531
f 1228/3532 1232/3533 1229/3534
f 1257/3535 1229/3536 1260/3537
f 1260/3538 1229/3539 1261/3540
f 1239/3541 1260/3542 1259/3543
f 1239/3544 1259/3545 1237/3546
f 1245/3547 1258/3548 1243/3549
f 1243/3550 1258/3551 1244/3552
f 1240/3553 1246/3554 1242/3555
f 1239/3556 1244/3557 1258/3558
f 1246/3559 1245/3560 1242/3561
f 1254/3562 1247/3563 1252/3564
f 1262/3565 1263/3566 1264/3567
f 1262/3568 1265/3569 1263/3570
f 1265/3571 1266/3572 1263/3573
f 1266/3574 1267/3575 1263/3576
f 1267/3577 1268/3578 1263/3579
f 1268/3580 1269/3581 1263/3582
f 1269/3583 1270/3584 1263/3585
f 1271/3586 1272/3587 1263/3588
f 1272/3589 1273/3590 1263/3591
f 1273/3592 1274/3593 1263/3594
f 1274/3595 1275/3596 1263/3597
f 1263/3598 1275/3599 1264/3600
f 1275/3601 1276/3602 1264/3603
f 1276/3604 1277/3605 1264/3606
f 1277/3607 1278/3608 1264/3609
f 1279/3610 1280/3611 1281/3612
f 1279/3613 1282/3614 1280/3615
f 1280/3616 1282/3617 1283/3618
f 1280/3619 1283/3620 1284/3621
f 1280/3622 1284/3623 1285/3624
f 1280/3625 1285/3626 1286/3627
f 1280/3628 1286/3629 1287/3630
f 1282/3631 1288/3632 1283/3633
f 1288/3634 1289/3635 1283/3636
f 1290/3637 1283/3638 1291/3639
f 1280/3640 1264/3641 1281/3642
f 1264/3643 1278/3644 1281/3645
f 1291/3646 1283/3647 1289/3648
f 1292/3649 1293/3650 1294/3651
f 1293/3652 1295/3653 1294/3654
f 1295/3655 1296/3656 1294/3657
f 1296/3658 1297/3659 1294/3660
f 1298/3661 1299/3662 1300/3663
f 1300/3664 1299/3665 1301/3666
f 1302/3667 1303/3668 1304/3669
f 1303/3670 1302/3671 1305/3672
f 1306/3673 1307/3674 1308/3675
f 1307/3676 1309/3677 1308/3678
f 1309/3679 1305/3680 1308/3681
f 1308/3682 1305/3683 1302/3684
f 1303/3685 1301/3686 1304/3687
f 1304/3688 1301/3689 1299/3690
f 1310/3691 1311/3692 1312/3693
f 1313/3694 1314/3695 1311/3696
f 1311/3697 1314/3698 1312/3699
f 1314/3700 1315/3701 1312/3702
f 1316/3703 1317/3704 1318/3705
f 1317/3706 1316/3707 1319/3708
f 1317/3709 1319/3710 1320/3711
f 1321/3712 1319/3713 1322/3714
f 1317/3715 1312/3716 1318/3717
f 1318/3718 1312/3719 1315/3720
f 1322/3721 1319/3722 1316/3723
f 1323/3724 1324/3725 1325/3726
f 1324/3727 1326/3728 1325/3729
f 1327/3730 1328/3731 1329/3732
f 1328/3733 1327/3734 1330/3735
f 1331/3736 1332/3737 1333/3738
f 1331/3739 1334/3740 1332/3741
f 1332/3742 1330/3743 1333/3744
f 1333/3745 1330/3746 1327/3747
f 1328/3748 1325/3749 1329/3750
f 1329/3751 1325/3752 1326/3753
f 1335/3754 1336/3755 1337/3756
f 1336/3757 1335/3758 1338/3759
f 1336/3760 1338/3761 1347/3762
f 1339/3763 1340/3764 1341/3765
f 1342/3766 1343/3767 1339/3768
f 1344/3769 1345/3770 1342/3771
f 1342/3772 1345/3773 1343/3774
f 1346/3775 1347/3776 1348/3777
f 1349/3778 1347/3779 1346/3780
f 1350/3781 1351/3782 1349/3783
f 1351/3784 1350/3785 1352/3786
f 1351/3787 1352/3788 1353/3789
f 1354/3790 1355/3791 1356/3792
f 1356/3793 1355/3794 1352/3795
f 1356/3796 1352/3797 1350/3798
f 1357/3799 1353/3800 1358/3801
f 1357/3802 1359/3803 1353/3804
f 1353/3805 1359/3806 1360/3807
f 1353/3808 1360/3809 1351/3810
f 1337/3811 1336/3812 1361/3813
f 1348/3814 1347/3815 1343/3816
f 1348/3817 1343/3818 1345/3819
f 1361/3820 1336/3821 1360/3822
f 1361/3823 1360/3824 1359/3825
f 1336/3826 1347/3827 1351/3828
f 1341/3829 1340/3830 1338/3831
f 1341/3832 1338/3833 1335/3834
f 1343/3835 1347/3836 1339/3837
f 1339/3838 1347/3839 1340/3840
f 1347/3841 1338/3842 1340/3843
f 1358/3844 1353/3845 1352/3846
f 1358/3847 1352/3848 1355/3849
f 1349/3850 1351/3851 1347/3852
f 1351/3853 1360/3854 1336/3855
f 1362/3856 1363/3857 1364/3858
f 1363/3859 1365/3860 1364/3861
f 1366/3862 1367/3863 1368/3864
f 1368/3865 1367/3866 1369/3867
f 1370/3868 1371/3869 1372/3870
f 1373/3871 1374/3872 1370/3873
f 1375/3874 1376/3875 1373/3876
f 1376/3877 1374/3878 1373/3879
f 1374/3880 1377/3881 1370/3882
f 1377/3883 1371/3884 1370/3885
f 1371/3886 1369/3887 1372/3888
f 1372/3889 1369/3890 1367/3891
f 1378/3892 1379/3893 1380/3894
f 1379/3895 1381/3896 1380/3897
f 1381/3898 1382/3899 1380/3900
f 1382/3901 1383/3902 1380/3903
f 1383/3904 1384/3905 1380/3906
f 1384/3907 1385/3908 1380/3909
f 1385/3910 1386/3911 1380/3912
f 1387/3913 1388/3914 1386/3915
f 1389/3916 1390/3917 1387/3918
f 1390/3919 1391/3920 1387/3921
f 1391/3922 1392/3923 1387/3924
f 1392/3925 1393/3926 1387/3927
f 1394/3928 1395/3929 1393/3930
f 1395/3931 1396/3932 1393/3933
f 1396/3934 1397/3935 1393/3936
f 1397/3937 1398/3938 1393/3939
f 1393/3940 1398/3941 1387/3942
f 1398/3943 1399/3944 1387/3945
f 1388/3946 1400/3947 1386/3948
f 1400/3949 1401/3950 1386/3951
f 1401/3952 1402/3953 1386/3954
f 1402/3955 1403/3956 1386/3957
f 1386/3958 1403/3959 1380/3960
f 1403/3961 1404/3962 1380/3963
f 1404/3964 1405/3965 1380/3966
f 1406/3967 1380/3968 1407/3969
f 1407/3970 1380/3971 1405/3972
f 1388/3973 1387/3974 1399/3975
f 1408/3976 1409/3977 1410/3978
f 1408/3979 1411/3980 1409/3981
f 1411/3982 1412/3983 1409/3984
f 1409/3985 1412/3986 1413/3987
f 1414/3988 1415/3989 1416/3990
f 1414/3991 1417/3992 1415/3993
f 1415/3994 1418/3995 1416/3996
f 1418/3997 1413/3998 1416/3999
f 1416/4000 1413/4001 1412/4002
f 1409/4003 1419/4004 1410/4005
f 1419/4006 1420/4007 1410/4008
f 1410/4009 1420/4010 1421/4011
f 1422/4012 1423/4013 1424/4014
f 1425/4015 1433/4016 1422/4017
f 1425/4018 1426/4019 1433/4020
f 1426/4021 1427/4022 1433/4023
f 1427/4024 1428/4025 1433/4026
f 1428/4027 1429/4028 1433/4029
f 1429/4030 1430/4031 1433/4032
f 1430/4033 1431/4034 1433/4035
f 1431/4036 1432/4037 1433/4038
f 1423/4039 1421/4040 1424/4041
f 1424/4042 1421/4043 1420/4044
f 1423/4045 1422/4046 1433/4047
f 1434/4048 1435/4049 1436/4050
f 1435/4051 1437/4052 1436/4053
f 1438/4054 1439/4055 1440/4056
f 1438/4057 1441/4058 1439/4059
f 1441/4060 1442/4061 1439/4062
f 1442/4063 1443/4064 1439/4065
f 1443/4066 1444/4067 1439/4068
f 1439/4069 1445/4070 1440/4071
f 1445/4072 1436/4073 1440/4074
f 1440/4075 1436/4076 1437/4077
g LINK.01
f 1446/4078 1452/4079 1448/4080
f 1447/4081 1446/4082 1448/4083
f 1449/4084 1448/4085 1452/4086
f 1450/4087 1449/4088 1452/4089
f 1451/4090 1450/4091 1452/4092
f 1453/4093 1451/4094 1452/4095
f 1454/4096 1453/4097 1452/4098
f 1462/4099 1469/4100 1465/4101
f 1460/4102 1469/4103 1462/4104
f 1455/4105 1460/4106 1461/4107
f 1456/4108 1455/4109 1461/4110
f 1457/4111 1456/4112 1461/4113
f 1458/4114 1457/4115 1461/4116
f 1459/4117 1458/4118 1461/4119
f 1461/4120 1460/4121 1462/4122
f 1463/4123 1462/4124 1465/4125
f 1464/4126 1463/4127 1465/4128
f 1466/4129 1465/4130 1469/4131
f 1467/4132 1466/4133 1469/4134
f 1470/4135 1467/4136 1469/4137
f 1471/4138 1468/4139 1470/4140
f 1471/4141 1470/4142 1469/4143
f 1474/4144 1472/4145 1473/4146
f 1475/4147 1474/4148 1473/4149
f 1485/4150 1488/4151 1490/4152
f 1486/4153 1488/4154 1485/4155
f 1481/4156 1484/4157 1487/4158
f 1482/4159 1484/4160 1481/4161
f 1477/4162 1480/4163 1483/4164
f 1478/4165 1480/4166 1477/4167
f 1479/4168 1476/4169 1478/4170
f 1479/4171 1478/4172 1477/4173
f 1482/4174 1483/4175 1480/4176
f 1483/4177 1482/4178 1481/4179
f 1486/4180 1487/4181 1484/4182
f 1487/4183 1486/4184 1485/4185
f 1489/4186 1490/4187 1488/4188
f 1491/4189 1490/4190 1489/4191
f 1494/4192 1492/4193 1493/4194
f 1495/4195 1494/4196 1493/4197
f 1502/4198 1501/4199 1498/4200
f 1507/4201 1506/4202 1503/4203
f 1496/4204 1507/4205 1503/4206
f 1504/4207 1496/4208 1503/4209
f 1499/4210 1502/4211 1498/4212
f 1500/4213 1497/4214 1499/4215
f 1500/4216 1499/4217 1498/4218
f 1505/4219 1501/4220 1502/4221
f 1504/4222 1505/4223 1502/4224
f 1505/4225 1504/4226 1503/4227
f 1508/4228 1506/4229 1507/4230
f 1509/4231 1508/4232 1507/4233
f 1510/4234 1516/4235 1517/4236
f 1511/4237 1510/4238 1517/4239
f 1512/4240 1511/4241 1517/4242
f 1514/4243 1512/4244 1517/4245
f 1515/4246 1513/4247 1514/4248
f 1515/4249 1514/4250 1517/4251
f 1518/4252 1517/4253 1516/4254
f 1519/4255 1526/4256 1527/4257
f 1520/4258 1519/4259 1527/4260
f 1521/4261 1520/4262 1527/4263
f 1524/4264 1521/4265 1527/4266
f 1522/4267 1524/4268 1525/4269
f 1523/4270 1522/4271 1525/4272
f 1525/4273 1524/4274 1527/4275
f 1528/4276 1527/4277 1526/4278
f 1530/4279 1534/4280 1533/4281
f 1529/4282 1534/4283 1530/4284
f 1531/4285 1529/4286 1530/4287
f 1532/4288 1531/4289 1530/4290
f 1535/4291 1533/4292 1534/4293
f 1536/4294 1535/4295 1534/4296
f 1537/4297 1541/4298 1548/4299
f 1542/4300 1547/4301 1544/4302
f 1538/4303 1541/4304 1537/4305
f 1550/4306 1539/4307 1551/4308
f 1550/4309 1540/4310 1539/4311
f 1550/4312 1541/4313 1540/4314
f 1550/4315 1548/4316 1541/4317
f 1543/4318 1547/4319 1542/4320
f 1545/4321 1544/4322 1547/4323
f 1546/4324 1545/4325 1547/4326
f 1549/4327 1546/4328 1547/4329
f 1548/4330 1549/4331 1547/4332
f 1549/4333 1548/4334 1550/4335
f 1552/4336 1550/4337 1551/4338
f 1553/4339 1552/4340 1551/4341
f 1554/4342 1561/4343 1556/4344
f 1555/4345 1554/4346 1556/4347
f 1557/4348 1556/4349 1561/4350
f 1558/4351 1557/4352 1561/4353
f 1559/4354 1558/4355 1561/4356
f 1560/4357 1559/4358 1561/4359
f 1562/4360 1560/4361 1561/4362
f 1563/4363 1562/4364 1561/4365
f 1565/4366 1568/4367 1570/4368
f 1564/4369 1568/4370 1565/4371
f 1566/4372 1564/4373 1565/4374
f 1567/4375 1566/4376 1565/4377
f 1569/4378 1570/4379 1568/4380
f 1571/4381 1570/4382 1569/4383
f 1572/4384 1578/4385 1574/4386
f 1573/4387 1572/4388 1574/4389
f 1575/4390 1574/4391 1578/4392
f 1576/4393 1575/4394 1578/4395
f 1577/4396 1576/4397 1578/4398
f 1579/4399 1577/4400 1578/4401
f 1580/4402 1579/4403 1578/4404
f 1582/4405 1585/4406 1587/4407
f 1583/4408 1585/4409 1582/4410
f 1584/4411 1581/4412 1583/4413
f 1584/4414 1583/4415 1582/4416
f 1586/4417 1587/4418 1585/4419
f 1588/4420 1587/4421 1586/4422
g LINK.02
f 1596/4423 1603/4424 1599/4425
f 1594/4426 1603/4427 1596/4428
f 1589/4429 1594/4430 1595/4431
f 1590/4432 1589/4433 1595/4434
f 1591/4435 1590/4436 1595/4437
f 1592/4438 1591/4439 1595/4440
f 1593/4441 1592/4442 1595/4443
f 1595/4444 1594/4445 1596/4446
f 1597/4447 1596/4448 1599/4449
f 1598/4450 1597/4451 1599/4452
f 1600/4453 1599/4454 1603/4455
f 1601/4456 1600/4457 1603/4458
f 1604/4459 1601/4460 1603/4461
f 1605/4462 1602/4463 1604/4464
f 1605/4465 1604/4466 1603/4467
f 1608/4468 1606/4469 1607/4470
f 1609/4471 1608/4472 1607/4473
f 1619/4474 1622/4475 1624/4476
f 1620/4477 1622/4478 1619/4479
f 1615/4480 1618/4481 1621/4482
f 1610/4483 1618/4484 1615/4485
f 1616/4486 1610/4487 1615/4488
f 1611/4489 1614/4490 1617/4491
f 1612/4492 1614/4493 1611/4494
f 1613/4495 1612/4496 1611/4497
f 1616/4498 1617/4499 1614/4500
f 1617/4501 1616/4502 1615/4503
f 1620/4504 1621/4505 1618/4506
f 1621/4507 1620/4508 1619/4509
f 1623/4510 1624/4511 1622/4512
f 1625/4513 1624/4514 1623/4515
f 1628/4516 1626/4517 1627/4518
f 1629/4519 1628/4520 1627/4521
f 1641/4522 1642/4523 1638/4524
f 1639/4525 1641/4526 1638/4527
f 1634/4528 1637/4529 1640/4530
f 1635/4531 1637/4532 1634/4533
f 1630/4534 1633/4535 1636/4536
f 1631/4537 1633/4538 1630/4539
f 1632/4540 1631/4541 1630/4542
f 1635/4543 1636/4544 1633/4545
f 1636/4546 1635/4547 1634/4548
f 1639/4549 1640/4550 1637/4551
f 1640/4552 1639/4553 1638/4554
f 1643/4555 1642/4556 1641/4557
f 1644/4558 1650/4559 1651/4560
f 1645/4561 1644/4562 1651/4563
f 1646/4564 1645/4565 1651/4566
f 1648/4567 1646/4568 1651/4569
f 1649/4570 1647/4571 1648/4572
f 1649/4573 1648/4574 1651/4575
f 1652/4576 1651/4577 1650/4578
f 1653/4579 1660/4580 1661/4581
f 1654/4582 1653/4583 1661/4584
f 1655/4585 1654/4586 1661/4587
f 1658/4588 1655/4589 1661/4590
f 1656/4591 1658/4592 1659/4593
f 1657/4594 1656/4595 1659/4596
f 1659/4597 1658/4598 1661/4599
f 1662/4600 1661/4601 1660/4602
f 1664/4603 1667/4604 1669/4605
f 1665/4606 1667/4607 1664/4608
f 1666/4609 1663/4610 1665/4611
f 1666/4612 1665/4613 1664/4614
f 1668/4615 1669/4616 1667/4617
f 1670/4618 1669/4619 1668/4620
f 1671/4621 1675/4622 1682/4623
f 1676/4624 1681/4625 1678/4626
f 1672/4627 1675/4628 1671/4629
f 1684/4630 1673/4631 1685/4632
f 1684/4633 1674/4634 1673/4635
f 1684/4636 1675/4637 1674/4638
f 1684/4639 1682/4640 1675/4641
f 1677/4642 1681/4643 1676/4644
f 1679/4645 1678/4646 1681/4647
f 1680/4648 1679/4649 1681/4650
f 1683/4651 1680/4652 1681/4653
f 1682/4654 1683/4655 1681/4656
f 1683/4657 1682/4658 1684/4659
f 1686/4660 1684/4661 1685/4662
f 1687/4663 1686/4664 1685/4665
f 1688/4666 1695/4667 1690/4668
f 1689/4669 1688/4670 1690/4671
f 1691/4672 1690/4673 1695/4674
f 1692/4675 1691/4676 1695/4677
f 1693/4678 1692/4679 1695/4680
f 1694/4681 1693/4682 1695/4683
f 1696/4684 1694/4685 1695/4686
f 1697/4687 1696/4688 1695/4689
f 1699/4690 1702/4691 1704/4692
f 1700/4693 1702/4694 1699/4695
f 1701/4696 1698/4697 1700/4698
f 1701/4699 1700/4700 1699/4701
f 1703/4702 1704/4703 1702/4704
f 1705/4705 1704/4706 1703/4707
f 1707/4708 1710/4709 1712/4710
f 1708/4711 1710/4712 1707/4713
f 1709/4714 1706/4715 1708/4716
f 1709/4717 1708/4718 1707/4719
f 1711/4720 1712/4721 1710/4722
f 1713/4723 1712/4724 1711/4725
g LINK.FIT
f 1714/4726 1717/4727 1716/4728
f 1717/4729 1714/4730 1715/4731
f 1718/4732 1716/4733 1717/4734
f 1721/4735 1717/4736 1720/4737
f 1721/4738 1718/4739 1717/4740
f 1719/4741 1718/4742 1721/4743
f 1722/4744 1721/4745 1720/4746
f 1725/4747 1729/4748 1727/4749
f 1723/4750 1729/4751 1725/4752
f 1724/4753 1723/4754 1725/4755
f 1726/4756 1725/4757 1727/4758
f 1728/4759 1727/4760 1729/4761
f 1730/4762 1728/4763 1729/4764
f 1731/4765 1730/4766 1729/4767
f 1734/4768 1732/4769 1733/4770
f 1735/4771 1734/4772 1733/4773
f 1738/4774 1736/4775 1737/4776
f 1739/4777 1738/4778 1737/4779
f 1742/4780 1740/4781 1741/4782
f 1743/4783 1742/4784 1741/4785
f 1752/4786 1755/4787 1756/4788
f 1753/4789 1755/4790 1752/4791
f 1748/4792 1751/4793 1754/4794
f 1749/4795 1751/4796 1748/4797
f 1744/4798 1747/4799 1750/4800
f 1745/4801 1747/4802 1744/4803
f 1746/4804 1745/4805 1744/4806
f 1749/4807 1750/4808 1747/4809
f 1750/4810 1749/4811 1748/4812
f 1753/4813 1754/4814 1751/4815
f 1754/4816 1753/4817 1752/4818
f 1757/4819 1756/4820 1755/4821
g OLEO
f 1774/4822 1773/4823 1770/4824
f 1767/4825 1766/4826 1763/4827
f 1780/4828 1761/4829 1779/4830
f 1778/4831 1781/4832 1775/4833
f 1776/4834 1778/4835 1775/4836
f 1771/4837 1774/4838 1770/4839
f 1758/4840 1771/4841 1772/4842
f 1768/4843 1758/4844 1772/4845
f 1759/4846 1767/4847 1763/4848
f 1764/4849 1759/4850 1763/4851
f 1760/4852 1762/4853 1765/4854
f 1761/4855 1762/4856 1760/4857
f 1779/4858 1761/4859 1760/4860
f 1764/4861 1765/4862 1762/4863
f 1765/4864 1764/4865 1763/4866
f 1769/4867 1766/4868 1767/4869
f 1768/4870 1769/4871 1767/4872
f 1769/4873 1768/4874 1772/4875
f 1772/4876 1771/4877 1770/4878
f 1777/4879 1773/4880 1774/4881
f 1776/4882 1777/4883 1774/4884
f 1777/4885 1776/4886 1775/4887
f 1780/4888 1781/4889 1778/4890
f 1781/4891 1780/4892 1779/4893
