# Converted from a320src/A320-family-master/Models/LandingGears/a320.nlg.tires.ac by simengine's ac3d_to_obj tool
# NOTE: materials/textures are not exported — see tools/ac3d_to_obj/main.cpp LIMITATIONS.
v 0 0 -0.16056
v 0.08255 -0.142981 -0.236403
v -0.142981 -0.08255 -0.236403
v -0.142981 0.08255 -0.236403
v 0 0.1651 -0.236403
v -0.08255 0.142981 -0.236403
v -0.1651 0 -0.236403
v -0.08255 -0.142981 -0.236403
v 0 -0.1651 -0.236403
v 0.142981 -0.08255 -0.236403
v 0.1651 0 -0.236403
v 0.142981 0.08255 -0.236403
v 0.08255 0.142981 -0.236403
v 0.1651 0 -0.16383
v 0.142981 0.08255 -0.16383
v 0.08255 0.142981 -0.16383
v 0 0.1651 -0.16383
v -0.08255 0.142981 -0.16383
v -0.142981 0.08255 -0.16383
v -0.1651 0 -0.16383
v -0.142981 -0.08255 -0.16383
v -0.08255 -0.142981 -0.16383
v 0 -0.1651 -0.16383
v 0.08255 -0.142981 -0.16383
v 0.142981 -0.08255 -0.16383
v 0.164978 -0.09525 -0.13843
v 0.09525 -0.164978 -0.13843
v -0.09525 -0.164978 -0.13843
v 0 -0.1905 -0.13843
v -0.164978 -0.09525 -0.13843
v -0.164978 0.09525 -0.13843
v -0.1905 0 -0.13843
v -0.09525 0.164978 -0.13843
v 0.09525 0.164978 -0.13843
v 0 0.1905 -0.13843
v 0.1905 0 -0.13843
v 0.164978 0.09525 -0.13843
v 0.10795 0.186975 -0.13843
v 0.2159 0 -0.13843
v 0.186975 0.10795 -0.13843
v 0.10795 -0.186975 -0.13843
v 0.186975 -0.10795 -0.13843
v 0 -0.2159 -0.13843
v -0.186975 -0.10795 -0.13843
v -0.10795 -0.186975 -0.13843
v -0.2159 0 -0.13843
v -0.186975 0.10795 -0.13843
v 0 0.2159 -0.13843
v -0.10795 0.186975 -0.13843
v 0.10795 0.186975 -0.36195
v 0.186975 0.10795 -0.36195
v 0.2159 0 -0.36195
v 0.10795 -0.186975 -0.36195
v 0.186975 -0.10795 -0.36195
v 0 -0.2159 -0.36195
v -0.10795 -0.186975 -0.36195
v -0.2159 0 -0.36195
v -0.186975 -0.10795 -0.36195
v -0.186975 0.10795 -0.36195
v 0 0.2159 -0.36195
v -0.10795 0.186975 -0.36195
v 0.09525 0.164978 -0.36195
v 0.1905 0 -0.36195
v 0.164978 0.09525 -0.36195
v 0.09525 -0.164978 -0.36195
v 0.164978 -0.09525 -0.36195
v -0.09525 -0.164978 -0.36195
v 0 -0.1905 -0.36195
v -0.164978 -0.09525 -0.36195
v -0.164978 0.09525 -0.36195
v -0.1905 0 -0.36195
v 0 0.1905 -0.36195
v -0.09525 0.164978 -0.36195
v 0.142981 0.08255 -0.33655
v 0.08255 0.142981 -0.33655
v 0.142981 -0.08255 -0.33655
v 0.1651 0 -0.33655
v 0 -0.1651 -0.33655
v 0.08255 -0.142981 -0.33655
v -0.142981 -0.08255 -0.33655
v -0.08255 -0.142981 -0.33655
v -0.142981 0.08255 -0.33655
v -0.1651 0 -0.33655
v 0 0.1651 -0.33655
v -0.08255 0.142981 -0.33655
v 0.08255 -0.142981 -0.263977
v 0.142981 -0.08255 -0.263977
v -0.08255 -0.142981 -0.263977
v 0 -0.1651 -0.263977
v -0.1651 0 -0.263977
v -0.142981 -0.08255 -0.263977
v -0.08255 0.142981 -0.263977
v -0.142981 0.08255 -0.263977
v 0 0.1651 -0.263977
v 0.08255 0.142981 -0.263977
v 0.1651 0 -0.263977
v 0 0 -0.33982
v 0.142981 0.08255 -0.263977
v 0 0 0.16056
v 0.08255 -0.142981 0.236403
v -0.142981 -0.08255 0.236403
v -0.142981 0.08255 0.236403
v 0 0.1651 0.236403
v -0.08255 0.142981 0.236403
v -0.1651 0 0.236403
v -0.08255 -0.142981 0.236403
v 0 -0.1651 0.236403
v 0.142981 -0.08255 0.236403
v 0.1651 0 0.236403
v 0.142981 0.08255 0.236403
v 0.08255 0.142981 0.236403
v 0.1651 0 0.16383
v 0.142981 0.08255 0.16383
v 0.08255 0.142981 0.16383
v 0 0.1651 0.16383
v -0.08255 0.142981 0.16383
v -0.142981 0.08255 0.16383
v -0.1651 0 0.16383
v -0.142981 -0.08255 0.16383
v -0.08255 -0.142981 0.16383
v 0 -0.1651 0.16383
v 0.08255 -0.142981 0.16383
v 0.142981 -0.08255 0.16383
v 0.164978 -0.09525 0.13843
v 0.09525 -0.164978 0.13843
v -0.09525 -0.164978 0.13843
v 0 -0.1905 0.13843
v -0.164978 -0.09525 0.13843
v -0.164978 0.09525 0.13843
v -0.1905 0 0.13843
v -0.09525 0.164978 0.13843
v 0.09525 0.164978 0.13843
v 0 0.1905 0.13843
v 0.1905 0 0.13843
v 0.164978 0.09525 0.13843
v 0.10795 0.186975 0.13843
v 0.2159 0 0.13843
v 0.186975 0.10795 0.13843
v 0.10795 -0.186975 0.13843
v 0.186975 -0.10795 0.13843
v 0 -0.2159 0.13843
v -0.186975 -0.10795 0.13843
v -0.10795 -0.186975 0.13843
v -0.2159 0 0.13843
v -0.186975 0.10795 0.13843
v 0 0.2159 0.13843
v -0.10795 0.186975 0.13843
v 0.10795 0.186975 0.36195
v 0.186975 0.10795 0.36195
v 0.2159 0 0.36195
v 0.10795 -0.186975 0.36195
v 0.186975 -0.10795 0.36195
v 0 -0.2159 0.36195
v -0.10795 -0.186975 0.36195
v -0.2159 0 0.36195
v -0.186975 -0.10795 0.36195
v -0.186975 0.10795 0.36195
v 0 0.2159 0.36195
v -0.10795 0.186975 0.36195
v 0.09525 0.164978 0.36195
v 0.1905 0 0.36195
v 0.164978 0.09525 0.36195
v 0.09525 -0.164978 0.36195
v 0.164978 -0.09525 0.36195
v -0.09525 -0.164978 0.36195
v 0 -0.1905 0.36195
v -0.164978 -0.09525 0.36195
v -0.164978 0.09525 0.36195
v -0.1905 0 0.36195
v 0 0.1905 0.36195
v -0.09525 0.164978 0.36195
v 0.142981 0.08255 0.33655
v 0.08255 0.142981 0.33655
v 0.142981 -0.08255 0.33655
v 0.1651 0 0.33655
v 0 -0.1651 0.33655
v 0.08255 -0.142981 0.33655
v -0.142981 -0.08255 0.33655
v -0.08255 -0.142981 0.33655
v -0.142981 0.08255 0.33655
v -0.1651 0 0.33655
v 0 0.1651 0.33655
v -0.08255 0.142981 0.33655
v 0.08255 -0.142981 0.263977
v 0.142981 -0.08255 0.263977
v -0.08255 -0.142981 0.263977
v 0 -0.1651 0.263977
v -0.1651 0 0.263977
v -0.142981 -0.08255 0.263977
v -0.08255 0.142981 0.263977
v -0.142981 0.08255 0.263977
v 0 0.1651 0.263977
v 0.08255 0.142981 0.263977
v 0.1651 0 0.263977
v 0 0 0.33982
v 0.142981 0.08255 0.263977
v -0.09525 -0.164978 -0.163952
v -0.097732 -0.268517 -0.13843
v 0 -0.1905 -0.163952
v -0.183677 -0.218897 -0.13843
v -0.144959 -0.306066 -0.149998
v -0.018358 -0.353932 -0.165071
v 0 -0.28575 -0.13843
v -0.1905 0 -0.163952
v -0.281409 -0.04962 -0.13843
v -0.164978 -0.09525 -0.163952
v -0.281409 0.04962 -0.13843
v -0.339621 0.009944 -0.149928
v -0.334016 -0.118483 -0.165071
v -0.247467 -0.142875 -0.13843
v -0.09525 0.164978 -0.163952
v -0.183677 0.218897 -0.13843
v -0.164978 0.09525 -0.163952
v -0.097732 0.268517 -0.13843
v -0.128334 0.31604 -0.150066
v -0.237286 0.263249 -0.165071
v -0.247467 0.142875 -0.13843
v 0.09525 0.164978 -0.163952
v 0.097732 0.268517 -0.13843
v 0 0.1905 -0.163952
v 0.183677 0.218897 -0.13843
v 0.144959 0.306066 -0.149998
v 0.018358 0.353932 -0.165071
v 0 0.28575 -0.13843
v 0.1905 0 -0.163952
v 0.281409 0.04962 -0.13843
v 0.164978 0.09525 -0.163952
v 0.281409 -0.04962 -0.13843
v 0.339621 -0.009944 -0.149928
v 0.334016 0.118483 -0.165071
v 0.247467 0.142875 -0.13843
v 0.09525 -0.164978 -0.163952
v 0.183677 -0.218897 -0.13843
v 0.164978 -0.09525 -0.163952
v 0.097732 -0.268517 -0.13843
v 0.128334 -0.31604 -0.150066
v 0.237286 -0.263249 -0.165071
v 0.247467 -0.142875 -0.13843
v 0.319965 -0.152405 -0.165071
v 0.263249 0.237286 -0.165071
v -0.319965 0.152405 -0.165071
v -0.263249 -0.237286 -0.165071
v -0.269408 -0.269408 -0.25019
v -0.145802 -0.351998 -0.25019
v -0.269408 0.269408 -0.25019
v -0.351998 0.145802 -0.25019
v 0 0.381 -0.25019
v -0.145802 0.351998 -0.25019
v 0.269408 0.269408 -0.25019
v 0.145802 0.351998 -0.25019
v 0.351998 -0.145802 -0.25019
v 0.381 0 -0.25019
v 0.136841 -0.330364 -0.335309
v 0 -0.357584 -0.335309
v 0.263249 -0.237286 -0.335309
v 0.311393 -0.137006 -0.350428
v 0.269408 -0.269408 -0.25019
v 0.353932 0.018359 -0.335309
v 0.318062 0.118331 -0.350452
v 0.351998 0.145802 -0.25019
v 0.249869 0.229083 -0.350428
v 0.136841 0.330364 -0.335309
v -0.018359 0.353932 -0.335309
v -0.128334 0.31604 -0.350314
v -0.263249 0.237286 -0.335309
v -0.311393 0.137006 -0.350428
v -0.353932 -0.018359 -0.335309
v -0.318062 -0.118331 -0.350452
v -0.351998 -0.145802 -0.25019
v -0.381 0 -0.25019
v -0.237286 -0.263249 -0.335309
v -0.144959 -0.306066 -0.350381
v 0 -0.381 -0.25019
v 0.145802 -0.351998 -0.25019
v -0.097732 -0.268517 -0.36195
v -0.183677 -0.218897 -0.36195
v -0.09525 -0.164978 -0.336428
v 0 -0.1905 -0.336428
v 0 -0.28575 -0.36195
v -0.247467 -0.142875 -0.36195
v -0.281409 -0.04962 -0.36195
v -0.164978 -0.09525 -0.336428
v -0.281409 0.04962 -0.36195
v -0.247467 0.142875 -0.36195
v -0.164978 0.09525 -0.336428
v -0.1905 0 -0.336428
v -0.183677 0.218897 -0.36195
v -0.097732 0.268517 -0.36195
v -0.09525 0.164978 -0.336428
v 0.097732 0.268517 -0.36195
v 0.183677 0.218897 -0.36195
v 0.09525 0.164978 -0.336428
v 0 0.1905 -0.336428
v 0 0.28575 -0.36195
v 0.247467 0.142875 -0.36195
v 0.281409 0.04962 -0.36195
v 0.164978 0.09525 -0.336428
v 0.281409 -0.04962 -0.36195
v 0.247467 -0.142875 -0.36195
v 0.164978 -0.09525 -0.336428
v 0.1905 0 -0.336428
v 0.183677 -0.218897 -0.36195
v 0.097732 -0.268517 -0.36195
v 0.09525 -0.164978 -0.336428
v -0.152405 -0.319965 -0.165071
v -0.136841 -0.330364 -0.165071
v -0.128334 -0.31604 -0.150066
v 0 -0.357584 -0.165071
v 0.01865 -0.337858 -0.150066
v 0 -0.341782 -0.150199
v -0.01865 -0.337858 -0.150066
v -0.353932 0.018358 -0.165071
v -0.357584 0 -0.165071
v -0.339621 -0.009944 -0.149928
v -0.330364 -0.136841 -0.165071
v -0.311393 -0.137006 -0.149952
v -0.318062 -0.118331 -0.149928
v -0.118483 0.334016 -0.165071
v -0.136841 0.330364 -0.165071
v -0.144959 0.306066 -0.149998
v -0.25285 0.25285 -0.165071
v -0.249869 0.229083 -0.149952
v -0.237408 0.244293 -0.149998
v 0.152405 0.319965 -0.165071
v 0.136841 0.330364 -0.165071
v 0.128334 0.31604 -0.150066
v 0 0.357584 -0.165071
v -0.01865 0.337858 -0.150066
v 0 0.341782 -0.150199
v 0.01865 0.337858 -0.150066
v 0.353932 -0.018358 -0.165071
v 0.357584 0 -0.165071
v 0.339621 0.009944 -0.149928
v 0.330364 0.136841 -0.165071
v 0.311393 0.137006 -0.149952
v 0.318062 0.118331 -0.149928
v 0.118483 -0.334016 -0.165071
v 0.136841 -0.330364 -0.165071
v 0.144959 -0.306066 -0.149998
v 0.25285 -0.25285 -0.165071
v 0.249869 -0.229083 -0.149952
v 0.237408 -0.244293 -0.149998
v 0.330364 -0.136841 -0.165071
v 0.318062 -0.118331 -0.149928
v 0.311393 -0.137006 -0.149952
v 0.25285 0.25285 -0.165071
v 0.237408 0.244293 -0.149998
v 0.249869 0.229083 -0.149952
v -0.330364 0.136841 -0.165071
v -0.318062 0.118331 -0.149928
v -0.311393 0.137006 -0.149952
v -0.25285 -0.25285 -0.165071
v -0.237408 -0.244293 -0.149998
v -0.249869 -0.229083 -0.149952
v 0.128334 -0.31604 -0.350314
v 0.144959 -0.306066 -0.350381
v 0.152405 -0.319965 -0.335309
v -0.01865 -0.337858 -0.350314
v 0 -0.341782 -0.350181
v 0.01865 -0.337858 -0.350314
v 0.018359 -0.353932 -0.335309
v 0.25285 -0.25285 -0.335309
v 0.237408 -0.244293 -0.350381
v 0.249869 -0.229083 -0.350428
v 0.318062 -0.118331 -0.350452
v 0.334016 -0.118483 -0.335309
v 0.330364 -0.136841 -0.335309
v 0.357584 0 -0.335309
v 0.339621 -0.009944 -0.350452
v 0.339621 0.009944 -0.350452
v 0.311393 0.137006 -0.350428
v 0.319965 0.152405 -0.335309
v 0.330364 0.136841 -0.335309
v 0.237408 0.244293 -0.350381
v 0.237286 0.263249 -0.335309
v 0.25285 0.25285 -0.335309
v 0.144959 0.306066 -0.350381
v 0.128334 0.31604 -0.350314
v 0.118483 0.334016 -0.335309
v 0 0.357584 -0.335309
v 0.01865 0.337858 -0.350314
v 0 0.341782 -0.350181
v -0.01865 0.337858 -0.350314
v -0.144959 0.306066 -0.350381
v -0.136841 0.330364 -0.335309
v -0.252847 0.252847 -0.335325
v -0.237286 0.263249 -0.335309
v -0.237408 0.244293 -0.350381
v -0.249869 0.229083 -0.350428
v -0.318062 0.118331 -0.350452
v -0.334016 0.118483 -0.335309
v -0.330364 0.136841 -0.335309
v -0.357584 0 -0.335309
v -0.339621 0.009944 -0.350452
v -0.339621 -0.009944 -0.350452
v -0.311393 -0.137006 -0.350428
v -0.319965 -0.152405 -0.335309
v -0.330364 -0.136841 -0.335309
v -0.25285 -0.25285 -0.335309
v -0.249869 -0.229083 -0.350428
v -0.237408 -0.244293 -0.350381
v -0.128334 -0.31604 -0.350314
v -0.118483 -0.334016 -0.335309
v -0.136841 -0.330364 -0.335309
v -0.09525 -0.164978 0.163952
v -0.097732 -0.268517 0.13843
v 0 -0.1905 0.163952
v -0.183677 -0.218897 0.13843
v -0.144959 -0.306066 0.149998
v -0.018358 -0.353932 0.165071
v 0 -0.28575 0.13843
v -0.1905 0 0.163952
v -0.281409 -0.04962 0.13843
v -0.164978 -0.09525 0.163952
v -0.281409 0.04962 0.13843
v -0.339621 0.009944 0.149928
v -0.334016 -0.118483 0.165071
v -0.247467 -0.142875 0.13843
v -0.09525 0.164978 0.163952
v -0.183677 0.218897 0.13843
v -0.164978 0.09525 0.163952
v -0.097732 0.268517 0.13843
v -0.128334 0.31604 0.150066
v -0.237286 0.263249 0.165071
v -0.247467 0.142875 0.13843
v 0.09525 0.164978 0.163952
v 0.097732 0.268517 0.13843
v 0 0.1905 0.163952
v 0.183677 0.218897 0.13843
v 0.144959 0.306066 0.149998
v 0.018358 0.353932 0.165071
v 0 0.28575 0.13843
v 0.1905 0 0.163952
v 0.281409 0.04962 0.13843
v 0.164978 0.09525 0.163952
v 0.281409 -0.04962 0.13843
v 0.339621 -0.009944 0.149928
v 0.334016 0.118483 0.165071
v 0.247467 0.142875 0.13843
v 0.09525 -0.164978 0.163952
v 0.183677 -0.218897 0.13843
v 0.164978 -0.09525 0.163952
v 0.097732 -0.268517 0.13843
v 0.128334 -0.31604 0.150066
v 0.237286 -0.263249 0.165071
v 0.247467 -0.142875 0.13843
v 0.319965 -0.152405 0.165071
v 0.263249 0.237286 0.165071
v -0.319965 0.152405 0.165071
v -0.263249 -0.237286 0.165071
v -0.269408 -0.269408 0.25019
v -0.145802 -0.351998 0.25019
v -0.269408 0.269408 0.25019
v -0.351998 0.145802 0.25019
v 0 0.381 0.25019
v -0.145802 0.351998 0.25019
v 0.269408 0.269408 0.25019
v 0.145802 0.351998 0.25019
v 0.351998 -0.145802 0.25019
v 0.381 0 0.25019
v 0.136841 -0.330364 0.335309
v 0 -0.357584 0.335309
v 0.263249 -0.237286 0.335309
v 0.311393 -0.137006 0.350428
v 0.269408 -0.269408 0.25019
v 0.353932 0.018359 0.335309
v 0.318062 0.118331 0.350452
v 0.351998 0.145802 0.25019
v 0.249869 0.229083 0.350428
v 0.136841 0.330364 0.335309
v -0.018359 0.353932 0.335309
v -0.128334 0.31604 0.350314
v -0.263249 0.237286 0.335309
v -0.311393 0.137006 0.350428
v -0.353932 -0.018359 0.335309
v -0.318062 -0.118331 0.350452
v -0.351998 -0.145802 0.25019
v -0.381 0 0.25019
v -0.237286 -0.263249 0.335309
v -0.144959 -0.306066 0.350381
v 0 -0.381 0.25019
v 0.145802 -0.351998 0.25019
v -0.097732 -0.268517 0.36195
v -0.183677 -0.218897 0.36195
v -0.09525 -0.164978 0.336428
v 0 -0.1905 0.336428
v 0 -0.28575 0.36195
v -0.247467 -0.142875 0.36195
v -0.281409 -0.04962 0.36195
v -0.164978 -0.09525 0.336428
v -0.281409 0.04962 0.36195
v -0.247467 0.142875 0.36195
v -0.164978 0.09525 0.336428
v -0.1905 0 0.336428
v -0.183677 0.218897 0.36195
v -0.097732 0.268517 0.36195
v -0.09525 0.164978 0.336428
v 0.097732 0.268517 0.36195
v 0.183677 0.218897 0.36195
v 0.09525 0.164978 0.336428
v 0 0.1905 0.336428
v 0 0.28575 0.36195
v 0.247467 0.142875 0.36195
v 0.281409 0.04962 0.36195
v 0.164978 0.09525 0.336428
v 0.281409 -0.04962 0.36195
v 0.247467 -0.142875 0.36195
v 0.164978 -0.09525 0.336428
v 0.1905 0 0.336428
v 0.183677 -0.218897 0.36195
v 0.097732 -0.268517 0.36195
v 0.09525 -0.164978 0.336428
v -0.152405 -0.319965 0.165071
v -0.136841 -0.330364 0.165071
v -0.128334 -0.31604 0.150066
v 0 -0.357584 0.165071
v 0.01865 -0.337858 0.150066
v 0 -0.341782 0.150199
v -0.01865 -0.337858 0.150066
v -0.353932 0.018358 0.165071
v -0.357584 0 0.165071
v -0.339621 -0.009944 0.149928
v -0.330364 -0.136841 0.165071
v -0.311393 -0.137006 0.149952
v -0.318062 -0.118331 0.149928
v -0.118483 0.334016 0.165071
v -0.136841 0.330364 0.165071
v -0.144959 0.306066 0.149998
v -0.25285 0.25285 0.165071
v -0.249869 0.229083 0.149952
v -0.237408 0.244293 0.149998
v 0.152405 0.319965 0.165071
v 0.136841 0.330364 0.165071
v 0.128334 0.31604 0.150066
v 0 0.357584 0.165071
v -0.01865 0.337858 0.150066
v 0 0.341782 0.150199
v 0.01865 0.337858 0.150066
v 0.353932 -0.018358 0.165071
v 0.357584 0 0.165071
v 0.339621 0.009944 0.149928
v 0.330364 0.136841 0.165071
v 0.311393 0.137006 0.149952
v 0.318062 0.118331 0.149928
v 0.118483 -0.334016 0.165071
v 0.136841 -0.330364 0.165071
v 0.144959 -0.306066 0.149998
v 0.25285 -0.25285 0.165071
v 0.249869 -0.229083 0.149952
v 0.237408 -0.244293 0.149998
v 0.330364 -0.136841 0.165071
v 0.318062 -0.118331 0.149928
v 0.311393 -0.137006 0.149952
v 0.25285 0.25285 0.165071
v 0.237408 0.244293 0.149998
v 0.249869 0.229083 0.149952
v -0.330364 0.136841 0.165071
v -0.318062 0.118331 0.149928
v -0.311393 0.137006 0.149952
v -0.25285 -0.25285 0.165071
v -0.237408 -0.244293 0.149998
v -0.249869 -0.229083 0.149952
v 0.128334 -0.31604 0.350314
v 0.144959 -0.306066 0.350381
v 0.152405 -0.319965 0.335309
v -0.01865 -0.337858 0.350314
v 0 -0.341782 0.350181
v 0.01865 -0.337858 0.350314
v 0.018359 -0.353932 0.335309
v 0.25285 -0.25285 0.335309
v 0.237408 -0.244293 0.350381
v 0.249869 -0.229083 0.350428
v 0.318062 -0.118331 0.350452
v 0.334016 -0.118483 0.335309
v 0.330364 -0.136841 0.335309
v 0.357584 0 0.335309
v 0.339621 -0.009944 0.350452
v 0.339621 0.009944 0.350452
v 0.311393 0.137006 0.350428
v 0.319965 0.152405 0.335309
v 0.330364 0.136841 0.335309
v 0.237408 0.244293 0.350381
v 0.237286 0.263249 0.335309
v 0.25285 0.25285 0.335309
v 0.144959 0.306066 0.350381
v 0.128334 0.31604 0.350314
v 0.118483 0.334016 0.335309
v 0 0.357584 0.335309
v 0.01865 0.337858 0.350314
v 0 0.341782 0.350181
v -0.01865 0.337858 0.350314
v -0.144959 0.306066 0.350381
v -0.136841 0.330364 0.335309
v -0.252847 0.252847 0.335325
v -0.237286 0.263249 0.335309
v -0.237408 0.244293 0.350381
v -0.249869 0.229083 0.350428
v -0.318062 0.118331 0.350452
v -0.334016 0.118483 0.335309
v -0.330364 0.136841 0.335309
v -0.357584 0 0.335309
v -0.339621 0.009944 0.350452
v -0.339621 -0.009944 0.350452
v -0.311393 -0.137006 0.350428
v -0.319965 -0.152405 0.335309
v -0.330364 -0.136841 0.335309
v -0.25285 -0.25285 0.335309
v -0.249869 -0.229083 0.350428
v -0.237408 -0.244293 0.350381
v -0.128334 -0.31604 0.350314
v -0.118483 -0.334016 0.335309
v -0.136841 -0.330364 0.335309
vt 0.939109 0.0817138
vt 0.927734 0.0620117
vt 0.947436 0.0733867
vt 0.950484 0.0620117
vt 0.927734 0.0620117
vt 0.947436 0.0506367
vt 0.939109 0.0423097
vt 0.927734 0.0620117
vt 0.927734 0.0392617
vt 0.916359 0.0423097
vt 0.927734 0.0620117
vt 0.908032 0.0506367
vt 0.904984 0.0620117
vt 0.927734 0.0620117
vt 0.908032 0.0733867
vt 0.916359 0.0817138
vt 0.927734 0.0620117
vt 0.927734 0.0847617
vt 0.908032 0.0733867
vt 0.927734 0.0620117
vt 0.916359 0.0817138
vt 0.908032 0.0506367
vt 0.927734 0.0620117
vt 0.904984 0.0620117
vt 0.927734 0.0392617
vt 0.927734 0.0620117
vt 0.916359 0.0423097
vt 0.947436 0.0506367
vt 0.927734 0.0620117
vt 0.939109 0.0423097
vt 0.947436 0.0733867
vt 0.927734 0.0620117
vt 0.950484 0.0620117
vt 0.927734 0.0847617
vt 0.927734 0.0620117
vt 0.939109 0.0817138
vt 0.916359 0.0423097
vt 0.908032 0.0506367
vt 0.916359 0.0423097
vt 0.947436 0.0506367
vt 0.939109 0.0423097
vt 0.947436 0.0506367
vt 0.927734 0.0847617
vt 0.916359 0.0817138
vt 0.927734 0.0847617
vt 0.947436 0.0733867
vt 0.939109 0.0817138
vt 0.947436 0.0733867
vt 0.950484 0.0620117
vt 0.947436 0.0733867
vt 0.947436 0.0733867
vt 0.939109 0.0423097
vt 0.939109 0.0423097
vt 0.947436 0.0506367
vt 0.927734 0.0392617
vt 0.939109 0.0423097
vt 0.939109 0.0423097
vt 0.908032 0.0506367
vt 0.908032 0.0506367
vt 0.916359 0.0423097
vt 0.904984 0.0620117
vt 0.908032 0.0506367
vt 0.908032 0.0506367
vt 0.908032 0.0733867
vt 0.908032 0.0733867
vt 0.904984 0.0620117
vt 0.916359 0.0817138
vt 0.908032 0.0733867
vt 0.908032 0.0733867
vt 0.939109 0.0817138
vt 0.927734 0.0847617
vt 0.927734 0.0847617
vt 0.916359 0.0817138
vt 0.916359 0.0817138
vt 0.927734 0.0847617
vt 0.916359 0.0817138
vt 0.908032 0.0733867
vt 0.916359 0.0817138
vt 0.904984 0.0620117
vt 0.904984 0.0620117
vt 0.908032 0.0733867
vt 0.904984 0.0620117
vt 0.908032 0.0506367
vt 0.904984 0.0620117
vt 0.927734 0.0392617
vt 0.916359 0.0423097
vt 0.916359 0.0423097
vt 0.927734 0.0392617
vt 0.916359 0.0423097
vt 0.927734 0.0392617
vt 0.927734 0.0392617
vt 0.939109 0.0423097
vt 0.927734 0.0392617
vt 0.950484 0.0620117
vt 0.947436 0.0506367
vt 0.947436 0.0506367
vt 0.950484 0.0620117
vt 0.947436 0.0506367
vt 0.950484 0.0620117
vt 0.950484 0.0620117
vt 0.947436 0.0733867
vt 0.950484 0.0620117
vt 0.939109 0.0817138
vt 0.947436 0.0733867
vt 0.939109 0.0817138
vt 0.939109 0.0817138
vt 0.927734 0.0847617
vt 0.939109 0.0817138
vt 0.940859 0.0847449
vt 0.927734 0.0882618
vt 0.939109 0.0817138
vt 0.947436 0.0733867
vt 0.940859 0.0847449
vt 0.939109 0.0817138
vt 0.953984 0.0620117
vt 0.950468 0.0751367
vt 0.950484 0.0620117
vt 0.947436 0.0506367
vt 0.953984 0.0620117
vt 0.950484 0.0620117
vt 0.940859 0.0392786
vt 0.950468 0.0488867
vt 0.939109 0.0423097
vt 0.927734 0.0392617
vt 0.940859 0.0392786
vt 0.939109 0.0423097
vt 0.914609 0.0392786
vt 0.927734 0.0357617
vt 0.916359 0.0423097
vt 0.908032 0.0506367
vt 0.914609 0.0392786
vt 0.916359 0.0423097
vt 0.901484 0.0620117
vt 0.905001 0.0488867
vt 0.904984 0.0620117
vt 0.908032 0.0733867
vt 0.901484 0.0620117
vt 0.904984 0.0620117
vt 0.914609 0.0847449
vt 0.905001 0.0751367
vt 0.916359 0.0817138
vt 0.927734 0.0847617
vt 0.914609 0.0847449
vt 0.916359 0.0817138
vt 0.947436 0.0733867
vt 0.950484 0.0620117
vt 0.950468 0.0751367
vt 0.950468 0.0751367
vt 0.940859 0.0847449
vt 0.947436 0.0733867
vt 0.927734 0.0847617
vt 0.939109 0.0817138
vt 0.927734 0.0882618
vt 0.927734 0.0882618
vt 0.914609 0.0847449
vt 0.927734 0.0847617
vt 0.908032 0.0733867
vt 0.916359 0.0817138
vt 0.905001 0.0751367
vt 0.905001 0.0751367
vt 0.901484 0.0620117
vt 0.908032 0.0733867
vt 0.908032 0.0506367
vt 0.904984 0.0620117
vt 0.905001 0.0488867
vt 0.905001 0.0488867
vt 0.914609 0.0392786
vt 0.908032 0.0506367
vt 0.927734 0.0392617
vt 0.916359 0.0423097
vt 0.927734 0.0357617
vt 0.927734 0.0357617
vt 0.940859 0.0392786
vt 0.927734 0.0392617
vt 0.947436 0.0506367
vt 0.939109 0.0423097
vt 0.950468 0.0488867
vt 0.950468 0.0488867
vt 0.953984 0.0620117
vt 0.947436 0.0506367
vt 0.905001 0.0751367
vt 0.914609 0.0847449
vt 0.912859 0.087776
vt 0.90197 0.0768867
vt 0.905001 0.0751367
vt 0.912859 0.087776
vt 0.897984 0.0620117
vt 0.901484 0.0620117
vt 0.90197 0.0768867
vt 0.90197 0.0471367
vt 0.901484 0.0620117
vt 0.897984 0.0620117
vt 0.914609 0.0392786
vt 0.905001 0.0488867
vt 0.912859 0.0362475
vt 0.927734 0.0322617
vt 0.914609 0.0392786
vt 0.912859 0.0362475
vt 0.950468 0.0488867
vt 0.940859 0.0392786
vt 0.942609 0.0362475
vt 0.953499 0.0471367
vt 0.950468 0.0488867
vt 0.942609 0.0362475
vt 0.957484 0.0620117
vt 0.953984 0.0620117
vt 0.953499 0.0471367
vt 0.953499 0.0768867
vt 0.953984 0.0620117
vt 0.957484 0.0620117
vt 0.940859 0.0847449
vt 0.950468 0.0751367
vt 0.942609 0.087776
vt 0.927734 0.0917618
vt 0.940859 0.0847449
vt 0.942609 0.087776
vt 0.953984 0.0620117
vt 0.950468 0.0488867
vt 0.953499 0.0471367
vt 0.927734 0.0322617
vt 0.942609 0.0362475
vt 0.940859 0.0392786
vt 0.927734 0.0357617
vt 0.927734 0.0322617
vt 0.940859 0.0392786
vt 0.927734 0.0357617
vt 0.914609 0.0392786
vt 0.927734 0.0322617
vt 0.90197 0.0471367
vt 0.912859 0.0362475
vt 0.905001 0.0488867
vt 0.905001 0.0488867
vt 0.901484 0.0620117
vt 0.90197 0.0471367
vt 0.901484 0.0620117
vt 0.905001 0.0751367
vt 0.90197 0.0768867
vt 0.927734 0.0917618
vt 0.912859 0.087776
vt 0.914609 0.0847449
vt 0.927734 0.0882618
vt 0.927734 0.0917618
vt 0.914609 0.0847449
vt 0.927734 0.0882618
vt 0.940859 0.0847449
vt 0.927734 0.0917618
vt 0.953499 0.0768867
vt 0.942609 0.087776
vt 0.950468 0.0751367
vt 0.950468 0.0751367
vt 0.953984 0.0620117
vt 0.953499 0.0768867
vt 0.927734 0.0322617
vt 0.942609 0.0362475
vt 0.927734 0.0322617
vt 0.927734 0.0917618
vt 0.942609 0.087776
vt 0.942609 0.087776
vt 0.927734 0.0917618
vt 0.927734 0.0917618
vt 0.942609 0.087776
vt 0.90197 0.0768867
vt 0.90197 0.0768867
vt 0.912859 0.087776
vt 0.897984 0.0620117
vt 0.90197 0.0768867
vt 0.90197 0.0768867
vt 0.90197 0.0471367
vt 0.897984 0.0620117
vt 0.90197 0.0471367
vt 0.912859 0.0362475
vt 0.90197 0.0471367
vt 0.90197 0.0471367
vt 0.942609 0.0362475
vt 0.942609 0.0362475
vt 0.927734 0.0322617
vt 0.953499 0.0471367
vt 0.942609 0.0362475
vt 0.942609 0.0362475
vt 0.957484 0.0620117
vt 0.953499 0.0471367
vt 0.957484 0.0620117
vt 0.953499 0.0768867
vt 0.957484 0.0620117
vt 0.957484 0.0620117
vt 0.912859 0.087776
vt 0.927734 0.0917618
vt 0.927734 0.0917618
vt 0.953499 0.0768867
vt 0.942609 0.087776
vt 0.942609 0.087776
vt 0.953499 0.0768867
vt 0.953499 0.0768867
vt 0.942609 0.087776
vt 0.953499 0.0768867
vt 0.957484 0.0620117
vt 0.953499 0.0768867
vt 0.953499 0.0471367
vt 0.957484 0.0620117
vt 0.953499 0.0471367
vt 0.953499 0.0471367
vt 0.942609 0.0362475
vt 0.953499 0.0471367
vt 0.912859 0.0362475
vt 0.927734 0.0322617
vt 0.927734 0.0322617
vt 0.912859 0.0362475
vt 0.927734 0.0322617
vt 0.912859 0.0362475
vt 0.912859 0.0362475
vt 0.90197 0.0471367
vt 0.912859 0.0362475
vt 0.897984 0.0620117
vt 0.90197 0.0471367
vt 0.897984 0.0620117
vt 0.897984 0.0620117
vt 0.90197 0.0768867
vt 0.897984 0.0620117
vt 0.912859 0.087776
vt 0.912859 0.087776
vt 0.90197 0.0768867
vt 0.912859 0.087776
vt 0.927734 0.0917618
vt 0.912859 0.087776
vt 0.905001 0.0751367
vt 0.897984 0.0620117
vt 0.90197 0.0768867
vt 0.940859 0.0847449
vt 0.927734 0.0882618
vt 0.927734 0.0917618
vt 0.942609 0.087776
vt 0.940859 0.0847449
vt 0.927734 0.0917618
vt 0.901484 0.0620117
vt 0.897984 0.0620117
vt 0.905001 0.0751367
vt 0.905001 0.0488867
vt 0.90197 0.0471367
vt 0.901484 0.0620117
vt 0.914609 0.0392786
vt 0.90197 0.0471367
vt 0.905001 0.0488867
vt 0.942609 0.0362475
vt 0.927734 0.0322617
vt 0.927734 0.0357617
vt 0.940859 0.0392786
vt 0.942609 0.0362475
vt 0.927734 0.0357617
vt 0.950468 0.0488867
vt 0.942609 0.0362475
vt 0.940859 0.0392786
vt 0.953984 0.0620117
vt 0.957484 0.0620117
vt 0.950468 0.0488867
vt 0.950468 0.0751367
vt 0.957484 0.0620117
vt 0.953984 0.0620117
vt 0.914609 0.0847449
vt 0.927734 0.0917618
vt 0.927734 0.0882618
vt 0.950468 0.0751367
vt 0.940859 0.0847449
vt 0.942609 0.087776
vt 0.953499 0.0768867
vt 0.950468 0.0751367
vt 0.942609 0.087776
vt 0.953499 0.0768867
vt 0.957484 0.0620117
vt 0.950468 0.0751367
vt 0.953499 0.0471367
vt 0.950468 0.0488867
vt 0.957484 0.0620117
vt 0.953499 0.0471367
vt 0.942609 0.0362475
vt 0.950468 0.0488867
vt 0.914609 0.0392786
vt 0.927734 0.0357617
vt 0.927734 0.0322617
vt 0.912859 0.0362475
vt 0.914609 0.0392786
vt 0.927734 0.0322617
vt 0.912859 0.0362475
vt 0.90197 0.0471367
vt 0.914609 0.0392786
vt 0.90197 0.0471367
vt 0.897984 0.0620117
vt 0.901484 0.0620117
vt 0.912859 0.087776
vt 0.905001 0.0751367
vt 0.90197 0.0768867
vt 0.914609 0.0847449
vt 0.905001 0.0751367
vt 0.912859 0.087776
vt 0.912859 0.087776
vt 0.927734 0.0917618
vt 0.914609 0.0847449
vt 0.916359 0.0817138
vt 0.927734 0.0882618
vt 0.927734 0.0847617
vt 0.905001 0.0751367
vt 0.914609 0.0847449
vt 0.908032 0.0733867
vt 0.904984 0.0620117
vt 0.905001 0.0751367
vt 0.908032 0.0733867
vt 0.914609 0.0392786
vt 0.905001 0.0488867
vt 0.908032 0.0506367
vt 0.916359 0.0423097
vt 0.914609 0.0392786
vt 0.908032 0.0506367
vt 0.927734 0.0392617
vt 0.914609 0.0392786
vt 0.916359 0.0423097
vt 0.940859 0.0392786
vt 0.927734 0.0357617
vt 0.939109 0.0423097
vt 0.947436 0.0506367
vt 0.940859 0.0392786
vt 0.939109 0.0423097
vt 0.953984 0.0620117
vt 0.950468 0.0488867
vt 0.950484 0.0620117
vt 0.947436 0.0733867
vt 0.953984 0.0620117
vt 0.950484 0.0620117
vt 0.940859 0.0847449
vt 0.950468 0.0751367
vt 0.939109 0.0817138
vt 0.927734 0.0847617
vt 0.940859 0.0847449
vt 0.939109 0.0817138
vt 0.927734 0.0882618
vt 0.940859 0.0847449
vt 0.927734 0.0847617
vt 0.947436 0.0733867
vt 0.939109 0.0817138
vt 0.950468 0.0751367
vt 0.950468 0.0751367
vt 0.953984 0.0620117
vt 0.947436 0.0733867
vt 0.947436 0.0506367
vt 0.950484 0.0620117
vt 0.950468 0.0488867
vt 0.950468 0.0488867
vt 0.940859 0.0392786
vt 0.947436 0.0506367
vt 0.927734 0.0392617
vt 0.939109 0.0423097
vt 0.927734 0.0357617
vt 0.927734 0.0357617
vt 0.914609 0.0392786
vt 0.927734 0.0392617
vt 0.904984 0.0620117
vt 0.908032 0.0506367
vt 0.905001 0.0488867
vt 0.901484 0.0620117
vt 0.904984 0.0620117
vt 0.905001 0.0488867
vt 0.901484 0.0620117
vt 0.905001 0.0751367
vt 0.904984 0.0620117
vt 0.916359 0.0817138
vt 0.908032 0.0733867
vt 0.914609 0.0847449
vt 0.914609 0.0847449
vt 0.927734 0.0882618
vt 0.916359 0.0817138
vt 0.947436 0.0733867
vt 0.950484 0.0620117
vt 0.947436 0.0733867
vt 0.939109 0.0817138
vt 0.947436 0.0733867
vt 0.947436 0.0733867
vt 0.927734 0.0847617
vt 0.939109 0.0817138
vt 0.927734 0.0847617
vt 0.916359 0.0817138
vt 0.927734 0.0847617
vt 0.927734 0.0847617
vt 0.908032 0.0733867
vt 0.916359 0.0817138
vt 0.908032 0.0733867
vt 0.904984 0.0620117
vt 0.908032 0.0733867
vt 0.908032 0.0733867
vt 0.908032 0.0506367
vt 0.904984 0.0620117
vt 0.908032 0.0506367
vt 0.916359 0.0423097
vt 0.908032 0.0506367
vt 0.908032 0.0506367
vt 0.927734 0.0392617
vt 0.916359 0.0423097
vt 0.927734 0.0392617
vt 0.939109 0.0423097
vt 0.927734 0.0392617
vt 0.927734 0.0392617
vt 0.947436 0.0506367
vt 0.939109 0.0423097
vt 0.947436 0.0506367
vt 0.950484 0.0620117
vt 0.947436 0.0506367
vt 0.947436 0.0506367
vt 0.939109 0.0817138
vt 0.927734 0.0847617
vt 0.939109 0.0817138
vt 0.939109 0.0817138
vt 0.947436 0.0733867
vt 0.939109 0.0817138
vt 0.950484 0.0620117
vt 0.947436 0.0733867
vt 0.950484 0.0620117
vt 0.950484 0.0620117
vt 0.947436 0.0506367
vt 0.950484 0.0620117
vt 0.939109 0.0423097
vt 0.947436 0.0506367
vt 0.939109 0.0423097
vt 0.939109 0.0423097
vt 0.927734 0.0392617
vt 0.939109 0.0423097
vt 0.916359 0.0423097
vt 0.927734 0.0392617
vt 0.916359 0.0423097
vt 0.916359 0.0423097
vt 0.908032 0.0506367
vt 0.916359 0.0423097
vt 0.904984 0.0620117
vt 0.908032 0.0506367
vt 0.904984 0.0620117
vt 0.904984 0.0620117
vt 0.908032 0.0733867
vt 0.904984 0.0620117
vt 0.916359 0.0817138
vt 0.908032 0.0733867
vt 0.916359 0.0817138
vt 0.916359 0.0817138
vt 0.927734 0.0847617
vt 0.916359 0.0817138
vt 0.916359 0.0817138
vt 0.927734 0.0847617
vt 0.927734 0.0620117
vt 0.904984 0.0620117
vt 0.908032 0.0733867
vt 0.927734 0.0620117
vt 0.916359 0.0423097
vt 0.908032 0.0506367
vt 0.927734 0.0620117
vt 0.939109 0.0423097
vt 0.927734 0.0392617
vt 0.927734 0.0620117
vt 0.950484 0.0620117
vt 0.947436 0.0506367
vt 0.927734 0.0620117
vt 0.939109 0.0817138
vt 0.947436 0.0733867
vt 0.927734 0.0620117
vt 0.947436 0.0506367
vt 0.939109 0.0423097
vt 0.927734 0.0620117
vt 0.927734 0.0392617
vt 0.916359 0.0423097
vt 0.927734 0.0620117
vt 0.908032 0.0506367
vt 0.904984 0.0620117
vt 0.927734 0.0620117
vt 0.908032 0.0733867
vt 0.916359 0.0817138
vt 0.927734 0.0620117
vt 0.939109 0.0817138
vt 0.927734 0.0620117
vt 0.927734 0.0847617
vt 0.947436 0.0733867
vt 0.950484 0.0620117
vt 0.927734 0.0620117
vt 0.947436 0.0733867
vt 0.927734 0.0620117
vt 0.939109 0.0817138
vt 0.947436 0.0506367
vt 0.927734 0.0620117
vt 0.950484 0.0620117
vt 0.927734 0.0392617
vt 0.927734 0.0620117
vt 0.939109 0.0423097
vt 0.908032 0.0506367
vt 0.927734 0.0620117
vt 0.916359 0.0423097
vt 0.908032 0.0733867
vt 0.927734 0.0620117
vt 0.904984 0.0620117
vt 0.927734 0.0847617
vt 0.927734 0.0620117
vt 0.916359 0.0817138
vt 0.916359 0.0817138
vt 0.927734 0.0620117
vt 0.908032 0.0733867
vt 0.904984 0.0620117
vt 0.927734 0.0620117
vt 0.908032 0.0506367
vt 0.916359 0.0423097
vt 0.927734 0.0620117
vt 0.927734 0.0392617
vt 0.939109 0.0423097
vt 0.927734 0.0620117
vt 0.947436 0.0506367
vt 0.950484 0.0620117
vt 0.927734 0.0620117
vt 0.947436 0.0733867
vt 0.927734 0.0847617
vt 0.939109 0.0817138
vt 0.927734 0.0620117
vt 0.916359 0.0423097
vt 0.916359 0.0423097
vt 0.908032 0.0506367
vt 0.947436 0.0506367
vt 0.947436 0.0506367
vt 0.939109 0.0423097
vt 0.927734 0.0847617
vt 0.927734 0.0847617
vt 0.916359 0.0817138
vt 0.947436 0.0733867
vt 0.947436 0.0733867
vt 0.939109 0.0817138
vt 0.950484 0.0620117
vt 0.947436 0.0733867
vt 0.947436 0.0733867
vt 0.939109 0.0423097
vt 0.947436 0.0506367
vt 0.939109 0.0423097
vt 0.927734 0.0392617
vt 0.939109 0.0423097
vt 0.939109 0.0423097
vt 0.908032 0.0506367
vt 0.916359 0.0423097
vt 0.908032 0.0506367
vt 0.904984 0.0620117
vt 0.908032 0.0506367
vt 0.908032 0.0506367
vt 0.908032 0.0733867
vt 0.904984 0.0620117
vt 0.908032 0.0733867
vt 0.916359 0.0817138
vt 0.908032 0.0733867
vt 0.908032 0.0733867
vt 0.939109 0.0817138
vt 0.927734 0.0847617
vt 0.927734 0.0847617
vt 0.916359 0.0817138
vt 0.927734 0.0847617
vt 0.916359 0.0817138
vt 0.916359 0.0817138
vt 0.916359 0.0817138
vt 0.908032 0.0733867
vt 0.904984 0.0620117
vt 0.908032 0.0733867
vt 0.904984 0.0620117
vt 0.904984 0.0620117
vt 0.904984 0.0620117
vt 0.908032 0.0506367
vt 0.927734 0.0392617
vt 0.916359 0.0423097
vt 0.916359 0.0423097
vt 0.927734 0.0392617
vt 0.927734 0.0392617
vt 0.916359 0.0423097
vt 0.927734 0.0392617
vt 0.927734 0.0392617
vt 0.939109 0.0423097
vt 0.950484 0.0620117
vt 0.947436 0.0506367
vt 0.947436 0.0506367
vt 0.950484 0.0620117
vt 0.950484 0.0620117
vt 0.947436 0.0506367
vt 0.950484 0.0620117
vt 0.950484 0.0620117
vt 0.947436 0.0733867
vt 0.939109 0.0817138
vt 0.939109 0.0817138
vt 0.947436 0.0733867
vt 0.939109 0.0817138
vt 0.939109 0.0817138
vt 0.927734 0.0847617
vt 0.940859 0.0847449
vt 0.939109 0.0817138
vt 0.927734 0.0882617
vt 0.947436 0.0733867
vt 0.939109 0.0817138
vt 0.940859 0.0847449
vt 0.953984 0.0620117
vt 0.950484 0.0620117
vt 0.950468 0.0751367
vt 0.947436 0.0506367
vt 0.950484 0.0620117
vt 0.953984 0.0620117
vt 0.940859 0.0392786
vt 0.939109 0.0423097
vt 0.950468 0.0488867
vt 0.927734 0.0392617
vt 0.939109 0.0423097
vt 0.940859 0.0392786
vt 0.914609 0.0392786
vt 0.916359 0.0423097
vt 0.927734 0.0357617
vt 0.908032 0.0506367
vt 0.916359 0.0423097
vt 0.914609 0.0392786
vt 0.901484 0.0620117
vt 0.904984 0.0620117
vt 0.905001 0.0488867
vt 0.908032 0.0733867
vt 0.904984 0.0620117
vt 0.901484 0.0620117
vt 0.914609 0.0847449
vt 0.916359 0.0817138
vt 0.905001 0.0751367
vt 0.927734 0.0847617
vt 0.916359 0.0817138
vt 0.914609 0.0847449
vt 0.947436 0.0733867
vt 0.950468 0.0751367
vt 0.950484 0.0620117
vt 0.950468 0.0751367
vt 0.947436 0.0733867
vt 0.940859 0.0847449
vt 0.927734 0.0847617
vt 0.927734 0.0882617
vt 0.939109 0.0817138
vt 0.927734 0.0882617
vt 0.927734 0.0847617
vt 0.914609 0.0847449
vt 0.908032 0.0733867
vt 0.905001 0.0751367
vt 0.916359 0.0817138
vt 0.905001 0.0751367
vt 0.908032 0.0733867
vt 0.901484 0.0620117
vt 0.908032 0.0506367
vt 0.905001 0.0488867
vt 0.904984 0.0620117
vt 0.905001 0.0488867
vt 0.908032 0.0506367
vt 0.914609 0.0392786
vt 0.927734 0.0392617
vt 0.927734 0.0357617
vt 0.916359 0.0423097
vt 0.927734 0.0357617
vt 0.927734 0.0392617
vt 0.940859 0.0392786
vt 0.947436 0.0506367
vt 0.950468 0.0488867
vt 0.939109 0.0423097
vt 0.950468 0.0488867
vt 0.947436 0.0506367
vt 0.953984 0.0620117
vt 0.905001 0.0751367
vt 0.912859 0.087776
vt 0.914609 0.0847449
vt 0.90197 0.0768867
vt 0.912859 0.087776
vt 0.905001 0.0751367
vt 0.897984 0.0620117
vt 0.90197 0.0768867
vt 0.901484 0.0620117
vt 0.90197 0.0471367
vt 0.897984 0.0620117
vt 0.901484 0.0620117
vt 0.914609 0.0392786
vt 0.912859 0.0362475
vt 0.905001 0.0488867
vt 0.927734 0.0322617
vt 0.912859 0.0362475
vt 0.914609 0.0392786
vt 0.950468 0.0488867
vt 0.942609 0.0362475
vt 0.940859 0.0392786
vt 0.953499 0.0471367
vt 0.942609 0.0362475
vt 0.950468 0.0488867
vt 0.957484 0.0620117
vt 0.953499 0.0471367
vt 0.953984 0.0620117
vt 0.953499 0.0768867
vt 0.957484 0.0620117
vt 0.953984 0.0620117
vt 0.940859 0.0847449
vt 0.942609 0.087776
vt 0.950468 0.0751367
vt 0.927734 0.0917618
vt 0.942609 0.087776
vt 0.940859 0.0847449
vt 0.953984 0.0620117
vt 0.953499 0.0471367
vt 0.950468 0.0488867
vt 0.927734 0.0322617
vt 0.940859 0.0392786
vt 0.942609 0.0362475
vt 0.927734 0.0357617
vt 0.940859 0.0392786
vt 0.927734 0.0322617
vt 0.927734 0.0357617
vt 0.927734 0.0322617
vt 0.914609 0.0392786
vt 0.90197 0.0471367
vt 0.905001 0.0488867
vt 0.912859 0.0362475
vt 0.905001 0.0488867
vt 0.90197 0.0471367
vt 0.901484 0.0620117
vt 0.901484 0.0620117
vt 0.90197 0.0768867
vt 0.905001 0.0751367
vt 0.927734 0.0917618
vt 0.914609 0.0847449
vt 0.912859 0.087776
vt 0.927734 0.0882617
vt 0.914609 0.0847449
vt 0.927734 0.0917618
vt 0.927734 0.0882617
vt 0.927734 0.0917618
vt 0.940859 0.0847449
vt 0.953499 0.0768867
vt 0.950468 0.0751367
vt 0.942609 0.087776
vt 0.950468 0.0751367
vt 0.953499 0.0768867
vt 0.953984 0.0620117
vt 0.927734 0.0322617
vt 0.927734 0.0322617
vt 0.942609 0.0362475
vt 0.927734 0.0917618
vt 0.942609 0.087776
vt 0.942609 0.087776
vt 0.927734 0.0917617
vt 0.942609 0.087776
vt 0.927734 0.0917618
vt 0.90197 0.0768867
vt 0.912859 0.087776
vt 0.90197 0.0768867
vt 0.897984 0.0620117
vt 0.90197 0.0768867
vt 0.90197 0.0768867
vt 0.90197 0.0471367
vt 0.90197 0.0471367
vt 0.897984 0.0620117
vt 0.912859 0.0362475
vt 0.90197 0.0471367
vt 0.90197 0.0471367
vt 0.942609 0.0362475
vt 0.927734 0.0322617
vt 0.942609 0.0362475
vt 0.953499 0.0471367
vt 0.942609 0.0362475
vt 0.942609 0.0362475
vt 0.957484 0.0620117
vt 0.957484 0.0620117
vt 0.953499 0.0471367
vt 0.953499 0.0768867
vt 0.957484 0.0620117
vt 0.957484 0.0620117
vt 0.912859 0.087776
vt 0.927734 0.0917617
vt 0.927734 0.0917618
vt 0.953499 0.0768867
vt 0.942609 0.087776
vt 0.942609 0.087776
vt 0.953499 0.0768867
vt 0.942609 0.087776
vt 0.953499 0.0768867
vt 0.953499 0.0768867
vt 0.953499 0.0768867
vt 0.957484 0.0620117
vt 0.953499 0.0471367
vt 0.953499 0.0471367
vt 0.957484 0.0620117
vt 0.953499 0.0471367
vt 0.953499 0.0471367
vt 0.942609 0.0362475
vt 0.912859 0.0362475
vt 0.927734 0.0322617
vt 0.927734 0.0322617
vt 0.912859 0.0362475
vt 0.912859 0.0362475
vt 0.927734 0.0322617
vt 0.912859 0.0362475
vt 0.912859 0.0362475
vt 0.90197 0.0471367
vt 0.897984 0.0620117
vt 0.897984 0.0620117
vt 0.90197 0.0471367
vt 0.897984 0.0620117
vt 0.897984 0.0620117
vt 0.90197 0.0768867
vt 0.912859 0.087776
vt 0.90197 0.0768867
vt 0.912859 0.087776
vt 0.912859 0.087776
vt 0.912859 0.087776
vt 0.927734 0.0917618
vt 0.905001 0.0751367
vt 0.90197 0.0768867
vt 0.897984 0.0620117
vt 0.940859 0.0847449
vt 0.927734 0.0917617
vt 0.927734 0.0882617
vt 0.942609 0.087776
vt 0.927734 0.0917617
vt 0.940859 0.0847449
vt 0.901484 0.0620117
vt 0.905001 0.0751367
vt 0.897984 0.0620117
vt 0.905001 0.0488867
vt 0.901484 0.0620117
vt 0.90197 0.0471367
vt 0.914609 0.0392786
vt 0.905001 0.0488867
vt 0.90197 0.0471367
vt 0.942609 0.0362475
vt 0.927734 0.0357617
vt 0.927734 0.0322617
vt 0.940859 0.0392785
vt 0.927734 0.0357617
vt 0.942609 0.0362475
vt 0.950468 0.0488867
vt 0.940859 0.0392785
vt 0.942609 0.0362475
vt 0.953984 0.0620117
vt 0.950468 0.0488867
vt 0.957484 0.0620117
vt 0.950468 0.0751367
vt 0.953984 0.0620117
vt 0.957484 0.0620117
vt 0.914609 0.0847449
vt 0.927734 0.0882617
vt 0.927734 0.0917617
vt 0.950468 0.0751367
vt 0.942609 0.087776
vt 0.940859 0.0847449
vt 0.953499 0.0768867
vt 0.942609 0.087776
vt 0.950468 0.0751367
vt 0.953499 0.0768867
vt 0.950468 0.0751367
vt 0.957484 0.0620117
vt 0.953499 0.0471367
vt 0.957484 0.0620117
vt 0.950468 0.0488867
vt 0.953499 0.0471367
vt 0.950468 0.0488867
vt 0.942609 0.0362475
vt 0.914609 0.0392786
vt 0.927734 0.0322617
vt 0.927734 0.0357617
vt 0.912859 0.0362475
vt 0.927734 0.0322617
vt 0.914609 0.0392786
vt 0.912859 0.0362475
vt 0.914609 0.0392786
vt 0.90197 0.0471367
vt 0.90197 0.0471367
vt 0.901484 0.0620117
vt 0.897984 0.0620117
vt 0.912859 0.087776
vt 0.90197 0.0768867
vt 0.905001 0.0751367
vt 0.914609 0.0847449
vt 0.912859 0.087776
vt 0.905001 0.0751367
vt 0.912859 0.087776
vt 0.914609 0.0847449
vt 0.927734 0.0917617
vt 0.916359 0.0817138
vt 0.927734 0.0847617
vt 0.927734 0.0882617
vt 0.905001 0.0751367
vt 0.908032 0.0733867
vt 0.914609 0.0847449
vt 0.904984 0.0620117
vt 0.908032 0.0733867
vt 0.905001 0.0751367
vt 0.914609 0.0392786
vt 0.908032 0.0506367
vt 0.905001 0.0488867
vt 0.916359 0.0423097
vt 0.908032 0.0506367
vt 0.914609 0.0392786
vt 0.927734 0.0392617
vt 0.916359 0.0423097
vt 0.914609 0.0392786
vt 0.940859 0.0392785
vt 0.939109 0.0423097
vt 0.927734 0.0357617
vt 0.947436 0.0506367
vt 0.939109 0.0423097
vt 0.940859 0.0392785
vt 0.953984 0.0620117
vt 0.950484 0.0620117
vt 0.950468 0.0488867
vt 0.947436 0.0733867
vt 0.950484 0.0620117
vt 0.953984 0.0620117
vt 0.940859 0.0847449
vt 0.939109 0.0817138
vt 0.950468 0.0751367
vt 0.927734 0.0847617
vt 0.939109 0.0817138
vt 0.940859 0.0847449
vt 0.927734 0.0882617
vt 0.927734 0.0847617
vt 0.940859 0.0847449
vt 0.947436 0.0733867
vt 0.950468 0.0751367
vt 0.939109 0.0817138
vt 0.950468 0.0751367
vt 0.947436 0.0733867
vt 0.953984 0.0620117
vt 0.947436 0.0506367
vt 0.950468 0.0488867
vt 0.950484 0.0620117
vt 0.950468 0.0488867
vt 0.947436 0.0506367
vt 0.940859 0.0392785
vt 0.927734 0.0392617
vt 0.927734 0.0357617
vt 0.939109 0.0423097
vt 0.927734 0.0357617
vt 0.927734 0.0392617
vt 0.914609 0.0392786
vt 0.904984 0.0620117
vt 0.905001 0.0488867
vt 0.908032 0.0506367
vt 0.901484 0.0620117
vt 0.905001 0.0488867
vt 0.904984 0.0620117
vt 0.901484 0.0620117
vt 0.904984 0.0620117
vt 0.905001 0.0751367
vt 0.916359 0.0817138
vt 0.914609 0.0847449
vt 0.908032 0.0733867
vt 0.914609 0.0847449
vt 0.916359 0.0817138
vt 0.927734 0.0882617
vt 0.947436 0.0733867
vt 0.947436 0.0733867
vt 0.950484 0.0620117
vt 0.939109 0.0817138
vt 0.947436 0.0733867
vt 0.947436 0.0733867
vt 0.927734 0.0847617
vt 0.927734 0.0847617
vt 0.939109 0.0817138
vt 0.916359 0.0817138
vt 0.927734 0.0847617
vt 0.927734 0.0847617
vt 0.908032 0.0733867
vt 0.908032 0.0733867
vt 0.916359 0.0817138
vt 0.904984 0.0620117
vt 0.908032 0.0733867
vt 0.908032 0.0733867
vt 0.908032 0.0506367
vt 0.908032 0.0506367
vt 0.904984 0.0620117
vt 0.916359 0.0423097
vt 0.908032 0.0506367
vt 0.908032 0.0506367
vt 0.927734 0.0392617
vt 0.927734 0.0392617
vt 0.916359 0.0423097
vt 0.939109 0.0423097
vt 0.927734 0.0392617
vt 0.927734 0.0392617
vt 0.947436 0.0506367
vt 0.947436 0.0506367
vt 0.939109 0.0423097
vt 0.950484 0.0620117
vt 0.947436 0.0506367
vt 0.947436 0.0506367
vt 0.939109 0.0817138
vt 0.939109 0.0817138
vt 0.927734 0.0847617
vt 0.939109 0.0817138
vt 0.939109 0.0817138
vt 0.947436 0.0733867
vt 0.950484 0.0620117
vt 0.947436 0.0733867
vt 0.950484 0.0620117
vt 0.950484 0.0620117
vt 0.950484 0.0620117
vt 0.947436 0.0506367
vt 0.939109 0.0423097
vt 0.939109 0.0423097
vt 0.947436 0.0506367
vt 0.939109 0.0423097
vt 0.939109 0.0423097
vt 0.927734 0.0392617
vt 0.916359 0.0423097
vt 0.916359 0.0423097
vt 0.927734 0.0392617
vt 0.916359 0.0423097
vt 0.916359 0.0423097
vt 0.908032 0.0506367
vt 0.904984 0.0620117
vt 0.904984 0.0620117
vt 0.908032 0.0506367
vt 0.904984 0.0620117
vt 0.904984 0.0620117
vt 0.908032 0.0733867
vt 0.916359 0.0817138
vt 0.916359 0.0817138
vt 0.908032 0.0733867
vt 0.916359 0.0817138
vt 0.916359 0.0817138
vt 0.927734 0.0847617
vt 0.916359 0.0817138
vt 0.927734 0.0620117
vt 0.927734 0.0847617
vt 0.904984 0.0620117
vt 0.927734 0.0620117
vt 0.908032 0.0733867
vt 0.916359 0.0423097
vt 0.927734 0.0620117
vt 0.908032 0.0506367
vt 0.939109 0.0423097
vt 0.927734 0.0620117
vt 0.927734 0.0392617
vt 0.950484 0.0620117
vt 0.927734 0.0620117
vt 0.947436 0.0506367
vt 0.927734 0.0620117
vt 0.947436 0.0733867
vt 0.939109 0.0817138
vt 0.947436 0.0506367
vt 0.927734 0.0620117
vt 0.939109 0.0423097
vt 0.927734 0.0392617
vt 0.927734 0.0620117
vt 0.916359 0.0423097
vt 0.908032 0.0506367
vt 0.927734 0.0620117
vt 0.904984 0.0620117
vt 0.908032 0.0733867
vt 0.927734 0.0620117
vt 0.916359 0.0817138
vt 0.939109 0.0817138
vt 0.927734 0.0847617
vt 0.927734 0.0620117
vt 0.947436 0.0733867
vt 0.927734 0.0620117
vt 0.950484 0.0620117
vt 0.914609 0.0392785
vt 0.914267 0.0250113
vt 0.927734 0.0357617
vt 0.914267 0.0250113
vt 0.914609 0.0392785
vt 0.902425 0.0318488
vt 0.914267 0.0250113
vt 0.902425 0.0318488
vt 0.910051 0.0184628
vt 0.914267 0.0250113
vt 0.910051 0.0184628
vt 0.925165 0.0154565
vt 0.914267 0.0250113
vt 0.927734 0.0149158
vt 0.927734 0.0226367
vt 0.914267 0.0250113
vt 0.927734 0.0226367
vt 0.927734 0.0357617
vt 0.901484 0.0620117
vt 0.888958 0.0551743
vt 0.905001 0.0488867
vt 0.888958 0.0551743
vt 0.901484 0.0620117
vt 0.888958 0.0688491
vt 0.888958 0.0551743
vt 0.888958 0.0688491
vt 0.880936 0.0606415
vt 0.888958 0.0551743
vt 0.880936 0.0606415
vt 0.883907 0.0457063
vt 0.888958 0.0551743
vt 0.884826 0.0431329
vt 0.893635 0.0423242
vt 0.888958 0.0551743
vt 0.893635 0.0423242
vt 0.905001 0.0488867
vt 0.914609 0.0847449
vt 0.902425 0.0921747
vt 0.905001 0.0751367
vt 0.902425 0.0921747
vt 0.914609 0.0847449
vt 0.914267 0.0990121
vt 0.902425 0.0921747
vt 0.914267 0.0990121
vt 0.90776 0.104186
vt 0.902425 0.0921747
vt 0.90776 0.104186
vt 0.895021 0.0956742
vt 0.902425 0.0921747
vt 0.893304 0.0935783
vt 0.893635 0.0816992
vt 0.902425 0.0921747
vt 0.893635 0.0816992
vt 0.905001 0.0751367
vt 0.940859 0.0847449
vt 0.941201 0.0990121
vt 0.927734 0.0882617
vt 0.941201 0.0990121
vt 0.940859 0.0847449
vt 0.953044 0.0921747
vt 0.941201 0.0990121
vt 0.953044 0.0921747
vt 0.945418 0.105561
vt 0.941201 0.0990121
vt 0.945418 0.105561
vt 0.930304 0.108567
vt 0.941201 0.0990121
vt 0.927734 0.109108
vt 0.927734 0.101387
vt 0.941201 0.0990121
vt 0.927734 0.101387
vt 0.927734 0.0882617
vt 0.953984 0.0620117
vt 0.966511 0.0688491
vt 0.950468 0.0751367
vt 0.966511 0.0688491
vt 0.953984 0.0620117
vt 0.966511 0.0551743
vt 0.966511 0.0688491
vt 0.966511 0.0551743
vt 0.974533 0.0633819
vt 0.966511 0.0688491
vt 0.974533 0.0633819
vt 0.971562 0.0783171
vt 0.966511 0.0688491
vt 0.970643 0.0808905
vt 0.961834 0.0816992
vt 0.966511 0.0688491
vt 0.961834 0.0816992
vt 0.950468 0.0751367
vt 0.940859 0.0392785
vt 0.953044 0.0318487
vt 0.950468 0.0488867
vt 0.953044 0.0318487
vt 0.940859 0.0392785
vt 0.941201 0.0250113
vt 0.953044 0.0318487
vt 0.941201 0.0250113
vt 0.947709 0.0198373
vt 0.953044 0.0318487
vt 0.947709 0.0198373
vt 0.960448 0.0283492
vt 0.953044 0.0318487
vt 0.962165 0.0304452
vt 0.961834 0.0423242
vt 0.953044 0.0318487
vt 0.961834 0.0423242
vt 0.950468 0.0488867
vt 0.927734 0.0226367
vt 0.930304 0.0154565
vt 0.941201 0.0250113
vt 0.927734 0.0226367
vt 0.941201 0.0250113
vt 0.927734 0.0357617
vt 0.962165 0.0304452
vt 0.970643 0.0431329
vt 0.961834 0.0423242
vt 0.961834 0.0423242
vt 0.971562 0.0457063
vt 0.966511 0.0551743
vt 0.961834 0.0423242
vt 0.966511 0.0551743
vt 0.950468 0.0488867
vt 0.970643 0.0808905
vt 0.962165 0.0935783
vt 0.961834 0.0816992
vt 0.961834 0.0816992
vt 0.960448 0.0956742
vt 0.953044 0.0921747
vt 0.961834 0.0816992
vt 0.953044 0.0921747
vt 0.950468 0.0751367
vt 0.927734 0.101387
vt 0.925165 0.108567
vt 0.914267 0.0990121
vt 0.927734 0.101387
vt 0.914267 0.0990121
vt 0.927734 0.0882617
vt 0.893304 0.0935783
vt 0.884826 0.0808905
vt 0.893635 0.0816992
vt 0.893635 0.0816992
vt 0.883907 0.0783171
vt 0.888958 0.0688491
vt 0.893635 0.0816992
vt 0.888958 0.0688491
vt 0.905001 0.0751367
vt 0.884826 0.0431329
vt 0.893304 0.0304452
vt 0.893635 0.0423242
vt 0.893635 0.0423242
vt 0.895021 0.0283493
vt 0.902425 0.0318488
vt 0.893635 0.0423242
vt 0.902425 0.0318488
vt 0.905001 0.0488867
vt 0.940859 0.0392785
vt 0.927734 0.0357617
vt 0.941201 0.0250113
vt 0.945418 0.0184628
vt 0.941201 0.0250113
vt 0.930304 0.0154565
vt 0.953984 0.0620117
vt 0.950468 0.0488867
vt 0.966511 0.0551743
vt 0.940859 0.0847449
vt 0.950468 0.0751367
vt 0.953044 0.0921747
vt 0.914609 0.0847449
vt 0.927734 0.0882617
vt 0.914267 0.0990121
vt 0.901484 0.0620117
vt 0.905001 0.0751367
vt 0.888958 0.0688491
vt 0.914609 0.0392785
vt 0.905001 0.0488867
vt 0.902425 0.0318488
vt 0.895021 0.0283493
vt 0.90776 0.0198373
vt 0.902425 0.0318488
vt 0.883907 0.0783171
vt 0.880936 0.0633819
vt 0.888958 0.0688491
vt 0.925165 0.108567
vt 0.910051 0.105561
vt 0.914267 0.0990121
vt 0.960448 0.0956742
vt 0.947709 0.104186
vt 0.953044 0.0921747
vt 0.971562 0.0457063
vt 0.974533 0.0606415
vt 0.966511 0.0551743
vt 0.906734 0.0179221
vt 0.892893 0.0271702
vt 0.890611 0.0248886
vt 0.906734 0.0179221
vt 0.890611 0.0248886
vt 0.907643 0.0135081
vt 0.908878 0.0164891
vt 0.907643 0.0135081
vt 0.925205 0.0132416
vt 0.883645 0.0830124
vt 0.892893 0.0968532
vt 0.890611 0.0991348
vt 0.883645 0.0830124
vt 0.890611 0.0991348
vt 0.879231 0.0821026
vt 0.882212 0.0808678
vt 0.879231 0.0821026
vt 0.878964 0.0645415
vt 0.911408 0.108038
vt 0.927734 0.111285
vt 0.927734 0.114512
vt 0.911408 0.108038
vt 0.927734 0.114512
vt 0.907643 0.110515
vt 0.908878 0.107534
vt 0.907643 0.110515
vt 0.895037 0.0982862
vt 0.948735 0.106101
vt 0.962576 0.0968532
vt 0.964857 0.0991348
vt 0.948735 0.106101
vt 0.964857 0.0991348
vt 0.947825 0.110515
vt 0.94659 0.107534
vt 0.947825 0.110515
vt 0.930264 0.110782
vt 0.976505 0.059482
vt 0.973257 0.0431556
vt 0.976238 0.0419208
vt 0.976505 0.059482
vt 0.976238 0.0419208
vt 0.980234 0.0620117
vt 0.977008 0.0620117
vt 0.980234 0.0620117
vt 0.97376 0.0783381
vt 0.964009 0.0293148
vt 0.973257 0.0431556
vt 0.976238 0.0419208
vt 0.964009 0.0293148
vt 0.976238 0.0419208
vt 0.964857 0.0248886
vt 0.962576 0.0271702
vt 0.964857 0.0248886
vt 0.948735 0.0179221
vt 0.976505 0.0645414
vt 0.973257 0.0808678
vt 0.976238 0.0821026
vt 0.976505 0.0645414
vt 0.976238 0.0821026
vt 0.980234 0.0620117
vt 0.977008 0.0620117
vt 0.980234 0.0620117
vt 0.97376 0.0456853
vt 0.925205 0.110782
vt 0.908878 0.107534
vt 0.907643 0.110515
vt 0.925205 0.110782
vt 0.907643 0.110515
vt 0.927734 0.114512
vt 0.927734 0.111285
vt 0.927734 0.114512
vt 0.944061 0.108038
vt 0.89146 0.0947086
vt 0.882212 0.0808678
vt 0.879231 0.0821026
vt 0.89146 0.0947086
vt 0.879231 0.0821026
vt 0.890611 0.0991348
vt 0.892893 0.0968528
vt 0.890611 0.0991348
vt 0.907643 0.110515
vt 0.895037 0.0982862
vt 0.907643 0.110515
vt 0.908878 0.107534
vt 0.878964 0.059482
vt 0.882212 0.0431556
vt 0.879231 0.0419208
vt 0.878964 0.059482
vt 0.879231 0.0419208
vt 0.875234 0.0620117
vt 0.878461 0.0620117
vt 0.875234 0.0620117
vt 0.881709 0.0783381
vt 0.895037 0.0257373
vt 0.908878 0.0164891
vt 0.907643 0.0135081
vt 0.895037 0.0257373
vt 0.907643 0.0135081
vt 0.890611 0.0248886
vt 0.892893 0.0271702
vt 0.890611 0.0248886
vt 0.883645 0.0410111
vt 0.927734 0.0127384
vt 0.927734 0.00951171
vt 0.944061 0.0159859
vt 0.927734 0.00951171
vt 0.930264 0.0132416
vt 0.947825 0.013508
vt 0.927734 0.00951171
vt 0.947825 0.013508
vt 0.944061 0.0159859
vt 0.925205 0.0132416
vt 0.907643 0.0135081
vt 0.927734 0.00951171
vt 0.907643 0.0135081
vt 0.911408 0.0159859
vt 0.927734 0.00951171
vt 0.947825 0.013508
vt 0.930264 0.0132416
vt 0.94659 0.0164891
vt 0.947825 0.013508
vt 0.948735 0.0179221
vt 0.964857 0.0248886
vt 0.947825 0.013508
vt 0.964857 0.0248886
vt 0.960431 0.0257372
vt 0.947825 0.013508
vt 0.960431 0.0257372
vt 0.94659 0.0164891
vt 0.971824 0.0830124
vt 0.962576 0.0968532
vt 0.964857 0.0991348
vt 0.971824 0.0830124
vt 0.964857 0.0991348
vt 0.976238 0.0821026
vt 0.927734 0.0127384
vt 0.927734 0.00951171
vt 0.911408 0.0159859
vt 0.890611 0.0248886
vt 0.89146 0.0293148
vt 0.879231 0.0419208
vt 0.890611 0.0248886
vt 0.879231 0.0419208
vt 0.883645 0.0410111
vt 0.875234 0.0620117
vt 0.879231 0.0419208
vt 0.881709 0.0456854
vt 0.875234 0.0620117
vt 0.881709 0.0456854
vt 0.878461 0.0620117
vt 0.875234 0.0620117
vt 0.878964 0.0645415
vt 0.879231 0.0821026
vt 0.875234 0.0620117
vt 0.879231 0.0821026
vt 0.881709 0.0783381
vt 0.89146 0.0293148
vt 0.882212 0.0431556
vt 0.879231 0.0419208
vt 0.907643 0.110515
vt 0.890611 0.0991348
vt 0.895037 0.0982862
vt 0.944061 0.108038
vt 0.927734 0.114512
vt 0.947825 0.110515
vt 0.94659 0.107534
vt 0.947825 0.110515
vt 0.960431 0.0982862
vt 0.947825 0.110515
vt 0.927734 0.114512
vt 0.930264 0.110782
vt 0.960431 0.0982862
vt 0.947825 0.110515
vt 0.964857 0.0991348
vt 0.976238 0.0821026
vt 0.964857 0.0991348
vt 0.964009 0.0947086
vt 0.976238 0.0821026
vt 0.964009 0.0947086
vt 0.973257 0.0808678
vt 0.976238 0.0821026
vt 0.97376 0.0783381
vt 0.980234 0.0620117
vt 0.97376 0.0456853
vt 0.980234 0.0620117
vt 0.976238 0.0419208
vt 0.964857 0.0248886
vt 0.976238 0.0419208
vt 0.971824 0.0410111
vt 0.964857 0.0248886
vt 0.971824 0.0410111
vt 0.962576 0.0271702
vt 0.910051 0.0184628
vt 0.914267 0.0250113
vt 0.925165 0.0154565
vt 0.914267 0.0250113
vt 0.90776 0.0198373
vt 0.902425 0.0318487
vt 0.914267 0.0250113
vt 0.902425 0.0318487
vt 0.914609 0.0392785
vt 0.914267 0.0250113
vt 0.914609 0.0392785
vt 0.927734 0.0357617
vt 0.914267 0.0250113
vt 0.927734 0.0357617
vt 0.927734 0.0226367
vt 0.914267 0.0250113
vt 0.927734 0.0226367
vt 0.925165 0.0154565
vt 0.884826 0.0431329
vt 0.893635 0.0423242
vt 0.893304 0.0304452
vt 0.893635 0.0423242
vt 0.883907 0.0457063
vt 0.888958 0.0551743
vt 0.893635 0.0423242
vt 0.888958 0.0551743
vt 0.905001 0.0488867
vt 0.893635 0.0423242
vt 0.905001 0.0488867
vt 0.902425 0.0318487
vt 0.893635 0.0423242
vt 0.902425 0.0318487
vt 0.893304 0.0304452
vt 0.883907 0.0783171
vt 0.888958 0.0688491
vt 0.880936 0.0633819
vt 0.888958 0.0688491
vt 0.884826 0.0808905
vt 0.893635 0.0816992
vt 0.888958 0.0688491
vt 0.893635 0.0816992
vt 0.905001 0.0751367
vt 0.888958 0.0688491
vt 0.905001 0.0751367
vt 0.901484 0.0620117
vt 0.888958 0.0688491
vt 0.901484 0.0620117
vt 0.888958 0.0551743
vt 0.888958 0.0688491
vt 0.888958 0.0551743
vt 0.880936 0.0633819
vt 0.90776 0.104186
vt 0.902425 0.0921748
vt 0.895021 0.0956742
vt 0.902425 0.0921748
vt 0.910051 0.105561
vt 0.914267 0.0990122
vt 0.902425 0.0921748
vt 0.914267 0.0990122
vt 0.914609 0.0847449
vt 0.902425 0.0921748
vt 0.914609 0.0847449
vt 0.905001 0.0751367
vt 0.902425 0.0921748
vt 0.905001 0.0751367
vt 0.893635 0.0816992
vt 0.902425 0.0921748
vt 0.893635 0.0816992
vt 0.895021 0.0956742
vt 0.945418 0.105561
vt 0.941201 0.0990121
vt 0.930304 0.108567
vt 0.941201 0.0990121
vt 0.947709 0.104186
vt 0.953044 0.0921747
vt 0.941201 0.0990121
vt 0.953044 0.0921747
vt 0.940859 0.0847449
vt 0.941201 0.0990121
vt 0.940859 0.0847449
vt 0.927734 0.0882617
vt 0.941201 0.0990121
vt 0.927734 0.0882617
vt 0.927734 0.101387
vt 0.941201 0.0990121
vt 0.927734 0.101387
vt 0.930304 0.108567
vt 0.970643 0.0808905
vt 0.961834 0.0816992
vt 0.962165 0.0935783
vt 0.961834 0.0816992
vt 0.971562 0.0783171
vt 0.966511 0.0688491
vt 0.961834 0.0816992
vt 0.966511 0.0688491
vt 0.950468 0.0751367
vt 0.961834 0.0816992
vt 0.950468 0.0751367
vt 0.953044 0.0921747
vt 0.961834 0.0816992
vt 0.953044 0.0921747
vt 0.962165 0.0935783
vt 0.971562 0.0457063
vt 0.966511 0.0551743
vt 0.974533 0.0606415
vt 0.966511 0.0551743
vt 0.970643 0.0431329
vt 0.961834 0.0423242
vt 0.966511 0.0551743
vt 0.961834 0.0423242
vt 0.950468 0.0488867
vt 0.966511 0.0551743
vt 0.950468 0.0488867
vt 0.953984 0.0620117
vt 0.966511 0.0551743
vt 0.953984 0.0620117
vt 0.966511 0.0688491
vt 0.966511 0.0551743
vt 0.966511 0.0688491
vt 0.974533 0.0606415
vt 0.947709 0.0198373
vt 0.953044 0.0318487
vt 0.960448 0.0283493
vt 0.953044 0.0318487
vt 0.945418 0.0184628
vt 0.941201 0.0250113
vt 0.953044 0.0318487
vt 0.941201 0.0250113
vt 0.940859 0.0392785
vt 0.953044 0.0318487
vt 0.940859 0.0392785
vt 0.950468 0.0488867
vt 0.953044 0.0318487
vt 0.950468 0.0488867
vt 0.961834 0.0423242
vt 0.953044 0.0318487
vt 0.961834 0.0423242
vt 0.960448 0.0283493
vt 0.927734 0.0226367
vt 0.927734 0.0357617
vt 0.941201 0.0250113
vt 0.927734 0.0226367
vt 0.941201 0.0250113
vt 0.927734 0.0149158
vt 0.953984 0.0620117
vt 0.950468 0.0751367
vt 0.966511 0.0688491
vt 0.950468 0.0751367
vt 0.940859 0.0847449
vt 0.953044 0.0921747
vt 0.927734 0.101387
vt 0.927734 0.0882617
vt 0.914267 0.0990122
vt 0.927734 0.101387
vt 0.914267 0.0990122
vt 0.927734 0.109108
vt 0.901484 0.0620117
vt 0.905001 0.0488867
vt 0.888958 0.0551743
vt 0.905001 0.0488867
vt 0.914609 0.0392785
vt 0.902425 0.0318487
vt 0.945418 0.0184628
vt 0.930304 0.0154565
vt 0.941201 0.0250113
vt 0.940859 0.0392785
vt 0.941201 0.0250113
vt 0.927734 0.0357617
vt 0.910051 0.105561
vt 0.925165 0.108567
vt 0.914267 0.0990122
vt 0.895021 0.0283493
vt 0.902425 0.0318487
vt 0.90776 0.0198373
vt 0.880936 0.0606415
vt 0.888958 0.0551743
vt 0.883907 0.0457063
vt 0.893304 0.0935783
vt 0.893635 0.0816992
vt 0.884826 0.0808905
vt 0.927734 0.0882617
vt 0.914609 0.0847449
vt 0.914267 0.0990122
vt 0.960448 0.0956742
vt 0.953044 0.0921747
vt 0.947709 0.104186
vt 0.974533 0.0633819
vt 0.966511 0.0688491
vt 0.971562 0.0783171
vt 0.962165 0.0304452
vt 0.961834 0.0423242
vt 0.970643 0.0431329
vt 0.90776 0.0198373
vt 0.906734 0.0179221
vt 0.908878 0.0164891
vt 0.90776 0.0198373
vt 0.908878 0.0164891
vt 0.910051 0.0184628
vt 0.925205 0.0132416
vt 0.927734 0.0127384
vt 0.930304 0.0154565
vt 0.925205 0.0132416
vt 0.930304 0.0154565
vt 0.927734 0.0149158
vt 0.925205 0.0132416
vt 0.927734 0.0149158
vt 0.925165 0.0154565
vt 0.880936 0.0633819
vt 0.878964 0.0645415
vt 0.878461 0.0620117
vt 0.880936 0.0633819
vt 0.878461 0.0620117
vt 0.880936 0.0606415
vt 0.881709 0.0456854
vt 0.882212 0.0431556
vt 0.884826 0.0431329
vt 0.881709 0.0456854
vt 0.884826 0.0431329
vt 0.883907 0.0457063
vt 0.910051 0.105561
vt 0.911408 0.108038
vt 0.908878 0.107534
vt 0.910051 0.105561
vt 0.908878 0.107534
vt 0.90776 0.104186
vt 0.895037 0.0982862
vt 0.892893 0.0968532
vt 0.893304 0.0935783
vt 0.895037 0.0982862
vt 0.893304 0.0935783
vt 0.895021 0.0956742
vt 0.947709 0.104186
vt 0.948735 0.106101
vt 0.94659 0.107534
vt 0.947709 0.104186
vt 0.94659 0.107534
vt 0.945418 0.105561
vt 0.930264 0.110782
vt 0.927734 0.111285
vt 0.925165 0.108567
vt 0.930264 0.110782
vt 0.925165 0.108567
vt 0.927734 0.109108
vt 0.930264 0.110782
vt 0.927734 0.109108
vt 0.930304 0.108567
vt 0.974533 0.0606415
vt 0.976505 0.059482
vt 0.977008 0.0620117
vt 0.974533 0.0606415
vt 0.977008 0.0620117
vt 0.974533 0.0633819
vt 0.97376 0.0783381
vt 0.973257 0.0808678
vt 0.970643 0.0808905
vt 0.97376 0.0783381
vt 0.970643 0.0808905
vt 0.971562 0.0783171
vt 0.945418 0.0184628
vt 0.944061 0.0159859
vt 0.94659 0.0164891
vt 0.945418 0.0184628
vt 0.94659 0.0164891
vt 0.947709 0.0198373
vt 0.960431 0.0257372
vt 0.962576 0.0271702
vt 0.962165 0.0304452
vt 0.960431 0.0257372
vt 0.962165 0.0304452
vt 0.960448 0.0283492
vt 0.971824 0.0410111
vt 0.973257 0.0431556
vt 0.971562 0.0457063
vt 0.971824 0.0410111
vt 0.971562 0.0457063
vt 0.970643 0.0431329
vt 0.964009 0.0947086
vt 0.962576 0.0968532
vt 0.960448 0.0956742
vt 0.964009 0.0947086
vt 0.960448 0.0956742
vt 0.962165 0.0935783
vt 0.883645 0.0830124
vt 0.882212 0.0808678
vt 0.883907 0.0783171
vt 0.883645 0.0830124
vt 0.883907 0.0783171
vt 0.884826 0.0808905
vt 0.89146 0.0293148
vt 0.892893 0.0271702
vt 0.895021 0.0283493
vt 0.89146 0.0293148
vt 0.895021 0.0283493
vt 0.893304 0.0304452
vt 0.94659 0.0164891
vt 0.945418 0.0184628
vt 0.947709 0.0198373
vt 0.94659 0.0164891
vt 0.947709 0.0198373
vt 0.948735 0.0179221
vt 0.927734 0.0127384
vt 0.925165 0.0154565
vt 0.927734 0.0149158
vt 0.927734 0.0127384
vt 0.927734 0.0149158
vt 0.930304 0.0154565
vt 0.927734 0.0127384
vt 0.930304 0.0154565
vt 0.930264 0.0132416
vt 0.964009 0.0293148
vt 0.962576 0.0271702
vt 0.960448 0.0283493
vt 0.964009 0.0293148
vt 0.960448 0.0283493
vt 0.962165 0.0304452
vt 0.970643 0.0431329
vt 0.971562 0.0457063
vt 0.97376 0.0456853
vt 0.970643 0.0431329
vt 0.97376 0.0456853
vt 0.973257 0.0431556
vt 0.976505 0.0645414
vt 0.977008 0.0620117
vt 0.974533 0.0606415
vt 0.976505 0.0645414
vt 0.974533 0.0606415
vt 0.974533 0.0633819
vt 0.971562 0.0783171
vt 0.970643 0.0808905
vt 0.971824 0.0830124
vt 0.971562 0.0783171
vt 0.971824 0.0830124
vt 0.973257 0.0808678
vt 0.962165 0.0935783
vt 0.960448 0.0956742
vt 0.960431 0.0982862
vt 0.962165 0.0935783
vt 0.960431 0.0982862
vt 0.962576 0.0968532
vt 0.94659 0.107534
vt 0.947709 0.104186
vt 0.945418 0.105561
vt 0.94659 0.107534
vt 0.945418 0.105561
vt 0.944061 0.108038
vt 0.925205 0.110782
vt 0.927734 0.111285
vt 0.930304 0.108567
vt 0.925205 0.110782
vt 0.930304 0.108567
vt 0.927734 0.109108
vt 0.925205 0.110782
vt 0.927734 0.109108
vt 0.925165 0.108567
vt 0.910051 0.105561
vt 0.90776 0.104186
vt 0.908878 0.107534
vt 0.89146 0.0947086
vt 0.892893 0.0968528
vt 0.895037 0.0982862
vt 0.89146 0.0947086
vt 0.895037 0.0982862
vt 0.895021 0.0956742
vt 0.89146 0.0947086
vt 0.895021 0.0956742
vt 0.893304 0.0935783
vt 0.884826 0.0808905
vt 0.883907 0.0783171
vt 0.881709 0.0783381
vt 0.884826 0.0808905
vt 0.881709 0.0783381
vt 0.882212 0.0808678
vt 0.878964 0.059482
vt 0.878461 0.0620117
vt 0.880936 0.0633819
vt 0.878964 0.059482
vt 0.880936 0.0633819
vt 0.880936 0.0606415
vt 0.883907 0.0457063
vt 0.884826 0.0431329
vt 0.883645 0.0410111
vt 0.883907 0.0457063
vt 0.883645 0.0410111
vt 0.882212 0.0431556
vt 0.895037 0.0257373
vt 0.892893 0.0271702
vt 0.893304 0.0304452
vt 0.895037 0.0257373
vt 0.893304 0.0304452
vt 0.895021 0.0283493
vt 0.90776 0.0198373
vt 0.910051 0.0184628
vt 0.911408 0.0159859
vt 0.90776 0.0198373
vt 0.911408 0.0159859
vt 0.908878 0.0164891
vt 0.910051 0.0184628
vt 0.902425 0.0318488
vt 0.90776 0.0198373
vt 0.914267 0.0250113
vt 0.925165 0.0154565
vt 0.927734 0.0149158
vt 0.880936 0.0606415
vt 0.888958 0.0688491
vt 0.880936 0.0633819
vt 0.888958 0.0551743
vt 0.883907 0.0457063
vt 0.884826 0.0431329
vt 0.90776 0.104186
vt 0.914267 0.0990121
vt 0.910051 0.105561
vt 0.902425 0.0921747
vt 0.895021 0.0956742
vt 0.893304 0.0935783
vt 0.945418 0.105561
vt 0.953044 0.0921747
vt 0.947709 0.104186
vt 0.941201 0.0990121
vt 0.930304 0.108567
vt 0.927734 0.109108
vt 0.974533 0.0633819
vt 0.966511 0.0551743
vt 0.974533 0.0606415
vt 0.966511 0.0688491
vt 0.971562 0.0783171
vt 0.970643 0.0808905
vt 0.947709 0.0198373
vt 0.941201 0.0250113
vt 0.945418 0.0184628
vt 0.953044 0.0318487
vt 0.960448 0.0283492
vt 0.962165 0.0304452
vt 0.927734 0.0226367
vt 0.927734 0.0149158
vt 0.930304 0.0154565
vt 0.961834 0.0423242
vt 0.970643 0.0431329
vt 0.971562 0.0457063
vt 0.961834 0.0816992
vt 0.962165 0.0935783
vt 0.960448 0.0956742
vt 0.927734 0.101387
vt 0.927734 0.109108
vt 0.925165 0.108567
vt 0.893635 0.0816992
vt 0.884826 0.0808905
vt 0.883907 0.0783171
vt 0.893635 0.0423242
vt 0.893304 0.0304452
vt 0.895021 0.0283493
vt 0.908878 0.0164891
vt 0.906734 0.0179221
vt 0.907643 0.0135081
vt 0.882212 0.0808678
vt 0.883645 0.0830124
vt 0.879231 0.0821026
vt 0.908878 0.107534
vt 0.911408 0.108038
vt 0.907643 0.110515
vt 0.94659 0.107534
vt 0.948735 0.106101
vt 0.947825 0.110515
vt 0.977008 0.0620117
vt 0.976505 0.059482
vt 0.980234 0.0620117
vt 0.962576 0.0271702
vt 0.964009 0.0293148
vt 0.964857 0.0248886
vt 0.977008 0.0620117
vt 0.976505 0.0645414
vt 0.980234 0.0620117
vt 0.927734 0.111285
vt 0.925205 0.110782
vt 0.927734 0.114512
vt 0.892893 0.0968528
vt 0.89146 0.0947086
vt 0.890611 0.0991348
vt 0.895037 0.0982862
vt 0.892893 0.0968528
vt 0.907643 0.110515
vt 0.878461 0.0620117
vt 0.878964 0.059482
vt 0.875234 0.0620117
vt 0.892893 0.0271702
vt 0.895037 0.0257373
vt 0.890611 0.0248886
vt 0.927734 0.00951171
vt 0.927734 0.0127384
vt 0.930264 0.0132416
vt 0.944061 0.0159859
vt 0.947825 0.013508
vt 0.94659 0.0164891
vt 0.927734 0.0127384
vt 0.925205 0.0132416
vt 0.927734 0.00951171
vt 0.907643 0.0135081
vt 0.908878 0.0164891
vt 0.911408 0.0159859
vt 0.947825 0.013508
vt 0.94659 0.0164891
vt 0.948735 0.0179221
vt 0.960431 0.0257372
vt 0.964857 0.0248886
vt 0.962576 0.0271702
vt 0.973257 0.0808678
vt 0.971824 0.0830124
vt 0.976238 0.0821026
vt 0.890611 0.0248886
vt 0.892893 0.0271702
vt 0.89146 0.0293148
vt 0.883645 0.0410111
vt 0.879231 0.0419208
vt 0.882212 0.0431556
vt 0.881709 0.0456854
vt 0.879231 0.0419208
vt 0.882212 0.0431556
vt 0.875234 0.0620117
vt 0.878461 0.0620117
vt 0.878964 0.0645415
vt 0.881709 0.0783381
vt 0.879231 0.0821026
vt 0.882212 0.0808678
vt 0.895037 0.0982862
vt 0.890611 0.0991348
vt 0.892893 0.0968532
vt 0.94659 0.107534
vt 0.944061 0.108038
vt 0.947825 0.110515
vt 0.930264 0.110782
vt 0.927734 0.114512
vt 0.927734 0.111285
vt 0.962576 0.0968532
vt 0.960431 0.0982862
vt 0.964857 0.0991348
vt 0.964009 0.0947086
vt 0.964857 0.0991348
vt 0.962576 0.0968532
vt 0.976238 0.0821026
vt 0.973257 0.0808678
vt 0.97376 0.0783381
vt 0.973257 0.0431556
vt 0.97376 0.0456853
vt 0.976238 0.0419208
vt 0.971824 0.0410111
vt 0.976238 0.0419208
vt 0.973257 0.0431556
vt 0.914267 0.0250113
vt 0.910051 0.0184628
vt 0.90776 0.0198373
vt 0.925165 0.0154565
vt 0.927734 0.0226367
vt 0.927734 0.0149158
vt 0.893635 0.0423242
vt 0.884826 0.0431329
vt 0.883907 0.0457063
vt 0.893304 0.0304452
vt 0.902425 0.0318487
vt 0.895021 0.0283493
vt 0.888958 0.0688491
vt 0.883907 0.0783171
vt 0.884826 0.0808905
vt 0.880936 0.0633819
vt 0.888958 0.0551743
vt 0.880936 0.0606415
vt 0.902425 0.0921748
vt 0.90776 0.104186
vt 0.910051 0.105561
vt 0.895021 0.0956742
vt 0.893635 0.0816992
vt 0.893304 0.0935783
vt 0.941201 0.0990121
vt 0.945418 0.105561
vt 0.947709 0.104186
vt 0.930304 0.108567
vt 0.927734 0.101387
vt 0.927734 0.109108
vt 0.961834 0.0816992
vt 0.970643 0.0808905
vt 0.971562 0.0783171
vt 0.962165 0.0935783
vt 0.953044 0.0921747
vt 0.960448 0.0956742
vt 0.966511 0.0551743
vt 0.971562 0.0457063
vt 0.970643 0.0431329
vt 0.974533 0.0606415
vt 0.966511 0.0688491
vt 0.974533 0.0633819
vt 0.953044 0.0318487
vt 0.947709 0.0198373
vt 0.945418 0.0184628
vt 0.960448 0.0283493
vt 0.961834 0.0423242
vt 0.962165 0.0304452
vt 0.927734 0.0149158
vt 0.941201 0.0250113
vt 0.930304 0.0154565
vt 0.927734 0.109108
vt 0.914267 0.0990122
vt 0.925165 0.108567
vt 0.910051 0.0184628
vt 0.908878 0.0164891
vt 0.925165 0.0154565
vt 0.925205 0.0132416
vt 0.925165 0.0154565
vt 0.908878 0.0164891
vt 0.880936 0.0606415
vt 0.878461 0.0620117
vt 0.883907 0.0457063
vt 0.881709 0.0456854
vt 0.883907 0.0457063
vt 0.878461 0.0620117
vt 0.90776 0.104186
vt 0.908878 0.107534
vt 0.895021 0.0956742
vt 0.895037 0.0982862
vt 0.895021 0.0956742
vt 0.908878 0.107534
vt 0.945418 0.105561
vt 0.94659 0.107534
vt 0.930304 0.108567
vt 0.930264 0.110782
vt 0.930304 0.108567
vt 0.94659 0.107534
vt 0.974533 0.0633819
vt 0.977008 0.0620117
vt 0.971562 0.0783171
vt 0.97376 0.0783381
vt 0.971562 0.0783171
vt 0.977008 0.0620117
vt 0.947709 0.0198373
vt 0.94659 0.0164891
vt 0.960448 0.0283492
vt 0.960431 0.0257372
vt 0.960448 0.0283492
vt 0.94659 0.0164891
vt 0.962165 0.0304452
vt 0.962576 0.0271702
vt 0.970643 0.0431329
vt 0.971824 0.0410111
vt 0.970643 0.0431329
vt 0.962576 0.0271702
vt 0.970643 0.0808905
vt 0.973257 0.0808678
vt 0.962165 0.0935783
vt 0.964009 0.0947086
vt 0.962165 0.0935783
vt 0.973257 0.0808678
vt 0.893304 0.0935783
vt 0.892893 0.0968532
vt 0.884826 0.0808905
vt 0.883645 0.0830124
vt 0.884826 0.0808905
vt 0.892893 0.0968532
vt 0.884826 0.0431329
vt 0.882212 0.0431556
vt 0.893304 0.0304452
vt 0.89146 0.0293148
vt 0.893304 0.0304452
vt 0.882212 0.0431556
vt 0.930304 0.0154565
vt 0.927734 0.0127384
vt 0.945418 0.0184628
vt 0.944061 0.0159859
vt 0.945418 0.0184628
vt 0.927734 0.0127384
vt 0.906734 0.0179221
vt 0.90776 0.0198373
vt 0.892893 0.0271702
vt 0.895021 0.0283493
vt 0.892893 0.0271702
vt 0.90776 0.0198373
vt 0.878964 0.0645415
vt 0.880936 0.0633819
vt 0.882212 0.0808678
vt 0.883907 0.0783171
vt 0.882212 0.0808678
vt 0.880936 0.0633819
vt 0.911408 0.108038
vt 0.910051 0.105561
vt 0.927734 0.111285
vt 0.925165 0.108567
vt 0.927734 0.111285
vt 0.910051 0.105561
vt 0.948735 0.106101
vt 0.947709 0.104186
vt 0.962576 0.0968532
vt 0.960448 0.0956742
vt 0.962576 0.0968532
vt 0.947709 0.104186
vt 0.976505 0.059482
vt 0.974533 0.0606415
vt 0.973257 0.0431556
vt 0.971562 0.0457063
vt 0.973257 0.0431556
vt 0.974533 0.0606415
vt 0.964009 0.0293148
vt 0.962165 0.0304452
vt 0.973257 0.0431556
vt 0.970643 0.0431329
vt 0.973257 0.0431556
vt 0.962165 0.0304452
vt 0.948735 0.0179221
vt 0.947709 0.0198373
vt 0.962576 0.0271702
vt 0.960448 0.0283493
vt 0.962576 0.0271702
vt 0.947709 0.0198373
vt 0.976505 0.0645414
vt 0.974533 0.0633819
vt 0.973257 0.0808678
vt 0.971562 0.0783171
vt 0.973257 0.0808678
vt 0.974533 0.0633819
vt 0.97376 0.0456853
vt 0.971562 0.0457063
vt 0.977008 0.0620117
vt 0.974533 0.0606415
vt 0.977008 0.0620117
vt 0.971562 0.0457063
vt 0.925205 0.110782
vt 0.925165 0.108567
vt 0.908878 0.107534
vt 0.910051 0.105561
vt 0.908878 0.107534
vt 0.925165 0.108567
vt 0.944061 0.108038
vt 0.945418 0.105561
vt 0.927734 0.111285
vt 0.930304 0.108567
vt 0.927734 0.111285
vt 0.945418 0.105561
vt 0.89146 0.0947086
vt 0.893304 0.0935783
vt 0.882212 0.0808678
vt 0.884826 0.0808905
vt 0.882212 0.0808678
vt 0.893304 0.0935783
vt 0.908878 0.107534
vt 0.90776 0.104186
vt 0.895037 0.0982862
vt 0.895021 0.0956742
vt 0.895037 0.0982862
vt 0.90776 0.104186
vt 0.878964 0.059482
vt 0.880936 0.0606415
vt 0.882212 0.0431556
vt 0.883907 0.0457063
vt 0.882212 0.0431556
vt 0.880936 0.0606415
vt 0.881709 0.0783381
vt 0.883907 0.0783171
vt 0.878461 0.0620117
vt 0.880936 0.0633819
vt 0.878461 0.0620117
vt 0.883907 0.0783171
vt 0.895037 0.0257373
vt 0.895021 0.0283493
vt 0.908878 0.0164891
vt 0.90776 0.0198373
vt 0.908878 0.0164891
vt 0.895021 0.0283493
vt 0.883645 0.0410111
vt 0.884826 0.0431329
vt 0.892893 0.0271702
vt 0.893304 0.0304452
vt 0.892893 0.0271702
vt 0.884826 0.0431329
vt 0.945418 0.0184628
vt 0.94659 0.0164891
vt 0.930304 0.0154565
vt 0.930264 0.0132416
vt 0.930304 0.0154565
vt 0.94659 0.0164891
vt 0.971824 0.0830124
vt 0.970643 0.0808905
vt 0.962576 0.0968532
vt 0.962165 0.0935783
vt 0.962576 0.0968532
vt 0.970643 0.0808905
vt 0.925165 0.0154565
vt 0.927734 0.0127384
vt 0.910051 0.0184628
vt 0.911408 0.0159859
vt 0.910051 0.0184628
vt 0.927734 0.0127384
vt 0.960431 0.0982862
vt 0.960448 0.0956742
vt 0.94659 0.107534
vt 0.947709 0.104186
vt 0.94659 0.107534
vt 0.960448 0.0956742
vt 0.914609 0.0392785
vt 0.927734 0.0357617
vt 0.914267 0.0250113
vt 0.914267 0.0250113
vt 0.902425 0.0318487
vt 0.914609 0.0392785
vt 0.914267 0.0250113
vt 0.910051 0.0184628
vt 0.902425 0.0318487
vt 0.914267 0.0250113
vt 0.925165 0.0154565
vt 0.910051 0.0184628
vt 0.914267 0.0250113
vt 0.927734 0.0226367
vt 0.927734 0.0149158
vt 0.914267 0.0250113
vt 0.927734 0.0357617
vt 0.927734 0.0226367
vt 0.901484 0.0620117
vt 0.905001 0.0488867
vt 0.888958 0.0551743
vt 0.888958 0.0551743
vt 0.888958 0.0688491
vt 0.901484 0.0620117
vt 0.888958 0.0551743
vt 0.880936 0.0606415
vt 0.888958 0.0688491
vt 0.888958 0.0551743
vt 0.883907 0.0457063
vt 0.880936 0.0606415
vt 0.888958 0.0551743
vt 0.893635 0.0423242
vt 0.884826 0.0431329
vt 0.888958 0.0551743
vt 0.905001 0.0488867
vt 0.893635 0.0423242
vt 0.914609 0.0847449
vt 0.905001 0.0751367
vt 0.902425 0.0921747
vt 0.902425 0.0921747
vt 0.914267 0.0990121
vt 0.914609 0.0847449
vt 0.902425 0.0921747
vt 0.90776 0.104186
vt 0.914267 0.0990121
vt 0.902425 0.0921747
vt 0.895021 0.0956742
vt 0.90776 0.104186
vt 0.902425 0.0921747
vt 0.893635 0.0816992
vt 0.893304 0.0935783
vt 0.902425 0.0921747
vt 0.905001 0.0751367
vt 0.893635 0.0816992
vt 0.940859 0.0847449
vt 0.927734 0.0882617
vt 0.941201 0.0990121
vt 0.941201 0.0990121
vt 0.953044 0.0921747
vt 0.940859 0.0847449
vt 0.941201 0.0990121
vt 0.945418 0.105561
vt 0.953044 0.0921747
vt 0.941201 0.0990121
vt 0.930304 0.108567
vt 0.945418 0.105561
vt 0.941201 0.0990121
vt 0.927734 0.101387
vt 0.927734 0.109108
vt 0.941201 0.0990121
vt 0.927734 0.0882617
vt 0.927734 0.101387
vt 0.953984 0.0620117
vt 0.950468 0.0751367
vt 0.966511 0.0688491
vt 0.966511 0.0688491
vt 0.966511 0.0551743
vt 0.953984 0.0620117
vt 0.966511 0.0688491
vt 0.974533 0.0633819
vt 0.966511 0.0551743
vt 0.966511 0.0688491
vt 0.971562 0.0783171
vt 0.974533 0.0633819
vt 0.966511 0.0688491
vt 0.961834 0.0816992
vt 0.970643 0.0808905
vt 0.966511 0.0688491
vt 0.950468 0.0751367
vt 0.961834 0.0816992
vt 0.940859 0.0392785
vt 0.950468 0.0488867
vt 0.953044 0.0318488
vt 0.953044 0.0318488
vt 0.941201 0.0250113
vt 0.940859 0.0392785
vt 0.953044 0.0318488
vt 0.947709 0.0198372
vt 0.941201 0.0250113
vt 0.953044 0.0318488
vt 0.960448 0.0283492
vt 0.947709 0.0198372
vt 0.953044 0.0318488
vt 0.961834 0.0423242
vt 0.962165 0.0304452
vt 0.953044 0.0318488
vt 0.950468 0.0488867
vt 0.961834 0.0423242
vt 0.927734 0.0226367
vt 0.941201 0.0250113
vt 0.930304 0.0154565
vt 0.927734 0.0226367
vt 0.927734 0.0357617
vt 0.941201 0.0250113
vt 0.962165 0.0304452
vt 0.961834 0.0423242
vt 0.970643 0.0431329
vt 0.961834 0.0423242
vt 0.966511 0.0551743
vt 0.971562 0.0457063
vt 0.961834 0.0423242
vt 0.950468 0.0488867
vt 0.966511 0.0551743
vt 0.970643 0.0808905
vt 0.961834 0.0816992
vt 0.962165 0.0935783
vt 0.961834 0.0816992
vt 0.953044 0.0921747
vt 0.960448 0.0956742
vt 0.961834 0.0816992
vt 0.950468 0.0751367
vt 0.953044 0.0921747
vt 0.927734 0.101387
vt 0.914267 0.0990121
vt 0.925165 0.108567
vt 0.927734 0.101387
vt 0.927734 0.0882617
vt 0.914267 0.0990121
vt 0.893304 0.0935783
vt 0.893635 0.0816992
vt 0.884826 0.0808905
vt 0.893635 0.0816992
vt 0.888958 0.0688491
vt 0.883907 0.0783171
vt 0.893635 0.0816992
vt 0.905001 0.0751367
vt 0.888958 0.0688491
vt 0.884826 0.0431329
vt 0.893635 0.0423242
vt 0.893304 0.0304452
vt 0.893635 0.0423242
vt 0.902425 0.0318487
vt 0.895021 0.0283493
vt 0.893635 0.0423242
vt 0.905001 0.0488867
vt 0.902425 0.0318487
vt 0.940859 0.0392785
vt 0.941201 0.0250113
vt 0.927734 0.0357617
vt 0.945418 0.0184628
vt 0.930304 0.0154565
vt 0.941201 0.0250113
vt 0.953984 0.0620117
vt 0.966511 0.0551743
vt 0.950468 0.0488867
vt 0.940859 0.0847449
vt 0.953044 0.0921747
vt 0.950468 0.0751367
vt 0.914609 0.0847449
vt 0.914267 0.0990121
vt 0.927734 0.0882617
vt 0.901484 0.0620117
vt 0.888958 0.0688491
vt 0.905001 0.0751367
vt 0.914609 0.0392785
vt 0.902425 0.0318487
vt 0.905001 0.0488867
vt 0.895021 0.0283493
vt 0.902425 0.0318487
vt 0.90776 0.0198373
vt 0.883907 0.0783171
vt 0.888958 0.0688491
vt 0.880936 0.0633819
vt 0.925165 0.108567
vt 0.914267 0.0990121
vt 0.910051 0.105561
vt 0.960448 0.0956742
vt 0.953044 0.0921747
vt 0.947709 0.104186
vt 0.971562 0.0457063
vt 0.966511 0.0551743
vt 0.974533 0.0606415
vt 0.906734 0.0179221
vt 0.890611 0.0248886
vt 0.892893 0.0271702
vt 0.906734 0.0179221
vt 0.907643 0.013508
vt 0.890611 0.0248886
vt 0.908878 0.0164891
vt 0.925205 0.0132416
vt 0.907643 0.013508
vt 0.883645 0.0830124
vt 0.890611 0.0991348
vt 0.892893 0.0968532
vt 0.883645 0.0830124
vt 0.879231 0.0821026
vt 0.890611 0.0991348
vt 0.882212 0.0808678
vt 0.878964 0.0645414
vt 0.879231 0.0821026
vt 0.911408 0.108038
vt 0.927734 0.114512
vt 0.927734 0.111285
vt 0.911408 0.108038
vt 0.907643 0.110515
vt 0.927734 0.114512
vt 0.908878 0.107534
vt 0.895037 0.0982862
vt 0.907643 0.110515
vt 0.948735 0.106101
vt 0.964857 0.0991348
vt 0.962576 0.0968532
vt 0.948735 0.106101
vt 0.947825 0.110515
vt 0.964857 0.0991348
vt 0.94659 0.107534
vt 0.930264 0.110782
vt 0.947825 0.110515
vt 0.976505 0.059482
vt 0.976238 0.0419208
vt 0.973257 0.0431556
vt 0.976505 0.059482
vt 0.980234 0.0620117
vt 0.976238 0.0419208
vt 0.977008 0.0620117
vt 0.97376 0.0783381
vt 0.980234 0.0620117
vt 0.964009 0.0293148
vt 0.976238 0.0419208
vt 0.973257 0.0431556
vt 0.964009 0.0293148
vt 0.964857 0.0248886
vt 0.976238 0.0419208
vt 0.962576 0.0271702
vt 0.948735 0.0179221
vt 0.964857 0.0248886
vt 0.976505 0.0645414
vt 0.976238 0.0821026
vt 0.973257 0.0808678
vt 0.976505 0.0645414
vt 0.980234 0.0620117
vt 0.976238 0.0821026
vt 0.977008 0.0620117
vt 0.97376 0.0456853
vt 0.980234 0.0620117
vt 0.925205 0.110782
vt 0.907643 0.110515
vt 0.908878 0.107534
vt 0.925205 0.110782
vt 0.927734 0.114512
vt 0.907643 0.110515
vt 0.927734 0.111285
vt 0.944061 0.108038
vt 0.927734 0.114512
vt 0.89146 0.0947086
vt 0.879231 0.0821026
vt 0.882212 0.0808678
vt 0.89146 0.0947086
vt 0.890611 0.0991348
vt 0.879231 0.0821026
vt 0.892893 0.0968528
vt 0.907643 0.110515
vt 0.890611 0.0991348
vt 0.895037 0.0982862
vt 0.908878 0.107534
vt 0.907643 0.110515
vt 0.878964 0.059482
vt 0.879231 0.0419208
vt 0.882212 0.0431556
vt 0.878964 0.059482
vt 0.875234 0.0620117
vt 0.879231 0.0419208
vt 0.878461 0.0620117
vt 0.881709 0.0783381
vt 0.875234 0.0620117
vt 0.895037 0.0257372
vt 0.907643 0.013508
vt 0.908878 0.0164891
vt 0.895037 0.0257372
vt 0.890611 0.0248886
vt 0.907643 0.013508
vt 0.892893 0.0271702
vt 0.883645 0.0410111
vt 0.890611 0.0248886
vt 0.927734 0.0127384
vt 0.944061 0.0159859
vt 0.927734 0.00951171
vt 0.927734 0.00951171
vt 0.947825 0.013508
vt 0.930264 0.0132416
vt 0.927734 0.00951171
vt 0.944061 0.0159859
vt 0.947825 0.013508
vt 0.925205 0.0132416
vt 0.927734 0.00951171
vt 0.907643 0.013508
vt 0.907643 0.013508
vt 0.927734 0.00951171
vt 0.911408 0.0159859
vt 0.947825 0.013508
vt 0.94659 0.0164891
vt 0.930264 0.0132416
vt 0.947825 0.013508
vt 0.964857 0.0248886
vt 0.948735 0.0179221
vt 0.947825 0.013508
vt 0.960431 0.0257372
vt 0.964857 0.0248886
vt 0.947825 0.013508
vt 0.94659 0.0164891
vt 0.960431 0.0257372
vt 0.971824 0.0830124
vt 0.964857 0.0991348
vt 0.962576 0.0968532
vt 0.971824 0.0830124
vt 0.976238 0.0821026
vt 0.964857 0.0991348
vt 0.927734 0.0127384
vt 0.911408 0.0159859
vt 0.927734 0.00951171
vt 0.890611 0.0248886
vt 0.879231 0.0419208
vt 0.89146 0.0293148
vt 0.890611 0.0248886
vt 0.883645 0.0410111
vt 0.879231 0.0419208
vt 0.875234 0.0620117
vt 0.881709 0.0456854
vt 0.879231 0.0419208
vt 0.875234 0.0620117
vt 0.878461 0.0620117
vt 0.881709 0.0456854
vt 0.875234 0.0620117
vt 0.879231 0.0821026
vt 0.878964 0.0645414
vt 0.875234 0.0620117
vt 0.881709 0.0783381
vt 0.879231 0.0821026
vt 0.89146 0.0293148
vt 0.879231 0.0419208
vt 0.882212 0.0431556
vt 0.907643 0.110515
vt 0.895037 0.0982862
vt 0.890611 0.0991348
vt 0.944061 0.108038
vt 0.947825 0.110515
vt 0.927734 0.114512
vt 0.94659 0.107534
vt 0.960431 0.0982862
vt 0.947825 0.110515
vt 0.947825 0.110515
vt 0.930264 0.110782
vt 0.927734 0.114512
vt 0.960431 0.0982862
vt 0.964857 0.0991348
vt 0.947825 0.110515
vt 0.976238 0.0821026
vt 0.964009 0.0947086
vt 0.964857 0.0991348
vt 0.976238 0.0821026
vt 0.973257 0.0808678
vt 0.964009 0.0947086
vt 0.976238 0.0821026
vt 0.980234 0.0620117
vt 0.97376 0.0783381
vt 0.97376 0.0456853
vt 0.976238 0.0419208
vt 0.980234 0.0620117
vt 0.964857 0.0248886
vt 0.971824 0.0410111
vt 0.976238 0.0419208
vt 0.964857 0.0248886
vt 0.962576 0.0271702
vt 0.971824 0.0410111
vt 0.910051 0.0184628
vt 0.925165 0.0154565
vt 0.914267 0.0250113
vt 0.914267 0.0250113
vt 0.902425 0.0318488
vt 0.90776 0.0198372
vt 0.914267 0.0250113
vt 0.914609 0.0392785
vt 0.902425 0.0318488
vt 0.914267 0.0250113
vt 0.927734 0.0357617
vt 0.914609 0.0392785
vt 0.914267 0.0250113
vt 0.927734 0.0226367
vt 0.927734 0.0357617
vt 0.914267 0.0250113
vt 0.925165 0.0154565
vt 0.927734 0.0226367
vt 0.884826 0.0431329
vt 0.893304 0.0304452
vt 0.893635 0.0423242
vt 0.893635 0.0423242
vt 0.888958 0.0551743
vt 0.883907 0.0457063
vt 0.893635 0.0423242
vt 0.905001 0.0488867
vt 0.888958 0.0551743
vt 0.893635 0.0423242
vt 0.902425 0.0318488
vt 0.905001 0.0488867
vt 0.893635 0.0423242
vt 0.893304 0.0304452
vt 0.902425 0.0318488
vt 0.883907 0.0783171
vt 0.880936 0.0633819
vt 0.888958 0.0688491
vt 0.888958 0.0688491
vt 0.893635 0.0816992
vt 0.884826 0.0808905
vt 0.888958 0.0688491
vt 0.905001 0.0751367
vt 0.893635 0.0816992
vt 0.888958 0.0688491
vt 0.901484 0.0620117
vt 0.905001 0.0751367
vt 0.888958 0.0688491
vt 0.888958 0.0551743
vt 0.901484 0.0620117
vt 0.888958 0.0688491
vt 0.880936 0.0633819
vt 0.888958 0.0551743
vt 0.90776 0.104186
vt 0.895021 0.0956742
vt 0.902425 0.0921747
vt 0.902425 0.0921747
vt 0.914267 0.0990121
vt 0.910051 0.105561
vt 0.902425 0.0921747
vt 0.914609 0.0847449
vt 0.914267 0.0990121
vt 0.902425 0.0921747
vt 0.905001 0.0751367
vt 0.914609 0.0847449
vt 0.902425 0.0921747
vt 0.893635 0.0816992
vt 0.905001 0.0751367
vt 0.902425 0.0921747
vt 0.895021 0.0956742
vt 0.893635 0.0816992
vt 0.945418 0.105561
vt 0.930304 0.108567
vt 0.941201 0.0990121
vt 0.941201 0.0990121
vt 0.953044 0.0921747
vt 0.947709 0.104186
vt 0.941201 0.0990121
vt 0.940859 0.0847449
vt 0.953044 0.0921747
vt 0.941201 0.0990121
vt 0.927734 0.0882617
vt 0.940859 0.0847449
vt 0.941201 0.0990121
vt 0.927734 0.101387
vt 0.927734 0.0882617
vt 0.941201 0.0990121
vt 0.930304 0.108567
vt 0.927734 0.101387
vt 0.970643 0.0808905
vt 0.962165 0.0935783
vt 0.961834 0.0816992
vt 0.961834 0.0816992
vt 0.966511 0.0688491
vt 0.971562 0.0783171
vt 0.961834 0.0816992
vt 0.950468 0.0751367
vt 0.966511 0.0688491
vt 0.961834 0.0816992
vt 0.953044 0.0921747
vt 0.950468 0.0751367
vt 0.961834 0.0816992
vt 0.962165 0.0935783
vt 0.953044 0.0921747
vt 0.971562 0.0457063
vt 0.974533 0.0606415
vt 0.966511 0.0551743
vt 0.966511 0.0551743
vt 0.961834 0.0423242
vt 0.970643 0.0431329
vt 0.966511 0.0551743
vt 0.950468 0.0488867
vt 0.961834 0.0423242
vt 0.966511 0.0551743
vt 0.953984 0.0620117
vt 0.950468 0.0488867
vt 0.966511 0.0551743
vt 0.966511 0.0688491
vt 0.953984 0.0620117
vt 0.966511 0.0551743
vt 0.974533 0.0606415
vt 0.966511 0.0688491
vt 0.947709 0.0198372
vt 0.960448 0.0283492
vt 0.953044 0.0318487
vt 0.953044 0.0318487
vt 0.941201 0.0250113
vt 0.945418 0.0184628
vt 0.953044 0.0318487
vt 0.940859 0.0392785
vt 0.941201 0.0250113
vt 0.953044 0.0318487
vt 0.950468 0.0488867
vt 0.940859 0.0392785
vt 0.953044 0.0318487
vt 0.961834 0.0423242
vt 0.950468 0.0488867
vt 0.953044 0.0318487
vt 0.960448 0.0283492
vt 0.961834 0.0423242
vt 0.927734 0.0226367
vt 0.941201 0.0250113
vt 0.927734 0.0357617
vt 0.927734 0.0226367
vt 0.927734 0.0149158
vt 0.941201 0.0250113
vt 0.953984 0.0620117
vt 0.966511 0.0688491
vt 0.950468 0.0751367
vt 0.950468 0.0751367
vt 0.953044 0.0921747
vt 0.940859 0.0847449
vt 0.927734 0.101387
vt 0.914267 0.0990121
vt 0.927734 0.0882617
vt 0.927734 0.101387
vt 0.927734 0.109108
vt 0.914267 0.0990121
vt 0.901484 0.0620117
vt 0.888958 0.0551743
vt 0.905001 0.0488867
vt 0.905001 0.0488867
vt 0.902425 0.0318488
vt 0.914609 0.0392785
vt 0.945418 0.0184628
vt 0.941201 0.0250113
vt 0.930304 0.0154565
vt 0.940859 0.0392785
vt 0.927734 0.0357617
vt 0.941201 0.0250113
vt 0.910051 0.105561
vt 0.914267 0.0990121
vt 0.925165 0.108567
vt 0.895021 0.0283492
vt 0.90776 0.0198372
vt 0.902425 0.0318488
vt 0.880936 0.0606415
vt 0.883907 0.0457063
vt 0.888958 0.0551743
vt 0.893304 0.0935783
vt 0.884826 0.0808905
vt 0.893635 0.0816992
vt 0.927734 0.0882617
vt 0.914267 0.0990121
vt 0.914609 0.0847449
vt 0.960448 0.0956742
vt 0.947709 0.104186
vt 0.953044 0.0921747
vt 0.974533 0.0633819
vt 0.971562 0.0783171
vt 0.966511 0.0688491
vt 0.962165 0.0304452
vt 0.970643 0.0431329
vt 0.961834 0.0423242
vt 0.90776 0.0198373
vt 0.908878 0.0164891
vt 0.906734 0.0179221
vt 0.90776 0.0198373
vt 0.910051 0.0184628
vt 0.908878 0.0164891
vt 0.925205 0.0132416
vt 0.930304 0.0154565
vt 0.927734 0.0127384
vt 0.925205 0.0132416
vt 0.927734 0.0149158
vt 0.930304 0.0154565
vt 0.925205 0.0132416
vt 0.925165 0.0154565
vt 0.927734 0.0149158
vt 0.880936 0.0633819
vt 0.878461 0.0620117
vt 0.878964 0.0645414
vt 0.880936 0.0633819
vt 0.880936 0.0606415
vt 0.878461 0.0620117
vt 0.881709 0.0456854
vt 0.884826 0.0431329
vt 0.882212 0.0431556
vt 0.881709 0.0456854
vt 0.883907 0.0457063
vt 0.884826 0.0431329
vt 0.910051 0.105561
vt 0.908878 0.107534
vt 0.911408 0.108038
vt 0.910051 0.105561
vt 0.90776 0.104186
vt 0.908878 0.107534
vt 0.895037 0.0982862
vt 0.893304 0.0935783
vt 0.892893 0.0968532
vt 0.895037 0.0982862
vt 0.895021 0.0956742
vt 0.893304 0.0935783
vt 0.947709 0.104186
vt 0.94659 0.107534
vt 0.948735 0.106101
vt 0.947709 0.104186
vt 0.945418 0.105561
vt 0.94659 0.107534
vt 0.930264 0.110782
vt 0.925165 0.108567
vt 0.927734 0.111285
vt 0.930264 0.110782
vt 0.927734 0.109108
vt 0.925165 0.108567
vt 0.930264 0.110782
vt 0.930304 0.108567
vt 0.927734 0.109108
vt 0.974533 0.0606415
vt 0.977008 0.0620117
vt 0.976505 0.059482
vt 0.974533 0.0606415
vt 0.974533 0.0633819
vt 0.977008 0.0620117
vt 0.97376 0.0783381
vt 0.970643 0.0808905
vt 0.973257 0.0808678
vt 0.97376 0.0783381
vt 0.971562 0.0783171
vt 0.970643 0.0808905
vt 0.945418 0.0184628
vt 0.94659 0.0164891
vt 0.944061 0.0159859
vt 0.945418 0.0184628
vt 0.947709 0.0198372
vt 0.94659 0.0164891
vt 0.960431 0.0257372
vt 0.962165 0.0304452
vt 0.962576 0.0271702
vt 0.960431 0.0257372
vt 0.960448 0.0283492
vt 0.962165 0.0304452
vt 0.971824 0.0410111
vt 0.971562 0.0457063
vt 0.973257 0.0431556
vt 0.971824 0.0410111
vt 0.970643 0.0431329
vt 0.971562 0.0457063
vt 0.964009 0.0947086
vt 0.960448 0.0956742
vt 0.962576 0.0968532
vt 0.964009 0.0947086
vt 0.962165 0.0935783
vt 0.960448 0.0956742
vt 0.883645 0.0830124
vt 0.883907 0.0783171
vt 0.882212 0.0808678
vt 0.883645 0.0830124
vt 0.884826 0.0808905
vt 0.883907 0.0783171
vt 0.89146 0.0293148
vt 0.895021 0.0283493
vt 0.892893 0.0271702
vt 0.89146 0.0293148
vt 0.893304 0.0304452
vt 0.895021 0.0283493
vt 0.94659 0.0164891
vt 0.947709 0.0198372
vt 0.945418 0.0184628
vt 0.94659 0.0164891
vt 0.948735 0.0179221
vt 0.947709 0.0198372
vt 0.927734 0.0127384
vt 0.927734 0.0149158
vt 0.925165 0.0154565
vt 0.927734 0.0127384
vt 0.930304 0.0154565
vt 0.927734 0.0149158
vt 0.927734 0.0127384
vt 0.930264 0.0132416
vt 0.930304 0.0154565
vt 0.964009 0.0293148
vt 0.960448 0.0283492
vt 0.962576 0.0271702
vt 0.964009 0.0293148
vt 0.962165 0.0304452
vt 0.960448 0.0283492
vt 0.970643 0.0431329
vt 0.97376 0.0456853
vt 0.971562 0.0457063
vt 0.970643 0.0431329
vt 0.973257 0.0431556
vt 0.97376 0.0456853
vt 0.976505 0.0645414
vt 0.974533 0.0606415
vt 0.977008 0.0620117
vt 0.976505 0.0645414
vt 0.974533 0.0633819
vt 0.974533 0.0606415
vt 0.971562 0.0783171
vt 0.971824 0.0830124
vt 0.970643 0.0808905
vt 0.971562 0.0783171
vt 0.973257 0.0808678
vt 0.971824 0.0830124
vt 0.962165 0.0935783
vt 0.960431 0.0982862
vt 0.960448 0.0956742
vt 0.962165 0.0935783
vt 0.962576 0.0968532
vt 0.960431 0.0982862
vt 0.94659 0.107534
vt 0.945418 0.105561
vt 0.947709 0.104186
vt 0.94659 0.107534
vt 0.944061 0.108038
vt 0.945418 0.105561
vt 0.925205 0.110782
vt 0.930304 0.108567
vt 0.927734 0.111285
vt 0.925205 0.110782
vt 0.927734 0.109108
vt 0.930304 0.108567
vt 0.925205 0.110782
vt 0.925165 0.108567
vt 0.927734 0.109108
vt 0.910051 0.105561
vt 0.908878 0.107534
vt 0.90776 0.104186
vt 0.89146 0.0947086
vt 0.895037 0.0982862
vt 0.892893 0.0968528
vt 0.89146 0.0947086
vt 0.895021 0.0956742
vt 0.895037 0.0982862
vt 0.89146 0.0947086
vt 0.893304 0.0935783
vt 0.895021 0.0956742
vt 0.884826 0.0808905
vt 0.881709 0.0783381
vt 0.883907 0.0783171
vt 0.884826 0.0808905
vt 0.882212 0.0808678
vt 0.881709 0.0783381
vt 0.878964 0.059482
vt 0.880936 0.0633819
vt 0.878461 0.0620117
vt 0.878964 0.059482
vt 0.880936 0.0606415
vt 0.880936 0.0633819
vt 0.883907 0.0457063
vt 0.883645 0.0410111
vt 0.884826 0.0431329
vt 0.883907 0.0457063
vt 0.882212 0.0431556
vt 0.883645 0.0410111
vt 0.895037 0.0257372
vt 0.893304 0.0304452
vt 0.892893 0.0271702
vt 0.895037 0.0257372
vt 0.895021 0.0283492
vt 0.893304 0.0304452
vt 0.90776 0.0198372
vt 0.911408 0.0159859
vt 0.910051 0.0184628
vt 0.90776 0.0198372
vt 0.908878 0.0164891
vt 0.911408 0.0159859
vt 0.910051 0.0184628
vt 0.90776 0.0198373
vt 0.902425 0.0318487
vt 0.914267 0.0250113
vt 0.927734 0.0149158
vt 0.925165 0.0154565
vt 0.880936 0.0606415
vt 0.880936 0.0633819
vt 0.888958 0.0688491
vt 0.888958 0.0551743
vt 0.884826 0.0431329
vt 0.883907 0.0457063
vt 0.90776 0.104186
vt 0.910051 0.105561
vt 0.914267 0.0990121
vt 0.902425 0.0921747
vt 0.893304 0.0935783
vt 0.895021 0.0956742
vt 0.945418 0.105561
vt 0.947709 0.104186
vt 0.953044 0.0921747
vt 0.941201 0.0990121
vt 0.927734 0.109108
vt 0.930304 0.108567
vt 0.974533 0.0633819
vt 0.974533 0.0606415
vt 0.966511 0.0551743
vt 0.966511 0.0688491
vt 0.970643 0.0808905
vt 0.971562 0.0783171
vt 0.947709 0.0198372
vt 0.945418 0.0184628
vt 0.941201 0.0250113
vt 0.953044 0.0318488
vt 0.962165 0.0304452
vt 0.960448 0.0283492
vt 0.927734 0.0226367
vt 0.930304 0.0154565
vt 0.927734 0.0149158
vt 0.961834 0.0423242
vt 0.971562 0.0457063
vt 0.970643 0.0431329
vt 0.961834 0.0816992
vt 0.960448 0.0956742
vt 0.962165 0.0935783
vt 0.927734 0.101387
vt 0.925165 0.108567
vt 0.927734 0.109108
vt 0.893635 0.0816992
vt 0.883907 0.0783171
vt 0.884826 0.0808905
vt 0.893635 0.0423242
vt 0.895021 0.0283493
vt 0.893304 0.0304452
vt 0.908878 0.0164891
vt 0.907643 0.013508
vt 0.906734 0.0179221
vt 0.882212 0.0808678
vt 0.879231 0.0821026
vt 0.883645 0.0830124
vt 0.908878 0.107534
vt 0.907643 0.110515
vt 0.911408 0.108038
vt 0.94659 0.107534
vt 0.947825 0.110515
vt 0.948735 0.106101
vt 0.977008 0.0620117
vt 0.980234 0.0620117
vt 0.976505 0.059482
vt 0.962576 0.0271702
vt 0.964857 0.0248886
vt 0.964009 0.0293148
vt 0.977008 0.0620117
vt 0.980234 0.0620117
vt 0.976505 0.0645414
vt 0.927734 0.111285
vt 0.927734 0.114512
vt 0.925205 0.110782
vt 0.892893 0.0968528
vt 0.890611 0.0991348
vt 0.89146 0.0947086
vt 0.895037 0.0982862
vt 0.907643 0.110515
vt 0.892893 0.0968528
vt 0.878461 0.0620117
vt 0.875234 0.0620117
vt 0.878964 0.059482
vt 0.892893 0.0271702
vt 0.890611 0.0248886
vt 0.895037 0.0257372
vt 0.927734 0.00951171
vt 0.930264 0.0132416
vt 0.927734 0.0127384
vt 0.944061 0.0159859
vt 0.94659 0.0164891
vt 0.947825 0.013508
vt 0.927734 0.0127384
vt 0.927734 0.00951171
vt 0.925205 0.0132416
vt 0.907643 0.013508
vt 0.911408 0.0159859
vt 0.908878 0.0164891
vt 0.947825 0.013508
vt 0.948735 0.0179221
vt 0.94659 0.0164891
vt 0.960431 0.0257372
vt 0.962576 0.0271702
vt 0.964857 0.0248886
vt 0.973257 0.0808678
vt 0.976238 0.0821026
vt 0.971824 0.0830124
vt 0.890611 0.0248886
vt 0.89146 0.0293148
vt 0.892893 0.0271702
vt 0.883645 0.0410111
vt 0.882212 0.0431556
vt 0.879231 0.0419208
vt 0.881709 0.0456854
vt 0.882212 0.0431556
vt 0.879231 0.0419208
vt 0.875234 0.0620117
vt 0.878964 0.0645414
vt 0.878461 0.0620117
vt 0.881709 0.0783381
vt 0.882212 0.0808678
vt 0.879231 0.0821026
vt 0.895037 0.0982862
vt 0.892893 0.0968532
vt 0.890611 0.0991348
vt 0.94659 0.107534
vt 0.947825 0.110515
vt 0.944061 0.108038
vt 0.930264 0.110782
vt 0.927734 0.111285
vt 0.927734 0.114512
vt 0.962576 0.0968532
vt 0.964857 0.0991348
vt 0.960431 0.0982862
vt 0.964009 0.0947086
vt 0.962576 0.0968532
vt 0.964857 0.0991348
vt 0.976238 0.0821026
vt 0.97376 0.0783381
vt 0.973257 0.0808678
vt 0.973257 0.0431556
vt 0.976238 0.0419208
vt 0.97376 0.0456853
vt 0.971824 0.0410111
vt 0.973257 0.0431556
vt 0.976238 0.0419208
vt 0.914267 0.0250113
vt 0.90776 0.0198372
vt 0.910051 0.0184628
vt 0.925165 0.0154565
vt 0.927734 0.0149158
vt 0.927734 0.0226367
vt 0.893635 0.0423242
vt 0.883907 0.0457063
vt 0.884826 0.0431329
vt 0.893304 0.0304452
vt 0.895021 0.0283492
vt 0.902425 0.0318488
vt 0.888958 0.0688491
vt 0.884826 0.0808905
vt 0.883907 0.0783171
vt 0.880936 0.0633819
vt 0.880936 0.0606415
vt 0.888958 0.0551743
vt 0.902425 0.0921747
vt 0.910051 0.105561
vt 0.90776 0.104186
vt 0.895021 0.0956742
vt 0.893304 0.0935783
vt 0.893635 0.0816992
vt 0.941201 0.0990121
vt 0.947709 0.104186
vt 0.945418 0.105561
vt 0.930304 0.108567
vt 0.927734 0.109108
vt 0.927734 0.101387
vt 0.961834 0.0816992
vt 0.971562 0.0783171
vt 0.970643 0.0808905
vt 0.962165 0.0935783
vt 0.960448 0.0956742
vt 0.953044 0.0921747
vt 0.966511 0.0551743
vt 0.970643 0.0431329
vt 0.971562 0.0457063
vt 0.974533 0.0606415
vt 0.974533 0.0633819
vt 0.966511 0.0688491
vt 0.953044 0.0318487
vt 0.945418 0.0184628
vt 0.947709 0.0198372
vt 0.960448 0.0283492
vt 0.962165 0.0304452
vt 0.961834 0.0423242
vt 0.927734 0.0149158
vt 0.930304 0.0154565
vt 0.941201 0.0250113
vt 0.927734 0.109108
vt 0.925165 0.108567
vt 0.914267 0.0990121
vt 0.910051 0.0184628
vt 0.925165 0.0154565
vt 0.908878 0.0164891
vt 0.925205 0.0132416
vt 0.908878 0.0164891
vt 0.925165 0.0154565
vt 0.880936 0.0606415
vt 0.883907 0.0457063
vt 0.878461 0.0620117
vt 0.881709 0.0456854
vt 0.878461 0.0620117
vt 0.883907 0.0457063
vt 0.90776 0.104186
vt 0.895021 0.0956742
vt 0.908878 0.107534
vt 0.895037 0.0982862
vt 0.908878 0.107534
vt 0.895021 0.0956742
vt 0.945418 0.105561
vt 0.930304 0.108567
vt 0.94659 0.107534
vt 0.930264 0.110782
vt 0.94659 0.107534
vt 0.930304 0.108567
vt 0.974533 0.0633819
vt 0.971562 0.0783171
vt 0.977008 0.0620117
vt 0.97376 0.0783381
vt 0.977008 0.0620117
vt 0.971562 0.0783171
vt 0.947709 0.0198372
vt 0.960448 0.0283492
vt 0.94659 0.0164891
vt 0.960431 0.0257372
vt 0.94659 0.0164891
vt 0.960448 0.0283492
vt 0.962165 0.0304452
vt 0.970643 0.0431329
vt 0.962576 0.0271702
vt 0.971824 0.0410111
vt 0.962576 0.0271702
vt 0.970643 0.0431329
vt 0.970643 0.0808905
vt 0.962165 0.0935783
vt 0.973257 0.0808678
vt 0.964009 0.0947086
vt 0.973257 0.0808678
vt 0.962165 0.0935783
vt 0.893304 0.0935783
vt 0.884826 0.0808905
vt 0.892893 0.0968532
vt 0.883645 0.0830124
vt 0.892893 0.0968532
vt 0.884826 0.0808905
vt 0.884826 0.0431329
vt 0.893304 0.0304452
vt 0.882212 0.0431556
vt 0.89146 0.0293148
vt 0.882212 0.0431556
vt 0.893304 0.0304452
vt 0.930304 0.0154565
vt 0.945418 0.0184628
vt 0.927734 0.0127384
vt 0.944061 0.0159859
vt 0.927734 0.0127384
vt 0.945418 0.0184628
vt 0.906734 0.0179221
vt 0.892893 0.0271702
vt 0.90776 0.0198373
vt 0.895021 0.0283493
vt 0.90776 0.0198373
vt 0.892893 0.0271702
vt 0.878964 0.0645414
vt 0.882212 0.0808678
vt 0.880936 0.0633819
vt 0.883907 0.0783171
vt 0.880936 0.0633819
vt 0.882212 0.0808678
vt 0.911408 0.108038
vt 0.927734 0.111285
vt 0.910051 0.105561
vt 0.925165 0.108567
vt 0.910051 0.105561
vt 0.927734 0.111285
vt 0.948735 0.106101
vt 0.962576 0.0968532
vt 0.947709 0.104186
vt 0.960448 0.0956742
vt 0.947709 0.104186
vt 0.962576 0.0968532
vt 0.976505 0.059482
vt 0.973257 0.0431556
vt 0.974533 0.0606415
vt 0.971562 0.0457063
vt 0.974533 0.0606415
vt 0.973257 0.0431556
vt 0.964009 0.0293148
vt 0.973257 0.0431556
vt 0.962165 0.0304452
vt 0.970643 0.0431329
vt 0.962165 0.0304452
vt 0.973257 0.0431556
vt 0.948735 0.0179221
vt 0.962576 0.0271702
vt 0.947709 0.0198372
vt 0.960448 0.0283492
vt 0.947709 0.0198372
vt 0.962576 0.0271702
vt 0.976505 0.0645414
vt 0.973257 0.0808678
vt 0.974533 0.0633819
vt 0.971562 0.0783171
vt 0.974533 0.0633819
vt 0.973257 0.0808678
vt 0.97376 0.0456853
vt 0.977008 0.0620117
vt 0.971562 0.0457063
vt 0.974533 0.0606415
vt 0.971562 0.0457063
vt 0.977008 0.0620117
vt 0.925205 0.110782
vt 0.908878 0.107534
vt 0.925165 0.108567
vt 0.910051 0.105561
vt 0.925165 0.108567
vt 0.908878 0.107534
vt 0.944061 0.108038
vt 0.927734 0.111285
vt 0.945418 0.105561
vt 0.930304 0.108567
vt 0.945418 0.105561
vt 0.927734 0.111285
vt 0.89146 0.0947086
vt 0.882212 0.0808678
vt 0.893304 0.0935783
vt 0.884826 0.0808905
vt 0.893304 0.0935783
vt 0.882212 0.0808678
vt 0.908878 0.107534
vt 0.895037 0.0982862
vt 0.90776 0.104186
vt 0.895021 0.0956742
vt 0.90776 0.104186
vt 0.895037 0.0982862
vt 0.878964 0.059482
vt 0.882212 0.0431556
vt 0.880936 0.0606415
vt 0.883907 0.0457063
vt 0.880936 0.0606415
vt 0.882212 0.0431556
vt 0.881709 0.0783381
vt 0.878461 0.0620117
vt 0.883907 0.0783171
vt 0.880936 0.0633819
vt 0.883907 0.0783171
vt 0.878461 0.0620117
vt 0.895037 0.0257372
vt 0.908878 0.0164891
vt 0.895021 0.0283492
vt 0.90776 0.0198372
vt 0.895021 0.0283492
vt 0.908878 0.0164891
vt 0.883645 0.0410111
vt 0.892893 0.0271702
vt 0.884826 0.0431329
vt 0.893304 0.0304452
vt 0.884826 0.0431329
vt 0.892893 0.0271702
vt 0.945418 0.0184628
vt 0.930304 0.0154565
vt 0.94659 0.0164891
vt 0.930264 0.0132416
vt 0.94659 0.0164891
vt 0.930304 0.0154565
vt 0.971824 0.0830124
vt 0.962576 0.0968532
vt 0.970643 0.0808905
vt 0.962165 0.0935783
vt 0.970643 0.0808905
vt 0.962576 0.0968532
vt 0.925165 0.0154565
vt 0.910051 0.0184628
vt 0.927734 0.0127384
vt 0.911408 0.0159859
vt 0.927734 0.0127384
vt 0.910051 0.0184628
vt 0.960431 0.0982862
vt 0.94659 0.107534
vt 0.960448 0.0956742
vt 0.947709 0.104186
vt 0.960448 0.0956742
vt 0.94659 0.107534
g Bearing
f 13/1 1/2 12/3
f 11/4 1/5 10/6
f 2/7 1/8 9/9
f 8/10 1/11 3/12
f 7/13 1/14 4/15
f 6/16 1/17 5/18
f 4/19 1/20 6/21
f 3/22 1/23 7/24
f 9/25 1/26 8/27
f 10/28 1/29 2/30
f 12/31 1/32 11/33
f 5/34 1/35 13/36
f 8/37 21/38 22/39
f 10/40 24/41 25/42
f 17/43 6/44 5/45
f 15/46 16/47 12/48
f 11/49 15/50 12/51
f 2/52 24/53 10/54
f 9/55 24/56 2/57
f 3/58 21/59 8/60
f 7/61 21/62 3/63
f 4/64 19/65 7/66
f 6/67 19/68 4/69
f 13/70 17/71 5/72
f 18/73 6/74 17/75
f 18/76 19/77 6/78
f 20/79 7/80 19/81
f 20/82 21/83 7/84
f 23/85 8/86 22/87
f 9/88 8/89 23/90
f 23/91 24/92 9/93
f 14/94 10/95 25/96
f 11/97 10/98 14/99
f 14/100 15/101 11/102
f 13/103 12/104 16/105
f 16/106 17/107 13/108
f 34/109 35/110 16/111
f 15/112 34/113 16/114
f 36/115 37/116 14/117
f 25/118 36/119 14/120
f 27/121 26/122 24/123
f 23/124 27/125 24/126
f 28/127 29/128 22/129
f 21/130 28/131 22/132
f 32/133 30/134 20/135
f 19/136 32/137 20/138
f 33/139 31/140 18/141
f 17/142 33/143 18/144
f 15/145 14/146 37/147
f 37/148 34/149 15/150
f 17/151 16/152 35/153
f 35/154 33/155 17/156
f 19/157 18/158 31/159
f 31/160 32/161 19/162
f 21/163 20/164 30/165
f 30/166 28/167 21/168
f 23/169 22/170 29/171
f 29/172 27/173 23/174
f 25/175 24/176 26/177
f 26/178 36/179 25/180
f 31/181 33/182 49/183
f 47/184 31/185 49/186
f 46/187 32/188 47/189
f 44/190 32/191 46/192
f 28/193 30/194 45/195
f 43/196 28/197 45/198
f 26/199 27/200 41/201
f 42/202 26/203 41/204
f 39/205 36/206 42/207
f 40/208 36/209 39/210
f 34/211 37/212 38/213
f 48/214 34/215 38/216
f 36/217 26/218 42/219
f 43/220 41/221 27/222
f 29/223 43/224 27/225
f 29/226 28/227 43/228
f 44/229 45/230 30/231
f 30/232 32/233 44/234
f 32/235 31/236 47/237
f 48/238 49/239 33/240
f 35/241 48/242 33/243
f 35/244 34/245 48/246
f 40/247 38/248 37/249
f 37/250 36/251 40/252
f 55/253 41/254 43/255
f 48/256 38/257 50/258
f 60/259 48/260 50/261
f 59/262 47/263 61/264
f 57/265 47/266 59/267
f 44/268 46/269 58/270
f 56/271 44/272 58/273
f 53/274 41/275 55/276
f 54/277 41/278 53/279
f 39/280 42/281 52/282
f 51/283 39/284 52/285
f 61/286 48/287 60/288
f 51/289 50/290 38/291
f 40/292 51/293 38/294
f 40/295 39/296 51/297
f 54/298 52/299 42/300
f 42/301 41/302 54/303
f 45/304 55/305 43/306
f 56/307 55/308 45/309
f 45/310 44/311 56/312
f 57/313 58/314 46/315
f 46/316 47/317 57/318
f 49/319 61/320 47/321
f 49/322 48/323 61/324
f 70/325 57/326 59/327
f 62/328 72/329 60/330
f 50/331 62/332 60/333
f 71/334 57/335 70/336
f 69/337 58/338 71/339
f 67/340 58/341 69/342
f 53/343 55/344 68/345
f 65/346 53/347 68/348
f 66/349 53/350 65/351
f 63/352 52/353 66/354
f 64/355 52/356 63/357
f 73/358 60/359 72/360
f 64/361 62/362 50/363
f 51/364 64/365 50/366
f 51/367 52/368 64/369
f 54/370 66/371 52/372
f 54/373 53/374 66/375
f 67/376 68/377 55/378
f 56/379 67/380 55/381
f 56/382 58/383 67/384
f 58/385 57/386 71/387
f 61/388 70/389 59/390
f 73/391 70/392 61/393
f 61/394 60/395 73/396
f 85/397 72/398 84/399
f 70/400 73/401 82/402
f 83/403 70/404 82/405
f 67/406 69/407 80/408
f 81/409 67/410 80/411
f 78/412 67/413 81/414
f 65/415 68/416 79/417
f 76/418 65/419 79/420
f 63/421 66/422 77/423
f 74/424 63/425 77/426
f 62/427 64/428 75/429
f 84/430 62/431 75/432
f 72/433 62/434 84/435
f 74/436 75/437 64/438
f 64/439 63/440 74/441
f 76/442 77/443 66/444
f 66/445 65/446 76/447
f 78/448 79/449 68/450
f 68/451 67/452 78/453
f 83/454 80/455 69/456
f 71/457 83/458 69/459
f 71/460 70/461 83/462
f 85/463 82/464 73/465
f 73/466 72/467 85/468
f 74/469 77/470 98/471
f 95/472 74/473 98/474
f 84/475 75/476 94/477
f 92/478 84/479 94/480
f 82/481 85/482 93/483
f 90/484 82/485 93/486
f 80/487 83/488 91/489
f 88/490 80/491 91/492
f 78/493 81/494 89/495
f 86/496 78/497 89/498
f 76/499 79/500 87/501
f 96/502 76/503 87/504
f 95/505 94/506 75/507
f 75/508 74/509 95/510
f 96/511 98/512 77/513
f 77/514 76/515 96/516
f 86/517 87/518 79/519
f 79/520 78/521 86/522
f 88/523 89/524 81/525
f 81/526 80/527 88/528
f 90/529 91/530 83/531
f 83/532 82/533 90/534
f 92/535 93/536 85/537
f 85/538 84/539 92/540
f 92/541 94/542 97/543
f 90/544 93/545 97/546
f 88/547 91/548 97/549
f 86/550 89/551 97/552
f 96/553 87/554 97/555
f 95/556 98/557 97/558
f 87/559 86/560 97/561
f 89/562 88/563 97/564
f 91/565 90/566 97/567
f 93/568 92/569 97/570
f 95/571 97/572 94/573
f 98/574 96/575 97/576
f 110/577 99/578 111/579
f 108/580 99/581 109/582
f 107/583 99/584 100/585
f 101/586 99/587 106/588
f 102/589 99/590 105/591
f 103/592 99/593 104/594
f 104/595 99/596 102/597
f 105/598 99/599 101/600
f 106/601 99/602 107/603
f 100/604 99/605 108/606
f 109/607 99/608 110/609
f 103/610 111/611 99/612
f 106/613 120/614 119/615
f 108/616 123/617 122/618
f 115/619 103/620 104/621
f 113/622 110/623 114/624
f 109/625 110/626 113/627
f 100/628 108/629 122/630
f 107/631 100/632 122/633
f 101/634 106/635 119/636
f 105/637 101/638 119/639
f 102/640 105/641 117/642
f 104/643 102/644 117/645
f 111/646 103/647 115/648
f 116/649 115/650 104/651
f 116/652 104/653 117/654
f 118/655 117/656 105/657
f 118/658 105/659 119/660
f 121/661 120/662 106/663
f 107/664 121/665 106/666
f 121/667 107/668 122/669
f 112/670 123/671 108/672
f 109/673 112/674 108/675
f 112/676 109/677 113/678
f 111/679 114/680 110/681
f 114/682 111/683 115/684
f 132/685 114/686 133/687
f 113/688 114/689 132/690
f 134/691 112/692 135/693
f 123/694 112/695 134/696
f 125/697 122/698 124/699
f 121/700 122/701 125/702
f 126/703 120/704 127/705
f 119/706 120/707 126/708
f 130/709 118/710 128/711
f 117/712 118/713 130/714
f 131/715 116/716 129/717
f 115/718 116/719 131/720
f 113/721 135/722 112/723
f 135/724 113/725 132/726
f 115/727 133/728 114/729
f 133/730 115/731 131/732
f 117/733 129/734 116/735
f 129/736 117/737 130/738
f 119/739 128/740 118/741
f 128/742 119/743 126/744
f 121/745 127/746 120/747
f 127/748 121/749 125/750
f 123/751 124/752 122/753
f 124/754 123/755 134/756
f 129/757 147/758 131/759
f 145/760 147/761 129/762
f 144/763 145/764 130/765
f 142/766 144/767 130/768
f 126/769 143/770 128/771
f 141/772 143/773 126/774
f 124/775 139/776 125/777
f 140/778 139/779 124/780
f 137/781 140/782 134/783
f 138/784 137/785 134/786
f 132/787 136/788 135/789
f 146/790 136/791 132/792
f 134/793 140/794 124/795
f 141/796 125/797 139/798
f 127/799 125/800 141/801
f 127/802 141/803 126/804
f 142/805 128/806 143/807
f 128/808 142/809 130/810
f 130/811 145/812 129/813
f 146/814 131/815 147/816
f 133/817 131/818 146/819
f 133/820 146/821 132/822
f 138/823 135/824 136/825
f 135/826 138/827 134/828
f 153/829 141/830 139/831
f 146/832 148/833 136/834
f 158/835 148/836 146/837
f 157/838 159/839 145/840
f 155/841 157/842 145/843
f 142/844 156/845 144/846
f 154/847 156/848 142/849
f 151/850 153/851 139/852
f 152/853 151/854 139/855
f 137/856 150/857 140/858
f 149/859 150/860 137/861
f 159/862 158/863 146/864
f 149/865 136/866 148/867
f 138/868 136/869 149/870
f 138/871 149/872 137/873
f 152/874 140/875 150/876
f 140/877 152/878 139/879
f 143/880 141/881 153/882
f 154/883 143/884 153/885
f 143/886 154/887 142/888
f 155/889 144/890 156/891
f 144/892 155/893 145/894
f 147/895 145/896 159/897
f 147/898 159/899 146/900
f 168/901 157/902 155/903
f 160/904 158/905 170/906
f 148/907 158/908 160/909
f 169/910 168/911 155/912
f 167/913 169/914 156/915
f 165/916 167/917 156/918
f 151/919 166/920 153/921
f 163/922 166/923 151/924
f 164/925 163/926 151/927
f 161/928 164/929 150/930
f 162/931 161/932 150/933
f 171/934 170/935 158/936
f 162/937 148/938 160/939
f 149/940 148/941 162/942
f 149/943 162/944 150/945
f 152/946 150/947 164/948
f 152/949 164/950 151/951
f 165/952 153/953 166/954
f 154/955 153/956 165/957
f 154/958 165/959 156/960
f 156/961 169/962 155/963
f 159/964 157/965 168/966
f 171/967 159/968 168/969
f 159/970 171/971 158/972
f 183/973 182/974 170/975
f 168/976 180/977 171/978
f 181/979 180/980 168/981
f 165/982 178/983 167/984
f 179/985 178/986 165/987
f 176/988 179/989 165/990
f 163/991 177/992 166/993
f 174/994 177/995 163/996
f 161/997 175/998 164/999
f 172/1000 175/1001 161/1002
f 160/1003 173/1004 162/1005
f 182/1006 173/1007 160/1008
f 170/1009 182/1010 160/1011
f 172/1012 162/1013 173/1014
f 162/1015 172/1016 161/1017
f 174/1018 164/1019 175/1020
f 164/1021 174/1022 163/1023
f 176/1024 166/1025 177/1026
f 166/1027 176/1028 165/1029
f 181/1030 167/1031 178/1032
f 169/1033 167/1034 181/1035
f 169/1036 181/1037 168/1038
f 183/1039 171/1040 180/1041
f 171/1042 183/1043 170/1044
f 172/1045 196/1046 175/1047
f 193/1048 196/1049 172/1050
f 182/1051 192/1052 173/1053
f 190/1054 192/1055 182/1056
f 180/1057 191/1058 183/1059
f 188/1060 191/1061 180/1062
f 178/1063 189/1064 181/1065
f 186/1066 189/1067 178/1068
f 176/1069 187/1070 179/1071
f 184/1072 187/1073 176/1074
f 174/1075 185/1076 177/1077
f 194/1078 185/1079 174/1080
f 193/1081 173/1082 192/1083
f 173/1084 193/1085 172/1086
f 175/1087 196/1088 194/1089
f 175/1090 194/1091 174/1092
f 184/1093 177/1094 185/1095
f 177/1096 184/1097 176/1098
f 186/1099 179/1100 187/1101
f 179/1102 186/1103 178/1104
f 188/1105 181/1106 189/1107
f 181/1108 188/1109 180/1110
f 190/1111 183/1112 191/1113
f 183/1114 190/1115 182/1116
f 190/1117 195/1118 192/1119
f 188/1120 195/1121 191/1122
f 186/1123 195/1124 189/1125
f 184/1126 195/1127 187/1128
f 194/1129 195/1130 185/1131
f 195/1132 196/1133 193/1134
f 185/1135 195/1136 184/1137
f 187/1138 195/1139 186/1140
f 189/1141 195/1142 188/1143
f 191/1144 195/1145 190/1146
f 193/1147 192/1148 195/1149
f 196/1150 195/1151 194/1152
g Tires
f 197/1153 198/1154 199/1155
f 198/1156 197/1157 200/1158
f 198/1159 200/1160 307/1161
f 198/1162 307/1163 311/1164
f 198/1165 310/1166 203/1167
f 198/1168 203/1169 199/1170
f 204/1171 205/1172 206/1173
f 205/1174 204/1175 207/1176
f 205/1177 207/1178 314/1179
f 205/1180 314/1181 317/1182
f 205/1183 316/1184 210/1185
f 205/1186 210/1187 206/1188
f 211/1189 212/1190 213/1191
f 212/1192 211/1193 214/1194
f 212/1195 214/1196 320/1197
f 212/1198 320/1199 323/1200
f 212/1201 322/1202 217/1203
f 212/1204 217/1205 213/1206
f 218/1207 219/1208 220/1209
f 219/1210 218/1211 221/1212
f 219/1213 221/1214 326/1215
f 219/1216 326/1217 330/1218
f 219/1219 329/1220 224/1221
f 219/1222 224/1223 220/1224
f 225/1225 226/1226 227/1227
f 226/1228 225/1229 228/1230
f 226/1231 228/1232 333/1233
f 226/1234 333/1235 336/1236
f 226/1237 335/1238 231/1239
f 226/1240 231/1241 227/1242
f 232/1243 233/1244 234/1245
f 233/1246 232/1247 235/1248
f 233/1249 235/1250 339/1251
f 233/1252 339/1253 342/1254
f 233/1255 341/1256 238/1257
f 233/1258 238/1259 234/1260
f 203/1261 309/1262 235/1263
f 203/1264 235/1265 199/1266
f 341/1267 345/1268 238/1269
f 238/1270 344/1271 228/1272
f 238/1273 228/1274 234/1275
f 335/1276 348/1277 231/1278
f 231/1279 347/1280 221/1281
f 231/1282 221/1283 227/1284
f 224/1285 328/1286 214/1287
f 224/1288 214/1289 220/1290
f 322/1291 351/1292 217/1293
f 217/1294 350/1295 207/1296
f 217/1297 207/1298 213/1299
f 316/1300 354/1301 210/1302
f 210/1303 353/1304 200/1305
f 210/1306 200/1307 206/1308
f 232/1309 199/1310 235/1311
f 236/1312 235/1313 309/1314
f 225/1315 234/1316 228/1317
f 218/1318 227/1319 221/1320
f 211/1321 220/1322 214/1323
f 204/1324 213/1325 207/1326
f 197/1327 206/1328 200/1329
f 353/1330 201/1331 200/1332
f 350/1333 208/1334 207/1335
f 328/1336 215/1337 214/1338
f 347/1339 222/1340 221/1341
f 344/1342 229/1343 228/1344
f 305/1345 352/1346 243/1347
f 305/1348 243/1349 244/1350
f 306/1351 244/1352 202/1353
f 241/1354 321/1355 245/1356
f 241/1357 245/1358 246/1359
f 349/1360 246/1361 312/1362
f 318/1363 327/1364 247/1365
f 318/1366 247/1367 248/1368
f 319/1369 248/1370 216/1371
f 324/1372 346/1373 249/1374
f 324/1375 249/1376 250/1377
f 325/1378 250/1379 223/1380
f 331/1381 343/1382 251/1383
f 331/1384 251/1385 252/1386
f 332/1387 252/1388 230/1389
f 255/1390 367/1391 251/1392
f 255/1393 251/1394 257/1395
f 362/1396 257/1397 357/1398
f 258/1399 373/1400 260/1401
f 258/1402 260/1403 252/1404
f 368/1405 252/1406 366/1407
f 263/1408 385/1409 248/1410
f 263/1411 248/1412 247/1413
f 380/1414 247/1415 379/1416
f 265/1417 392/1418 246/1419
f 265/1420 246/1421 245/1422
f 386/1423 245/1424 248/1425
f 387/1426 248/1427 385/1428
f 267/1429 398/1430 269/1431
f 267/1432 269/1433 270/1434
f 393/1435 270/1436 391/1437
f 271/1438 404/1439 244/1440
f 271/1441 244/1442 243/1443
f 399/1444 243/1445 397/1446
f 308/1447 273/1448 337/1449
f 273/1450 361/1451 274/1452
f 273/1453 274/1454 337/1455
f 202/1456 244/1457 273/1458
f 244/1459 403/1460 273/1461
f 274/1462 361/1463 253/1464
f 274/1465 357/1466 257/1467
f 274/1468 257/1469 237/1470
f 274/1471 237/1472 338/1473
f 372/1474 376/1475 249/1476
f 372/1477 249/1478 260/1479
f 254/1480 273/1481 403/1482
f 243/1483 242/1484 269/1485
f 243/1486 269/1487 397/1488
f 270/1489 269/1490 209/1491
f 270/1492 209/1493 313/1494
f 270/1495 312/1496 246/1497
f 270/1498 246/1499 391/1500
f 242/1501 315/1502 269/1503
f 248/1504 245/1505 216/1506
f 379/1507 247/1508 250/1509
f 262/1510 250/1511 375/1512
f 250/1513 247/1514 223/1515
f 375/1516 250/1517 249/1518
f 260/1519 249/1520 240/1521
f 260/1522 240/1523 334/1524
f 260/1525 230/1526 252/1527
f 366/1528 252/1529 251/1530
f 257/1531 251/1532 239/1533
f 257/1534 239/1535 340/1536
f 402/1537 275/1538 358/1539
f 275/1540 272/1541 276/1542
f 275/1543 276/1544 277/1545
f 275/1546 277/1547 278/1548
f 275/1549 278/1550 279/1551
f 275/1552 279/1553 358/1554
f 396/1555 280/1556 400/1557
f 280/1558 268/1559 281/1560
f 280/1561 281/1562 282/1563
f 280/1564 282/1565 276/1566
f 280/1567 276/1568 400/1569
f 390/1570 283/1571 394/1572
f 283/1573 266/1574 284/1575
f 283/1576 284/1577 285/1578
f 283/1579 285/1580 286/1581
f 283/1582 286/1583 281/1584
f 283/1585 281/1586 394/1587
f 384/1588 287/1589 388/1590
f 287/1591 264/1592 288/1593
f 287/1594 288/1595 289/1596
f 287/1597 289/1598 285/1599
f 287/1600 285/1601 284/1602
f 287/1603 284/1604 388/1605
f 378/1606 290/1607 381/1608
f 290/1609 377/1610 291/1611
f 290/1612 291/1613 292/1614
f 290/1615 292/1616 293/1617
f 290/1618 293/1619 294/1620
f 290/1621 294/1622 381/1623
f 371/1624 295/1625 261/1626
f 295/1627 259/1628 296/1629
f 295/1630 296/1631 297/1632
f 295/1633 297/1634 291/1635
f 295/1636 291/1637 261/1638
f 365/1639 298/1640 369/1641
f 298/1642 256/1643 299/1644
f 298/1645 299/1646 300/1647
f 298/1648 300/1649 301/1650
f 298/1651 301/1652 296/1653
f 298/1654 296/1655 369/1656
f 356/1657 302/1658 363/1659
f 302/1660 355/1661 303/1662
f 302/1663 303/1664 304/1665
f 302/1666 304/1667 300/1668
f 302/1669 300/1670 299/1671
f 302/1672 299/1673 363/1674
f 279/1675 278/1676 303/1677
f 279/1678 303/1679 359/1680
f 301/1681 297/1682 296/1683
f 297/1684 292/1685 291/1686
f 294/1687 293/1688 288/1689
f 294/1690 288/1691 382/1692
f 286/1693 282/1694 281/1695
f 282/1696 277/1697 276/1698
f 355/1699 360/1700 303/1701
f 304/1702 303/1703 278/1704
f 264/1705 383/1706 288/1707
f 401/1708 276/1709 272/1710
f 395/1711 281/1712 268/1713
f 389/1714 284/1715 266/1716
f 293/1717 289/1718 288/1719
f 374/1720 291/1721 377/1722
f 370/1723 296/1724 259/1725
f 364/1726 299/1727 256/1728
f 201/1729 305/1730 306/1731
f 201/1732 306/1733 307/1734
f 202/1735 308/1736 309/1737
f 202/1738 309/1739 310/1740
f 202/1741 310/1742 311/1743
f 208/1744 312/1745 313/1746
f 208/1747 313/1748 314/1749
f 209/1750 315/1751 316/1752
f 209/1753 316/1754 317/1755
f 215/1756 318/1757 319/1758
f 215/1759 319/1760 320/1761
f 216/1762 321/1763 322/1764
f 216/1765 322/1766 323/1767
f 222/1768 324/1769 325/1770
f 222/1771 325/1772 326/1773
f 223/1774 327/1775 328/1776
f 223/1777 328/1778 329/1779
f 223/1780 329/1781 330/1782
f 229/1783 331/1784 332/1785
f 229/1786 332/1787 333/1788
f 230/1789 334/1790 335/1791
f 230/1792 335/1793 336/1794
f 236/1795 337/1796 338/1797
f 236/1798 338/1799 339/1800
f 237/1801 340/1802 341/1803
f 237/1804 341/1805 342/1806
f 239/1807 343/1808 344/1809
f 239/1810 344/1811 345/1812
f 240/1813 346/1814 347/1815
f 240/1816 347/1817 348/1818
f 241/1819 349/1820 350/1821
f 241/1822 350/1823 351/1824
f 242/1825 352/1826 353/1827
f 242/1828 353/1829 354/1830
f 253/1831 355/1832 356/1833
f 253/1834 356/1835 357/1836
f 254/1837 358/1838 359/1839
f 254/1840 359/1841 360/1842
f 254/1843 360/1844 361/1845
f 255/1846 362/1847 363/1848
f 255/1849 363/1850 364/1851
f 256/1852 365/1853 366/1854
f 256/1855 366/1856 367/1857
f 258/1858 368/1859 369/1860
f 258/1861 369/1862 370/1863
f 259/1864 371/1865 372/1866
f 259/1867 372/1868 373/1869
f 261/1870 374/1871 375/1872
f 261/1873 375/1874 376/1875
f 262/1876 377/1877 378/1878
f 262/1879 378/1880 379/1881
f 263/1882 380/1883 381/1884
f 263/1885 381/1886 382/1887
f 263/1888 382/1889 383/1890
f 264/1891 384/1892 385/1893
f 265/1894 386/1895 387/1896
f 265/1897 387/1898 388/1899
f 265/1900 388/1901 389/1902
f 266/1903 390/1904 391/1905
f 266/1906 391/1907 392/1908
f 267/1909 393/1910 394/1911
f 267/1912 394/1913 395/1914
f 268/1915 396/1916 397/1917
f 268/1918 397/1919 398/1920
f 271/1921 399/1922 400/1923
f 271/1924 400/1925 401/1926
f 272/1927 402/1928 403/1929
f 272/1930 403/1931 404/1932
f 307/1933 200/1934 201/1935
f 198/1936 311/1937 310/1938
f 314/1939 207/1940 208/1941
f 205/1942 317/1943 316/1944
f 320/1945 214/1946 215/1947
f 212/1948 323/1949 322/1950
f 326/1951 221/1952 222/1953
f 219/1954 330/1955 329/1956
f 333/1957 228/1958 229/1959
f 226/1960 336/1961 335/1962
f 339/1963 235/1964 236/1965
f 233/1966 342/1967 341/1968
f 203/1969 310/1970 309/1971
f 238/1972 345/1973 344/1974
f 231/1975 348/1976 347/1977
f 224/1978 329/1979 328/1980
f 217/1981 351/1982 350/1983
f 210/1984 354/1985 353/1986
f 306/1987 305/1988 244/1989
f 349/1990 241/1991 246/1992
f 319/1993 318/1994 248/1995
f 325/1996 324/1997 250/1998
f 332/1999 331/2000 252/2001
f 362/2002 255/2003 257/2004
f 368/2005 258/2006 252/2007
f 380/2008 263/2009 247/2010
f 386/2011 265/2012 245/2013
f 387/2014 386/2015 248/2016
f 393/2017 267/2018 270/2019
f 399/2020 271/2021 243/2022
f 273/2023 254/2024 361/2025
f 337/2026 274/2027 338/2028
f 308/2029 202/2030 273/2031
f 244/2032 404/2033 403/2034
f 274/2035 253/2036 357/2037
f 237/2038 257/2039 340/2040
f 373/2041 372/2042 260/2043
f 243/2044 352/2045 242/2046
f 397/2047 269/2048 398/2049
f 209/2050 269/2051 315/2052
f 270/2053 313/2054 312/2055
f 391/2056 246/2057 392/2058
f 216/2059 245/2060 321/2061
f 262/2062 379/2063 250/2064
f 223/2065 247/2066 327/2067
f 376/2068 375/2069 249/2070
f 240/2071 249/2072 346/2073
f 260/2074 334/2075 230/2076
f 367/2077 366/2078 251/2079
f 239/2080 251/2081 343/2082
f 275/2083 402/2084 272/2085
f 358/2086 279/2087 359/2088
f 280/2089 396/2090 268/2091
f 400/2092 276/2093 401/2094
f 283/2095 390/2096 266/2097
f 394/2098 281/2099 395/2100
f 287/2101 384/2102 264/2103
f 388/2104 284/2105 389/2106
f 290/2107 378/2108 377/2109
f 381/2110 294/2111 382/2112
f 295/2113 371/2114 259/2115
f 261/2116 291/2117 374/2118
f 298/2119 365/2120 256/2121
f 369/2122 296/2123 370/2124
f 302/2125 356/2126 355/2127
f 363/2128 299/2129 364/2130
f 359/2131 303/2132 360/2133
f 382/2134 288/2135 383/2136
f 307/2137 306/2138 311/2139
f 202/2140 311/2141 306/2142
f 314/2143 313/2144 317/2145
f 209/2146 317/2147 313/2148
f 320/2149 319/2150 323/2151
f 216/2152 323/2153 319/2154
f 326/2155 325/2156 330/2157
f 223/2158 330/2159 325/2160
f 333/2161 332/2162 336/2163
f 230/2164 336/2165 332/2166
f 339/2167 338/2168 342/2169
f 237/2170 342/2171 338/2172
f 341/2173 340/2174 345/2175
f 239/2176 345/2177 340/2178
f 335/2179 334/2180 348/2181
f 240/2182 348/2183 334/2184
f 322/2185 321/2186 351/2187
f 241/2188 351/2189 321/2190
f 316/2191 315/2192 354/2193
f 242/2194 354/2195 315/2196
f 309/2197 308/2198 236/2199
f 337/2200 236/2201 308/2202
f 305/2203 201/2204 352/2205
f 353/2206 352/2207 201/2208
f 312/2209 208/2210 349/2211
f 350/2212 349/2213 208/2214
f 318/2215 215/2216 327/2217
f 328/2218 327/2219 215/2220
f 324/2221 222/2222 346/2223
f 347/2224 346/2225 222/2226
f 331/2227 229/2228 343/2229
f 344/2230 343/2231 229/2232
f 255/2233 364/2234 367/2235
f 256/2236 367/2237 364/2238
f 357/2239 356/2240 362/2241
f 363/2242 362/2243 356/2244
f 258/2245 370/2246 373/2247
f 259/2248 373/2249 370/2250
f 366/2251 365/2252 368/2253
f 369/2254 368/2255 365/2256
f 263/2257 383/2258 385/2259
f 264/2260 385/2261 383/2262
f 379/2263 378/2264 380/2265
f 381/2266 380/2267 378/2268
f 265/2269 389/2270 392/2271
f 266/2272 392/2273 389/2274
f 385/2275 384/2276 387/2277
f 388/2278 387/2279 384/2280
f 267/2281 395/2282 398/2283
f 268/2284 398/2285 395/2286
f 391/2287 390/2288 393/2289
f 394/2290 393/2291 390/2292
f 271/2293 401/2294 404/2295
f 272/2296 404/2297 401/2298
f 397/2299 396/2300 399/2301
f 400/2302 399/2303 396/2304
f 355/2305 253/2306 360/2307
f 361/2308 360/2309 253/2310
f 372/2311 371/2312 376/2313
f 261/2314 376/2315 371/2316
f 358/2317 254/2318 402/2319
f 403/2320 402/2321 254/2322
f 375/2323 374/2324 262/2325
f 377/2326 262/2327 374/2328
f 405/2329 407/2330 406/2331
f 406/2332 408/2333 405/2334
f 406/2335 515/2336 408/2337
f 406/2338 519/2339 515/2340
f 406/2341 411/2342 518/2343
f 406/2344 407/2345 411/2346
f 412/2347 414/2348 413/2349
f 413/2350 415/2351 412/2352
f 413/2353 522/2354 415/2355
f 413/2356 525/2357 522/2358
f 413/2359 418/2360 524/2361
f 413/2362 414/2363 418/2364
f 419/2365 421/2366 420/2367
f 420/2368 422/2369 419/2370
f 420/2371 528/2372 422/2373
f 420/2374 531/2375 528/2376
f 420/2377 425/2378 530/2379
f 420/2380 421/2381 425/2382
f 426/2383 428/2384 427/2385
f 427/2386 429/2387 426/2388
f 427/2389 534/2390 429/2391
f 427/2392 538/2393 534/2394
f 427/2395 432/2396 537/2397
f 427/2398 428/2399 432/2400
f 433/2401 435/2402 434/2403
f 434/2404 436/2405 433/2406
f 434/2407 541/2408 436/2409
f 434/2410 544/2411 541/2412
f 434/2413 439/2414 543/2415
f 434/2416 435/2417 439/2418
f 440/2419 442/2420 441/2421
f 441/2422 443/2423 440/2424
f 441/2425 547/2426 443/2427
f 441/2428 550/2429 547/2430
f 441/2431 446/2432 549/2433
f 441/2434 442/2435 446/2436
f 411/2437 443/2438 517/2439
f 411/2440 407/2441 443/2442
f 549/2443 446/2444 553/2445
f 446/2446 436/2447 552/2448
f 446/2449 442/2450 436/2451
f 543/2452 439/2453 556/2454
f 439/2455 429/2456 555/2457
f 439/2458 435/2459 429/2460
f 432/2461 422/2462 536/2463
f 432/2464 428/2465 422/2466
f 530/2467 425/2468 559/2469
f 425/2470 415/2471 558/2472
f 425/2473 421/2474 415/2475
f 524/2476 418/2477 562/2478
f 418/2479 408/2480 561/2481
f 418/2482 414/2483 408/2484
f 440/2485 443/2486 407/2487
f 444/2488 517/2489 443/2490
f 433/2491 436/2492 442/2493
f 426/2494 429/2495 435/2496
f 419/2497 422/2498 428/2499
f 412/2500 415/2501 421/2502
f 405/2503 408/2504 414/2505
f 561/2506 408/2507 409/2508
f 558/2509 415/2510 416/2511
f 536/2512 422/2513 423/2514
f 555/2515 429/2516 430/2517
f 552/2518 436/2519 437/2520
f 513/2521 451/2522 560/2523
f 513/2524 452/2525 451/2526
f 514/2527 410/2528 452/2529
f 449/2530 453/2531 529/2532
f 449/2533 454/2534 453/2535
f 557/2536 520/2537 454/2538
f 526/2539 455/2540 535/2541
f 526/2542 456/2543 455/2544
f 527/2545 424/2546 456/2547
f 532/2548 457/2549 554/2550
f 532/2551 458/2552 457/2553
f 533/2554 431/2555 458/2556
f 539/2557 459/2558 551/2559
f 539/2560 460/2561 459/2562
f 540/2563 438/2564 460/2565
f 463/2566 459/2567 575/2568
f 463/2569 465/2570 459/2571
f 570/2572 565/2573 465/2574
f 466/2575 468/2576 581/2577
f 466/2578 460/2579 468/2580
f 576/2581 574/2582 460/2583
f 471/2584 456/2585 593/2586
f 471/2587 455/2588 456/2589
f 588/2590 587/2591 455/2592
f 473/2593 454/2594 600/2595
f 473/2596 453/2597 454/2598
f 594/2599 456/2600 453/2601
f 595/2602 593/2603 456/2604
f 475/2605 477/2606 606/2607
f 475/2608 478/2609 477/2610
f 601/2611 599/2612 478/2613
f 479/2614 452/2615 612/2616
f 479/2617 451/2618 452/2619
f 607/2620 605/2621 451/2622
f 516/2623 545/2624 481/2625
f 481/2626 482/2627 569/2628
f 481/2629 545/2630 482/2631
f 410/2632 481/2633 452/2634
f 452/2635 481/2636 611/2637
f 482/2638 461/2639 569/2640
f 482/2641 465/2642 565/2643
f 482/2644 445/2645 465/2646
f 482/2647 546/2648 445/2649
f 580/2650 457/2651 584/2652
f 580/2653 468/2654 457/2655
f 462/2656 611/2657 481/2658
f 451/2659 477/2660 450/2661
f 451/2662 605/2663 477/2664
f 478/2665 417/2666 477/2667
f 478/2668 521/2669 417/2670
f 478/2671 454/2672 520/2673
f 478/2674 599/2675 454/2676
f 450/2677 477/2678 523/2679
f 456/2680 424/2681 453/2682
f 587/2683 458/2684 455/2685
f 470/2686 583/2687 458/2688
f 458/2689 431/2690 455/2691
f 583/2692 457/2693 458/2694
f 468/2695 448/2696 457/2697
f 468/2698 542/2699 448/2700
f 468/2701 460/2702 438/2703
f 574/2704 459/2705 460/2706
f 465/2707 447/2708 459/2709
f 465/2710 548/2711 447/2712
f 610/2713 566/2714 483/2715
f 483/2716 484/2717 480/2718
f 483/2719 485/2720 484/2721
f 483/2722 486/2723 485/2724
f 483/2725 487/2726 486/2727
f 483/2728 566/2729 487/2730
f 604/2731 608/2732 488/2733
f 488/2734 489/2735 476/2736
f 488/2737 490/2738 489/2739
f 488/2740 484/2741 490/2742
f 488/2743 608/2744 484/2745
f 598/2746 602/2747 491/2748
f 491/2749 492/2750 474/2751
f 491/2752 493/2753 492/2754
f 491/2755 494/2756 493/2757
f 491/2758 489/2759 494/2760
f 491/2761 602/2762 489/2763
f 592/2764 596/2765 495/2766
f 495/2767 496/2768 472/2769
f 495/2770 497/2771 496/2772
f 495/2773 493/2774 497/2775
f 495/2776 492/2777 493/2778
f 495/2779 596/2780 492/2781
f 586/2782 589/2783 498/2784
f 498/2785 499/2786 585/2787
f 498/2788 500/2789 499/2790
f 498/2791 501/2792 500/2793
f 498/2794 502/2795 501/2796
f 498/2797 589/2798 502/2799
f 579/2800 469/2801 503/2802
f 503/2803 504/2804 467/2805
f 503/2806 505/2807 504/2808
f 503/2809 499/2810 505/2811
f 503/2812 469/2813 499/2814
f 573/2815 577/2816 506/2817
f 506/2818 507/2819 464/2820
f 506/2821 508/2822 507/2823
f 506/2824 509/2825 508/2826
f 506/2827 504/2828 509/2829
f 506/2830 577/2831 504/2832
f 564/2833 571/2834 510/2835
f 510/2836 511/2837 563/2838
f 510/2839 512/2840 511/2841
f 510/2842 508/2843 512/2844
f 510/2845 507/2846 508/2847
f 510/2848 571/2849 507/2850
f 487/2851 511/2852 486/2853
f 487/2854 567/2855 511/2856
f 509/2857 504/2858 505/2859
f 505/2860 499/2861 500/2862
f 502/2863 496/2864 501/2865
f 502/2866 590/2867 496/2868
f 494/2869 489/2870 490/2871
f 490/2872 484/2873 485/2874
f 563/2875 511/2876 568/2877
f 512/2878 486/2879 511/2880
f 472/2881 496/2882 591/2883
f 609/2884 480/2885 484/2886
f 603/2887 476/2888 489/2889
f 597/2890 474/2891 492/2892
f 501/2893 496/2894 497/2895
f 582/2896 585/2897 499/2898
f 578/2899 467/2900 504/2901
f 572/2902 464/2903 507/2904
f 409/2905 514/2906 513/2907
f 409/2908 515/2909 514/2910
f 410/2911 517/2912 516/2913
f 410/2914 518/2915 517/2916
f 410/2917 519/2918 518/2919
f 416/2920 521/2921 520/2922
f 416/2923 522/2924 521/2925
f 417/2926 524/2927 523/2928
f 417/2929 525/2930 524/2931
f 423/2932 527/2933 526/2934
f 423/2935 528/2936 527/2937
f 424/2938 530/2939 529/2940
f 424/2941 531/2942 530/2943
f 430/2944 533/2945 532/2946
f 430/2947 534/2948 533/2949
f 431/2950 536/2951 535/2952
f 431/2953 537/2954 536/2955
f 431/2956 538/2957 537/2958
f 437/2959 540/2960 539/2961
f 437/2962 541/2963 540/2964
f 438/2965 543/2966 542/2967
f 438/2968 544/2969 543/2970
f 444/2971 546/2972 545/2973
f 444/2974 547/2975 546/2976
f 445/2977 549/2978 548/2979
f 445/2980 550/2981 549/2982
f 447/2983 552/2984 551/2985
f 447/2986 553/2987 552/2988
f 448/2989 555/2990 554/2991
f 448/2992 556/2993 555/2994
f 449/2995 558/2996 557/2997
f 449/2998 559/2999 558/3000
f 450/3001 561/3002 560/3003
f 450/3004 562/3005 561/3006
f 461/3007 564/3008 563/3009
f 461/3010 565/3011 564/3012
f 462/3013 567/3014 566/3015
f 462/3016 568/3017 567/3018
f 462/3019 569/3020 568/3021
f 463/3022 571/3023 570/3024
f 463/3025 572/3026 571/3027
f 464/3028 574/3029 573/3030
f 464/3031 575/3032 574/3033
f 466/3034 577/3035 576/3036
f 466/3037 578/3038 577/3039
f 467/3040 580/3041 579/3042
f 467/3043 581/3044 580/3045
f 469/3046 583/3047 582/3048
f 469/3049 584/3050 583/3051
f 470/3052 586/3053 585/3054
f 470/3055 587/3056 586/3057
f 471/3058 589/3059 588/3060
f 471/3061 590/3062 589/3063
f 471/3064 591/3065 590/3066
f 472/3067 593/3068 592/3069
f 473/3070 595/3071 594/3072
f 473/3073 596/3074 595/3075
f 473/3076 597/3077 596/3078
f 474/3079 599/3080 598/3081
f 474/3082 600/3083 599/3084
f 475/3085 602/3086 601/3087
f 475/3088 603/3089 602/3090
f 476/3091 605/3092 604/3093
f 476/3094 606/3095 605/3096
f 479/3097 608/3098 607/3099
f 479/3100 609/3101 608/3102
f 480/3103 611/3104 610/3105
f 480/3106 612/3107 611/3108
f 515/3109 409/3110 408/3111
f 406/3112 518/3113 519/3114
f 522/3115 416/3116 415/3117
f 413/3118 524/3119 525/3120
f 528/3121 423/3122 422/3123
f 420/3124 530/3125 531/3126
f 534/3127 430/3128 429/3129
f 427/3130 537/3131 538/3132
f 541/3133 437/3134 436/3135
f 434/3136 543/3137 544/3138
f 547/3139 444/3140 443/3141
f 441/3142 549/3143 550/3144
f 411/3145 517/3146 518/3147
f 446/3148 552/3149 553/3150
f 439/3151 555/3152 556/3153
f 432/3154 536/3155 537/3156
f 425/3157 558/3158 559/3159
f 418/3160 561/3161 562/3162
f 514/3163 452/3164 513/3165
f 557/3166 454/3167 449/3168
f 527/3169 456/3170 526/3171
f 533/3172 458/3173 532/3174
f 540/3175 460/3176 539/3177
f 570/3178 465/3179 463/3180
f 576/3181 460/3182 466/3183
f 588/3184 455/3185 471/3186
f 594/3187 453/3188 473/3189
f 595/3190 456/3191 594/3192
f 601/3193 478/3194 475/3195
f 607/3196 451/3197 479/3198
f 481/3199 569/3200 462/3201
f 545/3202 546/3203 482/3204
f 516/3205 481/3206 410/3207
f 452/3208 611/3209 612/3210
f 482/3211 565/3212 461/3213
f 445/3214 548/3215 465/3216
f 581/3217 468/3218 580/3219
f 451/3220 450/3221 560/3222
f 605/3223 606/3224 477/3225
f 417/3226 523/3227 477/3228
f 478/3229 520/3230 521/3231
f 599/3232 600/3233 454/3234
f 424/3235 529/3236 453/3237
f 470/3238 458/3239 587/3240
f 431/3241 535/3242 455/3243
f 584/3244 457/3245 583/3246
f 448/3247 554/3248 457/3249
f 468/3250 438/3251 542/3252
f 575/3253 459/3254 574/3255
f 447/3256 551/3257 459/3258
f 483/3259 480/3260 610/3261
f 566/3262 567/3263 487/3264
f 488/3265 476/3266 604/3267
f 608/3268 609/3269 484/3270
f 491/3271 474/3272 598/3273
f 602/3274 603/3275 489/3276
f 495/3277 472/3278 592/3279
f 596/3280 597/3281 492/3282
f 498/3283 585/3284 586/3285
f 589/3286 590/3287 502/3288
f 503/3289 467/3290 579/3291
f 469/3292 582/3293 499/3294
f 506/3295 464/3296 573/3297
f 577/3298 578/3299 504/3300
f 510/3301 563/3302 564/3303
f 571/3304 572/3305 507/3306
f 567/3307 568/3308 511/3309
f 590/3310 591/3311 496/3312
f 515/3313 519/3314 514/3315
f 410/3316 514/3317 519/3318
f 522/3319 525/3320 521/3321
f 417/3322 521/3323 525/3324
f 528/3325 531/3326 527/3327
f 424/3328 527/3329 531/3330
f 534/3331 538/3332 533/3333
f 431/3334 533/3335 538/3336
f 541/3337 544/3338 540/3339
f 438/3340 540/3341 544/3342
f 547/3343 550/3344 546/3345
f 445/3346 546/3347 550/3348
f 549/3349 553/3350 548/3351
f 447/3352 548/3353 553/3354
f 543/3355 556/3356 542/3357
f 448/3358 542/3359 556/3360
f 530/3361 559/3362 529/3363
f 449/3364 529/3365 559/3366
f 524/3367 562/3368 523/3369
f 450/3370 523/3371 562/3372
f 517/3373 444/3374 516/3375
f 545/3376 516/3377 444/3378
f 513/3379 560/3380 409/3381
f 561/3382 409/3383 560/3384
f 520/3385 557/3386 416/3387
f 558/3388 416/3389 557/3390
f 526/3391 535/3392 423/3393
f 536/3394 423/3395 535/3396
f 532/3397 554/3398 430/3399
f 555/3400 430/3401 554/3402
f 539/3403 551/3404 437/3405
f 552/3406 437/3407 551/3408
f 463/3409 575/3410 572/3411
f 464/3412 572/3413 575/3414
f 565/3415 570/3416 564/3417
f 571/3418 564/3419 570/3420
f 466/3421 581/3422 578/3423
f 467/3424 578/3425 581/3426
f 574/3427 576/3428 573/3429
f 577/3430 573/3431 576/3432
f 471/3433 593/3434 591/3435
f 472/3436 591/3437 593/3438
f 587/3439 588/3440 586/3441
f 589/3442 586/3443 588/3444
f 473/3445 600/3446 597/3447
f 474/3448 597/3449 600/3450
f 593/3451 595/3452 592/3453
f 596/3454 592/3455 595/3456
f 475/3457 606/3458 603/3459
f 476/3460 603/3461 606/3462
f 599/3463 601/3464 598/3465
f 602/3466 598/3467 601/3468
f 479/3469 612/3470 609/3471
f 480/3472 609/3473 612/3474
f 605/3475 607/3476 604/3477
f 608/3478 604/3479 607/3480
f 563/3481 568/3482 461/3483
f 569/3484 461/3485 568/3486
f 580/3487 584/3488 579/3489
f 469/3490 579/3491 584/3492
f 566/3493 610/3494 462/3495
f 611/3496 462/3497 610/3498
f 583/3499 470/3500 582/3501
f 585/3502 582/3503 470/3504
