# Converted from a320src/A320-family-master/Models/Wings/a320.wings.ac by simengine's ac3d_to_obj tool
# NOTE: materials/textures are not exported — see tools/ac3d_to_obj/main.cpp LIMITATIONS.
v 6.42682 0.732247 12.0387
v 6.40178 0.711343 12.0406
v 6.38346 0.684434 12.0431
v 6.37182 0.620788 12.0486
v 6.38006 0.587583 12.0492
v 6.42432 0.526157 12.0275
v 6.43408 0.514522 12.0159
v 5.66781 0.811261 11.9216
v 5.67995 0.813627 11.946
v 6.44113 0.506122 12.0006
v 5.69997 0.814241 11.965
v 6.39882 0.556547 12.0429
v 5.75445 0.812643 11.9951
v 6.37321 0.653572 12.0459
v 5.89417 0.80295 12.0278
v 6.12145 0.784705 12.0338
v 6.45667 0.745485 12.0374
v 6.48904 0.777396 12.0345
v 6.48904 0.75002 12.037
v 5.6835 0.802562 11.8774
v 5.67367 0.805766 11.8907
v 5.66781 0.80884 11.9061
v 6.45438 0.490329 11.8616
v 5.70925 0.79627 11.8555
v 6.45153 0.493723 11.9351
v 6.45035 0.495132 11.8487
v 6.44406 0.502632 11.8376
v 5.7715 0.784782 11.8232
v 6.42488 0.525483 11.819
v 6.39882 0.556547 11.8068
v 6.3722 0.617441 11.7982
v 5.91286 0.767257 11.7899
v 6.38092 0.585544 11.8019
v 6.37269 0.650513 11.7952
v 6.38238 0.682187 11.7922
v 6.40052 0.709936 11.7897
v 6.42572 0.731555 11.7877
v 6.16349 0.75098 11.7859
v 6.48904 0.753169 11.7857
v 6.45603 0.745301 11.7864
v 6.48904 0.75002 11.786
v 5.07311 0.15496 8.18587
v 5.06186 0.194327 8.18204
v 5.06191 0.235458 8.17826
v 5.07341 0.275096 8.17461
v 5.09565 0.310213 8.17137
v 5.12712 0.337894 8.16883
v 5.20759 0.361848 8.16662
v 5.16541 0.355672 8.16719
v 5.20759 0.371198 8.16576
v 4.18025 0.400748 8.17429
v 4.90074 0.179956 8.18467
v 4.50338 0.367821 8.16607
v 4.00563 0.425497 8.20999
v 3.92743 0.440082 8.2412
v 3.89211 0.448274 8.26268
v 3.8771 0.452573 8.27663
v 5.15372 0.04998 8.25773
v 5.15092 0.053319 8.24118
v 5.09487 0.120112 8.19028
v 4.8975 0.122115 8.22075
v 5.13657 0.07041 8.21496
v 3.87351 0.46121 8.32613
v 3.88328 0.461711 8.33717
v 3.90677 0.46143 8.35467
v 3.95918 0.458547 8.37971
v 5.20759 0.392557 8.43623
v 5.20759 0.361848 8.43905
v 5.16694 0.35612 8.43958
v 5.1295 0.339416 8.44111
v 5.09816 0.31307 8.44354
v 5.07532 0.279168 8.44666
v 5.06123 0.199488 8.45399
v 4.31393 0.425773 8.43296
v 5.0627 0.240363 8.45023
v 5.0711 0.159721 8.45678
v 4.0729 0.449061 8.41092
v 4.90425 0.20319 8.45232
v 5.09487 0.120112 8.45269
v 5.13824 0.068425 8.41004
v 4.90128 0.146021 8.43317
v 5.12859 0.079929 8.42828
v 3.86702 0.459968 8.31327
v 4.90088 0.119298 8.37965
v 5.14922 0.055338 8.33104
v 3.86702 0.456806 8.2941
v 3.79062 -0.074625 4.77087
v 4.35845 -0.103196 4.7752
v 4.05246 -0.054088 4.76772
v 4.33666 -0.182635 4.78739
v 4.41711 -0.044735 4.76615
v 4.33704 -0.023158 4.76296
v 4.4975 -0.002122 4.75934
v 4.45579 -0.028706 4.76358
v 4.4975 -0.023206 4.76257
v 4.37062 -0.085198 5.02177
v 4.34021 -0.150432 5.03173
v 4.42672 -0.039617 5.0149
v 4.4975 0.025364 5.0052
v 4.4975 -0.023206 5.01264
v 3.19567 -0.054756 4.89978
v 3.19914 -0.052999 4.91041
v 3.37648 -0.04593 4.99359
v 3.27071 -0.047522 4.96088
v 3.61824 -0.045092 5.01553
v 4.34124 -0.22218 5.04272
v 4.35444 -0.257557 5.04833
v 4.39272 -0.309405 5.04106
v 3.91996 -0.188123 5.03056
v 4.37429 -0.287433 5.0485
v 4.40744 -0.326948 5.02765
v 4.41684 -0.338152 5.00957
v 3.22354 -0.049751 4.93546
v 3.91977 -0.226228 5.00384
v 3.20567 -0.051638 4.91982
v 4.42001 -0.341922 4.99243
v 3.28654 -0.072499 4.82429
v 3.2336 -0.065717 4.85017
v 3.20999 -0.061341 4.86796
v 3.20071 -0.058792 4.87925
v 3.19567 -0.056066 4.89264
v 4.42757 -0.350932 4.9378
v 4.43805 -0.363419 4.87245
v 4.43613 -0.36114 4.84973
v 3.9368 -0.258731 4.85094
v 4.43813 -0.363516 4.86091
v 4.42737 -0.350698 4.83088
v 4.41439 -0.335227 4.81719
v 4.39801 -0.315706 4.80824
v 3.39915 -0.080987 4.79158
v 3.93687 -0.241532 4.8126
v 3.61819 -0.082364 4.77209
v 4.37429 -0.287433 4.80329
v 4.35702 -0.262371 4.79958
v 6.42682 0.732247 -12.0425
v 6.40178 0.711343 -12.0444
v 6.38346 0.684434 -12.0469
v 6.37182 0.620788 -12.0524
v 6.38006 0.587583 -12.0531
v 6.42432 0.526157 -12.0313
v 6.43408 0.514522 -12.0197
v 5.66781 0.811261 -11.9254
v 5.67995 0.813627 -11.9498
v 6.44113 0.506122 -12.0044
v 5.69997 0.814241 -11.9688
v 6.39882 0.556547 -12.0468
v 5.75445 0.812643 -11.9989
v 6.37321 0.653572 -12.0497
v 5.89417 0.80295 -12.0316
v 6.12145 0.784705 -12.0376
v 6.45667 0.745485 -12.0412
v 6.48904 0.777396 -12.0383
v 6.48904 0.75002 -12.0408
v 5.6835 0.802562 -11.8812
v 5.67367 0.805766 -11.8945
v 5.66781 0.80884 -11.9099
v 6.45438 0.490329 -11.8654
v 5.70925 0.79627 -11.8593
v 6.45153 0.493723 -11.9389
v 6.45035 0.495132 -11.8525
v 6.44406 0.502632 -11.8414
v 5.7715 0.784782 -11.827
v 6.42488 0.525483 -11.8228
v 6.39882 0.556547 -11.8106
v 6.3722 0.617441 -11.802
v 5.91286 0.767257 -11.7937
v 6.38092 0.585544 -11.8057
v 6.37269 0.650513 -11.799
v 6.38238 0.682187 -11.796
v 6.40052 0.709936 -11.7935
v 6.42572 0.731555 -11.7915
v 6.16349 0.75098 -11.7897
v 6.48904 0.753169 -11.7895
v 6.45603 0.745301 -11.7902
v 6.48904 0.75002 -11.7898
v 5.07311 0.15496 -8.18967
v 5.06186 0.194327 -8.18584
v 5.06191 0.235458 -8.18206
v 5.07341 0.275096 -8.17841
v 5.09565 0.310213 -8.17518
v 5.12712 0.337894 -8.17263
v 5.20759 0.361848 -8.17042
v 5.16541 0.355672 -8.17099
v 5.20759 0.371198 -8.16957
v 4.18025 0.400748 -8.17809
v 4.90074 0.179956 -8.18848
v 4.50338 0.367821 -8.16988
v 4.00563 0.425497 -8.21379
v 3.92743 0.440082 -8.24501
v 3.89211 0.448274 -8.26648
v 3.8771 0.452573 -8.28044
v 5.15372 0.04998 -8.26153
v 5.15092 0.053319 -8.24498
v 5.09487 0.120112 -8.19408
v 4.8975 0.122115 -8.22455
v 5.13657 0.07041 -8.21876
v 3.87351 0.46121 -8.32993
v 3.88328 0.461711 -8.34097
v 3.90677 0.46143 -8.35847
v 3.95918 0.458547 -8.38351
v 5.20759 0.392557 -8.44003
v 5.20759 0.361848 -8.44285
v 5.16694 0.35612 -8.44338
v 5.1295 0.339416 -8.44492
v 5.09816 0.31307 -8.44734
v 5.07532 0.279168 -8.45046
v 5.06123 0.199488 -8.45779
v 4.31393 0.425773 -8.43677
v 5.0627 0.240363 -8.45403
v 5.0711 0.159721 -8.46059
v 4.0729 0.449061 -8.41472
v 4.90425 0.20319 -8.45612
v 5.09487 0.120112 -8.4565
v 5.13824 0.068425 -8.41384
v 4.90128 0.146021 -8.43698
v 5.12859 0.079929 -8.43208
v 3.86702 0.459968 -8.31707
v 4.90088 0.119298 -8.38346
v 5.14922 0.055338 -8.33484
v 3.86702 0.456806 -8.2979
v 3.79062 -0.074625 -4.77467
v 4.35845 -0.103196 -4.779
v 4.05246 -0.054088 -4.77152
v 4.33666 -0.182635 -4.79119
v 4.41711 -0.044735 -4.76995
v 4.33704 -0.023158 -4.76676
v 4.4975 -0.002122 -4.76314
v 4.45579 -0.028706 -4.76738
v 4.4975 -0.023206 -4.76637
v 4.37062 -0.085198 -5.02557
v 4.34021 -0.150432 -5.03553
v 4.42672 -0.039617 -5.0187
v 4.4975 0.025364 -5.009
v 4.4975 -0.023206 -5.01644
v 3.19567 -0.054756 -4.90358
v 3.19914 -0.052999 -4.91421
v 3.37648 -0.04593 -4.99739
v 3.27071 -0.047522 -4.96468
v 3.61824 -0.045092 -5.01933
v 4.34124 -0.22218 -5.04652
v 4.35444 -0.257557 -5.05213
v 4.39272 -0.309405 -5.04485
v 3.91996 -0.188123 -5.03436
v 4.37429 -0.287433 -5.0523
v 4.40744 -0.326948 -5.03145
v 4.41684 -0.338152 -5.01337
v 3.22354 -0.049751 -4.93926
v 3.91977 -0.226228 -5.00764
v 3.20567 -0.051638 -4.92362
v 4.42001 -0.341922 -4.99623
v 3.28654 -0.072499 -4.82809
v 3.2336 -0.065717 -4.85397
v 3.20999 -0.061341 -4.87176
v 3.20071 -0.058792 -4.88305
v 3.19567 -0.056066 -4.89644
v 4.42757 -0.350932 -4.9416
v 4.43805 -0.363419 -4.87625
v 4.43613 -0.36114 -4.85353
v 3.9368 -0.258731 -4.85474
v 4.43813 -0.363516 -4.86471
v 4.42737 -0.350698 -4.83468
v 4.41439 -0.335227 -4.82099
v 4.39801 -0.315706 -4.81204
v 3.39915 -0.080987 -4.79538
v 3.93687 -0.241532 -4.81639
v 3.61819 -0.082364 -4.77589
v 4.37429 -0.287433 -4.80709
v 4.35702 -0.262371 -4.80338
v 6.42682 0.732247 12.0387
v 6.40178 0.711343 12.0406
v 6.38346 0.684434 12.0431
v 6.37182 0.620788 12.0486
v 6.38006 0.587583 12.0492
v 6.42432 0.526157 12.0275
v 6.43408 0.514522 12.0159
v 5.66781 0.811261 11.9216
v 5.67995 0.813627 11.946
v 6.44113 0.506122 12.0006
v 5.69997 0.814241 11.965
v 6.39882 0.556547 12.0429
v 5.75445 0.812643 11.9951
v 6.37321 0.653572 12.0459
v 5.89417 0.80295 12.0278
v 6.12145 0.784705 12.0338
v 6.45667 0.745485 12.0374
v 6.48904 0.777396 12.0345
v 6.48904 0.75002 12.037
v 5.6835 0.802562 11.8774
v 5.67367 0.805766 11.8907
v 5.66781 0.80884 11.9061
v 6.45438 0.490329 11.8616
v 5.70925 0.79627 11.8555
v 6.45153 0.493723 11.9351
v 6.45035 0.495132 11.8487
v 6.44406 0.502632 11.8376
v 5.7715 0.784782 11.8232
v 6.42488 0.525483 11.819
v 6.39882 0.556547 11.8068
v 6.3722 0.617441 11.7982
v 5.91286 0.767257 11.7899
v 6.38092 0.585544 11.8019
v 6.37269 0.650513 11.7952
v 6.38238 0.682187 11.7922
v 6.40052 0.709936 11.7897
v 6.42572 0.731555 11.7877
v 6.16349 0.75098 11.7859
v 6.48904 0.753169 11.7857
v 6.45603 0.745301 11.7864
v 6.48904 0.75002 11.786
v 5.07311 0.15496 8.18587
v 5.06186 0.194327 8.18204
v 5.06191 0.235458 8.17826
v 5.07341 0.275096 8.17461
v 5.09565 0.310213 8.17137
v 5.12712 0.337894 8.16883
v 5.20759 0.361848 8.16662
v 5.16541 0.355672 8.16719
v 5.20759 0.371198 8.16576
v 4.18025 0.400748 8.17429
v 4.90074 0.179956 8.18467
v 4.50338 0.367821 8.16607
v 4.00563 0.425497 8.20999
v 3.92743 0.440082 8.2412
v 3.89211 0.448274 8.26268
v 3.8771 0.452573 8.27663
v 5.15372 0.04998 8.25773
v 5.15092 0.053319 8.24118
v 5.09487 0.120112 8.19028
v 4.8975 0.122115 8.22075
v 5.13657 0.07041 8.21496
v 3.87351 0.46121 8.32613
v 3.88328 0.461711 8.33717
v 3.90677 0.46143 8.35467
v 3.95918 0.458547 8.37971
v 5.20759 0.392557 8.43623
v 5.20759 0.361848 8.43905
v 5.16694 0.35612 8.43958
v 5.1295 0.339416 8.44111
v 5.09816 0.31307 8.44354
v 5.07532 0.279168 8.44666
v 5.06123 0.199488 8.45399
v 4.31393 0.425773 8.43296
v 5.0627 0.240363 8.45023
v 5.0711 0.159721 8.45678
v 4.0729 0.449061 8.41092
v 4.90425 0.20319 8.45232
v 5.09487 0.120112 8.45269
v 5.13824 0.068425 8.41004
v 4.90128 0.146021 8.43317
v 5.12859 0.079929 8.42828
v 3.86702 0.459968 8.31327
v 4.90088 0.119298 8.37965
v 5.14922 0.055338 8.33104
v 3.86702 0.456806 8.2941
v 3.79062 -0.074625 4.77087
v 4.35845 -0.103196 4.7752
v 4.05246 -0.054088 4.76772
v 4.33666 -0.182635 4.78739
v 4.41711 -0.044735 4.76615
v 4.33704 -0.023158 4.76296
v 4.4975 -0.002122 4.75934
v 4.45579 -0.028706 4.76358
v 4.4975 -0.023206 4.76257
v 4.37062 -0.085198 5.02177
v 4.34021 -0.150432 5.03173
v 4.42672 -0.039617 5.0149
v 4.4975 0.025364 5.0052
v 4.4975 -0.023206 5.01264
v 3.19567 -0.054756 4.89978
v 3.19914 -0.052999 4.91041
v 3.37648 -0.04593 4.99359
v 3.27071 -0.047522 4.96088
v 3.61824 -0.045092 5.01553
v 4.34124 -0.22218 5.04272
v 4.35444 -0.257557 5.04833
v 4.39272 -0.309405 5.04106
v 3.91996 -0.188123 5.03056
v 4.37429 -0.287433 5.0485
v 4.40744 -0.326948 5.02765
v 4.41684 -0.338152 5.00957
v 3.22354 -0.049751 4.93546
v 3.91977 -0.226228 5.00384
v 3.20567 -0.051638 4.91982
v 4.42001 -0.341922 4.99243
v 3.28654 -0.072499 4.82429
v 3.2336 -0.065717 4.85017
v 3.20999 -0.061341 4.86796
v 3.20071 -0.058792 4.87925
v 3.19567 -0.056066 4.89264
v 4.42757 -0.350932 4.9378
v 4.43805 -0.363419 4.87245
v 4.43613 -0.36114 4.84973
v 3.9368 -0.258731 4.85094
v 4.43813 -0.363516 4.86091
v 4.42737 -0.350698 4.83088
v 4.41439 -0.335227 4.81719
v 4.39801 -0.315706 4.80824
v 3.39915 -0.080987 4.79158
v 3.93687 -0.241532 4.8126
v 3.61819 -0.082364 4.77209
v 4.37429 -0.287433 4.80329
v 4.35702 -0.262371 4.79958
v 6.42682 0.732247 -12.0425
v 6.40178 0.711343 -12.0444
v 6.38346 0.684434 -12.0469
v 6.37182 0.620788 -12.0524
v 6.38006 0.587583 -12.0531
v 6.42432 0.526157 -12.0313
v 6.43408 0.514522 -12.0197
v 5.66781 0.811261 -11.9254
v 5.67995 0.813627 -11.9498
v 6.44113 0.506122 -12.0044
v 5.69997 0.814241 -11.9688
v 6.39882 0.556547 -12.0468
v 5.75445 0.812643 -11.9989
v 6.37321 0.653572 -12.0497
v 5.89417 0.80295 -12.0316
v 6.12145 0.784705 -12.0376
v 6.45667 0.745485 -12.0412
v 6.48904 0.777396 -12.0383
v 6.48904 0.75002 -12.0408
v 5.6835 0.802562 -11.8812
v 5.67367 0.805766 -11.8945
v 5.66781 0.80884 -11.9099
v 6.45438 0.490329 -11.8654
v 5.70925 0.79627 -11.8593
v 6.45153 0.493723 -11.9389
v 6.45035 0.495132 -11.8525
v 6.44406 0.502632 -11.8414
v 5.7715 0.784782 -11.827
v 6.42488 0.525483 -11.8228
v 6.39882 0.556547 -11.8106
v 6.3722 0.617441 -11.802
v 5.91286 0.767257 -11.7937
v 6.38092 0.585544 -11.8057
v 6.37269 0.650513 -11.799
v 6.38238 0.682187 -11.796
v 6.40052 0.709936 -11.7935
v 6.42572 0.731555 -11.7915
v 6.16349 0.75098 -11.7897
v 6.48904 0.753169 -11.7895
v 6.45603 0.745301 -11.7902
v 6.48904 0.75002 -11.7898
v 5.07311 0.15496 -8.18967
v 5.06186 0.194327 -8.18584
v 5.06191 0.235458 -8.18206
v 5.07341 0.275096 -8.17841
v 5.09565 0.310213 -8.17518
v 5.12712 0.337894 -8.17263
v 5.20759 0.361848 -8.17042
v 5.16541 0.355672 -8.17099
v 5.20759 0.371198 -8.16957
v 4.18025 0.400748 -8.17809
v 4.90074 0.179956 -8.18848
v 4.50338 0.367821 -8.16988
v 4.00563 0.425497 -8.21379
v 3.92743 0.440082 -8.24501
v 3.89211 0.448274 -8.26648
v 3.8771 0.452573 -8.28044
v 5.15372 0.04998 -8.26153
v 5.15092 0.053319 -8.24498
v 5.09487 0.120112 -8.19408
v 4.8975 0.122115 -8.22455
v 5.13657 0.07041 -8.21876
v 3.87351 0.46121 -8.32993
v 3.88328 0.461711 -8.34097
v 3.90677 0.46143 -8.35847
v 3.95918 0.458547 -8.38351
v 5.20759 0.392557 -8.44003
v 5.20759 0.361848 -8.44285
v 5.16694 0.35612 -8.44338
v 5.1295 0.339416 -8.44492
v 5.09816 0.31307 -8.44734
v 5.07532 0.279168 -8.45046
v 5.06123 0.199488 -8.45779
v 4.31393 0.425773 -8.43677
v 5.0627 0.240363 -8.45403
v 5.0711 0.159721 -8.46059
v 4.0729 0.449061 -8.41472
v 4.90425 0.20319 -8.45612
v 5.09487 0.120112 -8.4565
v 5.13824 0.068425 -8.41384
v 4.90128 0.146021 -8.43698
v 5.12859 0.079929 -8.43208
v 3.86702 0.459968 -8.31707
v 4.90088 0.119298 -8.38346
v 5.14922 0.055338 -8.33484
v 3.86702 0.456806 -8.2979
v 3.79062 -0.074625 -4.77467
v 4.35845 -0.103196 -4.779
v 4.05246 -0.054088 -4.77152
v 4.33666 -0.182635 -4.79119
v 4.41711 -0.044735 -4.76995
v 4.33704 -0.023158 -4.76676
v 4.4975 -0.002122 -4.76314
v 4.45579 -0.028706 -4.76738
v 4.4975 -0.023206 -4.76637
v 4.37062 -0.085198 -5.02557
v 4.34021 -0.150432 -5.03553
v 4.42672 -0.039617 -5.0187
v 4.4975 0.025364 -5.009
v 4.4975 -0.023206 -5.01644
v 3.19567 -0.054756 -4.90358
v 3.19914 -0.052999 -4.91421
v 3.37648 -0.04593 -4.99739
v 3.27071 -0.047522 -4.96468
v 3.61824 -0.045092 -5.01933
v 4.34124 -0.22218 -5.04652
v 4.35444 -0.257557 -5.05213
v 4.39272 -0.309405 -5.04485
v 3.91996 -0.188123 -5.03436
v 4.37429 -0.287433 -5.0523
v 4.40744 -0.326948 -5.03145
v 4.41684 -0.338152 -5.01337
v 3.22354 -0.049751 -4.93926
v 3.91977 -0.226228 -5.00764
v 3.20567 -0.051638 -4.92362
v 4.42001 -0.341922 -4.99623
v 3.28654 -0.072499 -4.82809
v 3.2336 -0.065717 -4.85397
v 3.20999 -0.061341 -4.87176
v 3.20071 -0.058792 -4.88305
v 3.19567 -0.056066 -4.89644
v 4.42757 -0.350932 -4.9416
v 4.43805 -0.363419 -4.87625
v 4.43613 -0.36114 -4.85353
v 3.9368 -0.258731 -4.85474
v 4.43813 -0.363516 -4.86471
v 4.42737 -0.350698 -4.83468
v 4.41439 -0.335227 -4.82099
v 4.39801 -0.315706 -4.81204
v 3.39915 -0.080987 -4.79538
v 3.93687 -0.241532 -4.81639
v 3.61819 -0.082364 -4.77589
v 4.37429 -0.287433 -4.80709
v 4.35702 -0.262371 -4.80338
v 3.4159 -0.491425 1.8661
v 3.4159 0.145067 1.8661
v 1.53815 -0.47124 1.8661
v 2.20968 -0.534714 1.8661
v 2.85457 -0.534721 1.8661
v 1.2159 -0.417559 1.8661
v 0.840317 -0.344654 1.8661
v 0.622472 -0.294352 1.8661
v 2.29128 0.237976 1.8661
v 1.59991 0.264675 1.8661
v 1.24558 0.266264 1.8661
v 0.622472 0.240514 1.8661
v 0.855016 0.257793 1.8661
v 3.4159 -0.491425 -1.8699
v 3.4159 0.145067 -1.8699
v 1.53815 -0.47124 -1.8699
v 2.20968 -0.534714 -1.8699
v 2.85457 -0.534721 -1.8699
v 1.2159 -0.417559 -1.8699
v 0.840317 -0.344654 -1.8699
v 0.622472 -0.294352 -1.8699
v 2.29128 0.237976 -1.8699
v 1.59991 0.264675 -1.8699
v 1.24558 0.266264 -1.8699
v 0.622472 0.240514 -1.8699
v 0.855016 0.257793 -1.8699
v 7.66492 0.966661 -13.4077
v 7.68461 1.1065 -13.3967
v 8.72303 1.25164 -16.3307
v 8.7347 1.34784 -16.3228
v 7.67639 1.1063 -13.3967
v 7.66867 1.10348 -13.3969
v 7.6333 0.975767 -13.4069
v 7.6055 0.99333 -13.4056
v 7.58375 1.01795 -13.4036
v 7.56977 1.04765 -13.4013
v 8.72328 1.34682 -16.3229
v 8.71327 1.34123 -16.3233
v 8.66509 1.29906 -16.3268
v 8.67381 1.28143 -16.3282
v 8.68713 1.26693 -16.3294
v 8.70398 1.25673 -16.3302
v 8.36196 1.26327 -15.3212
v 8.38709 1.25531 -15.477
v 8.40547 1.26997 -15.4679
v 8.40308 1.26672 -15.4767
v 8.1219 1.11074 -14.7594
v 8.09491 1.13323 -14.759
v 7.66492 0.966661 13.4039
v 7.68461 1.1065 13.3929
v 8.72303 1.25164 16.3269
v 8.7347 1.34784 16.319
v 7.67639 1.1063 13.3929
v 7.66867 1.10348 13.3931
v 7.6333 0.975767 13.4031
v 7.6055 0.99333 13.4018
v 7.58375 1.01795 13.3998
v 7.56977 1.04765 13.3975
v 8.72328 1.34682 16.3191
v 8.71327 1.34123 16.3195
v 8.66509 1.29906 16.323
v 8.67381 1.28143 16.3244
v 8.68713 1.26693 16.3256
v 8.70398 1.25673 16.3264
v 8.36196 1.26327 15.3174
v 8.38709 1.25531 15.4732
v 8.40547 1.26997 15.4641
v 8.40308 1.26672 15.4729
v 8.1219 1.11074 14.7556
v 8.09491 1.13323 14.7552
v 2.28371 0.111987 5.13759
v 1.92303 0.380042 5.29988
v 1.85947 0.33369 5.33689
v 1.81362 0.351827 5.35895
v 1.84264 0.310155 5.3477
v 1.81152 0.320288 5.36287
v 1.81933 0.306231 5.3601
v 1.84181 0.283404 5.35054
v 1.83943 0.296983 5.35054
v 1.80899 0.332421 5.36309
v 1.8101 0.342485 5.36161
v 1.82492 0.367837 5.35167
v 1.85495 0.392705 5.33392
v 1.93493 0.432495 5.28901
v 2.02805 0.461681 5.23827
v 2.11559 0.476724 5.19167
v 2.24478 0.354633 6.11819
v 2.24196 0.362574 6.11763
v 2.21456 0.373443 6.11681
v 2.24266 0.370998 6.11705
v 2.25132 0.385889 6.11603
v 2.28218 0.411273 6.11434
v 2.19751 0.399881 6.11492
v 2.37962 0.461222 6.11111
v 2.23024 0.443368 6.11198
v 2.60863 0.550939 6.10544
v 2.3866 0.508189 6.10786
v 2.28091 0.470552 6.11021
v 2.20884 0.425484 6.11317
v 2.20086 0.414332 6.11393
v 2.19746 0.401385 6.11482
v 2.19937 0.392133 6.11547
v 2.2033 0.38514 6.11597
v 2.05078 0.420238 5.73644
v 2.0079 0.384237 5.73644
v 2.44917 0.462558 6.3331
v 7.56901 1.32818 16.2735
v 7.51673 1.30386 16.3027
v 2.37877 0.423516 6.3331
v 2.353 0.396915 6.3331
v 7.50269 1.29222 16.311
v 2.35864 0.405488 6.3331
v 7.49953 1.28594 16.3132
v 2.35098 0.382679 6.3331
v 7.49946 1.28236 16.3135
v 2.35058 0.388659 6.3331
v 2.35339 0.376896 6.3331
v 7.50074 1.279 16.3132
v 7.72881 1.38024 16.1864
v 0.261691 -0.016332 2.29493
v 0.259554 0.006087 2.29333
v 0.235669 0.012495 2.29282
v 0.266865 0.027713 2.29182
v 0.221114 0.047335 2.29031
v 0.384714 0.127944 2.28502
v 0.238829 0.097238 2.28682
v 0.296223 0.064263 2.28931
v 0.378448 0.185856 2.2809
v 0.609347 0.247277 2.27715
v 0.278024 0.132583 2.28442
v 0.225316 0.07523 2.28834
v 0.2208 0.0559 2.2897
v 0.0019 0.017808 1.8661
v 0.0019 0.007218 1.8661
v 0.118766 0.072277 2.06296
v 0.01078 0.045338 1.8661
v 0.1763 0.122763 2.06296
v 0.205337 0.16859 1.8661
v 0.183151 0.160337 1.8661
v 0.075049 0.106937 1.8661
v 0.028306 0.068998 1.8661
v 0.4019 0.215459 1.8661
v 0.622185 -0.294281 1.8661
v 0.4019 -0.237739 1.8661
v 0.622185 0.240486 1.8661
v 0.179422 -0.151747 1.8661
v 0.072802 -0.087742 1.8661
v 0.010598 -0.021202 1.8661
v 0.027611 -0.046203 1.8661
v 2.88917 0.585646 6.3331
v 2.13107 0.158411 5.2123
v 2.88917 0.265629 6.3331
v 2.71026 0.2911 6.3331
v 7.4737 1.30212 16.3251
v 7.47884 1.29389 16.3251
v 7.47446 1.30602 16.3251
v 7.47589 1.29692 16.3251
v 7.47397 1.30055 16.3251
v 7.47606 1.30876 16.3251
v 7.50605 1.28039 16.3251
v 7.48052 1.31347 16.3251
v 7.4862 1.28893 16.3251
v 7.55587 1.26772 16.3251
v 7.54467 1.34293 16.3251
v 7.66025 1.25216 16.3251
v 7.65238 1.36966 16.3251
v 7.49379 1.32241 16.3251
v 7.48298 1.28935 16.3214
v 7.47759 1.29427 16.3238
v 7.57734 1.35497 16.2669
v 7.51598 1.3355 16.3003
v 7.47435 1.30653 16.3244
v 7.47597 1.3097 16.3233
v 7.48053 1.31504 16.3204
v 7.49177 1.3235 16.3139
v 2.28371 0.111987 -5.14139
v 1.92303 0.380042 -5.30368
v 1.85947 0.33369 -5.34069
v 1.81362 0.351827 -5.36275
v 1.84264 0.310155 -5.3515
v 1.81152 0.320288 -5.36667
v 1.81933 0.306231 -5.3639
v 1.84181 0.283404 -5.35434
v 1.83943 0.296983 -5.35434
v 1.80899 0.332421 -5.36688
v 1.8101 0.342485 -5.36541
v 1.82492 0.367837 -5.35547
v 1.85495 0.392705 -5.33772
v 1.93493 0.432495 -5.29281
v 2.02805 0.461681 -5.24207
v 2.11559 0.476724 -5.19547
v 2.24478 0.354633 -6.12199
v 2.24196 0.362574 -6.12143
v 2.21456 0.373443 -6.12061
v 2.24266 0.370998 -6.12085
v 2.25132 0.385889 -6.11983
v 2.28218 0.411273 -6.11814
v 2.19751 0.399881 -6.11872
v 2.37962 0.461222 -6.11491
v 2.23024 0.443368 -6.11578
v 2.60863 0.550939 -6.10924
v 2.3866 0.508189 -6.11166
v 2.28091 0.470552 -6.11401
v 2.20884 0.425484 -6.11697
v 2.20086 0.414332 -6.11773
v 2.19746 0.401385 -6.11862
v 2.19937 0.392133 -6.11927
v 2.2033 0.38514 -6.11976
v 2.05078 0.420238 -5.74024
v 2.0079 0.384237 -5.74024
v 2.44917 0.462558 -6.3369
v 7.56901 1.32818 -16.2773
v 7.51673 1.30386 -16.3065
v 2.37877 0.423516 -6.3369
v 2.353 0.396915 -6.3369
v 7.50269 1.29222 -16.3148
v 2.35864 0.405488 -6.3369
v 7.49953 1.28594 -16.317
v 2.35098 0.382679 -6.3369
v 7.49946 1.28236 -16.3173
v 2.35058 0.388659 -6.3369
v 2.35339 0.376896 -6.3369
v 7.50074 1.279 -16.317
v 7.72881 1.38024 -16.1902
v 0.261691 -0.016332 -2.29873
v 0.259554 0.006087 -2.29713
v 0.235669 0.012495 -2.29662
v 0.266865 0.027713 -2.29562
v 0.221114 0.047335 -2.29411
v 0.384714 0.127944 -2.28882
v 0.238829 0.097238 -2.29062
v 0.296223 0.064263 -2.29311
v 0.378448 0.185856 -2.2847
v 0.609347 0.247277 -2.28095
v 0.278024 0.132583 -2.28822
v 0.225316 0.07523 -2.29214
v 0.2208 0.0559 -2.2935
v 0.0019 0.017808 -1.8699
v 0.0019 0.007218 -1.8699
v 0.118766 0.072277 -2.06676
v 0.01078 0.045338 -1.8699
v 0.1763 0.122763 -2.06676
v 0.205337 0.16859 -1.8699
v 0.183151 0.160337 -1.8699
v 0.075049 0.106937 -1.8699
v 0.028306 0.068998 -1.8699
v 0.4019 0.215459 -1.8699
v 0.622185 -0.294281 -1.8699
v 0.4019 -0.237739 -1.8699
v 0.622185 0.240486 -1.8699
v 0.179422 -0.151747 -1.8699
v 0.072802 -0.087742 -1.8699
v 0.010598 -0.021202 -1.8699
v 0.027611 -0.046203 -1.8699
v 2.88917 0.585646 -6.3369
v 2.13107 0.158411 -5.2161
v 2.88917 0.265629 -6.3369
v 2.71026 0.2911 -6.3369
v 7.4737 1.30212 -16.3289
v 7.47884 1.29389 -16.3289
v 7.47589 1.29692 -16.3289
v 7.47397 1.30055 -16.3289
v 7.47606 1.30876 -16.3289
v 7.50605 1.28039 -16.3289
v 7.48052 1.31347 -16.3289
v 7.4862 1.28893 -16.3289
v 7.55587 1.26772 -16.3289
v 7.54467 1.34293 -16.3289
v 7.66025 1.25216 -16.3289
v 7.65238 1.36966 -16.3289
v 7.49379 1.32241 -16.3289
v 7.48298 1.28935 -16.3252
v 7.47759 1.29427 -16.3276
v 7.57734 1.35497 -16.2707
v 7.51598 1.3355 -16.3041
v 7.47435 1.30653 -16.3282
v 7.47597 1.3097 -16.3271
v 7.48053 1.31504 -16.3242
v 7.49177 1.3235 -16.3177
v 5.25554 0.443643 6.84194
v 5.04436 0.353666 6.3331
v 5.33221 0.496283 6.81025
v 5.1558 0.445993 6.3331
v 5.31117 0.480014 6.3331
v 5.4725 0.518113 6.75817
v 5.57343 0.467129 6.3331
v 5.69763 0.494871 6.67923
v 5.22319 0.404451 6.85666
v 5.22069 0.392995 6.85847
v 5.22562 0.365992 6.85884
v 5.24209 0.328736 6.85589
v 5.05541 0.283851 6.33954
v 5.06701 0.270055 6.34082
v 5.07412 0.26538 6.34125
v 5.25277 0.316234 6.85305
v 5.0852 0.263226 6.34145
v 5.04516 0.310653 6.33707
v 5.04121 0.342242 6.33415
v 5.12911 0.292645 6.8993
v 5.1212 0.602711 6.87751
v 4.92598 0.558424 6.3331
v 5.43603 0.495927 6.3331
v 4.92373 0.238292 6.3331
v 5.09283 0.263641 6.34118
v 4.92373 0.228493 6.25279
v 4.92373 0.542414 6.2036
v 5.10907 0.522605 6.2067
v 4.92598 0.542188 6.20363
v 5.53165 0.458962 6.21667
v 5.56969 0.466402 6.3227
v 5.05446 0.358879 6.23236
v 5.09805 0.397097 6.22637
v 5.17653 0.438502 6.21988
v 5.04223 0.341651 6.23506
v 5.03986 0.326894 6.23737
v 5.04344 0.305541 6.24071
v 5.05164 0.283858 6.24411
v 5.05901 0.273884 6.24568
v 5.07927 0.256022 6.24847
v 5.06577 0.265908 6.24693
v 5.10445 0.254554 6.2487
v 4.92598 0.228816 6.25274
v 5.09431 0.26387 6.34139
v 8.55181 1.37867 16.3352
v 7.47689 1.13515 13.3718
v 8.55587 1.24162 16.3464
v 7.48223 0.948156 13.3865
v 8.74143 1.34942 16.3378
v 7.67787 1.10497 13.3741
v 7.65813 0.964798 13.3851
v 8.7298 1.25341 16.3456
v 4.92373 0.558645 6.3331
v 7.4413 1.12695 13.2737
v 7.44762 0.938414 13.2911
v 8.314 1.22741 16.3474
v 8.30907 1.39586 16.3336
v 8.30246 1.3943 16.3152
v 4.72056 0.576087 6.3331
v 7.21052 1.14376 13.2722
v 7.24585 1.15185 13.3706
v 7.2525 1.15338 13.3892
v 8.3074 1.22568 16.329
v 7.25869 0.934242 13.4064
v 7.25205 0.932313 13.3879
v 7.21785 0.922353 13.2926
v 4.72056 0.209033 6.3331
v 4.92373 -0.331906 1.8661
v 4.92373 -0.073503 1.8661
v 4.40981 0.495868 5.4671
v 3.4159 -0.491425 1.8661
v 4.71325 0.574289 6.31274
v 5.58328 -0.209971 1.8661
v 4.92373 -0.156131 1.8661
v 7.44082 0.936501 13.2724
v 7.55945 0.948983 13.2901
v 7.36257 0.914445 13.0566
v 7.46346 0.921999 13.0198
v 7.35764 1.10768 13.0431
v 7.4345 1.12538 13.2549
v 7.55355 0.949116 13.2901
v 7.45253 0.925419 13.0235
v 7.5496 0.950485 13.29
v 7.45557 0.92313 13.0226
v 7.54507 0.954767 13.2896
v 7.44639 0.94279 13.0243
v 7.54059 0.962342 13.2889
v 7.44897 0.930853 13.0243
v 7.53769 0.97748 13.2875
v 7.44968 0.974773 13.0206
v 7.5372 0.994286 13.286
v 7.44599 0.960872 13.023
v 7.54418 1.00648 13.2848
v 7.52427 1.02371 12.9899
v 7.5887 1.04058 13.2817
v 7.46539 0.991637 13.0136
v 7.69777 1.05185 13.2806
v 7.91314 0.98547 12.8534
v 8.06749 1.02003 13.2836
v 7.64599 1.01974 12.9466
v 7.56625 1.02581 13.2831
v 7.55581 1.01723 13.2838
v 8.06075 1.01852 13.2648
v 8.10282 1.00061 13.3821
v 8.20041 0.993471 13.286
v 8.2296 1.00229 13.3819
v 8.06843 0.991619 13.2862
v 8.10206 1.02778 13.3799
v 5.25554 0.443643 -6.84574
v 5.04436 0.353666 -6.3369
v 5.33221 0.496283 -6.81405
v 5.1558 0.445993 -6.3369
v 5.31117 0.480014 -6.3369
v 5.4725 0.518113 -6.76197
v 5.57343 0.467129 -6.3369
v 5.69763 0.494871 -6.68303
v 5.22319 0.404451 -6.86046
v 5.22069 0.392995 -6.86226
v 5.22562 0.365992 -6.86264
v 5.24209 0.328736 -6.85969
v 5.05541 0.283851 -6.34334
v 5.06701 0.270055 -6.34462
v 5.07412 0.26538 -6.34505
v 5.25277 0.316234 -6.85685
v 5.0852 0.263226 -6.34525
v 5.04516 0.310653 -6.34087
v 5.04121 0.342242 -6.33795
v 5.12911 0.292645 -6.9031
v 5.1212 0.602711 -6.88131
v 4.92598 0.558424 -6.3369
v 5.43603 0.495927 -6.3369
v 4.92373 0.238292 -6.3369
v 5.09283 0.263641 -6.34498
v 4.92373 0.228493 -6.25659
v 4.92373 0.542414 -6.2074
v 5.10907 0.522605 -6.2105
v 4.92598 0.542188 -6.20743
v 5.53165 0.458962 -6.22047
v 5.56969 0.466402 -6.3265
v 5.05446 0.358879 -6.23616
v 5.09805 0.397097 -6.23017
v 5.17653 0.438502 -6.22368
v 5.04223 0.341651 -6.23886
v 5.03986 0.326894 -6.24117
v 5.04344 0.305541 -6.24451
v 5.05164 0.283858 -6.24791
v 5.05901 0.273884 -6.24947
v 5.07927 0.256022 -6.25227
v 5.06577 0.265908 -6.25072
v 5.10445 0.254554 -6.2525
v 4.92598 0.228816 -6.25654
v 5.09431 0.26387 -6.34519
v 8.55181 1.37867 -16.339
v 7.47689 1.13515 -13.3756
v 8.55587 1.24162 -16.3502
v 7.48223 0.948156 -13.3903
v 8.74143 1.34942 -16.3416
v 7.67787 1.10497 -13.3779
v 7.65813 0.964798 -13.3889
v 8.7298 1.25341 -16.3494
v 4.92373 0.558645 -6.3369
v 7.4413 1.12695 -13.2775
v 7.44762 0.938414 -13.2949
v 8.314 1.22741 -16.3512
v 8.30907 1.39586 -16.3374
v 8.30246 1.3943 -16.319
v 4.72056 0.576087 -6.3369
v 7.21052 1.14376 -13.276
v 7.24585 1.15185 -13.3744
v 7.2525 1.15338 -13.393
v 8.3074 1.22568 -16.3328
v 7.25869 0.934242 -13.4102
v 7.25205 0.932313 -13.3917
v 7.21785 0.922353 -13.2964
v 4.72056 0.209033 -6.3369
v 4.92373 -0.331906 -1.8699
v 4.92373 -0.073503 -1.8699
v 4.40981 0.495868 -5.4709
v 3.4159 0.145068 -1.8699
v 3.4159 -0.491425 -1.8699
v 4.40981 0.067104 -5.4709
v 4.71325 0.574289 -6.31654
v 5.58328 -0.209971 -1.8699
v 4.92373 -0.156131 -1.8699
v 7.44082 0.936501 -13.2762
v 7.55945 0.948983 -13.2939
v 7.36257 0.914445 -13.0605
v 7.46346 0.921999 -13.0236
v 7.35764 1.10768 -13.0469
v 7.4345 1.12538 -13.2588
v 7.55355 0.949116 -13.2939
v 7.45253 0.925419 -13.0273
v 7.5496 0.950485 -13.2938
v 7.45557 0.92313 -13.0264
v 7.54507 0.954767 -13.2934
v 7.44639 0.94279 -13.0281
v 7.54059 0.962342 -13.2927
v 7.44897 0.930853 -13.0281
v 7.53769 0.97748 -13.2913
v 7.44968 0.974773 -13.0244
v 7.5372 0.994286 -13.2898
v 7.44599 0.960872 -13.0268
v 7.54418 1.00648 -13.2886
v 7.52427 1.02371 -12.9938
v 7.5887 1.04058 -13.2855
v 7.46539 0.991637 -13.0174
v 7.69777 1.05185 -13.2844
v 7.91314 0.98547 -12.8572
v 8.06749 1.02003 -13.2874
v 7.64599 1.01974 -12.9504
v 7.56625 1.02581 -13.2869
v 7.55581 1.01723 -13.2876
v 8.06075 1.01852 -13.2686
v 8.10282 1.00061 -13.3859
v 8.20041 0.993471 -13.2898
v 8.2296 1.00229 -13.3857
v 8.06843 0.991619 -13.29
v 8.10206 1.02778 -13.3837
v 7.87093 1.39604 16.3251
v 7.79514 1.38346 16.1731
v 7.87093 1.23633 16.3251
v 7.79514 1.22185 16.1731
v 7.8737 1.39607 16.3251
v 7.8737 1.23623 16.3251
v 4.40981 0.067104 5.4671
v 6.62087 0.746829 11.6289
v 8.30601 1.22532 16.3251
v 7.28967 1.16189 13.4927
v 8.30601 1.39514 16.3251
v 8.24699 1.22181 16.3251
v 8.12187 1.2206 16.3251
v 3.4159 0.145068 1.8661
v 1.53815 -0.47124 1.8661
v 2.20968 -0.534714 1.8661
v 2.85457 -0.534721 1.8661
v 2.78671 0.239028 6.1276
v 1.2159 -0.417559 1.8661
v 0.840317 -0.344654 1.8661
v 7.29813 1.12579 15.1762
v 6.83097 1.03522 14.2392
v 4.81617 0.642493 10.1979
v 6.83097 1.22552 14.2392
v 7.29299 1.30105 15.1659
v 2.77505 0.568396 6.10464
v 2.27011 0.492594 5.1104
v 2.29128 0.237976 1.8661
v 1.59991 0.264675 1.8661
v 1.24558 0.266264 1.8661
v 0.855016 0.257793 1.8661
v 4.10592 0.605376 6.3331
v 0.8306 0.272763 2.27592
v 4.64883 0.580881 6.3331
v 7.87093 1.39604 -16.3289
v 7.79514 1.38346 -16.1769
v 7.87093 1.23633 -16.3289
v 7.79514 1.22185 -16.1769
v 7.8737 1.39607 -16.3289
v 7.8737 1.23623 -16.3289
v 6.62087 0.746829 -11.6327
v 8.30601 1.22532 -16.3289
v 7.28967 1.16189 -13.4966
v 8.30601 1.39514 -16.3289
v 8.24699 1.22181 -16.3289
v 8.12187 1.2206 -16.3289
v 1.53815 -0.47124 -1.8699
v 2.20968 -0.534714 -1.8699
v 2.85457 -0.534721 -1.8699
v 2.78671 0.239028 -6.1314
v 1.2159 -0.417559 -1.8699
v 0.840317 -0.344654 -1.8699
v 7.29813 1.12579 -15.18
v 6.83097 1.03522 -14.243
v 4.81617 0.642493 -10.2017
v 6.83097 1.22552 -14.243
v 7.29299 1.30105 -15.1697
v 2.77505 0.568396 -6.10844
v 2.27011 0.492594 -5.1142
v 2.29128 0.237976 -1.8699
v 1.59991 0.264675 -1.8699
v 1.24558 0.266264 -1.8699
v 0.855016 0.257793 -1.8699
v 4.10592 0.605376 -6.3369
v 0.8306 0.272763 -2.27972
v 4.64883 0.580881 -6.3369
v 4.64883 0.199723 6.3331
v 3.76729 0.173921 6.3331
v 0.849082 -0.239997 2.31231
v 4.64883 0.199723 -6.3369
v 3.76729 0.173921 -6.3369
v 0.849082 -0.239997 -2.31611
v 9.126 1.27312 16.3251
v 8.7347 1.34784 16.319
v 8.72303 1.25164 16.3269
v 7.68461 1.1065 13.3929
v 7.66492 0.966661 13.4039
v 8.2354 1.00404 13.4009
v 9.126 1.27312 -16.3289
v 8.7347 1.34784 -16.3228
v 8.72303 1.25164 -16.3307
v 7.68461 1.1065 -13.3967
v 7.66492 0.966661 -13.4077
v 8.2354 1.00404 -13.4047
v 4.4975 -0.002122 4.75934
v 4.41707 -0.044759 4.76615
v 4.45577 -0.028712 4.76358
v 5.1764 0.082503 4.73777
v 4.4975 -0.023206 4.76257
v 4.35839 -0.103311 4.77522
v 4.33666 -0.182881 4.78743
v 5.22006 -0.143333 4.77187
v 5.45606 0.104566 4.73196
v 6.09945 -0.103076 4.77589
v 6.0828 0.105384 4.7433
v 4.34018 -0.150588 5.03175
v 4.37055 -0.085284 5.02178
v 4.42668 -0.039633 5.0149
v 4.4975 -0.023206 5.01264
v 4.4975 0.025364 5.0052
v 5.22487 0.120654 4.99979
v 6.0828 0.143396 4.9867
v 5.92992 0.080037 5.00178
v 5.42068 0.139433 4.9986
v 5.92907 -0.126915 5.03348
v 6.36768 0.046686 4.97956
v 6.3689 -0.117814 5.00475
v 4.41686 -0.338171 5.00952
v 4.39274 -0.309421 5.04105
v 4.40746 -0.326972 5.02762
v 4.37429 -0.287433 5.0485
v 5.41758 -0.355228 5.0679
v 4.35412 -0.256926 5.04823
v 4.34124 -0.22218 5.04272
v 5.53295 -0.283821 5.06371
v 6.13746 -0.304368 5.04645
v 4.42001 -0.341927 4.9924
v 5.41678 -0.386437 5.04602
v 6.13748 -0.332795 5.02695
v 4.42737 -0.350699 4.83088
v 4.41439 -0.335224 4.81719
v 4.43614 -0.361143 4.84973
v 4.43813 -0.363517 4.86092
v 4.43804 -0.363418 4.87246
v 4.42757 -0.350932 4.9378
v 5.57352 -0.406035 4.94624
v 5.55362 -0.414571 4.84566
v 4.35702 -0.262371 4.79958
v 4.37429 -0.287433 4.80329
v 4.398 -0.315699 4.80824
v 5.55411 -0.396672 4.81914
v 5.54092 -0.324323 4.79755
v 6.9269 -0.220678 4.91011
v 6.71587 -0.244601 4.87404
v 6.9269 -0.211618 4.89777
v 6.9269 -0.217376 4.90304
v 6.71587 -0.255756 4.88239
v 6.71587 -0.261557 4.89505
v 6.9269 -0.221024 4.9179
v 6.77747 -0.248796 4.92216
v 6.71587 -0.256458 4.94133
v 6.71587 -0.260117 4.92389
v 6.9269 -0.218361 4.92524
v 6.71587 -0.244715 4.96135
v 6.9269 -0.213093 4.931
v 6.71587 -0.253398 4.95075
v 6.71587 -0.23205 4.96661
v 6.9269 -0.206023 4.9343
v 6.71587 -0.22306 4.96664
v 6.9269 -0.059271 4.89313
v 6.92679 -0.056158 4.9129
v 6.71587 -0.00605 4.93288
v 6.9269 -0.198228 4.93464
v 6.71587 -0.211883 4.96528
v 6.9269 -0.062357 4.87337
v 6.9269 -0.204283 4.89511
v 6.71587 -0.020661 4.83932
v 6.71587 -0.226481 4.86996
v 6.15874 0.019678 8.4574
v 5.14258 0.063252 8.38841
v 5.13975 0.066622 8.40506
v 5.13051 0.077632 8.42555
v 6.1616 0.09037 8.47531
v 5.59715 0.022877 8.44825
v 5.1151 0.096007 8.44189
v 5.09487 0.120112 8.45269
v 5.07719 0.14651 8.45707
v 5.06051 0.219328 8.45217
v 5.59547 0.08882 8.46481
v 5.06459 0.179983 8.45553
v 5.06811 0.261589 8.44828
v 5.08785 0.300221 8.44472
v 5.11911 0.332275 8.44177
v 5.16011 0.353976 8.43977
v 5.20759 0.361848 8.43905
v 5.20759 0.392557 8.43623
v 5.66293 0.44001 8.43315
v 5.48435 0.415099 8.43417
v 6.15345 0.516448 8.43556
v 6.223 0.525923 8.43557
v 6.71835 0.545687 8.41984
v 6.37763 0.533932 8.43472
v 6.62963 0.112728 8.46469
v 7.0354 0.420718 8.39529
v 6.62936 0.04586 8.44741
v 7.0429 0.149178 8.42025
v 7.04417 0.101629 8.4079
v 6.04706 0.48795 8.14616
v 6.13292 0.499444 8.14355
v 5.59234 0.417086 8.16104
v 5.20759 0.371198 8.16576
v 5.16622 0.355912 8.16717
v 5.09678 0.311516 8.17125
v 5.20759 0.361848 8.16662
v 5.1283 0.338657 8.16876
v 5.07416 0.276733 8.17446
v 5.06216 0.237112 8.1781
v 5.06168 0.195691 8.18191
v 5.07276 0.155752 8.18578
v 5.09487 0.120112 8.19028
v 5.13642 0.070596 8.21477
v 5.76778 0.009054 8.20651
v 5.15079 0.053464 8.24077
v 5.15369 0.050011 8.25722
v 5.76872 -0.014601 8.27836
v 5.14922 0.055338 8.33104
v 6.23177 -0.007701 8.33684
v 6.63215 0.013092 8.27612
v 6.33244 0.50886 8.14118
v 6.63253 0.038118 8.205
v 6.63602 0.520813 8.14953
v 7.5229 0.35074 8.30386
v 7.5229 0.347595 8.28406
v 7.31219 0.388517 8.25064
v 7.5229 0.208238 8.29689
v 7.31219 0.144879 8.27517
v 7.5229 0.185377 8.30061
v 7.31219 0.157878 8.27043
v 7.5229 0.180724 8.30409
v 7.31219 0.131225 8.30062
v 7.5229 0.177267 8.30876
v 7.31219 0.135496 8.28491
v 7.31219 0.13102 8.30842
v 7.5229 0.175299 8.31423
v 7.52054 0.354439 8.3239
v 7.5229 0.352573 8.32377
v 7.31219 0.131713 8.32401
v 7.5229 0.174985 8.32003
v 7.5229 0.176368 8.32572
v 7.31219 0.140602 8.35929
v 7.5229 0.179337 8.33076
v 7.31219 0.13412 8.34074
v 7.5229 0.183638 8.33473
v 7.31219 0.147726 8.3664
v 7.31219 0.156805 8.37077
v 7.5229 0.188903 8.33728
v 7.31219 0.168424 8.37186
v 7.5229 0.212231 8.33669
v 7.31219 0.404086 8.34865
v 6.44113 0.506122 12.0006
v 6.43408 0.514522 12.0159
v 6.39882 0.556547 12.0429
v 6.42432 0.526157 12.0275
v 6.38006 0.587583 12.0492
v 6.37182 0.620788 12.0486
v 6.37321 0.653572 12.0459
v 6.91978 0.471536 12.0638
v 6.38346 0.684434 12.0431
v 6.40178 0.711343 12.0406
v 6.42682 0.732247 12.0387
v 6.45667 0.745485 12.0374
v 6.48904 0.75002 12.037
v 7.09368 0.821162 12.0354
v 6.48904 0.777396 12.0345
v 7.48485 0.870216 12.0364
v 7.81576 0.877255 12.0231
v 8.01602 0.804726 12.0107
v 7.47027 0.460662 12.0742
v 8.02803 0.487312 12.0398
v 6.92156 0.412574 12.0524
v 7.46811 0.397661 12.0615
v 8.02983 0.438565 12.0296
v 6.48904 0.753169 11.7857
v 6.48904 0.75002 11.786
v 6.45603 0.745301 11.7864
v 6.42572 0.731555 11.7877
v 6.40052 0.709936 11.7897
v 6.38238 0.682187 11.7922
v 6.37269 0.650513 11.7952
v 6.3722 0.617441 11.7982
v 6.38092 0.585544 11.8019
v 6.39882 0.556547 11.8068
v 6.42488 0.525483 11.819
v 6.44406 0.502632 11.8376
v 6.45035 0.495132 11.8487
v 6.45438 0.490329 11.8616
v 6.45153 0.493723 11.9351
v 7.41742 0.367634 11.9467
v 7.14601 0.361482 11.858
v 6.92755 0.384345 11.9452
v 7.14338 0.403548 11.813
v 7.72742 0.37099 11.8597
v 8.29558 0.466237 11.895
v 8.29391 0.487407 11.8733
v 8.39196 0.606281 11.8775
v 7.72784 0.412721 11.8158
v 7.25326 0.825927 11.7704
v 8.27858 0.69437 11.8526
v 7.7399 0.854336 11.774
v 8.5959 0.697506 11.9163
v 8.5959 0.694423 11.8965
v 8.39196 0.732523 11.8674
v 8.5959 0.565703 11.9084
v 8.39196 0.5004 11.8898
v 8.5959 0.544863 11.9127
v 8.39196 0.543139 11.8826
v 8.39196 0.494021 11.8952
v 8.5959 0.540826 11.9162
v 8.39196 0.487078 11.9157
v 8.5959 0.537876 11.9207
v 8.39196 0.489528 11.9022
v 8.5959 0.536227 11.9258
v 8.59311 0.701211 11.9364
v 8.5959 0.699338 11.9363
v 8.39196 0.487693 11.9357
v 8.5959 0.535997 11.9312
v 8.5959 0.537216 11.9365
v 8.39196 0.498319 11.9716
v 8.5959 0.539803 11.9412
v 8.39196 0.492065 11.9609
v 8.5959 0.543568 11.9451
v 8.39196 0.551118 11.9778
v 8.5959 0.548235 11.9478
v 8.39196 0.508605 11.9785
v 8.5959 0.56968 11.9482
v 8.39196 0.746564 11.9575
v 4.4975 -0.002122 -4.76314
v 4.41707 -0.044759 -4.76995
v 4.45577 -0.028712 -4.76738
v 5.1764 0.082503 -4.74157
v 4.4975 -0.023206 -4.76637
v 4.35839 -0.103311 -4.77902
v 4.33666 -0.182881 -4.79123
v 5.22006 -0.143333 -4.77567
v 5.45606 0.104566 -4.73576
v 6.09945 -0.103076 -4.77969
v 6.0828 0.105384 -4.7471
v 4.34018 -0.150588 -5.03555
v 4.37055 -0.085284 -5.02558
v 4.42668 -0.039633 -5.0187
v 4.4975 -0.023206 -5.01644
v 4.4975 0.025364 -5.009
v 5.22487 0.120654 -5.00359
v 6.0828 0.143396 -4.9905
v 5.92992 0.080037 -5.00558
v 5.42068 0.139433 -5.0024
v 5.92907 -0.126915 -5.03728
v 6.36768 0.046686 -4.98336
v 6.3689 -0.117814 -5.00855
v 4.41686 -0.338171 -5.01332
v 4.39274 -0.309421 -5.04485
v 4.40746 -0.326972 -5.03142
v 4.37429 -0.287433 -5.0523
v 5.41758 -0.355228 -5.0717
v 4.35412 -0.256926 -5.05203
v 4.34124 -0.22218 -5.04652
v 5.53295 -0.283821 -5.06751
v 6.13746 -0.304368 -5.05025
v 4.42001 -0.341927 -4.9962
v 5.41678 -0.386437 -5.04981
v 6.13748 -0.332795 -5.03075
v 4.42737 -0.350699 -4.83468
v 4.41439 -0.335224 -4.82099
v 4.43614 -0.361143 -4.85353
v 4.43813 -0.363517 -4.86472
v 4.43804 -0.363418 -4.87626
v 4.42757 -0.350932 -4.9416
v 5.57352 -0.406035 -4.95004
v 5.55362 -0.414571 -4.84946
v 4.35702 -0.262371 -4.80338
v 4.37429 -0.287433 -4.80709
v 4.398 -0.315699 -4.81203
v 5.55411 -0.396672 -4.82294
v 5.54092 -0.324323 -4.80135
v 6.9269 -0.220678 -4.91391
v 6.71587 -0.244601 -4.87784
v 6.9269 -0.211618 -4.90157
v 6.9269 -0.217376 -4.90684
v 6.71587 -0.255756 -4.88619
v 6.71587 -0.261557 -4.89885
v 6.9269 -0.221024 -4.9217
v 6.77747 -0.248796 -4.92596
v 6.71587 -0.256458 -4.94513
v 6.71587 -0.260117 -4.92769
v 6.9269 -0.218361 -4.92904
v 6.71587 -0.244715 -4.96515
v 6.9269 -0.213093 -4.93479
v 6.71587 -0.253398 -4.95455
v 6.71587 -0.23205 -4.97041
v 6.9269 -0.206023 -4.9381
v 6.71587 -0.22306 -4.97044
v 6.9269 -0.059271 -4.89693
v 6.92679 -0.056158 -4.9167
v 6.71587 -0.00605 -4.93668
v 6.9269 -0.198228 -4.93844
v 6.71587 -0.211883 -4.96908
v 6.9269 -0.062357 -4.87717
v 6.9269 -0.204283 -4.8989
v 6.71587 -0.020661 -4.84311
v 6.71587 -0.226481 -4.87376
v 6.15874 0.019678 -8.4612
v 5.14258 0.063252 -8.39221
v 5.13975 0.066622 -8.40886
v 5.13051 0.077632 -8.42935
v 6.1616 0.09037 -8.47911
v 5.59715 0.022877 -8.45205
v 5.1151 0.096007 -8.4457
v 5.09487 0.120112 -8.4565
v 5.07719 0.14651 -8.46088
v 5.06051 0.219328 -8.45597
v 5.59547 0.08882 -8.46861
v 5.0646 0.179983 -8.45933
v 5.06811 0.261589 -8.45208
v 5.08785 0.300221 -8.44852
v 5.11911 0.332275 -8.44557
v 5.16011 0.353976 -8.44358
v 5.20759 0.361848 -8.44285
v 5.20759 0.392557 -8.44003
v 5.66293 0.44001 -8.43695
v 5.48435 0.415099 -8.43798
v 6.15345 0.516448 -8.43937
v 6.223 0.525923 -8.43937
v 6.71835 0.545687 -8.42364
v 6.37763 0.533932 -8.43852
v 6.62963 0.112728 -8.46849
v 7.0354 0.420718 -8.39909
v 6.62936 0.04586 -8.45121
v 7.0429 0.149178 -8.42405
v 7.04417 0.101629 -8.41171
v 6.04706 0.487951 -8.14996
v 6.13292 0.499444 -8.14736
v 5.59234 0.417086 -8.16484
v 5.20759 0.371198 -8.16957
v 5.16622 0.355912 -8.17097
v 5.09678 0.311516 -8.17506
v 5.20759 0.361848 -8.17042
v 5.1283 0.338658 -8.17256
v 5.07416 0.276733 -8.17826
v 5.06216 0.237112 -8.1819
v 5.06168 0.195691 -8.18572
v 5.07277 0.155752 -8.18958
v 5.09487 0.120112 -8.19408
v 5.13642 0.070596 -8.21858
v 5.76778 0.009054 -8.21032
v 5.15079 0.053464 -8.24457
v 5.15369 0.050011 -8.26102
v 5.76872 -0.014601 -8.28217
v 5.14922 0.055338 -8.33484
v 6.23177 -0.007701 -8.34065
v 6.63215 0.013092 -8.27992
v 6.33244 0.50886 -8.14498
v 6.63253 0.038119 -8.2088
v 6.63602 0.520813 -8.15333
v 7.5229 0.35074 -8.30766
v 7.5229 0.347595 -8.28787
v 7.31219 0.388518 -8.25444
v 7.5229 0.208238 -8.30069
v 7.31219 0.144879 -8.27897
v 7.5229 0.185377 -8.30442
v 7.31219 0.157878 -8.27424
v 7.5229 0.180724 -8.3079
v 7.31219 0.131225 -8.30442
v 7.5229 0.177267 -8.31256
v 7.31219 0.135496 -8.28871
v 7.31219 0.13102 -8.31223
v 7.5229 0.175299 -8.31803
v 7.52055 0.354439 -8.3277
v 7.5229 0.352573 -8.32758
v 7.31219 0.131713 -8.32782
v 7.5229 0.174985 -8.32383
v 7.5229 0.176368 -8.32952
v 7.31219 0.140602 -8.36309
v 7.5229 0.179337 -8.33456
v 7.31219 0.13412 -8.34454
v 7.5229 0.183638 -8.33853
v 7.31219 0.147726 -8.37021
v 7.31219 0.156805 -8.37457
v 7.5229 0.188903 -8.34108
v 7.31219 0.168424 -8.37566
v 7.5229 0.212231 -8.34049
v 7.31219 0.404086 -8.35245
v 6.44113 0.506122 -12.0044
v 6.43408 0.514522 -12.0197
v 6.39882 0.556547 -12.0467
v 6.42432 0.526157 -12.0313
v 6.38006 0.587583 -12.0531
v 6.37182 0.620788 -12.0524
v 6.37321 0.653572 -12.0497
v 6.91978 0.471536 -12.0677
v 6.38346 0.684434 -12.0469
v 6.40178 0.711343 -12.0444
v 6.42682 0.732247 -12.0425
v 6.45667 0.745485 -12.0412
v 6.48904 0.75002 -12.0408
v 7.09368 0.821162 -12.0392
v 6.48904 0.777396 -12.0383
v 7.48485 0.870216 -12.0402
v 7.81576 0.877255 -12.0269
v 8.01602 0.804726 -12.0145
v 7.47027 0.460662 -12.078
v 8.02803 0.487312 -12.0436
v 6.92156 0.412574 -12.0562
v 7.46811 0.397661 -12.0653
v 8.02983 0.438565 -12.0334
v 6.48904 0.753169 -11.7895
v 6.48904 0.75002 -11.7898
v 6.45603 0.745301 -11.7902
v 6.42572 0.731555 -11.7915
v 6.40052 0.709936 -11.7935
v 6.38238 0.682187 -11.796
v 6.37269 0.650513 -11.799
v 6.3722 0.617441 -11.802
v 6.38092 0.585544 -11.8057
v 6.39882 0.556547 -11.8106
v 6.42488 0.525483 -11.8228
v 6.44406 0.502632 -11.8414
v 6.45035 0.495132 -11.8525
v 6.45438 0.490329 -11.8654
v 6.45153 0.493723 -11.9389
v 7.41742 0.367634 -11.9505
v 7.14601 0.361482 -11.8618
v 6.92755 0.384345 -11.949
v 7.14338 0.403548 -11.8168
v 7.72742 0.37099 -11.8635
v 8.29558 0.466237 -11.8988
v 8.29391 0.487407 -11.8771
v 8.39196 0.606281 -11.8813
v 7.72784 0.412721 -11.8196
v 7.25326 0.825927 -11.7742
v 8.27858 0.69437 -11.8564
v 7.7399 0.854336 -11.7778
v 8.5959 0.697506 -11.9201
v 8.5959 0.694423 -11.9003
v 8.39196 0.732523 -11.8712
v 8.5959 0.565703 -11.9122
v 8.39196 0.5004 -11.8936
v 8.5959 0.544863 -11.9165
v 8.39196 0.543139 -11.8864
v 8.39196 0.494021 -11.899
v 8.5959 0.540826 -11.92
v 8.39196 0.487078 -11.9195
v 8.5959 0.537876 -11.9245
v 8.39196 0.489528 -11.906
v 8.5959 0.536227 -11.9296
v 8.59311 0.701211 -11.9402
v 8.5959 0.699338 -11.9401
v 8.39196 0.487693 -11.9395
v 8.5959 0.535997 -11.935
v 8.5959 0.537216 -11.9403
v 8.39196 0.498319 -11.9754
v 8.5959 0.539803 -11.945
v 8.39196 0.492065 -11.9647
v 8.5959 0.543568 -11.9489
v 8.39196 0.551118 -11.9816
v 8.5959 0.548235 -11.9516
v 8.39196 0.508605 -11.9823
v 8.5959 0.56968 -11.952
v 8.39196 0.746564 -11.9613
v 5.08072 0.255748 6.24852
v 5.06798 0.264097 6.24721
v 5.0433 0.304954 6.24081
v 5.05217 0.283462 6.24417
v 5.03919 0.327943 6.2372
v 5.04051 0.339248 6.23543
v 5.06225 0.36752 6.231
v 5.26558 0.455928 6.21715
v 5.53165 0.316316 6.23903
v 6.0828 0.338433 6.23556
v 5.11651 -0.165119 2.05506
v 5.04195 -0.238134 2.0665
v 5.04246 -0.253667 2.06894
v 5.04961 -0.27646 2.07251
v 5.05519 -0.282609 2.07347
v 5.07046 -0.289901 2.07462
v 6.0828 -0.298366 2.07594
v 6.0828 -0.310875 2.0779
v 5.53165 -0.284347 2.07375
v 5.09625 0.118789 4.20803
v 5.0876 -0.182997 2.05786
v 5.09393 0.038077 3.63321
v 5.08767 -0.292361 2.075
v 5.09659 0.018279 4.29464
v 5.10445 0.254554 6.2487
v 5.10201 0.181299 5.64309
v 5.53165 0.458893 6.21669
v 5.53165 0.432068 6.03898
v 5.29681 -0.154359 2.05338
v 5.53025 -0.169131 2.05569
v 5.10436 0.402133 6.22558
v 5.17001 -0.153856 2.0533
v 5.04597 -0.268979 2.07134
v 5.0876 -0.185944 2.05833
v 5.09474 0.06607 3.83258
v 5.04544 0.349165 6.23388
v 5.04805 -0.223314 2.06418
v 6.0828 0.353666 6.3331
v 5.57415 0.33192 6.33511
v 8.1947 0.991745 13.2673
v 5.56969 0.466401 6.3227
v 8.06075 1.01852 13.2648
v 7.58985 1.04175 13.2627
v 5.26423 0.472612 6.32212
v 7.68921 1.05041 13.2619
v 5.16173 0.449027 6.3243
v 5.08982 0.400883 6.32874
v 5.05796 0.372162 6.33139
v 5.04213 0.347408 6.33368
v 5.07936 0.263814 6.34139
v 5.09431 0.26387 6.34139
v 7.54062 0.950346 13.2711
v 7.54499 0.947708 13.2713
v 7.53343 0.998833 13.2666
v 7.53157 0.994932 13.267
v 7.5353 1.00158 13.2664
v 7.55059 1.01628 13.265
v 7.53029 0.988543 13.2676
v 7.53364 0.961526 13.2701
v 7.55285 0.947119 13.2714
v 7.54174 0.949386 13.2712
v 7.54698 0.947226 13.2714
v 5.102 0.181275 -5.64669
v 5.08072 0.255748 -6.25232
v 5.06798 0.264097 -6.25101
v 5.0433 0.304954 -6.24461
v 5.03919 0.327943 -6.241
v 5.04051 0.339248 -6.23923
v 5.06225 0.36752 -6.2348
v 5.53165 0.316316 -6.24283
v 6.0828 0.338433 -6.23936
v 5.11651 -0.165119 -2.05886
v 5.04195 -0.238134 -2.0703
v 5.04246 -0.253667 -2.07274
v 5.04961 -0.27646 -2.07631
v 5.05519 -0.282609 -2.07727
v 5.07046 -0.289901 -2.07842
v 6.0828 -0.298366 -2.07974
v 6.0828 -0.310875 -2.0817
v 5.53165 -0.284347 -2.07754
v 5.09625 0.118789 -4.21183
v 5.09393 0.038077 -3.63701
v 5.08767 -0.292361 -2.0788
v 5.09659 0.018279 -4.29844
v 5.53165 0.458893 -6.22048
v 5.53165 0.432068 -6.04278
v 5.29681 -0.154359 -2.05718
v 5.53025 -0.169131 -2.05949
v 5.10436 0.402133 -6.22938
v 5.0876 -0.182997 -2.06166
v 5.17001 -0.153856 -2.0571
v 5.26558 0.455928 -6.22095
v 5.04597 -0.268979 -2.07514
v 5.0876 -0.185944 -2.06212
v 5.09474 0.06607 -3.83638
v 5.04544 0.349165 -6.23768
v 5.04805 -0.223314 -2.06798
v 5.05217 0.283462 -6.24797
v 5.10445 0.254554 -6.2525
v 6.0828 0.353666 -6.3369
v 5.57415 0.33192 -6.33891
v 8.1947 0.991745 -13.2711
v 5.56969 0.466401 -6.3265
v 8.06075 1.01852 -13.2686
v 7.58985 1.04175 -13.2665
v 5.26423 0.472612 -6.32592
v 7.68921 1.05041 -13.2657
v 5.16173 0.449027 -6.3281
v 5.08982 0.400883 -6.33254
v 5.05796 0.372162 -6.33519
v 5.04213 0.347408 -6.33748
v 5.07936 0.263814 -6.34519
v 5.09431 0.26387 -6.34519
v 7.54499 0.947708 -13.2751
v 7.53343 0.998833 -13.2704
v 7.53157 0.994932 -13.2708
v 7.5353 1.00158 -13.2702
v 7.55059 1.01628 -13.2688
v 7.53029 0.988543 -13.2714
v 7.53364 0.961526 -13.2739
v 7.53991 0.951082 -13.2748
v 7.55285 0.947119 -13.2752
v 7.54174 0.949386 -13.275
v 7.54698 0.947226 -13.2752
v 4.92373 -0.073503 -1.8699
v 4.92373 -0.156131 -1.8699
v 4.92373 -0.073503 -1.8699
v 4.92373 0.293665 -4.439
v 4.92373 0.237705 -4.44755
v 4.92373 -0.156131 -1.8699
v 5.53174 0.189204 -4.45496
v 5.58328 -0.209971 -1.8699
v 4.92373 -0.073503 1.8661
v 4.92373 -0.156131 1.8661
v 4.92373 -0.073503 1.8661
v 4.92373 0.293665 4.4352
v 4.92373 0.237705 4.44375
v 4.92373 -0.156131 1.8661
v 5.53174 0.189204 4.45116
v 5.58328 -0.209971 1.8661
v 0.500318 0.225628 2.29198
v 0.439106 0.207087 2.29314
v 0.409122 0.196332 2.29382
v 0.380106 0.184709 2.29457
v 0.280407 0.130376 2.29816
v 0.244269 0.096454 2.30047
v 0.231947 0.075564 2.30192
v 0.227783 0.057115 2.30322
v 0.228096 0.048608 2.30382
v 0.242394 0.014177 2.3063
v 1.80893 0.354763 5.34388
v 1.87112 0.405406 5.30718
v 1.95186 0.440191 5.26233
v 1.82686 0.375461 5.33275
v 1.80424 0.319862 5.34944
v 1.81169 0.305881 5.34685
v 1.80332 0.342058 5.34792
v 1.80202 0.331058 5.34958
v 0.268778 -0.015072 2.30844
v 1.83469 0.282205 5.33709
v 1.83565 0.308967 5.33419
v 0.266582 0.007274 2.30685
v 1.83239 0.295802 5.33706
v 0.273818 0.028849 2.30534
v 1.91611 0.378907 5.28632
v 0.303038 0.065316 2.30283
v 1.85252 0.332509 5.32335
v 0.391211 0.128817 2.29856
v 2.11651 0.476438 5.17399
v 0.626497 0.249537 2.29061
v 2.26119 0.398289 6.23101
v 2.32228 0.397503 6.3331
v 2.3136 0.408338 6.3331
v 2.79059 0.490357 7.25619
v 2.26279 0.430465 6.22581
v 2.30613 0.46341 6.22581
v 2.20241 0.393069 6.12161
v 2.20605 0.386337 6.12209
v 2.21674 0.374873 6.12291
v 2.47519 0.530353 6.11274
v 2.59585 0.549576 6.1117
v 2.36342 0.500655 6.11453
v 2.26118 0.460131 6.11709
v 2.22352 0.436638 6.11863
v 2.20813 0.421329 6.11966
v 2.20279 0.412169 6.12028
v 2.2007 0.400436 6.1211
v 2.20065 0.40195 6.12099
v 2.49427 0.523872 6.3331
v 2.32614 0.448361 6.3331
v 2.82705 0.545649 7.25648
v 2.79261 0.516957 7.25648
v 2.31464 0.434748 6.3331
v 2.78781 0.506021 7.25648
v 2.31026 0.421363 6.3331
v 3.72895 0.650325 9.07028
v 3.72521 0.661368 9.07124
v 3.72793 0.673727 9.06874
v 3.73419 0.682874 9.0647
v 3.75062 0.697353 9.05493
v 3.86918 0.748826 8.98912
v 3.78997 0.719517 9.03264
v 3.72516 0.6628 9.07114
v 3.73619 0.641221 9.06734
v 2.61177 0.551418 6.11161
v 2.28849 0.413946 6.12038
v 2.39171 0.465708 6.11703
v 2.2554 0.3876 6.12213
v 2.24513 0.363463 6.12378
v 2.246 0.372227 6.12317
v 2.24806 0.355189 6.12436
v 2.47991 0.476293 6.3331
v 2.35268 0.396237 6.3331
v 3.75529 0.626391 9.05878
v 2.35339 0.376897 6.3331
v 2.35101 0.382568 6.3331
v 2.35058 0.388659 6.3331
v 3.75437 0.632621 9.05871
v 3.7613 0.649437 9.05364
v 2.35685 0.403203 6.3331
v 3.75542 0.638725 9.05763
v 2.36913 0.415971 6.3331
v 3.85109 0.707014 9.00216
v 2.40269 0.438775 6.3331
v 3.78284 0.669107 9.04078
v 2.72426 0.568592 6.3331
v 2.66775 0.548356 6.3331
v 4.02761 0.779492 8.90454
v 3.39418 0.676815 7.6566
v 4.62308 0.844268 10.7363
v 4.58835 0.817694 10.7363
v 3.77854 0.711269 9.05763
v 3.85593 0.743519 9.01479
v 3.75019 0.692477 9.07394
v 3.73846 0.680098 9.0811
v 3.73431 0.672598 9.0839
v 3.7326 0.664069 9.08554
v 3.73265 0.66264 9.08564
v 3.74289 0.643268 9.08206
v 3.7361 0.652093 9.08479
v 4.61944 0.809523 10.7997
v 4.62346 0.803342 10.7997
v 5.02356 0.900209 11.559
v 5.03939 0.912357 11.5498
v 5.14791 0.956184 11.4898
v 5.07531 0.930768 11.5296
v 5.02531 0.864386 11.5613
v 5.0181 0.87198 11.5643
v 5.01545 0.876557 11.5653
v 5.01415 0.881694 11.5655
v 5.01717 0.892411 11.563
v 5.01411 0.882733 11.5654
v 5.01498 0.887807 11.5645
v 3.76966 0.651895 9.06747
v 3.7631 0.640755 9.07184
v 3.76181 0.634279 9.07307
v 3.76273 0.627699 9.07318
v 5.044 0.851894 11.5527
v 5.04458 0.862987 11.5514
v 4.09843 0.694384 9.72434
v 5.04333 0.857523 11.5526
v 5.05056 0.872475 11.5475
v 3.79032 0.670415 9.05515
v 4.10442 0.706073 9.72362
v 5.13865 0.924236 11.4974
v 4.16903 0.747946 9.71608
v 5.07404 0.891502 11.5337
v 3.85359 0.705937 9.01932
v 4.28902 0.79651 9.70166
v 5.29868 0.985518 11.4093
v 4.03494 0.780682 8.919
v 5.76033 1.00571 13.008
v 5.76346 1.001 13.008
v 5.03535 0.865217 11.5786
v 5.02757 0.873123 11.5819
v 5.02471 0.87789 11.583
v 5.0233 0.883258 11.5832
v 5.02858 0.897188 11.5793
v 5.0387 0.906975 11.5732
v 5.06421 0.922785 11.5586
v 5.13554 0.951131 11.5192
v 5.75614 1.02647 12.9671
v 5.02487 0.891219 11.5817
v 5.74009 1.01176 12.9671
v 5.02326 0.884295 11.5831
v 6.27969 1.08844 14.005
v 6.27691 1.09254 14.0061
v 6.2755 1.0973 14.0064
v 6.27861 1.10678 14.004
v 6.28485 1.11349 14.0002
v 6.29997 1.12388 13.9914
v 6.39956 1.16078 13.9367
v 6.33261 1.13912 13.9732
v 6.2764 1.10275 14.0055
v 6.28698 1.08185 14.0019
v 5.06178 0.87633 11.5639
v 5.05315 0.853489 11.5704
v 6.30539 1.07116 13.9933
v 5.05436 0.866038 11.5687
v 5.05256 0.859911 11.5702
v 5.92262 1.00908 13.2539
v 6.30546 1.08101 13.9924
v 5.92388 1.01497 13.2532
v 6.30445 1.07613 13.9933
v 6.31083 1.08921 13.9889
v 5.08472 0.894038 11.5505
v 5.92959 1.02323 13.2509
v 6.39029 1.1331 13.9439
v 5.96446 1.04683 13.2382
v 6.33056 1.10451 13.9773
v 5.15435 0.928592 11.5115
v 6.06598 1.08857 13.2032
v 6.5431 1.18737 13.8602
v 5.3077 0.986981 11.4271
v 6.38717 1.15646 13.9608
v 6.29734 1.11895 14.0106
v 6.32105 1.13231 13.9971
v 6.28777 1.11065 14.0162
v 6.28414 1.10551 14.0186
v 6.28253 1.09851 14.02
v 6.28405 1.09352 14.0197
v 6.28704 1.08928 14.0185
v 6.29482 1.08246 14.0151
v 7.47279 1.30749 16.3199
v 7.4755 1.31161 16.3181
v 7.48264 1.31831 16.3138
v 7.53094 1.34155 16.2868
v 7.59526 1.35948 16.252
v 7.49908 1.32844 16.3044
v 7.48132 1.28862 16.3171
v 7.47503 1.2944 16.3198
v 7.47274 1.29781 16.3207
v 7.47157 1.30176 16.321
v 6.31529 1.08728 14.0041
v 6.31241 1.07238 14.0069
v 7.49863 1.27861 16.309
v 6.31185 1.08026 14.0065
v 6.31149 1.07628 14.007
v 6.98896 1.19005 15.3187
v 7.49771 1.28672 16.3088
v 6.98794 1.19653 15.3187
v 7.49726 1.28257 16.3094
v 6.35229 1.11396 13.9826
v 6.32629 1.09804 13.9974
v 6.9921 1.20475 15.316
v 7.50232 1.29387 16.3058
v 7.57913 1.33242 16.2627
v 7.00638 1.21664 15.3084
v 7.52109 1.30733 16.2949
v 6.4155 1.14147 13.9475
v 7.10348 1.25863 15.2601
v 7.7267 1.3799 16.1822
v 6.55004 1.1885 13.8738
v 0.500318 0.225628 -2.29578
v 0.439106 0.207087 -2.29694
v 0.409122 0.196332 -2.29762
v 0.380106 0.184709 -2.29837
v 0.280407 0.130376 -2.30196
v 0.244269 0.096454 -2.30427
v 0.231947 0.075564 -2.30572
v 0.227783 0.057115 -2.30702
v 0.228096 0.048608 -2.30762
v 0.242394 0.014177 -2.3101
v 1.80893 0.354763 -5.34768
v 1.87112 0.405406 -5.31099
v 1.95186 0.440191 -5.26613
v 1.82686 0.375461 -5.33655
v 1.80424 0.319862 -5.35324
v 1.81169 0.305881 -5.35065
v 1.80332 0.342058 -5.35172
v 1.80202 0.331058 -5.35338
v 0.268778 -0.015072 -2.31224
v 1.83469 0.282205 -5.34089
v 1.83565 0.308967 -5.33799
v 0.266582 0.007274 -2.31065
v 1.83239 0.295802 -5.34086
v 0.273818 0.028849 -2.30914
v 1.91611 0.378907 -5.29012
v 0.303038 0.065316 -2.30663
v 1.85252 0.332509 -5.32715
v 0.391211 0.128817 -2.30236
v 2.11651 0.476438 -5.17779
v 0.626497 0.249537 -2.29441
v 2.26119 0.398288 -6.23481
v 2.32228 0.397503 -6.3369
v 2.3136 0.408338 -6.3369
v 2.79059 0.490357 -7.25999
v 2.26279 0.430464 -6.22961
v 2.30613 0.46341 -6.22961
v 2.20241 0.393069 -6.12541
v 2.20605 0.386337 -6.12589
v 2.21674 0.374873 -6.12671
v 2.47519 0.530353 -6.11654
v 2.59585 0.549576 -6.1155
v 2.36342 0.500655 -6.11832
v 2.26118 0.460131 -6.12089
v 2.22352 0.436638 -6.12243
v 2.20813 0.421328 -6.12346
v 2.20279 0.412169 -6.12408
v 2.2007 0.400435 -6.1249
v 2.20065 0.40195 -6.12479
v 2.49427 0.523872 -6.3369
v 2.32614 0.44836 -6.3369
v 2.82705 0.545649 -7.26028
v 2.79261 0.516957 -7.26028
v 2.31464 0.434748 -6.3369
v 2.78781 0.506021 -7.26028
v 2.31026 0.421363 -6.3369
v 3.72895 0.650325 -9.07408
v 3.72521 0.661367 -9.07504
v 3.72793 0.673727 -9.07254
v 3.73419 0.682874 -9.0685
v 3.75062 0.697352 -9.05873
v 3.86918 0.748826 -8.99292
v 3.78997 0.719516 -9.03644
v 3.72516 0.6628 -9.07494
v 3.73619 0.641221 -9.07114
v 2.61177 0.551417 -6.11541
v 2.28849 0.413946 -6.12417
v 2.39171 0.465708 -6.12083
v 2.2554 0.3876 -6.12593
v 2.24513 0.363462 -6.12758
v 2.246 0.372227 -6.12697
v 2.24806 0.355189 -6.12816
v 2.47991 0.476293 -6.3369
v 2.35268 0.396237 -6.3369
v 3.75529 0.626391 -9.06258
v 2.35339 0.376896 -6.3369
v 2.35101 0.382568 -6.3369
v 2.35058 0.388659 -6.3369
v 3.75437 0.632621 -9.06251
v 3.7613 0.649437 -9.05744
v 2.35685 0.403203 -6.3369
v 3.75542 0.638725 -9.06143
v 2.36913 0.415971 -6.3369
v 3.85109 0.707014 -9.00596
v 2.40269 0.438775 -6.3369
v 3.78284 0.669107 -9.04458
v 2.72426 0.568592 -6.3369
v 2.66775 0.548356 -6.3369
v 4.02761 0.779492 -8.90834
v 3.39418 0.676815 -7.6604
v 4.62308 0.844268 -10.7401
v 4.58835 0.817694 -10.7401
v 3.77854 0.711269 -9.06143
v 3.85593 0.743519 -9.01859
v 3.75019 0.692477 -9.07774
v 3.73846 0.680098 -9.0849
v 3.73431 0.672598 -9.0877
v 3.7326 0.664069 -9.08934
v 3.73265 0.66264 -9.08944
v 3.74289 0.643268 -9.08586
v 3.7361 0.652093 -9.08859
v 4.61944 0.809523 -10.8035
v 4.62346 0.803342 -10.8035
v 5.02356 0.900209 -11.5628
v 5.03939 0.912357 -11.5536
v 5.14791 0.956184 -11.4936
v 5.07531 0.930768 -11.5334
v 5.02531 0.864386 -11.5651
v 5.0181 0.87198 -11.5681
v 5.01545 0.876557 -11.5691
v 5.01415 0.881694 -11.5693
v 5.01717 0.892411 -11.5668
v 5.01411 0.882733 -11.5692
v 5.01498 0.887807 -11.5683
v 3.76966 0.651895 -9.07127
v 3.7631 0.640755 -9.07564
v 3.76181 0.634279 -9.07687
v 3.76273 0.627699 -9.07699
v 5.044 0.851894 -11.5565
v 5.04458 0.862987 -11.5552
v 4.09843 0.694384 -9.72814
v 5.04333 0.857523 -11.5564
v 5.05056 0.872475 -11.5513
v 3.79032 0.670415 -9.05895
v 4.10442 0.706073 -9.72743
v 5.13865 0.924236 -11.5012
v 4.16903 0.747946 -9.71988
v 5.07404 0.891502 -11.5375
v 3.85359 0.705937 -9.02312
v 4.28902 0.79651 -9.70546
v 5.29868 0.985518 -11.4131
v 4.03494 0.780682 -8.9228
v 5.76033 1.00571 -13.0118
v 5.76346 1.001 -13.0118
v 5.03535 0.865218 -11.5824
v 5.02757 0.873123 -11.5857
v 5.02471 0.87789 -11.5868
v 5.0233 0.883258 -11.587
v 5.02858 0.897188 -11.5831
v 5.0387 0.906975 -11.577
v 5.06421 0.922785 -11.5624
v 5.13554 0.951131 -11.523
v 5.75614 1.02647 -12.9709
v 5.02487 0.891219 -11.5855
v 5.74009 1.01176 -12.9709
v 5.02326 0.884296 -11.587
v 6.27969 1.08844 -14.0088
v 6.27691 1.09254 -14.0099
v 6.2755 1.0973 -14.0102
v 6.27861 1.10678 -14.0078
v 6.28485 1.11349 -14.004
v 6.29997 1.12388 -13.9952
v 6.39956 1.16078 -13.9405
v 6.33261 1.13913 -13.977
v 6.2764 1.10275 -14.0093
v 6.28698 1.08185 -14.0057
v 5.06178 0.876331 -11.5678
v 5.05315 0.853489 -11.5742
v 6.30539 1.07116 -13.9971
v 5.05436 0.866038 -11.5725
v 5.05256 0.859911 -11.574
v 5.92262 1.00908 -13.2577
v 6.30546 1.08101 -13.9962
v 5.92388 1.01497 -13.257
v 6.30445 1.07613 -13.9971
v 6.31083 1.08921 -13.9927
v 5.08472 0.894038 -11.5543
v 5.92959 1.02323 -13.2547
v 6.39029 1.1331 -13.9477
v 5.96446 1.04683 -13.242
v 6.33056 1.10451 -13.9811
v 5.15435 0.928592 -11.5153
v 6.06598 1.08857 -13.207
v 6.5431 1.18737 -13.864
v 5.3077 0.986981 -11.4309
v 6.38717 1.15646 -13.9646
v 6.29734 1.11895 -14.0144
v 6.32105 1.13231 -14.0009
v 6.28777 1.11065 -14.02
v 6.28414 1.10551 -14.0224
v 6.28253 1.09851 -14.0238
v 6.28405 1.09352 -14.0235
v 6.28704 1.08928 -14.0223
v 6.29482 1.08246 -14.0189
v 7.47279 1.30749 -16.3236
v 7.4755 1.31161 -16.3219
v 7.48264 1.31831 -16.3176
v 7.53094 1.34155 -16.2906
v 7.59526 1.35948 -16.2558
v 7.49908 1.32844 -16.3082
v 7.48132 1.28862 -16.3209
v 7.47503 1.2944 -16.3236
v 7.47274 1.29781 -16.3245
v 7.47157 1.30176 -16.3248
v 6.31529 1.08728 -14.0079
v 6.31241 1.07238 -14.0107
v 7.49863 1.27861 -16.3128
v 6.31185 1.08026 -14.0103
v 6.31149 1.07628 -14.0108
v 6.98896 1.19005 -15.3225
v 7.49771 1.28672 -16.3126
v 6.98794 1.19653 -15.3225
v 7.49726 1.28257 -16.3132
v 6.35229 1.11396 -13.9864
v 6.32629 1.09804 -14.0012
v 6.9921 1.20475 -15.3198
v 7.50232 1.29387 -16.3096
v 7.57913 1.33242 -16.2665
v 7.00638 1.21664 -15.3122
v 7.52109 1.30733 -16.2987
v 6.4155 1.14147 -13.9513
v 7.10348 1.25863 -15.2639
v 7.7267 1.3799 -16.186
v 6.55004 1.1885 -13.8776
v 4.88096 0.242627 4.45312
v 4.88569 0.300499 4.44428
v 4.88389 0.545159 6.19339
v 4.88096 0.509357 6.19886
v 5.53165 0.325824 5.34528
v 5.53165 0.457452 6.20679
v 5.53165 0.190761 4.4613
v 5.68029 0.707827 8.56068
v 5.68358 0.743473 8.55668
v 5.08549 0.576179 6.90309
v 5.08846 0.608405 6.89946
v 6.29581 0.626973 8.34624
v 5.70101 0.495325 6.68864
v 6.86366 0.752658 9.92875
v 6.24815 0.833512 10.1432
v 6.25181 0.87334 10.1387
v 6.30254 0.628464 8.36501
v 5.68703 0.709319 8.57946
v 5.69032 0.745008 8.57544
v 6.25856 0.874889 10.1575
v 6.77535 0.994228 11.5958
v 6.77121 0.949282 11.6009
v 6.25488 0.835003 10.162
v 7.38561 0.868573 11.3868
v 6.87038 0.754151 9.94753
v 7.29889 1.11518 13.0529
v 6.78209 0.995794 11.6146
v 7.29427 1.06505 13.0585
v 7.90978 0.984197 12.8441
v 6.77794 0.950772 11.6196
v 7.59419 0.914346 11.9646
v 7.39237 0.870062 11.4056
v 5.53165 0.190761 -4.4613
v 5.53165 0.457452 -6.20679
v 5.53165 0.325824 -5.34528
v 4.88096 0.509357 -6.19886
v 4.88389 0.545159 -6.19339
v 4.88569 0.300499 -4.44428
v 4.88096 0.242627 -4.45312
v 4.88096 0.242627 -4.45692
v 4.88569 0.3005 -4.44808
v 4.88389 0.545159 -6.19719
v 4.88096 0.509357 -6.20266
v 5.53165 0.325824 -5.34908
v 5.53165 0.457452 -6.21059
v 5.53165 0.190723 -4.46485
v 5.68029 0.707828 -8.56449
v 5.68358 0.743474 -8.56048
v 5.08549 0.57618 -6.90688
v 5.08846 0.608406 -6.90326
v 6.29581 0.626973 -8.35004
v 5.70101 0.495325 -6.69244
v 6.24815 0.833512 -10.147
v 6.25181 0.87334 -10.1425
v 5.68703 0.709319 -8.58326
v 5.69032 0.745008 -8.57924
v 6.86366 0.752658 -9.93255
v 6.30254 0.628464 -8.36881
v 6.25856 0.874889 -10.1613
v 6.77535 0.994228 -11.5996
v 6.77121 0.949282 -11.6047
v 6.25488 0.835003 -10.1658
v 7.38561 0.868573 -11.3906
v 6.87038 0.754151 -9.95133
v 7.29889 1.11518 -13.0567
v 6.78209 0.995794 -11.6184
v 7.29427 1.06505 -13.0623
v 7.90978 0.984197 -12.8479
v 6.77794 0.950772 -11.6234
v 7.59419 0.914346 -11.9684
v 7.39237 0.870062 -11.4094
v 7.98502 1.40596 16.6645
v 7.8737 1.39607 16.3251
v 8.50718 1.44103 16.8697
v 8.50718 1.38084 16.3251
v 7.54467 1.34293 16.3251
v 7.49379 1.32241 16.3251
v 7.94833 1.37676 16.7839
v 8.50718 1.4379 16.9009
v 7.47465 1.30672 16.3251
v 7.93858 1.35692 16.8024
v 7.47793 1.31144 16.3251
v 7.4737 1.30212 16.3251
v 7.65554 1.32547 16.5826
v 7.9019 1.345 16.7837
v 8.50718 1.36637 16.9531
v 8.50718 1.39701 16.9466
v 8.19418 1.35895 16.9099
v 8.50718 1.42233 16.9281
v 7.4752 1.29764 16.3251
v 7.47911 1.29327 16.3251
v 7.90914 1.32259 16.7734
v 7.49371 1.28489 16.3251
v 7.50605 1.28039 16.3251
v 7.98841 1.26341 16.6646
v 8.50718 1.27646 16.8694
v 8.50718 1.28961 16.9102
v 8.50718 1.3201 16.9403
v 7.90291 1.33728 16.7822
v 7.55587 1.26772 16.3251
v 7.66025 1.25216 16.3251
v 8.12187 1.2206 16.3251
v 8.50718 1.23719 16.3251
v 8.24699 1.22181 16.3251
v 9.00387 1.29655 16.3251
v 9.00387 1.38736 16.9143
v 8.76155 1.41156 16.9151
v 9.00387 1.38646 16.9287
v 8.76155 1.38224 16.9483
v 8.93124 1.38589 16.9394
v 9.00387 1.36816 16.95
v 9.00387 1.35411 16.9531
v 9.00387 1.37965 16.9414
v 8.75553 1.32949 16.9455
v 9.00387 1.33871 16.9502
v 8.75553 1.30494 16.9232
v 9.00387 1.31622 16.9291
v 9.00387 1.32546 16.9418
v 9.00387 1.27299 16.3251
v 9.31727 1.33091 16.9531
v 9.30031 1.32579 16.8974
v 9.126 1.27312 16.3251
v 7.65238 1.36966 16.3251
v 8.30601 1.22532 16.3251
v 8.30601 1.39514 16.3251
v 7.98502 1.40596 -16.6683
v 7.8737 1.39607 -16.3289
v 8.50718 1.44103 -16.8735
v 8.50718 1.38084 -16.3289
v 7.54467 1.34293 -16.3289
v 7.49379 1.32241 -16.3289
v 7.94833 1.37676 -16.7877
v 8.50718 1.4379 -16.9047
v 7.47465 1.30672 -16.3289
v 7.93858 1.35692 -16.8062
v 7.47793 1.31144 -16.3289
v 7.4737 1.30212 -16.3289
v 7.65554 1.32547 -16.5864
v 7.9019 1.345 -16.7875
v 8.50718 1.36637 -16.9569
v 8.50718 1.39701 -16.9504
v 8.19418 1.35895 -16.9137
v 8.50718 1.42233 -16.9319
v 7.4752 1.29764 -16.3289
v 7.47911 1.29327 -16.3289
v 7.90914 1.32259 -16.7772
v 7.49371 1.28489 -16.3289
v 7.50605 1.28039 -16.3289
v 7.98841 1.26341 -16.6684
v 8.50718 1.27646 -16.8732
v 8.50718 1.28961 -16.914
v 8.50718 1.3201 -16.9441
v 7.90291 1.33728 -16.786
v 7.55587 1.26772 -16.3289
v 7.66025 1.25216 -16.3289
v 8.12187 1.2206 -16.3289
v 8.50718 1.23719 -16.3289
v 8.24699 1.22181 -16.3289
v 9.00387 1.29655 -16.3289
v 9.00387 1.38736 -16.9181
v 8.76155 1.41156 -16.9189
v 9.00387 1.38646 -16.9325
v 8.76155 1.38224 -16.9521
v 8.93124 1.38589 -16.9432
v 9.00387 1.36816 -16.9538
v 9.00387 1.35411 -16.9569
v 9.00387 1.37965 -16.9452
v 8.75553 1.32949 -16.9493
v 9.00387 1.33871 -16.954
v 8.75553 1.30494 -16.927
v 9.00387 1.31622 -16.9329
v 9.00387 1.32546 -16.9456
v 9.00387 1.27299 -16.3289
v 9.31727 1.33091 -16.9569
v 9.30031 1.32579 -16.9012
v 9.126 1.27312 -16.3289
v 7.65238 1.36966 -16.3289
v 8.30601 1.22532 -16.3289
v 8.30601 1.39514 -16.3289
vt 0.167775 0.322327
vt 0.168722 0.35306
vt 0.168215 0.35306
vt 0.16443 0.322125
vt 0.16439 0.323296
vt 0.164548 0.335271
vt 0.16439 0.323296
vt 0.164327 0.324278
vt 0.164548 0.335271
vt 0.164327 0.324278
vt 0.164247 0.324996
vt 0.164548 0.335271
vt 0.164247 0.324996
vt 0.164154 0.325398
vt 0.164548 0.335271
vt 0.164154 0.325398
vt 0.164067 0.325453
vt 0.164745 0.344183
vt 0.164067 0.325453
vt 0.164045 0.325129
vt 0.164745 0.344183
vt 0.164045 0.325129
vt 0.16425 0.324394
vt 0.164745 0.344183
vt 0.16425 0.324394
vt 0.164755 0.323394
vt 0.165814 0.349662
vt 0.164755 0.323394
vt 0.165133 0.323011
vt 0.165814 0.349662
vt 0.165133 0.323011
vt 0.165633 0.322735
vt 0.165814 0.349662
vt 0.168215 0.35306
vt 0.167419 0.352584
vt 0.167775 0.322327
vt 0.167419 0.352584
vt 0.165633 0.322735
vt 0.167775 0.322327
vt 0.167419 0.352584
vt 0.166798 0.351799
vt 0.165633 0.322735
vt 0.165633 0.322735
vt 0.166798 0.351799
vt 0.165814 0.349662
vt 0.16425 0.324394
vt 0.165814 0.349662
vt 0.164745 0.344183
vt 0.164154 0.325398
vt 0.164745 0.344183
vt 0.164548 0.335271
vt 0.164548 0.335271
vt 0.164526 0.320856
vt 0.16443 0.322125
vt 0.164526 0.320856
vt 0.164444 0.320856
vt 0.16443 0.322125
vt 0.172348 0.325419
vt 0.17265 0.333622
vt 0.172248 0.325438
vt 0.171433 0.348994
vt 0.170178 0.322215
vt 0.170598 0.322373
vt 0.17265 0.333622
vt 0.172518 0.34345
vt 0.172248 0.325438
vt 0.171433 0.348994
vt 0.170377 0.351435
vt 0.170178 0.322215
vt 0.170377 0.351435
vt 0.16966 0.352444
vt 0.167775 0.322327
vt 0.16966 0.352444
vt 0.169224 0.35283
vt 0.167775 0.322327
vt 0.169224 0.35283
vt 0.168722 0.35306
vt 0.167775 0.322327
vt 0.170377 0.351435
vt 0.167775 0.322327
vt 0.170178 0.322215
vt 0.170598 0.322373
vt 0.17096 0.32262
vt 0.171433 0.348994
vt 0.17096 0.32262
vt 0.171569 0.323372
vt 0.171433 0.348994
vt 0.171569 0.323372
vt 0.172518 0.34345
vt 0.171433 0.348994
vt 0.171569 0.323372
vt 0.171968 0.324394
vt 0.172518 0.34345
vt 0.171968 0.324394
vt 0.172128 0.325096
vt 0.172518 0.34345
vt 0.172518 0.34345
vt 0.172128 0.325096
vt 0.172248 0.325438
vt 0.172348 0.325419
vt 0.172443 0.325039
vt 0.17265 0.333622
vt 0.172443 0.325039
vt 0.172527 0.324327
vt 0.17265 0.333622
vt 0.172527 0.324327
vt 0.172592 0.323339
vt 0.17265 0.333622
vt 0.172592 0.323339
vt 0.172633 0.32215
vt 0.17265 0.333622
vt 0.172633 0.32215
vt 0.172657 0.320856
vt 0.17265 0.333622
vt 0.172633 0.32215
vt 0.172647 0.320856
vt 0.172657 0.320856
vt 0.290672 0.411393
vt 0.289154 0.383267
vt 0.290333 0.38314
vt 0.289154 0.383267
vt 0.29015 0.375527
vt 0.290333 0.38314
vt 0.290672 0.411393
vt 0.289506 0.418241
vt 0.289154 0.383267
vt 0.29015 0.375527
vt 0.290294 0.37638
vt 0.290333 0.38314
vt 0.290294 0.37638
vt 0.290419 0.376822
vt 0.290333 0.38314
vt 0.290419 0.376822
vt 0.290941 0.398722
vt 0.290333 0.38314
vt 0.290419 0.376822
vt 0.290543 0.37682
vt 0.290941 0.398722
vt 0.290543 0.37682
vt 0.290662 0.376369
vt 0.290941 0.398722
vt 0.290662 0.376369
vt 0.290768 0.375496
vt 0.290941 0.398722
vt 0.290768 0.375496
vt 0.290851 0.374263
vt 0.290941 0.398722
vt 0.290851 0.374263
vt 0.290904 0.372761
vt 0.290941 0.398722
vt 0.290923 0.371107
vt 0.290951 0.371107
vt 0.290904 0.372761
vt 0.290904 0.372761
vt 0.290951 0.371107
vt 0.290941 0.398722
vt 0.290333 0.38314
vt 0.290941 0.398722
vt 0.290672 0.411393
vt 0.289506 0.418241
vt 0.288486 0.421308
vt 0.289154 0.383267
vt 0.288486 0.421308
vt 0.28555 0.373396
vt 0.289154 0.383267
vt 0.288486 0.421308
vt 0.287784 0.422693
vt 0.28555 0.373396
vt 0.287784 0.422693
vt 0.287328 0.423281
vt 0.28555 0.373396
vt 0.287328 0.423281
vt 0.286757 0.423676
vt 0.28555 0.373396
vt 0.28555 0.373396
vt 0.287946 0.37322
vt 0.289154 0.383267
vt 0.287946 0.37322
vt 0.288487 0.37333
vt 0.289154 0.383267
vt 0.288487 0.37333
vt 0.289343 0.373892
vt 0.289154 0.383267
vt 0.289154 0.383267
vt 0.289343 0.373892
vt 0.29015 0.375527
vt 0.28294 0.415603
vt 0.282219 0.406151
vt 0.281587 0.383003
vt 0.282968 0.373826
vt 0.28555 0.373396
vt 0.283961 0.383135
vt 0.286131 0.423676
vt 0.285711 0.423422
vt 0.283961 0.383135
vt 0.285711 0.423422
vt 0.28535 0.423039
vt 0.283961 0.383135
vt 0.28535 0.423039
vt 0.284778 0.422118
vt 0.283961 0.383135
vt 0.284778 0.422118
vt 0.28396 0.420062
vt 0.283961 0.383135
vt 0.28396 0.420062
vt 0.28294 0.415603
vt 0.283961 0.383135
vt 0.281587 0.383003
vt 0.281532 0.376846
vt 0.281441 0.37646
vt 0.282219 0.406151
vt 0.281532 0.376846
vt 0.281587 0.383003
vt 0.282219 0.406151
vt 0.282113 0.371107
vt 0.282003 0.372701
vt 0.282113 0.371107
vt 0.28202 0.371107
vt 0.282003 0.372701
vt 0.282003 0.372701
vt 0.281953 0.374169
vt 0.282219 0.406151
vt 0.281953 0.374169
vt 0.281874 0.375398
vt 0.282219 0.406151
vt 0.281874 0.375398
vt 0.281772 0.376294
vt 0.282219 0.406151
vt 0.281772 0.376294
vt 0.281655 0.376789
vt 0.282219 0.406151
vt 0.282219 0.406151
vt 0.281655 0.376789
vt 0.281532 0.376846
vt 0.281441 0.37646
vt 0.281575 0.375527
vt 0.281587 0.383003
vt 0.283961 0.383135
vt 0.282212 0.383119
vt 0.282968 0.373826
vt 0.28294 0.415603
vt 0.282212 0.383119
vt 0.283961 0.383135
vt 0.281587 0.383003
vt 0.282212 0.383119
vt 0.28294 0.415603
vt 0.281575 0.375527
vt 0.282212 0.383119
vt 0.281587 0.383003
vt 0.281575 0.375527
vt 0.282372 0.374205
vt 0.282212 0.383119
vt 0.282212 0.383119
vt 0.282372 0.374205
vt 0.282968 0.373826
vt 0.283961 0.383135
vt 0.286757 0.423676
vt 0.286131 0.423676
vt 0.28555 0.373396
vt 0.286757 0.423676
vt 0.283961 0.383135
vt 0.40215 0.405245
vt 0.40175 0.404405
vt 0.402045 0.402105
vt 0.40215 0.405245
vt 0.401994 0.416404
vt 0.40175 0.404405
vt 0.401891 0.426672
vt 0.400953 0.404462
vt 0.401351 0.40526
vt 0.401891 0.426672
vt 0.401851 0.433434
vt 0.400953 0.404462
vt 0.401351 0.40526
vt 0.401994 0.416404
vt 0.401891 0.426672
vt 0.401994 0.416404
vt 0.401351 0.40526
vt 0.40175 0.404405
vt 0.402045 0.402105
vt 0.402129 0.400588
vt 0.40215 0.405245
vt 0.402129 0.400588
vt 0.402268 0.398953
vt 0.40215 0.405245
vt 0.402129 0.400588
vt 0.402162 0.398953
vt 0.402268 0.398953
vt 0.393917 0.401728
vt 0.393692 0.403928
vt 0.393896 0.433432
vt 0.393692 0.403928
vt 0.393367 0.405121
vt 0.393896 0.433432
vt 0.393367 0.405121
vt 0.393008 0.40508
vt 0.393896 0.433432
vt 0.393896 0.433432
vt 0.394233 0.398953
vt 0.393917 0.401728
vt 0.394233 0.398953
vt 0.39399 0.398953
vt 0.393917 0.401728
vt 0.393405 0.421601
vt 0.394278 0.421608
vt 0.394613 0.442913
vt 0.393062 0.403061
vt 0.394278 0.421608
vt 0.393405 0.421601
vt 0.394613 0.442913
vt 0.393896 0.433432
vt 0.393405 0.421601
vt 0.393062 0.403061
vt 0.3935 0.402484
vt 0.394278 0.421608
vt 0.397912 0.450003
vt 0.397679 0.450003
vt 0.396436 0.401695
vt 0.397679 0.450003
vt 0.397331 0.449867
vt 0.396436 0.401695
vt 0.397331 0.449867
vt 0.397024 0.449611
vt 0.396436 0.401695
vt 0.396513 0.44891
vt 0.395682 0.44706
vt 0.394278 0.421608
vt 0.394278 0.421608
vt 0.395682 0.44706
vt 0.394613 0.442913
vt 0.393896 0.433432
vt 0.392824 0.404563
vt 0.393405 0.421601
vt 0.393896 0.433432
vt 0.393008 0.40508
vt 0.392824 0.404563
vt 0.392824 0.404563
vt 0.392819 0.403784
vt 0.393405 0.421601
vt 0.393405 0.421601
vt 0.392819 0.403784
vt 0.393062 0.403061
vt 0.3935 0.402484
vt 0.394091 0.402115
vt 0.394278 0.421608
vt 0.394091 0.402115
vt 0.394651 0.401992
vt 0.394278 0.421608
vt 0.394278 0.421608
vt 0.397024 0.449611
vt 0.396513 0.44891
vt 0.394651 0.401992
vt 0.397024 0.449611
vt 0.394278 0.421608
vt 0.397024 0.449611
vt 0.394651 0.401992
vt 0.396436 0.401695
vt 0.400528 0.420937
vt 0.401214 0.442023
vt 0.399274 0.42094
vt 0.399274 0.42094
vt 0.399314 0.401359
vt 0.400528 0.420937
vt 0.401214 0.442023
vt 0.400145 0.446439
vt 0.399274 0.42094
vt 0.399314 0.401359
vt 0.39993 0.401703
vt 0.400528 0.420937
vt 0.400145 0.446439
vt 0.3993 0.448516
vt 0.399274 0.42094
vt 0.3993 0.448516
vt 0.398718 0.449441
vt 0.399274 0.42094
vt 0.398718 0.449441
vt 0.398349 0.449805
vt 0.399274 0.42094
vt 0.398349 0.449805
vt 0.396436 0.401695
vt 0.399274 0.42094
vt 0.398349 0.449805
vt 0.397912 0.450003
vt 0.396436 0.401695
vt 0.396436 0.401695
vt 0.398572 0.401284
vt 0.399274 0.42094
vt 0.398572 0.401284
vt 0.398949 0.401281
vt 0.399274 0.42094
vt 0.399274 0.42094
vt 0.398949 0.401281
vt 0.399314 0.401359
vt 0.39993 0.401703
vt 0.400377 0.402212
vt 0.400528 0.420937
vt 0.400377 0.402212
vt 0.40067 0.402854
vt 0.400528 0.420937
vt 0.40067 0.402854
vt 0.400832 0.403784
vt 0.400528 0.420937
vt 0.400528 0.420937
vt 0.401851 0.433434
vt 0.401214 0.442023
vt 0.400832 0.403784
vt 0.401851 0.433434
vt 0.400528 0.420937
vt 0.400832 0.403784
vt 0.400953 0.404462
vt 0.401851 0.433434
vt 0.166688 0.35306
vt 0.167196 0.35306
vt 0.166248 0.322327
vt 0.163022 0.335271
vt 0.162864 0.323296
vt 0.162903 0.322125
vt 0.163022 0.335271
vt 0.162801 0.324278
vt 0.162864 0.323296
vt 0.163022 0.335271
vt 0.16272 0.324996
vt 0.162801 0.324278
vt 0.163022 0.335271
vt 0.162627 0.325398
vt 0.16272 0.324996
vt 0.163219 0.344183
vt 0.16254 0.325453
vt 0.162627 0.325398
vt 0.163219 0.344183
vt 0.162518 0.325129
vt 0.16254 0.325453
vt 0.163219 0.344183
vt 0.162724 0.324394
vt 0.162518 0.325129
vt 0.164287 0.349662
vt 0.163229 0.323394
vt 0.162724 0.324394
vt 0.164287 0.349662
vt 0.163607 0.323011
vt 0.163229 0.323394
vt 0.164287 0.349662
vt 0.164106 0.322735
vt 0.163607 0.323011
vt 0.166248 0.322327
vt 0.165893 0.352584
vt 0.166688 0.35306
vt 0.166248 0.322327
vt 0.164106 0.322735
vt 0.165893 0.352584
vt 0.164106 0.322735
vt 0.165271 0.351799
vt 0.165893 0.352584
vt 0.164287 0.349662
vt 0.165271 0.351799
vt 0.164106 0.322735
vt 0.163219 0.344183
vt 0.164287 0.349662
vt 0.162724 0.324394
vt 0.163022 0.335271
vt 0.163219 0.344183
vt 0.162627 0.325398
vt 0.162903 0.322125
vt 0.163 0.320856
vt 0.163022 0.335271
vt 0.162903 0.322125
vt 0.162917 0.320856
vt 0.163 0.320856
vt 0.170722 0.325438
vt 0.171123 0.333622
vt 0.170821 0.325419
vt 0.169071 0.322373
vt 0.168651 0.322215
vt 0.169906 0.348994
vt 0.170722 0.325438
vt 0.170992 0.34345
vt 0.171123 0.333622
vt 0.168651 0.322215
vt 0.16885 0.351435
vt 0.169906 0.348994
vt 0.166248 0.322327
vt 0.168134 0.352444
vt 0.16885 0.351435
vt 0.166248 0.322327
vt 0.167697 0.35283
vt 0.168134 0.352444
vt 0.166248 0.322327
vt 0.167196 0.35306
vt 0.167697 0.35283
vt 0.168651 0.322215
vt 0.166248 0.322327
vt 0.16885 0.351435
vt 0.169906 0.348994
vt 0.169433 0.32262
vt 0.169071 0.322373
vt 0.169906 0.348994
vt 0.170042 0.323372
vt 0.169433 0.32262
vt 0.169906 0.348994
vt 0.170992 0.34345
vt 0.170042 0.323372
vt 0.170992 0.34345
vt 0.170441 0.324394
vt 0.170042 0.323372
vt 0.170992 0.34345
vt 0.170602 0.325096
vt 0.170441 0.324394
vt 0.170722 0.325438
vt 0.170602 0.325096
vt 0.170992 0.34345
vt 0.171123 0.333622
vt 0.170917 0.325039
vt 0.170821 0.325419
vt 0.171123 0.333622
vt 0.171 0.324327
vt 0.170917 0.325039
vt 0.171123 0.333622
vt 0.171065 0.323339
vt 0.171 0.324327
vt 0.171123 0.333622
vt 0.171106 0.32215
vt 0.171065 0.323339
vt 0.171123 0.333622
vt 0.17113 0.320856
vt 0.171106 0.32215
vt 0.17113 0.320856
vt 0.17112 0.320856
vt 0.171106 0.32215
vt 0.288806 0.38314
vt 0.287628 0.383267
vt 0.289146 0.411393
vt 0.288806 0.38314
vt 0.288623 0.375527
vt 0.287628 0.383267
vt 0.287628 0.383267
vt 0.287979 0.418241
vt 0.289146 0.411393
vt 0.288806 0.38314
vt 0.288767 0.37638
vt 0.288623 0.375527
vt 0.288806 0.38314
vt 0.288893 0.376822
vt 0.288767 0.37638
vt 0.288806 0.38314
vt 0.289414 0.398722
vt 0.288893 0.376822
vt 0.289414 0.398722
vt 0.289016 0.37682
vt 0.288893 0.376822
vt 0.289414 0.398722
vt 0.289135 0.376369
vt 0.289016 0.37682
vt 0.289414 0.398722
vt 0.289241 0.375496
vt 0.289135 0.376369
vt 0.289414 0.398722
vt 0.289324 0.374263
vt 0.289241 0.375496
vt 0.289414 0.398722
vt 0.289378 0.372761
vt 0.289324 0.374263
vt 0.289378 0.372761
vt 0.289424 0.371107
vt 0.289396 0.371107
vt 0.289414 0.398722
vt 0.289424 0.371107
vt 0.289378 0.372761
vt 0.289146 0.411393
vt 0.289414 0.398722
vt 0.288806 0.38314
vt 0.287628 0.383267
vt 0.286959 0.421308
vt 0.287979 0.418241
vt 0.287628 0.383267
vt 0.284023 0.373396
vt 0.286959 0.421308
vt 0.284023 0.373396
vt 0.286257 0.422693
vt 0.286959 0.421308
vt 0.284023 0.373396
vt 0.285801 0.423281
vt 0.286257 0.422693
vt 0.284023 0.373396
vt 0.285231 0.423677
vt 0.285801 0.423281
vt 0.287628 0.383267
vt 0.286419 0.37322
vt 0.284023 0.373396
vt 0.287628 0.383267
vt 0.28696 0.37333
vt 0.286419 0.37322
vt 0.287628 0.383267
vt 0.287817 0.373892
vt 0.28696 0.37333
vt 0.288623 0.375527
vt 0.287817 0.373892
vt 0.287628 0.383267
vt 0.28006 0.383003
vt 0.280693 0.406151
vt 0.281413 0.415603
vt 0.282435 0.383135
vt 0.284023 0.373396
vt 0.281442 0.373826
vt 0.282435 0.383135
vt 0.284184 0.423422
vt 0.284604 0.423677
vt 0.282435 0.383135
vt 0.283823 0.423039
vt 0.284184 0.423422
vt 0.282435 0.383135
vt 0.283251 0.422118
vt 0.283823 0.423039
vt 0.282435 0.383135
vt 0.282433 0.420062
vt 0.283251 0.422118
vt 0.282435 0.383135
vt 0.281413 0.415603
vt 0.282433 0.420062
vt 0.279914 0.37646
vt 0.280006 0.376846
vt 0.28006 0.383003
vt 0.28006 0.383003
vt 0.280006 0.376846
vt 0.280693 0.406151
vt 0.280477 0.372701
vt 0.280586 0.371107
vt 0.280693 0.406151
vt 0.280477 0.372701
vt 0.280494 0.371107
vt 0.280586 0.371107
vt 0.280693 0.406151
vt 0.280426 0.374169
vt 0.280477 0.372701
vt 0.280693 0.406151
vt 0.280347 0.375398
vt 0.280426 0.374169
vt 0.280693 0.406151
vt 0.280245 0.376294
vt 0.280347 0.375398
vt 0.280693 0.406151
vt 0.280128 0.376789
vt 0.280245 0.376294
vt 0.280006 0.376846
vt 0.280128 0.376789
vt 0.280693 0.406151
vt 0.28006 0.383003
vt 0.280048 0.375527
vt 0.279914 0.37646
vt 0.281442 0.373826
vt 0.280686 0.383119
vt 0.282435 0.383135
vt 0.282435 0.383135
vt 0.280686 0.383119
vt 0.281413 0.415603
vt 0.281413 0.415603
vt 0.280686 0.383119
vt 0.28006 0.383003
vt 0.28006 0.383003
vt 0.280686 0.383119
vt 0.280048 0.375527
vt 0.280686 0.383119
vt 0.280846 0.374205
vt 0.280048 0.375527
vt 0.281442 0.373826
vt 0.280846 0.374205
vt 0.280686 0.383119
vt 0.284604 0.423677
vt 0.285231 0.423677
vt 0.282435 0.383135
vt 0.282435 0.383135
vt 0.285231 0.423677
vt 0.284023 0.373396
vt 0.400519 0.402105
vt 0.400223 0.404405
vt 0.400623 0.405245
vt 0.400223 0.404405
vt 0.400467 0.416404
vt 0.400623 0.405245
vt 0.399825 0.40526
vt 0.399426 0.404462
vt 0.400365 0.426672
vt 0.399426 0.404462
vt 0.400325 0.433434
vt 0.400365 0.426672
vt 0.400365 0.426672
vt 0.400467 0.416404
vt 0.399825 0.40526
vt 0.400223 0.404405
vt 0.399825 0.40526
vt 0.400467 0.416404
vt 0.400623 0.405245
vt 0.400603 0.400588
vt 0.400519 0.402105
vt 0.400623 0.405245
vt 0.400741 0.398953
vt 0.400603 0.400588
vt 0.400741 0.398953
vt 0.400636 0.398953
vt 0.400603 0.400588
vt 0.392369 0.433432
vt 0.392166 0.403928
vt 0.39239 0.401728
vt 0.392369 0.433432
vt 0.39184 0.405121
vt 0.392166 0.403928
vt 0.392369 0.433432
vt 0.391481 0.40508
vt 0.39184 0.405121
vt 0.39239 0.401728
vt 0.392707 0.398953
vt 0.392369 0.433432
vt 0.39239 0.401728
vt 0.392464 0.398953
vt 0.392707 0.398953
vt 0.393086 0.442913
vt 0.392752 0.421608
vt 0.391878 0.421601
vt 0.391878 0.421601
vt 0.392752 0.421608
vt 0.391535 0.403061
vt 0.391878 0.421601
vt 0.392369 0.433432
vt 0.393086 0.442913
vt 0.392752 0.421608
vt 0.391973 0.402484
vt 0.391535 0.403061
vt 0.39491 0.401695
vt 0.396152 0.450003
vt 0.396385 0.450003
vt 0.39491 0.401695
vt 0.395805 0.449867
vt 0.396152 0.450003
vt 0.39491 0.401695
vt 0.395497 0.449611
vt 0.395805 0.449867
vt 0.392752 0.421608
vt 0.394155 0.44706
vt 0.394986 0.44891
vt 0.393086 0.442913
vt 0.394155 0.44706
vt 0.392752 0.421608
vt 0.391878 0.421601
vt 0.391297 0.404563
vt 0.392369 0.433432
vt 0.391297 0.404563
vt 0.391481 0.40508
vt 0.392369 0.433432
vt 0.391878 0.421601
vt 0.391292 0.403784
vt 0.391297 0.404563
vt 0.391535 0.403061
vt 0.391292 0.403784
vt 0.391878 0.421601
vt 0.392752 0.421608
vt 0.392564 0.402115
vt 0.391973 0.402484
vt 0.392752 0.421608
vt 0.393124 0.401992
vt 0.392564 0.402115
vt 0.394986 0.44891
vt 0.395497 0.449611
vt 0.392752 0.421608
vt 0.392752 0.421608
vt 0.395497 0.449611
vt 0.393124 0.401992
vt 0.39491 0.401695
vt 0.393124 0.401992
vt 0.395497 0.449611
vt 0.397748 0.42094
vt 0.399688 0.442023
vt 0.399001 0.420937
vt 0.399001 0.420937
vt 0.397788 0.401359
vt 0.397748 0.42094
vt 0.397748 0.42094
vt 0.398619 0.446439
vt 0.399688 0.442023
vt 0.399001 0.420937
vt 0.398404 0.401703
vt 0.397788 0.401359
vt 0.397748 0.42094
vt 0.397773 0.448516
vt 0.398619 0.446439
vt 0.397748 0.42094
vt 0.397192 0.449441
vt 0.397773 0.448516
vt 0.397748 0.42094
vt 0.396823 0.449805
vt 0.397192 0.449441
vt 0.397748 0.42094
vt 0.39491 0.401695
vt 0.396823 0.449805
vt 0.39491 0.401695
vt 0.396385 0.450003
vt 0.396823 0.449805
vt 0.397748 0.42094
vt 0.397045 0.401284
vt 0.39491 0.401695
vt 0.397748 0.42094
vt 0.397422 0.401281
vt 0.397045 0.401284
vt 0.397788 0.401359
vt 0.397422 0.401281
vt 0.397748 0.42094
vt 0.399001 0.420937
vt 0.398851 0.402212
vt 0.398404 0.401703
vt 0.399001 0.420937
vt 0.399144 0.402854
vt 0.398851 0.402212
vt 0.399001 0.420937
vt 0.399305 0.403784
vt 0.399144 0.402854
vt 0.399688 0.442023
vt 0.400325 0.433434
vt 0.399001 0.420937
vt 0.399001 0.420937
vt 0.400325 0.433434
vt 0.399305 0.403784
vt 0.400325 0.433434
vt 0.399426 0.404462
vt 0.399305 0.403784
vt 0.168722 0.35306
vt 0.167775 0.322327
vt 0.168215 0.35306
vt 0.16439 0.323296
vt 0.16443 0.322125
vt 0.164548 0.335271
vt 0.164327 0.324278
vt 0.16439 0.323296
vt 0.164548 0.335271
vt 0.164247 0.324996
vt 0.164327 0.324278
vt 0.164548 0.335271
vt 0.164154 0.325398
vt 0.164247 0.324996
vt 0.164548 0.335271
vt 0.164067 0.325453
vt 0.164154 0.325398
vt 0.164745 0.344183
vt 0.164045 0.325129
vt 0.164067 0.325453
vt 0.164745 0.344183
vt 0.16425 0.324394
vt 0.164045 0.325129
vt 0.164745 0.344183
vt 0.164755 0.323394
vt 0.16425 0.324394
vt 0.165814 0.349662
vt 0.165133 0.323011
vt 0.164755 0.323394
vt 0.165814 0.349662
vt 0.165633 0.322735
vt 0.165133 0.323011
vt 0.165814 0.349662
vt 0.167419 0.352584
vt 0.168215 0.35306
vt 0.167775 0.322327
vt 0.165633 0.322735
vt 0.167419 0.352584
vt 0.167775 0.322327
vt 0.166798 0.351799
vt 0.167419 0.352584
vt 0.165633 0.322735
vt 0.166798 0.351799
vt 0.165633 0.322735
vt 0.165814 0.349662
vt 0.165814 0.349662
vt 0.16425 0.324394
vt 0.164745 0.344183
vt 0.164745 0.344183
vt 0.164154 0.325398
vt 0.164548 0.335271
vt 0.164526 0.320856
vt 0.164548 0.335271
vt 0.16443 0.322125
vt 0.164444 0.320856
vt 0.164526 0.320856
vt 0.16443 0.322125
vt 0.17265 0.333622
vt 0.172348 0.325419
vt 0.172248 0.325438
vt 0.170178 0.322215
vt 0.171433 0.348994
vt 0.170598 0.322373
vt 0.172518 0.34345
vt 0.17265 0.333622
vt 0.172248 0.325438
vt 0.170377 0.351435
vt 0.171433 0.348994
vt 0.170178 0.322215
vt 0.16966 0.352444
vt 0.170377 0.351435
vt 0.167775 0.322327
vt 0.169224 0.35283
vt 0.16966 0.352444
vt 0.167775 0.322327
vt 0.168722 0.35306
vt 0.169224 0.35283
vt 0.167775 0.322327
vt 0.167775 0.322327
vt 0.170377 0.351435
vt 0.170178 0.322215
vt 0.17096 0.32262
vt 0.170598 0.322373
vt 0.171433 0.348994
vt 0.171569 0.323372
vt 0.17096 0.32262
vt 0.171433 0.348994
vt 0.172518 0.34345
vt 0.171569 0.323372
vt 0.171433 0.348994
vt 0.171968 0.324394
vt 0.171569 0.323372
vt 0.172518 0.34345
vt 0.172128 0.325096
vt 0.171968 0.324394
vt 0.172518 0.34345
vt 0.172128 0.325096
vt 0.172518 0.34345
vt 0.172248 0.325438
vt 0.172443 0.325039
vt 0.172348 0.325419
vt 0.17265 0.333622
vt 0.172527 0.324327
vt 0.172443 0.325039
vt 0.17265 0.333622
vt 0.172592 0.323339
vt 0.172527 0.324327
vt 0.17265 0.333622
vt 0.172633 0.32215
vt 0.172592 0.323339
vt 0.17265 0.333622
vt 0.172657 0.320856
vt 0.172633 0.32215
vt 0.17265 0.333622
vt 0.172647 0.320856
vt 0.172633 0.32215
vt 0.172657 0.320856
vt 0.289154 0.383267
vt 0.290672 0.411393
vt 0.290333 0.38314
vt 0.29015 0.375527
vt 0.289154 0.383267
vt 0.290333 0.38314
vt 0.289506 0.418241
vt 0.290672 0.411393
vt 0.289154 0.383267
vt 0.290294 0.37638
vt 0.29015 0.375527
vt 0.290333 0.38314
vt 0.290419 0.376822
vt 0.290294 0.37638
vt 0.290333 0.38314
vt 0.290941 0.398722
vt 0.290419 0.376822
vt 0.290333 0.38314
vt 0.290543 0.37682
vt 0.290419 0.376822
vt 0.290941 0.398722
vt 0.290662 0.376369
vt 0.290543 0.37682
vt 0.290941 0.398722
vt 0.290768 0.375496
vt 0.290662 0.376369
vt 0.290941 0.398722
vt 0.290851 0.374263
vt 0.290768 0.375496
vt 0.290941 0.398722
vt 0.290904 0.372761
vt 0.290851 0.374263
vt 0.290941 0.398722
vt 0.290951 0.371107
vt 0.290923 0.371107
vt 0.290904 0.372761
vt 0.290951 0.371107
vt 0.290904 0.372761
vt 0.290941 0.398722
vt 0.290941 0.398722
vt 0.290333 0.38314
vt 0.290672 0.411393
vt 0.288486 0.421308
vt 0.289506 0.418241
vt 0.289154 0.383267
vt 0.28555 0.373396
vt 0.288486 0.421308
vt 0.289154 0.383267
vt 0.287784 0.422693
vt 0.288486 0.421308
vt 0.28555 0.373396
vt 0.287328 0.423281
vt 0.287784 0.422693
vt 0.28555 0.373396
vt 0.286757 0.423676
vt 0.287328 0.423281
vt 0.28555 0.373396
vt 0.287946 0.37322
vt 0.28555 0.373396
vt 0.289154 0.383267
vt 0.288487 0.37333
vt 0.287946 0.37322
vt 0.289154 0.383267
vt 0.289343 0.373892
vt 0.288487 0.37333
vt 0.289154 0.383267
vt 0.289343 0.373892
vt 0.289154 0.383267
vt 0.29015 0.375527
vt 0.282219 0.406151
vt 0.28294 0.415603
vt 0.281587 0.383003
vt 0.28555 0.373396
vt 0.282968 0.373826
vt 0.283961 0.383135
vt 0.285711 0.423422
vt 0.286131 0.423676
vt 0.283961 0.383135
vt 0.28535 0.423039
vt 0.285711 0.423422
vt 0.283961 0.383135
vt 0.284778 0.422118
vt 0.28535 0.423039
vt 0.283961 0.383135
vt 0.28396 0.420062
vt 0.284778 0.422118
vt 0.283961 0.383135
vt 0.28294 0.415603
vt 0.28396 0.420062
vt 0.283961 0.383135
vt 0.281532 0.376846
vt 0.281587 0.383003
vt 0.281441 0.37646
vt 0.281532 0.376846
vt 0.282219 0.406151
vt 0.281587 0.383003
vt 0.282113 0.371107
vt 0.282219 0.406151
vt 0.282003 0.372701
vt 0.28202 0.371107
vt 0.282113 0.371107
vt 0.282003 0.372701
vt 0.281953 0.374169
vt 0.282003 0.372701
vt 0.282219 0.406151
vt 0.281874 0.375398
vt 0.281953 0.374169
vt 0.282219 0.406151
vt 0.281772 0.376294
vt 0.281874 0.375398
vt 0.282219 0.406151
vt 0.281655 0.376789
vt 0.281772 0.376294
vt 0.282219 0.406151
vt 0.281655 0.376789
vt 0.282219 0.406151
vt 0.281532 0.376846
vt 0.281575 0.375527
vt 0.281441 0.37646
vt 0.281587 0.383003
vt 0.282212 0.383119
vt 0.283961 0.383135
vt 0.282968 0.373826
vt 0.282212 0.383119
vt 0.28294 0.415603
vt 0.283961 0.383135
vt 0.282212 0.383119
vt 0.281587 0.383003
vt 0.28294 0.415603
vt 0.282212 0.383119
vt 0.281575 0.375527
vt 0.281587 0.383003
vt 0.282372 0.374205
vt 0.281575 0.375527
vt 0.282212 0.383119
vt 0.282372 0.374205
vt 0.282212 0.383119
vt 0.282968 0.373826
vt 0.286757 0.423676
vt 0.283961 0.383135
vt 0.286131 0.423676
vt 0.286757 0.423676
vt 0.28555 0.373396
vt 0.283961 0.383135
vt 0.40175 0.404405
vt 0.40215 0.405245
vt 0.402045 0.402105
vt 0.401994 0.416404
vt 0.40215 0.405245
vt 0.40175 0.404405
vt 0.400953 0.404462
vt 0.401891 0.426672
vt 0.401351 0.40526
vt 0.401851 0.433434
vt 0.401891 0.426672
vt 0.400953 0.404462
vt 0.401994 0.416404
vt 0.401351 0.40526
vt 0.401891 0.426672
vt 0.401351 0.40526
vt 0.401994 0.416404
vt 0.40175 0.404405
vt 0.402129 0.400588
vt 0.402045 0.402105
vt 0.40215 0.405245
vt 0.402268 0.398953
vt 0.402129 0.400588
vt 0.40215 0.405245
vt 0.402162 0.398953
vt 0.402129 0.400588
vt 0.402268 0.398953
vt 0.393692 0.403928
vt 0.393917 0.401728
vt 0.393896 0.433432
vt 0.393367 0.405121
vt 0.393692 0.403928
vt 0.393896 0.433432
vt 0.393008 0.40508
vt 0.393367 0.405121
vt 0.393896 0.433432
vt 0.394233 0.398953
vt 0.393896 0.433432
vt 0.393917 0.401728
vt 0.39399 0.398953
vt 0.394233 0.398953
vt 0.393917 0.401728
vt 0.394278 0.421608
vt 0.393405 0.421601
vt 0.394613 0.442913
vt 0.394278 0.421608
vt 0.393062 0.403061
vt 0.393405 0.421601
vt 0.393896 0.433432
vt 0.394613 0.442913
vt 0.393405 0.421601
vt 0.3935 0.402484
vt 0.393062 0.403061
vt 0.394278 0.421608
vt 0.397679 0.450003
vt 0.397912 0.450003
vt 0.396436 0.401695
vt 0.397331 0.449867
vt 0.397679 0.450003
vt 0.396436 0.401695
vt 0.397024 0.449611
vt 0.397331 0.449867
vt 0.396436 0.401695
vt 0.395682 0.44706
vt 0.396513 0.44891
vt 0.394278 0.421608
vt 0.395682 0.44706
vt 0.394278 0.421608
vt 0.394613 0.442913
vt 0.392824 0.404563
vt 0.393896 0.433432
vt 0.393405 0.421601
vt 0.393008 0.40508
vt 0.393896 0.433432
vt 0.392824 0.404563
vt 0.392819 0.403784
vt 0.392824 0.404563
vt 0.393405 0.421601
vt 0.392819 0.403784
vt 0.393405 0.421601
vt 0.393062 0.403061
vt 0.394091 0.402115
vt 0.3935 0.402484
vt 0.394278 0.421608
vt 0.394651 0.401992
vt 0.394091 0.402115
vt 0.394278 0.421608
vt 0.397024 0.449611
vt 0.394278 0.421608
vt 0.396513 0.44891
vt 0.397024 0.449611
vt 0.394651 0.401992
vt 0.394278 0.421608
vt 0.394651 0.401992
vt 0.397024 0.449611
vt 0.396436 0.401695
vt 0.401214 0.442023
vt 0.400528 0.420937
vt 0.399274 0.42094
vt 0.399314 0.401359
vt 0.399274 0.42094
vt 0.400528 0.420937
vt 0.400145 0.446439
vt 0.401214 0.442023
vt 0.399274 0.42094
vt 0.39993 0.401703
vt 0.399314 0.401359
vt 0.400528 0.420937
vt 0.3993 0.448516
vt 0.400145 0.446439
vt 0.399274 0.42094
vt 0.398718 0.449441
vt 0.3993 0.448516
vt 0.399274 0.42094
vt 0.398349 0.449805
vt 0.398718 0.449441
vt 0.399274 0.42094
vt 0.396436 0.401695
vt 0.398349 0.449805
vt 0.399274 0.42094
vt 0.397912 0.450003
vt 0.398349 0.449805
vt 0.396436 0.401695
vt 0.398572 0.401284
vt 0.396436 0.401695
vt 0.399274 0.42094
vt 0.398949 0.401281
vt 0.398572 0.401284
vt 0.399274 0.42094
vt 0.398949 0.401281
vt 0.399274 0.42094
vt 0.399314 0.401359
vt 0.400377 0.402212
vt 0.39993 0.401703
vt 0.400528 0.420937
vt 0.40067 0.402854
vt 0.400377 0.402212
vt 0.400528 0.420937
vt 0.400832 0.403784
vt 0.40067 0.402854
vt 0.400528 0.420937
vt 0.401851 0.433434
vt 0.400528 0.420937
vt 0.401214 0.442023
vt 0.401851 0.433434
vt 0.400832 0.403784
vt 0.400528 0.420937
vt 0.400953 0.404462
vt 0.400832 0.403784
vt 0.401851 0.433434
vt 0.167196 0.35306
vt 0.166688 0.35306
vt 0.166248 0.322327
vt 0.162864 0.323296
vt 0.163022 0.335271
vt 0.162903 0.322125
vt 0.162801 0.324278
vt 0.163022 0.335271
vt 0.162864 0.323296
vt 0.16272 0.324996
vt 0.163022 0.335271
vt 0.162801 0.324278
vt 0.162627 0.325398
vt 0.163022 0.335271
vt 0.16272 0.324996
vt 0.16254 0.325453
vt 0.163219 0.344183
vt 0.162627 0.325398
vt 0.162518 0.325129
vt 0.163219 0.344183
vt 0.16254 0.325453
vt 0.162724 0.324394
vt 0.163219 0.344183
vt 0.162518 0.325129
vt 0.163229 0.323394
vt 0.164287 0.349662
vt 0.162724 0.324394
vt 0.163607 0.323011
vt 0.164287 0.349662
vt 0.163229 0.323394
vt 0.164106 0.322735
vt 0.164287 0.349662
vt 0.163607 0.323011
vt 0.165893 0.352584
vt 0.166248 0.322327
vt 0.166688 0.35306
vt 0.164106 0.322735
vt 0.166248 0.322327
vt 0.165893 0.352584
vt 0.165271 0.351799
vt 0.164106 0.322735
vt 0.165893 0.352584
vt 0.165271 0.351799
vt 0.164287 0.349662
vt 0.164106 0.322735
vt 0.164287 0.349662
vt 0.163219 0.344183
vt 0.162724 0.324394
vt 0.163219 0.344183
vt 0.163022 0.335271
vt 0.162627 0.325398
vt 0.163 0.320856
vt 0.162903 0.322125
vt 0.163022 0.335271
vt 0.162917 0.320856
vt 0.162903 0.322125
vt 0.163 0.320856
vt 0.171123 0.333622
vt 0.170722 0.325438
vt 0.170821 0.325419
vt 0.168651 0.322215
vt 0.169071 0.322373
vt 0.169906 0.348994
vt 0.170992 0.34345
vt 0.170722 0.325438
vt 0.171123 0.333622
vt 0.16885 0.351435
vt 0.168651 0.322215
vt 0.169906 0.348994
vt 0.168134 0.352444
vt 0.166248 0.322327
vt 0.16885 0.351435
vt 0.167697 0.35283
vt 0.166248 0.322327
vt 0.168134 0.352444
vt 0.167196 0.35306
vt 0.166248 0.322327
vt 0.167697 0.35283
vt 0.166248 0.322327
vt 0.168651 0.322215
vt 0.16885 0.351435
vt 0.169433 0.32262
vt 0.169906 0.348994
vt 0.169071 0.322373
vt 0.170042 0.323372
vt 0.169906 0.348994
vt 0.169433 0.32262
vt 0.170992 0.34345
vt 0.169906 0.348994
vt 0.170042 0.323372
vt 0.170441 0.324394
vt 0.170992 0.34345
vt 0.170042 0.323372
vt 0.170602 0.325096
vt 0.170992 0.34345
vt 0.170441 0.324394
vt 0.170602 0.325096
vt 0.170722 0.325438
vt 0.170992 0.34345
vt 0.170917 0.325039
vt 0.171123 0.333622
vt 0.170821 0.325419
vt 0.171 0.324327
vt 0.171123 0.333622
vt 0.170917 0.325039
vt 0.171065 0.323339
vt 0.171123 0.333622
vt 0.171 0.324327
vt 0.171106 0.32215
vt 0.171123 0.333622
vt 0.171065 0.323339
vt 0.17113 0.320856
vt 0.171123 0.333622
vt 0.171106 0.32215
vt 0.17112 0.320856
vt 0.17113 0.320856
vt 0.171106 0.32215
vt 0.287628 0.383267
vt 0.288806 0.38314
vt 0.289146 0.411393
vt 0.288623 0.375527
vt 0.288806 0.38314
vt 0.287628 0.383267
vt 0.287979 0.418241
vt 0.287628 0.383267
vt 0.289146 0.411393
vt 0.288767 0.37638
vt 0.288806 0.38314
vt 0.288623 0.375527
vt 0.288893 0.376822
vt 0.288806 0.38314
vt 0.288767 0.37638
vt 0.289414 0.398722
vt 0.288806 0.38314
vt 0.288893 0.376822
vt 0.289016 0.37682
vt 0.289414 0.398722
vt 0.288893 0.376822
vt 0.289135 0.376369
vt 0.289414 0.398722
vt 0.289016 0.37682
vt 0.289241 0.375496
vt 0.289414 0.398722
vt 0.289135 0.376369
vt 0.289324 0.374263
vt 0.289414 0.398722
vt 0.289241 0.375496
vt 0.289378 0.372761
vt 0.289414 0.398722
vt 0.289324 0.374263
vt 0.289424 0.371107
vt 0.289378 0.372761
vt 0.289396 0.371107
vt 0.289424 0.371107
vt 0.289414 0.398722
vt 0.289378 0.372761
vt 0.289414 0.398722
vt 0.289146 0.411393
vt 0.288806 0.38314
vt 0.286959 0.421308
vt 0.287628 0.383267
vt 0.287979 0.418241
vt 0.284023 0.373396
vt 0.287628 0.383267
vt 0.286959 0.421308
vt 0.286257 0.422693
vt 0.284023 0.373396
vt 0.286959 0.421308
vt 0.285801 0.423281
vt 0.284023 0.373396
vt 0.286257 0.422693
vt 0.285231 0.423677
vt 0.284023 0.373396
vt 0.285801 0.423281
vt 0.286419 0.37322
vt 0.287628 0.383267
vt 0.284023 0.373396
vt 0.28696 0.37333
vt 0.287628 0.383267
vt 0.286419 0.37322
vt 0.287817 0.373892
vt 0.287628 0.383267
vt 0.28696 0.37333
vt 0.287817 0.373892
vt 0.288623 0.375527
vt 0.287628 0.383267
vt 0.280693 0.406151
vt 0.28006 0.383003
vt 0.281413 0.415603
vt 0.284023 0.373396
vt 0.282435 0.383135
vt 0.281442 0.373826
vt 0.284184 0.423422
vt 0.282435 0.383135
vt 0.284604 0.423677
vt 0.283823 0.423039
vt 0.282435 0.383135
vt 0.284184 0.423422
vt 0.283251 0.422118
vt 0.282435 0.383135
vt 0.283823 0.423039
vt 0.282433 0.420062
vt 0.282435 0.383135
vt 0.283251 0.422118
vt 0.281413 0.415603
vt 0.282435 0.383135
vt 0.282433 0.420062
vt 0.280006 0.376846
vt 0.279914 0.37646
vt 0.28006 0.383003
vt 0.280006 0.376846
vt 0.28006 0.383003
vt 0.280693 0.406151
vt 0.280586 0.371107
vt 0.280477 0.372701
vt 0.280693 0.406151
vt 0.280494 0.371107
vt 0.280477 0.372701
vt 0.280586 0.371107
vt 0.280426 0.374169
vt 0.280693 0.406151
vt 0.280477 0.372701
vt 0.280347 0.375398
vt 0.280693 0.406151
vt 0.280426 0.374169
vt 0.280245 0.376294
vt 0.280693 0.406151
vt 0.280347 0.375398
vt 0.280128 0.376789
vt 0.280693 0.406151
vt 0.280245 0.376294
vt 0.280128 0.376789
vt 0.280006 0.376846
vt 0.280693 0.406151
vt 0.280048 0.375527
vt 0.28006 0.383003
vt 0.279914 0.37646
vt 0.280686 0.383119
vt 0.281442 0.373826
vt 0.282435 0.383135
vt 0.280686 0.383119
vt 0.282435 0.383135
vt 0.281413 0.415603
vt 0.280686 0.383119
vt 0.281413 0.415603
vt 0.28006 0.383003
vt 0.280686 0.383119
vt 0.28006 0.383003
vt 0.280048 0.375527
vt 0.280846 0.374205
vt 0.280686 0.383119
vt 0.280048 0.375527
vt 0.280846 0.374205
vt 0.281442 0.373826
vt 0.280686 0.383119
vt 0.285231 0.423677
vt 0.284604 0.423677
vt 0.282435 0.383135
vt 0.285231 0.423677
vt 0.282435 0.383135
vt 0.284023 0.373396
vt 0.400223 0.404405
vt 0.400519 0.402105
vt 0.400623 0.405245
vt 0.400467 0.416404
vt 0.400223 0.404405
vt 0.400623 0.405245
vt 0.399426 0.404462
vt 0.399825 0.40526
vt 0.400365 0.426672
vt 0.400325 0.433434
vt 0.399426 0.404462
vt 0.400365 0.426672
vt 0.400467 0.416404
vt 0.400365 0.426672
vt 0.399825 0.40526
vt 0.399825 0.40526
vt 0.400223 0.404405
vt 0.400467 0.416404
vt 0.400603 0.400588
vt 0.400623 0.405245
vt 0.400519 0.402105
vt 0.400741 0.398953
vt 0.400623 0.405245
vt 0.400603 0.400588
vt 0.400636 0.398953
vt 0.400741 0.398953
vt 0.400603 0.400588
vt 0.392166 0.403928
vt 0.392369 0.433432
vt 0.39239 0.401728
vt 0.39184 0.405121
vt 0.392369 0.433432
vt 0.392166 0.403928
vt 0.391481 0.40508
vt 0.392369 0.433432
vt 0.39184 0.405121
vt 0.392707 0.398953
vt 0.39239 0.401728
vt 0.392369 0.433432
vt 0.392464 0.398953
vt 0.39239 0.401728
vt 0.392707 0.398953
vt 0.392752 0.421608
vt 0.393086 0.442913
vt 0.391878 0.421601
vt 0.392752 0.421608
vt 0.391878 0.421601
vt 0.391535 0.403061
vt 0.392369 0.433432
vt 0.391878 0.421601
vt 0.393086 0.442913
vt 0.391973 0.402484
vt 0.392752 0.421608
vt 0.391535 0.403061
vt 0.396152 0.450003
vt 0.39491 0.401695
vt 0.396385 0.450003
vt 0.395805 0.449867
vt 0.39491 0.401695
vt 0.396152 0.450003
vt 0.395497 0.449611
vt 0.39491 0.401695
vt 0.395805 0.449867
vt 0.394155 0.44706
vt 0.392752 0.421608
vt 0.394986 0.44891
vt 0.394155 0.44706
vt 0.393086 0.442913
vt 0.392752 0.421608
vt 0.391297 0.404563
vt 0.391878 0.421601
vt 0.392369 0.433432
vt 0.391481 0.40508
vt 0.391297 0.404563
vt 0.392369 0.433432
vt 0.391292 0.403784
vt 0.391878 0.421601
vt 0.391297 0.404563
vt 0.391292 0.403784
vt 0.391535 0.403061
vt 0.391878 0.421601
vt 0.392564 0.402115
vt 0.392752 0.421608
vt 0.391973 0.402484
vt 0.393124 0.401992
vt 0.392752 0.421608
vt 0.392564 0.402115
vt 0.395497 0.449611
vt 0.394986 0.44891
vt 0.392752 0.421608
vt 0.395497 0.449611
vt 0.392752 0.421608
vt 0.393124 0.401992
vt 0.393124 0.401992
vt 0.39491 0.401695
vt 0.395497 0.449611
vt 0.399688 0.442023
vt 0.397748 0.42094
vt 0.399001 0.420937
vt 0.397788 0.401359
vt 0.399001 0.420937
vt 0.397748 0.42094
vt 0.398619 0.446439
vt 0.397748 0.42094
vt 0.399688 0.442023
vt 0.398404 0.401703
vt 0.399001 0.420937
vt 0.397788 0.401359
vt 0.397773 0.448516
vt 0.397748 0.42094
vt 0.398619 0.446439
vt 0.397192 0.449441
vt 0.397748 0.42094
vt 0.397773 0.448516
vt 0.396823 0.449805
vt 0.397748 0.42094
vt 0.397192 0.449441
vt 0.39491 0.401695
vt 0.397748 0.42094
vt 0.396823 0.449805
vt 0.396385 0.450003
vt 0.39491 0.401695
vt 0.396823 0.449805
vt 0.397045 0.401284
vt 0.397748 0.42094
vt 0.39491 0.401695
vt 0.397422 0.401281
vt 0.397748 0.42094
vt 0.397045 0.401284
vt 0.397422 0.401281
vt 0.397788 0.401359
vt 0.397748 0.42094
vt 0.398851 0.402212
vt 0.399001 0.420937
vt 0.398404 0.401703
vt 0.399144 0.402854
vt 0.399001 0.420937
vt 0.398851 0.402212
vt 0.399305 0.403784
vt 0.399001 0.420937
vt 0.399144 0.402854
vt 0.400325 0.433434
vt 0.399688 0.442023
vt 0.399001 0.420937
vt 0.400325 0.433434
vt 0.399001 0.420937
vt 0.399305 0.403784
vt 0.399426 0.404462
vt 0.400325 0.433434
vt 0.399305 0.403784
vt 0 0
vt 0 0
vt 0 0
vt 0 0
vt 0 0
vt 0 0
vt 0 0
vt 0 0
vt 0 0
vt 0 0
vt 0 0
vt 0 0
vt 0 0
vt 0 0
vt 0 0
vt 0 0
vt 0 0
vt 0 0
vt 0 0
vt 0 0
vt 0 0
vt 0 0
vt 0 0
vt 0 0
vt 0 0
vt 0 0
vt 0 0
vt 0 0
vt 0 0
vt 0 0
vt 0 0
vt 0 0
vt 0 0
vt 0 0
vt 0 0
vt 0 0
vt 0 0
vt 0 0
vt 0 0
vt 0 0
vt 0 0
vt 0 0
vt 0 0
vt 0 0
vt 0 0
vt 0 0
vt 0 0
vt 0 0
vt 0 0
vt 0 0
vt 0 0
vt 0 0
vt 0 0
vt 0 0
vt 0 0
vt 0 0
vt 0 0
vt 0 0
vt 0 0
vt 0 0
vt 0 0
vt 0 0
vt 0 0
vt 0 0
vt 0 0
vt 0 0
vt 0 0
vt 0 0
vt 0 0
vt 0 0
vt 0 0
vt 0 0
vt 0 0
vt 0 0
vt 0 0
vt 0 0
vt 0 0
vt 0 0
vt 0 0
vt 0 0
vt 0 0
vt 0 0
vt 0 0
vt 0 0
vt 0 0
vt 0 0
vt 0 0
vt 0 0
vt 0 0
vt 0 0
vt 0 0
vt 0 0
vt 0 0
vt 0 0
vt 0 0
vt 0 0
vt 0 0
vt 0 0
vt 0 0
vt 0 0
vt 0 0
vt 0 0
vt 0 0
vt 0 0
vt 0 0
vt 0 0
vt 0 0
vt 0 0
vt 0 0
vt 0 0
vt 0 0
vt 0 0
vt 0 0
vt 0 0
vt 0 0
vt 0 0
vt 0 0
vt 0 0
vt 0 0
vt 0 0
vt 0 0
vt 0 0
vt 0 0
vt 0 0
vt 0 0
vt 0 0
vt 0 0
vt 0 0
vt 0 0
vt 0 0
vt 0 0
vt 0 0
vt 0 0
vt 0 0
vt 0 0
vt 0 0
vt 0 0
vt 0 0
vt 0 0
vt 0 0
vt 0 0
vt 0 0
vt 0 0
vt 0 0
vt 0.88139 0.274295
vt 0.881397 0.274598
vt 0.881389 0.273973
vt 0.881397 0.274598
vt 0.881749 0.274745
vt 0.881389 0.273973
vt 0.881749 0.274745
vt 0.881397 0.274598
vt 0.881725 0.275985
vt 0.881725 0.275985
vt 0.881397 0.274598
vt 0.88168 0.277075
vt 0.88168 0.277075
vt 0.881397 0.274598
vt 0.881617 0.277928
vt 0.881617 0.277928
vt 0.881397 0.274598
vt 0.881541 0.278476
vt 0.977011 0.232794
vt 0.977268 0.233252
vt 0.977014 0.233242
vt 0.977014 0.233242
vt 0.977268 0.233252
vt 0.977029 0.233634
vt 0.977141 0.235524
vt 0.977029 0.233634
vt 0.977189 0.235182
vt 0.977189 0.235182
vt 0.977029 0.233634
vt 0.977227 0.234659
vt 0.977227 0.234659
vt 0.977029 0.233634
vt 0.977254 0.233999
vt 0.977254 0.233999
vt 0.977029 0.233634
vt 0.977268 0.233252
vt 0.881397 0.274598
vt 0.944281 0.247411
vt 0.977029 0.233634
vt 0.881397 0.274598
vt 0.88139 0.274295
vt 0.944281 0.247411
vt 0.977029 0.233634
vt 0.944281 0.247411
vt 0.977014 0.233242
vt 0.977014 0.233242
vt 0.944281 0.247411
vt 0.977011 0.232794
vt 0.977011 0.232794
vt 0.944281 0.247411
vt 0.881389 0.273973
vt 0.881389 0.273973
vt 0.944281 0.247411
vt 0.88139 0.274295
vt 0.881541 0.278476
vt 0.949373 0.246425
vt 0.977141 0.235524
vt 0.881541 0.278476
vt 0.881397 0.274598
vt 0.949373 0.246425
vt 0.881397 0.274598
vt 0.977029 0.233634
vt 0.949074 0.245705
vt 0.949074 0.245705
vt 0.977029 0.233634
vt 0.949363 0.245798
vt 0.977141 0.235524
vt 0.949373 0.246425
vt 0.977029 0.233634
vt 0.949074 0.245705
vt 0.949363 0.245798
vt 0.881397 0.274598
vt 0.977029 0.233634
vt 0.949373 0.246425
vt 0.949363 0.245798
vt 0.881397 0.274598
vt 0.949363 0.245798
vt 0.949373 0.246425
vt 0.881749 0.274745
vt 0.925922 0.256824
vt 0.977268 0.233252
vt 0.881749 0.274745
vt 0.881725 0.275985
vt 0.925922 0.256824
vt 0.977268 0.233252
vt 0.925922 0.256824
vt 0.977254 0.233999
vt 0.977189 0.235182
vt 0.977227 0.234659
vt 0.925908 0.257883
vt 0.977189 0.235182
vt 0.925908 0.257883
vt 0.977141 0.235524
vt 0.977141 0.235524
vt 0.925908 0.257883
vt 0.881541 0.278476
vt 0.881541 0.278476
vt 0.925908 0.257883
vt 0.881617 0.277928
vt 0.881617 0.277928
vt 0.925908 0.257883
vt 0.88168 0.277075
vt 0.925908 0.257883
vt 0.925922 0.256824
vt 0.88168 0.277075
vt 0.925908 0.257883
vt 0.977227 0.234659
vt 0.925922 0.256824
vt 0.88168 0.277075
vt 0.925922 0.256824
vt 0.881725 0.275985
vt 0.977254 0.233999
vt 0.925922 0.256824
vt 0.977227 0.234659
vt 0.879863 0.274295
vt 0.879863 0.273973
vt 0.87987 0.274598
vt 0.879863 0.273973
vt 0.880222 0.274745
vt 0.87987 0.274598
vt 0.880222 0.274745
vt 0.880199 0.275985
vt 0.87987 0.274598
vt 0.880199 0.275985
vt 0.880154 0.277075
vt 0.87987 0.274598
vt 0.880154 0.277075
vt 0.88009 0.277928
vt 0.87987 0.274598
vt 0.88009 0.277928
vt 0.880014 0.278476
vt 0.87987 0.274598
vt 0.975485 0.232794
vt 0.975487 0.233242
vt 0.975742 0.233252
vt 0.975487 0.233242
vt 0.975502 0.233634
vt 0.975742 0.233252
vt 0.975615 0.235524
vt 0.975662 0.235182
vt 0.975502 0.233634
vt 0.975662 0.235182
vt 0.975701 0.234659
vt 0.975502 0.233634
vt 0.975701 0.234659
vt 0.975728 0.233999
vt 0.975502 0.233634
vt 0.975728 0.233999
vt 0.975742 0.233252
vt 0.975502 0.233634
vt 0.87987 0.274598
vt 0.975502 0.233634
vt 0.942754 0.247411
vt 0.87987 0.274598
vt 0.942754 0.247411
vt 0.879863 0.274295
vt 0.975502 0.233634
vt 0.975487 0.233242
vt 0.942754 0.247411
vt 0.975487 0.233242
vt 0.975485 0.232794
vt 0.942754 0.247411
vt 0.975485 0.232794
vt 0.879863 0.273973
vt 0.942754 0.247411
vt 0.879863 0.273973
vt 0.879863 0.274295
vt 0.942754 0.247411
vt 0.880014 0.278476
vt 0.975615 0.235524
vt 0.947846 0.246425
vt 0.880014 0.278476
vt 0.947846 0.246425
vt 0.87987 0.274598
vt 0.87987 0.274598
vt 0.947547 0.245705
vt 0.975502 0.233634
vt 0.947547 0.245705
vt 0.947837 0.245798
vt 0.975502 0.233634
vt 0.975615 0.235524
vt 0.975502 0.233634
vt 0.947846 0.246425
vt 0.947547 0.245705
vt 0.87987 0.274598
vt 0.947837 0.245798
vt 0.975502 0.233634
vt 0.947837 0.245798
vt 0.947846 0.246425
vt 0.87987 0.274598
vt 0.947846 0.246425
vt 0.947837 0.245798
vt 0.880222 0.274745
vt 0.975742 0.233252
vt 0.924396 0.256824
vt 0.880222 0.274745
vt 0.924396 0.256824
vt 0.880199 0.275985
vt 0.975742 0.233252
vt 0.975728 0.233999
vt 0.924396 0.256824
vt 0.975662 0.235182
vt 0.924382 0.257883
vt 0.975701 0.234659
vt 0.975662 0.235182
vt 0.975615 0.235524
vt 0.924382 0.257883
vt 0.975615 0.235524
vt 0.880014 0.278476
vt 0.924382 0.257883
vt 0.880014 0.278476
vt 0.88009 0.277928
vt 0.924382 0.257883
vt 0.88009 0.277928
vt 0.880154 0.277075
vt 0.924382 0.257883
vt 0.924382 0.257883
vt 0.880154 0.277075
vt 0.924396 0.256824
vt 0.924382 0.257883
vt 0.924396 0.256824
vt 0.975701 0.234659
vt 0.880154 0.277075
vt 0.880199 0.275985
vt 0.924396 0.256824
vt 0.975728 0.233999
vt 0.975701 0.234659
vt 0.924396 0.256824
vt 0.610093 0.485765
vt 0.64916 0.462022
vt 0.64916 0.462022
vt 0.616606 0.502401
vt 0.617326 0.504199
vt 0.615396 0.499909
vt 0.616959 0.503061
vt 0.617455 0.504281
vt 0.616606 0.502401
vt 0.617455 0.504281
vt 0.616959 0.503061
vt 0.617364 0.503975
vt 0.617051 0.503093
vt 0.617364 0.503975
vt 0.617052 0.503187
vt 0.617052 0.503187
vt 0.617364 0.503975
vt 0.616959 0.503061
vt 0.617455 0.504281
vt 0.617462 0.50438
vt 0.616606 0.502401
vt 0.617462 0.50438
vt 0.617413 0.504337
vt 0.616606 0.502401
vt 0.617413 0.504337
vt 0.617326 0.504199
vt 0.616606 0.502401
vt 0.617326 0.504199
vt 0.617089 0.503756
vt 0.615396 0.499909
vt 0.617089 0.503756
vt 0.616508 0.502578
vt 0.615396 0.499909
vt 0.616508 0.502578
vt 0.615041 0.499442
vt 0.615396 0.499909
vt 0.615041 0.499442
vt 0.613383 0.49579
vt 0.615396 0.499909
vt 0.613383 0.49579
vt 0.61186 0.492357
vt 0.615396 0.499909
vt 0.642137 0.487291
vt 0.642119 0.487402
vt 0.642092 0.488476
vt 0.642119 0.487402
vt 0.6421 0.487375
vt 0.642092 0.488476
vt 0.6421 0.487375
vt 0.642067 0.487035
vt 0.642092 0.488476
vt 0.642012 0.485825
vt 0.642031 0.489145
vt 0.642067 0.487035
vt 0.641906 0.482004
vt 0.641934 0.487862
vt 0.642012 0.485825
vt 0.641721 0.473023
vt 0.6418 0.48173
vt 0.641906 0.482004
vt 0.6418 0.48173
vt 0.641877 0.485874
vt 0.641906 0.482004
vt 0.641934 0.487862
vt 0.641973 0.488701
vt 0.642012 0.485825
vt 0.641973 0.488701
vt 0.641998 0.489014
vt 0.642012 0.485825
vt 0.641998 0.489014
vt 0.642027 0.489147
vt 0.642012 0.485825
vt 0.642027 0.489147
vt 0.642031 0.489145
vt 0.642012 0.485825
vt 0.642031 0.489145
vt 0.642048 0.489072
vt 0.642067 0.487035
vt 0.642048 0.489072
vt 0.642065 0.488918
vt 0.642067 0.487035
vt 0.642065 0.488918
vt 0.642092 0.488476
vt 0.642067 0.487035
vt 0.641906 0.482004
vt 0.641877 0.485874
vt 0.641934 0.487862
vt 0.613383 0.49579
vt 0.641721 0.473023
vt 0.61186 0.492357
vt 0.641721 0.473023
vt 0.613383 0.49579
vt 0.6418 0.48173
vt 0.613383 0.49579
vt 0.615041 0.499442
vt 0.6418 0.48173
vt 0.616508 0.502578
vt 0.629662 0.494899
vt 0.615041 0.499442
vt 0.616508 0.502578
vt 0.617089 0.503756
vt 0.629662 0.494899
vt 0.629662 0.494899
vt 0.617089 0.503756
vt 0.629662 0.49658
vt 0.629662 0.494899
vt 0.629662 0.49658
vt 0.641934 0.487862
vt 0.629662 0.494899
vt 0.641934 0.487862
vt 0.641877 0.485874
vt 0.629662 0.494899
vt 0.641877 0.485874
vt 0.6418 0.48173
vt 0.629662 0.494899
vt 0.6418 0.48173
vt 0.615041 0.499442
vt 0.617089 0.503756
vt 0.617326 0.504199
vt 0.629662 0.49658
vt 0.617326 0.504199
vt 0.617413 0.504337
vt 0.629662 0.49658
vt 0.617413 0.504337
vt 0.617462 0.50438
vt 0.629662 0.49658
vt 0.617462 0.50438
vt 0.642027 0.489147
vt 0.629662 0.49658
vt 0.642027 0.489147
vt 0.641998 0.489014
vt 0.629662 0.49658
vt 0.641998 0.489014
vt 0.641973 0.488701
vt 0.629662 0.49658
vt 0.641973 0.488701
vt 0.641934 0.487862
vt 0.629662 0.49658
vt 0.642031 0.489145
vt 0.642027 0.489147
vt 0.617462 0.50438
vt 0.64916 0.479276
vt 0.973999 0.278506
vt 0.641721 0.473023
vt 0.973999 0.278506
vt 0.64916 0.479276
vt 0.974952 0.280556
vt 0.64916 0.479276
vt 0.64916 0.482037
vt 0.974952 0.280556
vt 0.64916 0.483047
vt 0.975223 0.281106
vt 0.64916 0.482827
vt 0.975223 0.281106
vt 0.64916 0.483047
vt 0.975295 0.281231
vt 0.64916 0.483127
vt 0.975306 0.281233
vt 0.64916 0.483143
vt 0.64916 0.483032
vt 0.975294 0.281183
vt 0.64916 0.483127
vt 0.975294 0.281183
vt 0.975306 0.281233
vt 0.64916 0.483127
vt 0.975306 0.281233
vt 0.975295 0.281231
vt 0.64916 0.483143
vt 0.64916 0.483143
vt 0.975295 0.281231
vt 0.64916 0.483047
vt 0.975223 0.281106
vt 0.974952 0.280556
vt 0.64916 0.482827
vt 0.973999 0.278506
vt 0.971151 0.27224
vt 0.641721 0.473023
vt 0.64916 0.482827
vt 0.974952 0.280556
vt 0.64916 0.482037
vt 0.641721 0.473023
vt 0.641906 0.482004
vt 0.64916 0.479276
vt 0.642067 0.487035
vt 0.64916 0.482037
vt 0.642012 0.485825
vt 0.6421 0.487375
vt 0.64916 0.483047
vt 0.642067 0.487035
vt 0.64916 0.483047
vt 0.6421 0.487375
vt 0.64916 0.483143
vt 0.642137 0.487291
vt 0.64916 0.483127
vt 0.642119 0.487402
vt 0.642137 0.487291
vt 0.64916 0.483032
vt 0.64916 0.483127
vt 0.64916 0.483127
vt 0.64916 0.483143
vt 0.642119 0.487402
vt 0.642119 0.487402
vt 0.64916 0.483143
vt 0.6421 0.487375
vt 0.64916 0.483047
vt 0.64916 0.482827
vt 0.642067 0.487035
vt 0.64916 0.482827
vt 0.64916 0.482037
vt 0.642067 0.487035
vt 0.64916 0.482037
vt 0.64916 0.479276
vt 0.642012 0.485825
vt 0.642012 0.485825
vt 0.64916 0.479276
vt 0.641906 0.482004
vt 0.517199 0.565057
vt 0.517147 0.56514
vt 0.51713 0.566077
vt 0.517147 0.56514
vt 0.517097 0.564854
vt 0.51713 0.566077
vt 0.51713 0.566077
vt 0.517097 0.564854
vt 0.517048 0.566648
vt 0.516875 0.560232
vt 0.516934 0.565953
vt 0.517015 0.563702
vt 0.516618 0.551424
vt 0.51674 0.560478
vt 0.516875 0.560232
vt 0.51674 0.560478
vt 0.516855 0.564416
vt 0.516875 0.560232
vt 0.516855 0.564416
vt 0.516934 0.565953
vt 0.516875 0.560232
vt 0.516934 0.565953
vt 0.516984 0.566483
vt 0.517015 0.563702
vt 0.516984 0.566483
vt 0.517028 0.56666
vt 0.517015 0.563702
vt 0.517028 0.56666
vt 0.517048 0.566648
vt 0.517015 0.563702
vt 0.517015 0.563702
vt 0.517048 0.566648
vt 0.517097 0.564854
vt 0.517028 0.56666
vt 0.503185 0.575244
vt 0.517048 0.566648
vt 0.503185 0.575244
vt 0.503185 0.575244
vt 0.517048 0.566648
vt 0.503185 0.575244
vt 0.517028 0.56666
vt 0.509618 0.570661
vt 0.503185 0.575244
vt 0.509618 0.570661
vt 0.503185 0.574896
vt 0.517028 0.56666
vt 0.516984 0.566483
vt 0.509618 0.570661
vt 0.516984 0.566483
vt 0.516934 0.565953
vt 0.509618 0.570661
vt 0.51674 0.560478
vt 0.509618 0.568405
vt 0.516855 0.564416
vt 0.509618 0.568405
vt 0.51674 0.560478
vt 0.503185 0.567267
vt 0.509618 0.568405
vt 0.503185 0.567267
vt 0.503185 0.568137
vt 0.509618 0.568405
vt 0.503185 0.568137
vt 0.503185 0.572376
vt 0.509618 0.568405
vt 0.503185 0.572376
vt 0.503185 0.574209
vt 0.509618 0.568405
vt 0.503185 0.574209
vt 0.509618 0.570661
vt 0.509618 0.568405
vt 0.509618 0.570661
vt 0.516855 0.564416
vt 0.503185 0.559558
vt 0.503185 0.567267
vt 0.516618 0.551424
vt 0.503185 0.574209
vt 0.503185 0.574896
vt 0.509618 0.570661
vt 0.516934 0.565953
vt 0.516855 0.564416
vt 0.509618 0.570661
vt 0.516618 0.551424
vt 0.503185 0.567267
vt 0.51674 0.560478
vt 0.503185 0.55092
vt 0.503185 0.559558
vt 0.503185 0.55092
vt 0.503185 0.568283
vt 0.503185 0.567267
vt 0.503185 0.559558
vt 0.503185 0.572464
vt 0.503185 0.568137
vt 0.503185 0.568283
vt 0.503185 0.568137
vt 0.503185 0.572464
vt 0.503185 0.572376
vt 0.503185 0.574903
vt 0.503185 0.574209
vt 0.503185 0.574236
vt 0.503185 0.574209
vt 0.503185 0.574903
vt 0.503185 0.574896
vt 0.503185 0.575244
vt 0.503185 0.574896
vt 0.503185 0.575244
vt 0.503185 0.575244
vt 0.503185 0.574896
vt 0.503185 0.574903
vt 0.503185 0.574209
vt 0.503185 0.572376
vt 0.503185 0.574236
vt 0.503185 0.574236
vt 0.503185 0.572376
vt 0.503185 0.572464
vt 0.503185 0.568137
vt 0.503185 0.567267
vt 0.503185 0.568283
vt 0.503185 0.567267
vt 0.503185 0.559558
vt 0.503185 0.559558
vt 0.503185 0.559558
vt 0.503185 0.55092
vt 0.503185 0.559558
vt 0.61186 0.492357
vt 0.503185 0.55092
vt 0.516618 0.551424
vt 0.503185 0.55092
vt 0.503185 0.559558
vt 0.516618 0.551424
vt 0.641721 0.473023
vt 0.64916 0.462022
vt 0.61186 0.492357
vt 0.503185 0.55092
vt 0.61186 0.492357
vt 0.64916 0.462022
vt 0.64916 0.462022
vt 0.610093 0.485765
vt 0.503185 0.55092
vt 0.610093 0.485765
vt 0.503185 0.55092
vt 0.503185 0.55092
vt 0.617051 0.503093
vt 0.617052 0.503187
vt 0.517199 0.565057
vt 0.517199 0.565057
vt 0.617052 0.503187
vt 0.517147 0.56514
vt 0.616606 0.502401
vt 0.517097 0.564854
vt 0.616959 0.503061
vt 0.517097 0.564854
vt 0.616606 0.502401
vt 0.517015 0.563702
vt 0.61186 0.492357
vt 0.516875 0.560232
vt 0.615396 0.499909
vt 0.61186 0.492357
vt 0.516618 0.551424
vt 0.516875 0.560232
vt 0.516875 0.560232
vt 0.517015 0.563702
vt 0.615396 0.499909
vt 0.615396 0.499909
vt 0.517015 0.563702
vt 0.616606 0.502401
vt 0.517097 0.564854
vt 0.517147 0.56514
vt 0.616959 0.503061
vt 0.616959 0.503061
vt 0.517147 0.56514
vt 0.617052 0.503187
vt 0.496815 0.559558
vt 0.496815 0.55092
vt 0.387466 0.49175
vt 0.35084 0.469038
vt 0.387466 0.49175
vt 0.35084 0.462022
vt 0.387466 0.49175
vt 0.389907 0.485765
vt 0.35084 0.462022
vt 0.496815 0.55092
vt 0.389907 0.485765
vt 0.387466 0.49175
vt 0.387466 0.49175
vt 0.35084 0.469038
vt 0.496815 0.568283
vt 0.35084 0.483032
vt 0.357863 0.487291
vt 0.35084 0.469038
vt 0.642092 0.488476
vt 0.617051 0.503093
vt 0.642137 0.487291
vt 0.617051 0.503093
vt 0.642092 0.488476
vt 0.617364 0.503975
vt 0.642048 0.489072
vt 0.617455 0.504281
vt 0.642065 0.488918
vt 0.642031 0.489145
vt 0.617462 0.50438
vt 0.642048 0.489072
vt 0.617462 0.50438
vt 0.617455 0.504281
vt 0.642048 0.489072
vt 0.617455 0.504281
vt 0.617364 0.503975
vt 0.642065 0.488918
vt 0.642065 0.488918
vt 0.617364 0.503975
vt 0.642092 0.488476
vt 0.517199 0.565057
vt 0.503185 0.572464
vt 0.617051 0.503093
vt 0.503185 0.572464
vt 0.517199 0.565057
vt 0.503185 0.574236
vt 0.517048 0.566648
vt 0.503185 0.574903
vt 0.51713 0.566077
vt 0.517048 0.566648
vt 0.503185 0.575244
vt 0.503185 0.574903
vt 0.503185 0.574903
vt 0.503185 0.574236
vt 0.51713 0.566077
vt 0.51713 0.566077
vt 0.503185 0.574236
vt 0.517199 0.565057
vt 0.496815 0.572464
vt 0.496815 0.568283
vt 0.382949 0.503093
vt 0.496815 0.559558
vt 0.387466 0.49175
vt 0.496815 0.568283
vt 0.35084 0.469038
vt 0.357863 0.487291
vt 0.496815 0.568283
vt 0.382949 0.503093
vt 0.496815 0.568283
vt 0.357863 0.487291
vt 0.975684 0.282243
vt 0.975684 0.282042
vt 0.975684 0.282214
vt 0.975684 0.282158
vt 0.975684 0.282042
vt 0.975684 0.282233
vt 0.975684 0.282214
vt 0.975684 0.282042
vt 0.975684 0.282151
vt 0.975684 0.280975
vt 0.975684 0.281976
vt 0.975684 0.281753
vt 0.975684 0.279021
vt 0.975684 0.27946
vt 0.975684 0.280975
vt 0.975684 0.279021
vt 0.975684 0.274928
vt 0.975684 0.27946
vt 0.975684 0.27946
vt 0.975684 0.274928
vt 0.975684 0.275237
vt 0.975684 0.266666
vt 0.975684 0.275237
vt 0.975684 0.266666
vt 0.975684 0.266666
vt 0.975684 0.275237
vt 0.975684 0.274928
vt 0.975684 0.27946
vt 0.975684 0.281456
vt 0.975684 0.280975
vt 0.975684 0.281456
vt 0.975684 0.281976
vt 0.975684 0.280975
vt 0.975684 0.281976
vt 0.975684 0.282151
vt 0.975684 0.281753
vt 0.975684 0.281753
vt 0.975684 0.282151
vt 0.975684 0.282042
vt 0.975684 0.282042
vt 0.975684 0.282243
vt 0.975684 0.282233
vt 0.64916 0.462022
vt 0.64916 0.462022
vt 0.975684 0.266666
vt 0.64916 0.462022
vt 0.975684 0.266666
vt 0.975684 0.266666
vt 0.024316 0.274928
vt 0.35084 0.469038
vt 0.024316 0.266666
vt 0.024316 0.279021
vt 0.35084 0.483032
vt 0.024316 0.274928
vt 0.35084 0.483032
vt 0.024316 0.279021
vt 0.0247058 0.281183
vt 0.975684 0.279021
vt 0.975684 0.280975
vt 0.975294 0.281183
vt 0.975684 0.282042
vt 0.975564 0.281879
vt 0.975684 0.281753
vt 0.975564 0.281879
vt 0.975684 0.282042
vt 0.975641 0.282091
vt 0.975684 0.282233
vt 0.975641 0.282091
vt 0.975684 0.282158
vt 0.975684 0.282158
vt 0.975641 0.282091
vt 0.975684 0.282042
vt 0.975564 0.281879
vt 0.975294 0.281183
vt 0.975684 0.281753
vt 0.35084 0.483032
vt 0.35084 0.469038
vt 0.024316 0.274928
vt 0.975684 0.281753
vt 0.975294 0.281183
vt 0.975684 0.280975
vt 0.971151 0.27224
vt 0.973999 0.278506
vt 0.973781 0.278179
vt 0.973781 0.278179
vt 0.973999 0.278506
vt 0.974874 0.280585
vt 0.975223 0.281106
vt 0.97566 0.282218
vt 0.974952 0.280556
vt 0.975295 0.281231
vt 0.975564 0.281879
vt 0.975223 0.281106
vt 0.975295 0.281231
vt 0.975306 0.281233
vt 0.975564 0.281879
vt 0.975306 0.281233
vt 0.975294 0.281183
vt 0.975564 0.281879
vt 0.975564 0.281879
vt 0.975641 0.282091
vt 0.975223 0.281106
vt 0.975641 0.282091
vt 0.975684 0.282233
vt 0.975223 0.281106
vt 0.975684 0.282233
vt 0.975684 0.282243
vt 0.975223 0.281106
vt 0.975684 0.282243
vt 0.97566 0.282218
vt 0.975223 0.281106
vt 0.97566 0.282218
vt 0.975624 0.282154
vt 0.974952 0.280556
vt 0.975624 0.282154
vt 0.975531 0.281976
vt 0.974952 0.280556
vt 0.975531 0.281976
vt 0.975317 0.281535
vt 0.974952 0.280556
vt 0.975317 0.281535
vt 0.974874 0.280585
vt 0.974952 0.280556
vt 0.974952 0.280556
vt 0.974874 0.280585
vt 0.973999 0.278506
vt 0.35084 0.462022
vt 0.024316 0.266666
vt 0.35084 0.469038
vt 0.641721 0.473023
vt 0.975684 0.266666
vt 0.64916 0.462022
vt 0.975684 0.282243
vt 0.975684 0.282214
vt 0.97566 0.282218
vt 0.975684 0.281976
vt 0.975624 0.282154
vt 0.975684 0.282151
vt 0.975624 0.282154
vt 0.975684 0.281976
vt 0.975531 0.281976
vt 0.975684 0.27946
vt 0.975317 0.281535
vt 0.975684 0.281456
vt 0.975684 0.275237
vt 0.973781 0.278179
vt 0.975684 0.27946
vt 0.973781 0.278179
vt 0.975684 0.275237
vt 0.971151 0.27224
vt 0.975684 0.266666
vt 0.971151 0.27224
vt 0.975684 0.275237
vt 0.641721 0.473023
vt 0.971151 0.27224
vt 0.975684 0.266666
vt 0.973781 0.278179
vt 0.974874 0.280585
vt 0.975684 0.27946
vt 0.974874 0.280585
vt 0.975317 0.281535
vt 0.975684 0.27946
vt 0.975317 0.281535
vt 0.975531 0.281976
vt 0.975684 0.281456
vt 0.975684 0.281456
vt 0.975531 0.281976
vt 0.975684 0.281976
vt 0.975624 0.282154
vt 0.97566 0.282218
vt 0.975684 0.282151
vt 0.975684 0.282151
vt 0.97566 0.282218
vt 0.975684 0.282214
vt 0.611619 0.485765
vt 0.650687 0.462022
vt 0.650687 0.462022
vt 0.618132 0.502401
vt 0.616923 0.499909
vt 0.618853 0.504199
vt 0.618485 0.503061
vt 0.618132 0.502401
vt 0.618981 0.504281
vt 0.618981 0.504281
vt 0.618891 0.503975
vt 0.618485 0.503061
vt 0.618578 0.503093
vt 0.618578 0.503187
vt 0.618891 0.503975
vt 0.618578 0.503187
vt 0.618485 0.503061
vt 0.618891 0.503975
vt 0.618981 0.504281
vt 0.618132 0.502401
vt 0.618988 0.50438
vt 0.618988 0.50438
vt 0.618132 0.502401
vt 0.61894 0.504337
vt 0.61894 0.504337
vt 0.618132 0.502401
vt 0.618853 0.504199
vt 0.618853 0.504199
vt 0.616923 0.499909
vt 0.618615 0.503756
vt 0.618615 0.503756
vt 0.616923 0.499909
vt 0.618035 0.502578
vt 0.618035 0.502578
vt 0.616923 0.499909
vt 0.616567 0.499442
vt 0.616567 0.499442
vt 0.616923 0.499909
vt 0.614909 0.49579
vt 0.614909 0.49579
vt 0.616923 0.499909
vt 0.613387 0.492357
vt 0.643664 0.487291
vt 0.643619 0.488476
vt 0.643645 0.487402
vt 0.643645 0.487402
vt 0.643619 0.488476
vt 0.643626 0.487375
vt 0.643626 0.487375
vt 0.643619 0.488476
vt 0.643593 0.487035
vt 0.643538 0.485825
vt 0.643593 0.487035
vt 0.643557 0.489145
vt 0.643433 0.482004
vt 0.643538 0.485825
vt 0.643461 0.487862
vt 0.643247 0.473023
vt 0.643433 0.482004
vt 0.643326 0.48173
vt 0.643326 0.48173
vt 0.643433 0.482004
vt 0.643403 0.485874
vt 0.643461 0.487862
vt 0.643538 0.485825
vt 0.6435 0.488701
vt 0.6435 0.488701
vt 0.643538 0.485825
vt 0.643525 0.489014
vt 0.643525 0.489014
vt 0.643538 0.485825
vt 0.643554 0.489147
vt 0.643554 0.489147
vt 0.643538 0.485825
vt 0.643557 0.489145
vt 0.643557 0.489145
vt 0.643593 0.487035
vt 0.643575 0.489072
vt 0.643575 0.489072
vt 0.643593 0.487035
vt 0.643591 0.488918
vt 0.643591 0.488918
vt 0.643593 0.487035
vt 0.643619 0.488476
vt 0.643433 0.482004
vt 0.643461 0.487862
vt 0.643403 0.485874
vt 0.614909 0.49579
vt 0.613387 0.492357
vt 0.643247 0.473023
vt 0.643247 0.473023
vt 0.643326 0.48173
vt 0.614909 0.49579
vt 0.614909 0.49579
vt 0.643326 0.48173
vt 0.616567 0.499442
vt 0.618035 0.502578
vt 0.616567 0.499442
vt 0.631189 0.494899
vt 0.618035 0.502578
vt 0.631189 0.494899
vt 0.618615 0.503756
vt 0.631189 0.494899
vt 0.631189 0.49658
vt 0.618615 0.503756
vt 0.631189 0.494899
vt 0.643461 0.487862
vt 0.631189 0.49658
vt 0.631189 0.494899
vt 0.643403 0.485874
vt 0.643461 0.487862
vt 0.631189 0.494899
vt 0.643326 0.48173
vt 0.643403 0.485874
vt 0.631189 0.494899
vt 0.616567 0.499442
vt 0.643326 0.48173
vt 0.618615 0.503756
vt 0.631189 0.49658
vt 0.618853 0.504199
vt 0.618853 0.504199
vt 0.631189 0.49658
vt 0.61894 0.504337
vt 0.61894 0.504337
vt 0.631189 0.49658
vt 0.618988 0.50438
vt 0.618988 0.50438
vt 0.631189 0.49658
vt 0.643554 0.489147
vt 0.643554 0.489147
vt 0.631189 0.49658
vt 0.643525 0.489014
vt 0.643525 0.489014
vt 0.631189 0.49658
vt 0.6435 0.488701
vt 0.6435 0.488701
vt 0.631189 0.49658
vt 0.643461 0.487862
vt 0.643557 0.489145
vt 0.618988 0.50438
vt 0.643554 0.489147
vt 0.650687 0.479276
vt 0.643247 0.473023
vt 0.975526 0.278506
vt 0.975526 0.278506
vt 0.976479 0.280556
vt 0.650687 0.479276
vt 0.650687 0.479276
vt 0.976479 0.280556
vt 0.650687 0.482037
vt 0.650687 0.483048
vt 0.650687 0.482827
vt 0.97675 0.281106
vt 0.97675 0.281106
vt 0.976821 0.281231
vt 0.650687 0.483048
vt 0.650687 0.483127
vt 0.650687 0.483143
vt 0.976833 0.281233
vt 0.650687 0.483032
vt 0.650687 0.483127
vt 0.976821 0.281183
vt 0.976821 0.281183
vt 0.650687 0.483127
vt 0.976833 0.281233
vt 0.976833 0.281233
vt 0.650687 0.483143
vt 0.976821 0.281231
vt 0.650687 0.483143
vt 0.650687 0.483048
vt 0.976821 0.281231
vt 0.97675 0.281106
vt 0.650687 0.482827
vt 0.976479 0.280556
vt 0.975526 0.278506
vt 0.643247 0.473023
vt 0.972677 0.27224
vt 0.650687 0.482827
vt 0.650687 0.482037
vt 0.976479 0.280556
vt 0.643247 0.473023
vt 0.650687 0.479276
vt 0.643433 0.482004
vt 0.643593 0.487035
vt 0.643538 0.485825
vt 0.650687 0.482037
vt 0.643626 0.487375
vt 0.643593 0.487035
vt 0.650687 0.483048
vt 0.650687 0.483048
vt 0.650687 0.483143
vt 0.643626 0.487375
vt 0.643664 0.487291
vt 0.643645 0.487402
vt 0.650687 0.483127
vt 0.643664 0.487291
vt 0.650687 0.483127
vt 0.650687 0.483032
vt 0.650687 0.483127
vt 0.643645 0.487402
vt 0.650687 0.483143
vt 0.643645 0.487402
vt 0.643626 0.487375
vt 0.650687 0.483143
vt 0.650687 0.483048
vt 0.643593 0.487035
vt 0.650687 0.482827
vt 0.650687 0.482827
vt 0.643593 0.487035
vt 0.650687 0.482037
vt 0.650687 0.482037
vt 0.643538 0.485825
vt 0.650687 0.479276
vt 0.643538 0.485825
vt 0.643433 0.482004
vt 0.650687 0.479276
vt 0.518726 0.565057
vt 0.518656 0.566077
vt 0.518673 0.56514
vt 0.518673 0.56514
vt 0.518656 0.566077
vt 0.518624 0.564854
vt 0.518656 0.566077
vt 0.518575 0.566648
vt 0.518624 0.564854
vt 0.518402 0.560232
vt 0.518542 0.563702
vt 0.51846 0.565953
vt 0.518144 0.551424
vt 0.518402 0.560232
vt 0.518267 0.560478
vt 0.518267 0.560478
vt 0.518402 0.560232
vt 0.518382 0.564416
vt 0.518382 0.564416
vt 0.518402 0.560232
vt 0.51846 0.565953
vt 0.51846 0.565953
vt 0.518542 0.563702
vt 0.51851 0.566483
vt 0.51851 0.566483
vt 0.518542 0.563702
vt 0.518555 0.56666
vt 0.518555 0.56666
vt 0.518542 0.563702
vt 0.518575 0.566648
vt 0.518542 0.563702
vt 0.518624 0.564854
vt 0.518575 0.566648
vt 0.518555 0.56666
vt 0.518575 0.566648
vt 0.504712 0.575244
vt 0.504712 0.575244
vt 0.518575 0.566648
vt 0.504712 0.575244
vt 0.504712 0.575244
vt 0.511145 0.570661
vt 0.518555 0.56666
vt 0.504712 0.575244
vt 0.504712 0.574896
vt 0.511145 0.570661
vt 0.518555 0.56666
vt 0.511145 0.570661
vt 0.51851 0.566483
vt 0.51851 0.566483
vt 0.511145 0.570661
vt 0.51846 0.565953
vt 0.518267 0.560478
vt 0.518382 0.564416
vt 0.511145 0.568405
vt 0.511145 0.568405
vt 0.504712 0.567267
vt 0.518267 0.560478
vt 0.511145 0.568405
vt 0.504712 0.568137
vt 0.504712 0.567267
vt 0.511145 0.568405
vt 0.504712 0.572376
vt 0.504712 0.568137
vt 0.511145 0.568405
vt 0.504712 0.574209
vt 0.504712 0.572376
vt 0.511145 0.568405
vt 0.511145 0.570661
vt 0.504712 0.574209
vt 0.511145 0.568405
vt 0.518382 0.564416
vt 0.511145 0.570661
vt 0.504712 0.559558
vt 0.518144 0.551424
vt 0.504712 0.567267
vt 0.504712 0.574209
vt 0.511145 0.570661
vt 0.504712 0.574896
vt 0.51846 0.565953
vt 0.511145 0.570661
vt 0.518382 0.564416
vt 0.518144 0.551424
vt 0.518267 0.560478
vt 0.504712 0.567267
vt 0.504712 0.55092
vt 0.504712 0.55092
vt 0.504712 0.559558
vt 0.504712 0.568283
vt 0.504712 0.559558
vt 0.504712 0.567267
vt 0.504712 0.572464
vt 0.504712 0.568283
vt 0.504712 0.568137
vt 0.504712 0.568137
vt 0.504712 0.572376
vt 0.504712 0.572464
vt 0.504712 0.574903
vt 0.504712 0.574236
vt 0.504712 0.574209
vt 0.504712 0.574209
vt 0.504712 0.574896
vt 0.504712 0.574903
vt 0.504712 0.575244
vt 0.504712 0.575244
vt 0.504712 0.574896
vt 0.504712 0.575244
vt 0.504712 0.574903
vt 0.504712 0.574896
vt 0.504712 0.574209
vt 0.504712 0.574236
vt 0.504712 0.572376
vt 0.504712 0.574236
vt 0.504712 0.572464
vt 0.504712 0.572376
vt 0.504712 0.568137
vt 0.504712 0.568283
vt 0.504712 0.567267
vt 0.504712 0.567267
vt 0.504712 0.559558
vt 0.504712 0.559558
vt 0.504712 0.559558
vt 0.504712 0.559558
vt 0.504712 0.55092
vt 0.613387 0.492357
vt 0.518144 0.551424
vt 0.504712 0.55092
vt 0.504712 0.55092
vt 0.518144 0.551424
vt 0.504712 0.559558
vt 0.643247 0.473023
vt 0.613387 0.492357
vt 0.650687 0.462022
vt 0.504712 0.55092
vt 0.650687 0.462022
vt 0.613387 0.492357
vt 0.650687 0.462022
vt 0.504712 0.55092
vt 0.611619 0.485765
vt 0.611619 0.485765
vt 0.504712 0.55092
vt 0.504712 0.55092
vt 0.618578 0.503093
vt 0.518726 0.565057
vt 0.618578 0.503187
vt 0.518726 0.565057
vt 0.518673 0.56514
vt 0.618578 0.503187
vt 0.618132 0.502401
vt 0.618485 0.503061
vt 0.518624 0.564854
vt 0.518624 0.564854
vt 0.518542 0.563702
vt 0.618132 0.502401
vt 0.613387 0.492357
vt 0.616923 0.499909
vt 0.518402 0.560232
vt 0.613387 0.492357
vt 0.518402 0.560232
vt 0.518144 0.551424
vt 0.518402 0.560232
vt 0.616923 0.499909
vt 0.518542 0.563702
vt 0.616923 0.499909
vt 0.618132 0.502401
vt 0.518542 0.563702
vt 0.518624 0.564854
vt 0.618485 0.503061
vt 0.518673 0.56514
vt 0.618485 0.503061
vt 0.618578 0.503187
vt 0.518673 0.56514
vt 0.495288 0.559558
vt 0.385939 0.49175
vt 0.495288 0.55092
vt 0.349313 0.469038
vt 0.349313 0.462022
vt 0.385939 0.49175
vt 0.349313 0.462022
vt 0.388381 0.485765
vt 0.385939 0.49175
vt 0.495288 0.55092
vt 0.385939 0.49175
vt 0.388381 0.485765
vt 0.385939 0.49175
vt 0.495288 0.568283
vt 0.349313 0.469038
vt 0.349313 0.483032
vt 0.349313 0.469038
vt 0.356336 0.487291
vt 0.643619 0.488476
vt 0.643664 0.487291
vt 0.618578 0.503093
vt 0.618578 0.503093
vt 0.618891 0.503975
vt 0.643619 0.488476
vt 0.643575 0.489072
vt 0.643591 0.488918
vt 0.618981 0.504281
vt 0.643557 0.489145
vt 0.643575 0.489072
vt 0.618988 0.50438
vt 0.618988 0.50438
vt 0.643575 0.489072
vt 0.618981 0.504281
vt 0.618981 0.504281
vt 0.643591 0.488918
vt 0.618891 0.503975
vt 0.643591 0.488918
vt 0.643619 0.488476
vt 0.618891 0.503975
vt 0.518726 0.565057
vt 0.618578 0.503093
vt 0.504712 0.572464
vt 0.504712 0.572464
vt 0.504712 0.574236
vt 0.518726 0.565057
vt 0.518575 0.566648
vt 0.518656 0.566077
vt 0.504712 0.574903
vt 0.518575 0.566648
vt 0.504712 0.574903
vt 0.504712 0.575244
vt 0.504712 0.574903
vt 0.518656 0.566077
vt 0.504712 0.574236
vt 0.518656 0.566077
vt 0.518726 0.565057
vt 0.504712 0.574236
vt 0.495288 0.572464
vt 0.381422 0.503093
vt 0.495288 0.568283
vt 0.495288 0.559558
vt 0.495288 0.568283
vt 0.385939 0.49175
vt 0.349313 0.469038
vt 0.495288 0.568283
vt 0.356336 0.487291
vt 0.618578 0.503093
vt 0.643664 0.487291
vt 0.504712 0.568283
vt 0.977211 0.282243
vt 0.977187 0.282218
vt 0.977211 0.282042
vt 0.977211 0.282158
vt 0.977211 0.282233
vt 0.977211 0.282042
vt 0.977187 0.282218
vt 0.977211 0.282151
vt 0.977211 0.282042
vt 0.977211 0.280975
vt 0.977211 0.281753
vt 0.977211 0.281976
vt 0.977211 0.279021
vt 0.977211 0.280975
vt 0.977211 0.27946
vt 0.977211 0.279021
vt 0.977211 0.27946
vt 0.977211 0.274928
vt 0.977211 0.27946
vt 0.977211 0.275237
vt 0.977211 0.274928
vt 0.977211 0.266666
vt 0.977211 0.266666
vt 0.977211 0.275237
vt 0.977211 0.266666
vt 0.977211 0.274928
vt 0.977211 0.275237
vt 0.977211 0.27946
vt 0.977211 0.280975
vt 0.977211 0.281456
vt 0.977211 0.281456
vt 0.977211 0.280975
vt 0.977211 0.281976
vt 0.977211 0.281976
vt 0.977211 0.281753
vt 0.977211 0.282151
vt 0.977211 0.281753
vt 0.977211 0.282042
vt 0.977211 0.282151
vt 0.977211 0.282042
vt 0.977211 0.282233
vt 0.977211 0.282243
vt 0.650687 0.462022
vt 0.977211 0.266666
vt 0.650687 0.462022
vt 0.650687 0.462022
vt 0.977211 0.266666
vt 0.977211 0.266666
vt 0.0227894 0.274928
vt 0.0227894 0.266666
vt 0.349313 0.469038
vt 0.0227894 0.279021
vt 0.0227894 0.274928
vt 0.349313 0.483032
vt 0.349313 0.483032
vt 0.0231792 0.281183
vt 0.0227894 0.279021
vt 0.977211 0.279021
vt 0.976821 0.281183
vt 0.977211 0.280975
vt 0.977211 0.282042
vt 0.977211 0.281753
vt 0.977091 0.281879
vt 0.977091 0.281879
vt 0.977168 0.282091
vt 0.977211 0.282042
vt 0.977211 0.282233
vt 0.977211 0.282158
vt 0.977168 0.282091
vt 0.977211 0.282158
vt 0.977211 0.282042
vt 0.977168 0.282091
vt 0.977091 0.281879
vt 0.977211 0.281753
vt 0.976821 0.281183
vt 0.349313 0.483032
vt 0.0227894 0.274928
vt 0.349313 0.469038
vt 0.977211 0.281753
vt 0.977211 0.280975
vt 0.976821 0.281183
vt 0.972677 0.27224
vt 0.975308 0.278179
vt 0.975526 0.278506
vt 0.975308 0.278179
vt 0.9764 0.280585
vt 0.975526 0.278506
vt 0.97675 0.281106
vt 0.976479 0.280556
vt 0.977187 0.282218
vt 0.976821 0.281231
vt 0.97675 0.281106
vt 0.977091 0.281879
vt 0.976821 0.281231
vt 0.977091 0.281879
vt 0.976833 0.281233
vt 0.976833 0.281233
vt 0.977091 0.281879
vt 0.976821 0.281183
vt 0.977091 0.281879
vt 0.97675 0.281106
vt 0.977168 0.282091
vt 0.977168 0.282091
vt 0.97675 0.281106
vt 0.977211 0.282233
vt 0.977211 0.282233
vt 0.97675 0.281106
vt 0.977211 0.282243
vt 0.977211 0.282243
vt 0.97675 0.281106
vt 0.977187 0.282218
vt 0.977187 0.282218
vt 0.976479 0.280556
vt 0.977151 0.282154
vt 0.977151 0.282154
vt 0.976479 0.280556
vt 0.977058 0.281976
vt 0.977058 0.281976
vt 0.976479 0.280556
vt 0.976844 0.281535
vt 0.976844 0.281535
vt 0.976479 0.280556
vt 0.9764 0.280585
vt 0.976479 0.280556
vt 0.975526 0.278506
vt 0.9764 0.280585
vt 0.349313 0.462022
vt 0.349313 0.469038
vt 0.0227894 0.266666
vt 0.643247 0.473023
vt 0.650687 0.462022
vt 0.977211 0.266666
vt 0.977211 0.281976
vt 0.977211 0.282151
vt 0.977151 0.282154
vt 0.977151 0.282154
vt 0.977058 0.281976
vt 0.977211 0.281976
vt 0.977211 0.27946
vt 0.977211 0.281456
vt 0.976844 0.281535
vt 0.977211 0.275237
vt 0.977211 0.27946
vt 0.975308 0.278179
vt 0.975308 0.278179
vt 0.972677 0.27224
vt 0.977211 0.275237
vt 0.977211 0.266666
vt 0.977211 0.275237
vt 0.972677 0.27224
vt 0.643247 0.473023
vt 0.977211 0.266666
vt 0.972677 0.27224
vt 0.975308 0.278179
vt 0.977211 0.27946
vt 0.9764 0.280585
vt 0.9764 0.280585
vt 0.977211 0.27946
vt 0.976844 0.281535
vt 0.976844 0.281535
vt 0.977211 0.281456
vt 0.977058 0.281976
vt 0.977211 0.281456
vt 0.977211 0.281976
vt 0.977058 0.281976
vt 0.977151 0.282154
vt 0.977211 0.282151
vt 0.977187 0.282218
vt 0.665788 0.369227
vt 0.64916 0.377508
vt 0.664753 0.36622
vt 0.64916 0.377508
vt 0.64916 0.373138
vt 0.664753 0.36622
vt 0.64916 0.356761
vt 0.660471 0.351891
vt 0.64916 0.367045
vt 0.660471 0.351891
vt 0.663051 0.360719
vt 0.64916 0.367045
vt 0.663051 0.360719
vt 0.664753 0.36622
vt 0.64916 0.367045
vt 0.665788 0.369227
vt 0.666269 0.370496
vt 0.64916 0.377508
vt 0.666269 0.370496
vt 0.666328 0.370593
vt 0.64916 0.377508
vt 0.666341 0.3704
vt 0.649195 0.377632
vt 0.666328 0.370593
vt 0.666244 0.369754
vt 0.649371 0.377075
vt 0.666341 0.3704
vt 0.649371 0.377075
vt 0.666244 0.369754
vt 0.649413 0.37662
vt 0.649426 0.376341
vt 0.666152 0.369335
vt 0.649433 0.375907
vt 0.649424 0.375607
vt 0.649433 0.375907
vt 0.666152 0.369335
vt 0.649426 0.376341
vt 0.649413 0.37662
vt 0.666152 0.369335
vt 0.666152 0.369335
vt 0.649413 0.37662
vt 0.666244 0.369754
vt 0.649371 0.377075
vt 0.64929 0.377477
vt 0.666341 0.3704
vt 0.64929 0.377477
vt 0.649195 0.377632
vt 0.666341 0.3704
vt 0.649195 0.377632
vt 0.64916 0.377508
vt 0.666328 0.370593
vt 0.64916 0.367045
vt 0.664753 0.36622
vt 0.64916 0.373138
vt 0.666152 0.369335
vt 0.666244 0.369754
vt 0.667663 0.374185
vt 0.666244 0.369754
vt 0.666341 0.3704
vt 0.667663 0.374185
vt 0.666341 0.3704
vt 0.666328 0.370593
vt 0.667663 0.374185
vt 0.666328 0.370593
vt 0.666269 0.370496
vt 0.667663 0.374185
vt 0.667663 0.374185
vt 0.666269 0.370496
vt 0.666951 0.374495
vt 0.666269 0.370496
vt 0.665788 0.369227
vt 0.666951 0.374495
vt 0.665788 0.369227
vt 0.664753 0.36622
vt 0.666951 0.374495
vt 0.660471 0.351891
vt 0.666951 0.374495
vt 0.663051 0.360719
vt 0.666951 0.374495
vt 0.664753 0.36622
vt 0.663051 0.360719
vt 0.64916 0.356761
vt 0.64916 0.362149
vt 0.660471 0.351891
vt 0.64916 0.362149
vt 0.64916 0.38215
vt 0.660471 0.351891
vt 0.660471 0.351891
vt 0.64916 0.38215
vt 0.666951 0.374495
vt 0.64916 0.382238
vt 0.667663 0.374185
vt 0.64916 0.38215
vt 0.667663 0.374185
vt 0.666951 0.374495
vt 0.64916 0.38215
vt 0.350576 0.375607
vt 0.333848 0.369335
vt 0.35084 0.382238
vt 0.333848 0.369335
vt 0.332337 0.374185
vt 0.35084 0.382238
vt 0.646536 0.382238
vt 0.64916 0.382238
vt 0.644928 0.382238
vt 0.64916 0.382238
vt 0.64916 0.38215
vt 0.644928 0.382238
vt 0.64916 0.356761
vt 0.64916 0.367045
vt 0.64882 0.356907
vt 0.644928 0.382238
vt 0.64916 0.38215
vt 0.644929 0.38215
vt 0.64916 0.362149
vt 0.64882 0.356907
vt 0.64916 0.38215
vt 0.64916 0.362149
vt 0.64916 0.356761
vt 0.64882 0.356907
vt 0.645356 0.358399
vt 0.64503 0.37497
vt 0.64882 0.356907
vt 0.64882 0.356907
vt 0.64503 0.37497
vt 0.64916 0.38215
vt 0.644929 0.38215
vt 0.64916 0.38215
vt 0.64503 0.37497
vt 0.646402 0.375151
vt 0.646395 0.376139
vt 0.649433 0.375907
vt 0.649433 0.375907
vt 0.649431 0.375549
vt 0.646402 0.375151
vt 0.353466 0.38215
vt 0.353598 0.375151
vt 0.350569 0.375549
vt 0.350569 0.375549
vt 0.35084 0.382238
vt 0.353466 0.38215
vt 0.646395 0.376139
vt 0.646344 0.376669
vt 0.649426 0.376341
vt 0.649426 0.376341
vt 0.649433 0.375907
vt 0.646395 0.376139
vt 0.646344 0.376669
vt 0.646303 0.376933
vt 0.649413 0.37662
vt 0.649413 0.37662
vt 0.649426 0.376341
vt 0.646344 0.376669
vt 0.646303 0.376933
vt 0.646252 0.377223
vt 0.649371 0.377075
vt 0.649371 0.377075
vt 0.649413 0.37662
vt 0.646303 0.376933
vt 0.646252 0.377223
vt 0.646141 0.377544
vt 0.64929 0.377477
vt 0.64929 0.377477
vt 0.649371 0.377075
vt 0.646252 0.377223
vt 0.646141 0.377544
vt 0.646032 0.377684
vt 0.649195 0.377632
vt 0.649195 0.377632
vt 0.64929 0.377477
vt 0.646141 0.377544
vt 0.646032 0.377684
vt 0.645956 0.377591
vt 0.649195 0.377632
vt 0.645956 0.377591
vt 0.645868 0.377112
vt 0.64916 0.377508
vt 0.64916 0.377508
vt 0.649195 0.377632
vt 0.645956 0.377591
vt 0.645868 0.377112
vt 0.645673 0.375403
vt 0.64916 0.373138
vt 0.64916 0.373138
vt 0.64916 0.377508
vt 0.645868 0.377112
vt 0.64546 0.372325
vt 0.645356 0.358399
vt 0.64882 0.356907
vt 0.64882 0.356907
vt 0.64916 0.367045
vt 0.64546 0.372325
vt 0.64546 0.372325
vt 0.64916 0.367045
vt 0.64916 0.373138
vt 0.64546 0.372325
vt 0.64916 0.373138
vt 0.645673 0.375403
vt 0.976015 0.239966
vt 0.879175 0.282118
vt 0.976381 0.239807
vt 0.879175 0.282118
vt 0.879656 0.281909
vt 0.976381 0.239807
vt 0.976015 0.239966
vt 0.976098 0.23253
vt 0.879175 0.282118
vt 0.976098 0.23253
vt 0.879249 0.274237
vt 0.879175 0.282118
vt 0.87961 0.275011
vt 0.879249 0.274237
vt 0.976354 0.232986
vt 0.879249 0.274237
vt 0.976098 0.23253
vt 0.976354 0.232986
vt 0.976015 0.239966
vt 0.976381 0.239807
vt 0.976098 0.23253
vt 0.976381 0.239807
vt 0.976354 0.232986
vt 0.976098 0.23253
vt 0.0236194 0.239807
vt 0.120344 0.281909
vt 0.0236465 0.232986
vt 0.120344 0.281909
vt 0.12039 0.275011
vt 0.0236465 0.232986
vt 0.876538 0.283266
vt 0.64916 0.382238
vt 0.875969 0.283514
vt 0.875969 0.283514
vt 0.64916 0.382238
vt 0.64916 0.382238
vt 0.976381 0.239807
vt 0.976015 0.239966
vt 0.976412 0.249291
vt 0.976015 0.239966
vt 0.975963 0.249485
vt 0.976412 0.249291
vt 0.975963 0.249485
vt 0.976015 0.239966
vt 0.975361 0.249744
vt 0.879175 0.282118
vt 0.875919 0.292564
vt 0.976015 0.239966
vt 0.879175 0.282118
vt 0.875969 0.283514
vt 0.875919 0.292564
vt 0.64916 0.382238
vt 0.64916 0.390206
vt 0.875969 0.283514
vt 0.64916 0.390206
vt 0.875919 0.292564
vt 0.875969 0.283514
vt 0.875919 0.292564
vt 0.879137 0.291178
vt 0.976015 0.239966
vt 0.879137 0.291178
vt 0.879742 0.290918
vt 0.976015 0.239966
vt 0.879742 0.290918
vt 0.975361 0.249744
vt 0.976015 0.239966
vt 0.976412 0.249291
vt 0.975811 0.249551
vt 0.976381 0.239807
vt 0.0241893 0.249551
vt 0.119694 0.290675
vt 0.0236194 0.239807
vt 0.119694 0.290675
vt 0.120299 0.290935
vt 0.0236194 0.239807
vt 0.120299 0.290935
vt 0.123413 0.292276
vt 0.0236194 0.239807
vt 0.35084 0.390206
vt 0.123462 0.283266
vt 0.123413 0.292276
vt 0.35084 0.382238
vt 0.123462 0.283266
vt 0.35084 0.390206
vt 0.123462 0.283266
vt 0.120344 0.281909
vt 0.123413 0.292276
vt 0.120344 0.281909
vt 0.0236194 0.239807
vt 0.123413 0.292276
vt 0.503185 0.382238
vt 0.503185 0.382238
vt 0.64916 0.382238
vt 0.503185 0.382238
vt 0.64916 0.382238
vt 0.64916 0.382238
vt 0.503185 0.382238
vt 0.620861 0.402391
vt 0.64916 0.382238
vt 0.503185 0.382238
vt 0.503185 0.441367
vt 0.620861 0.402391
vt 0.620861 0.402391
vt 0.64916 0.390206
vt 0.64916 0.382238
vt 0.503185 0.382238
vt 0.503185 0.441367
vt 0.503185 0.382238
vt 0.503185 0.441367
vt 0.503185 0.441367
vt 0.503185 0.382238
vt 0.503185 0.441367
vt 0.620861 0.402391
vt 0.503185 0.441367
vt 0.620861 0.402391
vt 0.620861 0.402391
vt 0.503185 0.441367
vt 0.496815 0.441367
vt 0.496815 0.382238
vt 0.379139 0.402391
vt 0.35084 0.390206
vt 0.379139 0.402391
vt 0.35084 0.382238
vt 0.35084 0.382238
vt 0.379139 0.402391
vt 0.496815 0.382238
vt 0.648495 0.390492
vt 0.620861 0.402391
vt 0.64916 0.390206
vt 0.620861 0.402391
vt 0.64916 0.390206
vt 0.620861 0.402391
vt 0.64916 0.390206
vt 0.876587 0.292276
vt 0.648495 0.390492
vt 0.876587 0.292276
vt 0.879701 0.290935
vt 0.648495 0.390492
vt 0.975811 0.249551
vt 0.879742 0.290918
vt 0.880306 0.290675
vt 0.879742 0.290918
vt 0.975811 0.249551
vt 0.975361 0.249744
vt 0.975963 0.249485
vt 0.975361 0.249744
vt 0.976412 0.249291
vt 0.976412 0.249291
vt 0.975361 0.249744
vt 0.975811 0.249551
vt 0.879742 0.290918
vt 0.879137 0.291178
vt 0.880306 0.290675
vt 0.879137 0.291178
vt 0.875919 0.292564
vt 0.880306 0.290675
vt 0.875919 0.292564
vt 0.648495 0.390492
vt 0.880306 0.290675
vt 0.648495 0.390492
vt 0.879701 0.290935
vt 0.880306 0.290675
vt 0.503185 0.356375
vt 0.503185 0.382238
vt 0.503185 0.382238
vt 0.875969 0.283514
vt 0.876538 0.283266
vt 0.879175 0.282118
vt 0.876538 0.283266
vt 0.879656 0.281909
vt 0.879175 0.282118
vt 0.123462 0.283266
vt 0.124074 0.283533
vt 0.123494 0.278881
vt 0.124074 0.283533
vt 0.131124 0.286601
vt 0.123494 0.278881
vt 0.131124 0.286601
vt 0.132327 0.282645
vt 0.123494 0.278881
vt 0.868876 0.286601
vt 0.875926 0.283533
vt 0.868432 0.286794
vt 0.875926 0.283533
vt 0.876538 0.283266
vt 0.868432 0.286794
vt 0.875969 0.283514
vt 0.875356 0.283781
vt 0.876538 0.283266
vt 0.875356 0.283781
vt 0.868432 0.286794
vt 0.876538 0.283266
vt 0.876506 0.278881
vt 0.867673 0.282645
vt 0.876506 0.279112
vt 0.867792 0.283073
vt 0.876502 0.279267
vt 0.867763 0.282954
vt 0.876502 0.279267
vt 0.867792 0.283073
vt 0.876489 0.279445
vt 0.867819 0.283314
vt 0.876466 0.27962
vt 0.86782 0.283213
vt 0.876466 0.27962
vt 0.867819 0.283314
vt 0.87642 0.279734
vt 0.867698 0.283185
vt 0.87637 0.279753
vt 0.867777 0.28333
vt 0.87637 0.279753
vt 0.867698 0.283185
vt 0.876333 0.279479
vt 0.866696 0.28026
vt 0.87623 0.277734
vt 0.86747 0.282569
vt 0.87623 0.277734
vt 0.866696 0.28026
vt 0.876196 0.273457
vt 0.862235 0.265011
vt 0.876292 0.258958
vt 0.865279 0.275487
vt 0.876292 0.258958
vt 0.876196 0.273457
vt 0.865279 0.275487
vt 0.865279 0.275487
vt 0.876196 0.273457
vt 0.866696 0.28026
vt 0.87623 0.277734
vt 0.876274 0.278614
vt 0.86747 0.282569
vt 0.876274 0.278614
vt 0.8763 0.279023
vt 0.86747 0.282569
vt 0.8763 0.279023
vt 0.876333 0.279479
vt 0.86747 0.282569
vt 0.86747 0.282569
vt 0.876333 0.279479
vt 0.867698 0.283185
vt 0.87637 0.279753
vt 0.87642 0.279734
vt 0.867777 0.28333
vt 0.867777 0.28333
vt 0.87642 0.279734
vt 0.867819 0.283314
vt 0.876466 0.27962
vt 0.876489 0.279445
vt 0.86782 0.283213
vt 0.86782 0.283213
vt 0.876489 0.279445
vt 0.867792 0.283073
vt 0.876502 0.279267
vt 0.876506 0.279112
vt 0.867763 0.282954
vt 0.867763 0.282954
vt 0.876506 0.279112
vt 0.867673 0.282645
vt 0.862235 0.265011
vt 0.865279 0.275487
vt 0.868432 0.286794
vt 0.865279 0.275487
vt 0.866696 0.28026
vt 0.868432 0.286794
vt 0.866696 0.28026
vt 0.86747 0.282569
vt 0.868432 0.286794
vt 0.867777 0.28333
vt 0.868876 0.286601
vt 0.867698 0.283185
vt 0.867777 0.28333
vt 0.867819 0.283314
vt 0.868876 0.286601
vt 0.867819 0.283314
vt 0.86782 0.283213
vt 0.868876 0.286601
vt 0.86782 0.283213
vt 0.867792 0.283073
vt 0.868876 0.286601
vt 0.867792 0.283073
vt 0.867763 0.282954
vt 0.868876 0.286601
vt 0.867763 0.282954
vt 0.867673 0.282645
vt 0.868876 0.286601
vt 0.868876 0.286601
vt 0.868432 0.286794
vt 0.867698 0.283185
vt 0.867698 0.283185
vt 0.868432 0.286794
vt 0.86747 0.282569
vt 0.876538 0.283266
vt 0.876333 0.279479
vt 0.875969 0.283514
vt 0.123494 0.278881
vt 0.123494 0.279112
vt 0.123462 0.283266
vt 0.123494 0.279112
vt 0.123498 0.279267
vt 0.123462 0.283266
vt 0.876502 0.279267
vt 0.876489 0.279445
vt 0.876538 0.283266
vt 0.876489 0.279445
vt 0.876466 0.27962
vt 0.876538 0.283266
vt 0.876466 0.27962
vt 0.87642 0.279734
vt 0.876538 0.283266
vt 0.87642 0.279734
vt 0.87637 0.279753
vt 0.876538 0.283266
vt 0.87637 0.279753
vt 0.876333 0.279479
vt 0.876538 0.283266
vt 0.876333 0.279479
vt 0.8763 0.279023
vt 0.875969 0.283514
vt 0.8763 0.279023
vt 0.876274 0.278614
vt 0.875969 0.283514
vt 0.876274 0.278614
vt 0.87623 0.277734
vt 0.875969 0.283514
vt 0.87623 0.277734
vt 0.876196 0.273457
vt 0.875969 0.283514
vt 0.876292 0.258958
vt 0.875969 0.283514
vt 0.876196 0.273457
vt 0.862235 0.265011
vt 0.875678 0.259223
vt 0.876292 0.258958
vt 0.868432 0.286794
vt 0.875356 0.283781
vt 0.875678 0.259223
vt 0.868432 0.286794
vt 0.875678 0.259223
vt 0.862235 0.265011
vt 0.876292 0.258958
vt 0.875678 0.259223
vt 0.875969 0.283514
vt 0.875678 0.259223
vt 0.875356 0.283781
vt 0.875969 0.283514
vt 0.120344 0.281909
vt 0.123462 0.283266
vt 0.12039 0.275011
vt 0.12039 0.275011
vt 0.123462 0.283266
vt 0.12049 0.257573
vt 0.123628 0.253746
vt 0.120497 0.252602
vt 0.123622 0.258922
vt 0.120497 0.252602
vt 0.12049 0.257573
vt 0.123622 0.258922
vt 0.123622 0.258922
vt 0.12049 0.257573
vt 0.123462 0.283266
vt 0.875969 0.283514
vt 0.876292 0.258958
vt 0.876538 0.283266
vt 0.876372 0.253746
vt 0.876378 0.258922
vt 0.876292 0.258958
vt 0.876378 0.258922
vt 0.876538 0.283266
vt 0.876292 0.258958
vt 0.875969 0.283514
vt 0.879175 0.282118
vt 0.876292 0.258958
vt 0.879175 0.282118
vt 0.879249 0.274237
vt 0.876292 0.258958
vt 0.876292 0.258958
vt 0.879249 0.274237
vt 0.876372 0.253746
vt 0.879503 0.252602
vt 0.876372 0.253746
vt 0.87944 0.257603
vt 0.87944 0.257603
vt 0.876372 0.253746
vt 0.879249 0.274237
vt 0.879175 0.282118
vt 0.879656 0.281909
vt 0.879249 0.274237
vt 0.879656 0.281909
vt 0.87961 0.275011
vt 0.879249 0.274237
vt 0.879249 0.274237
vt 0.87961 0.275011
vt 0.87944 0.257603
vt 0.879503 0.252602
vt 0.87944 0.257603
vt 0.87951 0.257573
vt 0.87951 0.257573
vt 0.87944 0.257603
vt 0.87961 0.275011
vt 0.879656 0.281909
vt 0.879175 0.282118
vt 0.87961 0.275011
vt 0.879175 0.282118
vt 0.879249 0.274237
vt 0.87961 0.275011
vt 0.646395 0.376139
vt 0.646402 0.375151
vt 0.646534 0.38215
vt 0.646344 0.376669
vt 0.646395 0.376139
vt 0.646534 0.38215
vt 0.646303 0.376933
vt 0.646344 0.376669
vt 0.646534 0.38215
vt 0.646252 0.377223
vt 0.646303 0.376933
vt 0.646534 0.38215
vt 0.646141 0.377544
vt 0.646252 0.377223
vt 0.646534 0.38215
vt 0.646032 0.377684
vt 0.646141 0.377544
vt 0.646534 0.38215
vt 0.646032 0.377684
vt 0.646534 0.38215
vt 0.644929 0.38215
vt 0.645956 0.377591
vt 0.646032 0.377684
vt 0.644929 0.38215
vt 0.645868 0.377112
vt 0.645956 0.377591
vt 0.644929 0.38215
vt 0.645673 0.375403
vt 0.645868 0.377112
vt 0.644929 0.38215
vt 0.644929 0.38215
vt 0.645356 0.358399
vt 0.64546 0.372325
vt 0.645673 0.375403
vt 0.644929 0.38215
vt 0.64546 0.372325
vt 0.667315 0.369227
vt 0.666279 0.36622
vt 0.650687 0.377508
vt 0.650687 0.377508
vt 0.666279 0.36622
vt 0.650687 0.373138
vt 0.650687 0.356761
vt 0.650687 0.367045
vt 0.661998 0.351891
vt 0.661998 0.351891
vt 0.650687 0.367045
vt 0.664577 0.360719
vt 0.664577 0.360719
vt 0.650687 0.367045
vt 0.666279 0.36622
vt 0.667315 0.369227
vt 0.650687 0.377508
vt 0.667796 0.370496
vt 0.667796 0.370496
vt 0.650687 0.377508
vt 0.667855 0.370593
vt 0.667867 0.3704
vt 0.667855 0.370593
vt 0.650721 0.377632
vt 0.667771 0.369754
vt 0.667867 0.3704
vt 0.650897 0.377075
vt 0.650897 0.377075
vt 0.650939 0.37662
vt 0.667771 0.369754
vt 0.650953 0.376341
vt 0.650959 0.375907
vt 0.667678 0.369335
vt 0.650951 0.375607
vt 0.667678 0.369335
vt 0.650959 0.375907
vt 0.650953 0.376341
vt 0.667678 0.369335
vt 0.650939 0.37662
vt 0.667678 0.369335
vt 0.667771 0.369754
vt 0.650939 0.37662
vt 0.650897 0.377075
vt 0.667867 0.3704
vt 0.650817 0.377477
vt 0.650817 0.377477
vt 0.667867 0.3704
vt 0.650721 0.377632
vt 0.650721 0.377632
vt 0.667855 0.370593
vt 0.650687 0.377508
vt 0.650687 0.367045
vt 0.650687 0.373138
vt 0.666279 0.36622
vt 0.667678 0.369335
vt 0.669189 0.374185
vt 0.667771 0.369754
vt 0.667771 0.369754
vt 0.669189 0.374185
vt 0.667867 0.3704
vt 0.667867 0.3704
vt 0.669189 0.374185
vt 0.667855 0.370593
vt 0.667855 0.370593
vt 0.669189 0.374185
vt 0.667796 0.370496
vt 0.669189 0.374185
vt 0.668477 0.374495
vt 0.667796 0.370496
vt 0.667796 0.370496
vt 0.668477 0.374495
vt 0.667315 0.369227
vt 0.667315 0.369227
vt 0.668477 0.374495
vt 0.666279 0.36622
vt 0.661998 0.351891
vt 0.664577 0.360719
vt 0.668477 0.374495
vt 0.668477 0.374495
vt 0.664577 0.360719
vt 0.666279 0.36622
vt 0.650687 0.356761
vt 0.661998 0.351891
vt 0.650687 0.362149
vt 0.650687 0.362149
vt 0.661998 0.351891
vt 0.650687 0.38215
vt 0.661998 0.351891
vt 0.668477 0.374495
vt 0.650687 0.38215
vt 0.650687 0.382238
vt 0.650687 0.38215
vt 0.669189 0.374185
vt 0.669189 0.374185
vt 0.650687 0.38215
vt 0.668477 0.374495
vt 0.650951 0.375607
vt 0.650687 0.382238
vt 0.667678 0.369335
vt 0.667678 0.369335
vt 0.650687 0.382238
vt 0.669189 0.374185
vt 0.648062 0.382238
vt 0.646455 0.382238
vt 0.650687 0.382238
vt 0.650687 0.382238
vt 0.646455 0.382238
vt 0.650687 0.38215
vt 0.650687 0.356761
vt 0.650347 0.356907
vt 0.650687 0.367045
vt 0.646455 0.382238
vt 0.646456 0.38215
vt 0.650687 0.38215
vt 0.650687 0.362149
vt 0.650687 0.38215
vt 0.650347 0.356907
vt 0.650687 0.362149
vt 0.650347 0.356907
vt 0.650687 0.356761
vt 0.646882 0.358399
vt 0.650347 0.356907
vt 0.646556 0.37497
vt 0.650347 0.356907
vt 0.650687 0.38215
vt 0.646556 0.37497
vt 0.646456 0.38215
vt 0.646556 0.37497
vt 0.650687 0.38215
vt 0.647929 0.375151
vt 0.650959 0.375907
vt 0.647921 0.376139
vt 0.650959 0.375907
vt 0.647929 0.375151
vt 0.650958 0.375549
vt 0.648061 0.38215
vt 0.650958 0.375549
vt 0.647929 0.375151
vt 0.650958 0.375549
vt 0.648061 0.38215
vt 0.650687 0.382238
vt 0.647921 0.376139
vt 0.650953 0.376341
vt 0.647871 0.376669
vt 0.650953 0.376341
vt 0.647921 0.376139
vt 0.650959 0.375907
vt 0.647871 0.376669
vt 0.650939 0.37662
vt 0.64783 0.376933
vt 0.650939 0.37662
vt 0.647871 0.376669
vt 0.650953 0.376341
vt 0.64783 0.376933
vt 0.650897 0.377075
vt 0.647779 0.377223
vt 0.650897 0.377075
vt 0.64783 0.376933
vt 0.650939 0.37662
vt 0.647779 0.377223
vt 0.650817 0.377477
vt 0.647668 0.377544
vt 0.650817 0.377477
vt 0.647779 0.377223
vt 0.650897 0.377075
vt 0.647668 0.377544
vt 0.650721 0.377632
vt 0.647559 0.377684
vt 0.650721 0.377632
vt 0.647668 0.377544
vt 0.650817 0.377477
vt 0.647559 0.377684
vt 0.650721 0.377632
vt 0.647483 0.377591
vt 0.647483 0.377591
vt 0.650687 0.377508
vt 0.647395 0.377112
vt 0.650687 0.377508
vt 0.647483 0.377591
vt 0.650721 0.377632
vt 0.647395 0.377112
vt 0.650687 0.373138
vt 0.647199 0.375403
vt 0.650687 0.373138
vt 0.647395 0.377112
vt 0.650687 0.377508
vt 0.646987 0.372325
vt 0.650347 0.356907
vt 0.646882 0.358399
vt 0.650347 0.356907
vt 0.646987 0.372325
vt 0.650687 0.367045
vt 0.646987 0.372325
vt 0.650687 0.373138
vt 0.650687 0.367045
vt 0.646987 0.372325
vt 0.647199 0.375403
vt 0.650687 0.373138
vt 0.977541 0.239966
vt 0.977907 0.239807
vt 0.880702 0.282118
vt 0.880702 0.282118
vt 0.977907 0.239807
vt 0.881183 0.281909
vt 0.977541 0.239966
vt 0.880702 0.282118
vt 0.977624 0.23253
vt 0.977624 0.23253
vt 0.880702 0.282118
vt 0.880776 0.274237
vt 0.881137 0.275011
vt 0.97788 0.232986
vt 0.880776 0.274237
vt 0.880776 0.274237
vt 0.97788 0.232986
vt 0.977624 0.23253
vt 0.977541 0.239966
vt 0.977624 0.23253
vt 0.977907 0.239807
vt 0.977907 0.239807
vt 0.977624 0.23253
vt 0.97788 0.232986
vt 0.0220929 0.239807
vt 0.0221199 0.232986
vt 0.118817 0.281909
vt 0.118817 0.281909
vt 0.0221199 0.232986
vt 0.118863 0.275011
vt 0.878065 0.283266
vt 0.877496 0.283514
vt 0.650687 0.382238
vt 0.877496 0.283514
vt 0.650687 0.382238
vt 0.650687 0.382238
vt 0.977907 0.239807
vt 0.977939 0.249291
vt 0.977541 0.239966
vt 0.977541 0.239966
vt 0.977939 0.249291
vt 0.977489 0.249485
vt 0.977489 0.249485
vt 0.976887 0.249744
vt 0.977541 0.239966
vt 0.880702 0.282118
vt 0.977541 0.239966
vt 0.877445 0.292564
vt 0.880702 0.282118
vt 0.877445 0.292564
vt 0.877496 0.283514
vt 0.650687 0.382238
vt 0.877496 0.283514
vt 0.650687 0.390206
vt 0.650687 0.390206
vt 0.877496 0.283514
vt 0.877445 0.292564
vt 0.877445 0.292564
vt 0.977541 0.239966
vt 0.880663 0.291178
vt 0.880663 0.291178
vt 0.977541 0.239966
vt 0.881269 0.290918
vt 0.881269 0.290918
vt 0.977541 0.239966
vt 0.976887 0.249744
vt 0.977939 0.249291
vt 0.977907 0.239807
vt 0.977337 0.249551
vt 0.0226629 0.249551
vt 0.0220929 0.239807
vt 0.118168 0.290675
vt 0.881832 0.290675
vt 0.977907 0.239807
vt 0.881228 0.290935
vt 0.881228 0.290935
vt 0.977907 0.239807
vt 0.878113 0.292276
vt 0.349313 0.390206
vt 0.121887 0.292276
vt 0.121935 0.283266
vt 0.349313 0.382238
vt 0.349313 0.390206
vt 0.121935 0.283266
vt 0.121935 0.283266
vt 0.121887 0.292276
vt 0.118817 0.281909
vt 0.118817 0.281909
vt 0.121887 0.292276
vt 0.0220929 0.239807
vt 0.504712 0.382238
vt 0.650687 0.382238
vt 0.504712 0.382238
vt 0.504712 0.382238
vt 0.650687 0.382238
vt 0.650687 0.382238
vt 0.504712 0.382238
vt 0.650687 0.382238
vt 0.622387 0.402391
vt 0.504712 0.382238
vt 0.622387 0.402391
vt 0.504712 0.441367
vt 0.622387 0.402391
vt 0.650687 0.382238
vt 0.650687 0.390206
vt 0.504712 0.382238
vt 0.504712 0.382238
vt 0.504712 0.441367
vt 0.504712 0.441367
vt 0.504712 0.382238
vt 0.504712 0.441367
vt 0.504712 0.441367
vt 0.504712 0.441367
vt 0.622387 0.402391
vt 0.622387 0.402391
vt 0.504712 0.441367
vt 0.622387 0.402391
vt 0.495288 0.441367
vt 0.377613 0.402391
vt 0.495288 0.382238
vt 0.349313 0.390206
vt 0.349313 0.382238
vt 0.377613 0.402391
vt 0.349313 0.382238
vt 0.495288 0.382238
vt 0.377613 0.402391
vt 0.650021 0.390492
vt 0.650687 0.390206
vt 0.622387 0.402391
vt 0.622387 0.402391
vt 0.622387 0.402391
vt 0.650687 0.390206
vt 0.650687 0.390206
vt 0.650021 0.390492
vt 0.878113 0.292276
vt 0.878113 0.292276
vt 0.650021 0.390492
vt 0.881228 0.290935
vt 0.977337 0.249551
vt 0.881832 0.290675
vt 0.881269 0.290918
vt 0.881269 0.290918
vt 0.976887 0.249744
vt 0.977337 0.249551
vt 0.977489 0.249485
vt 0.977939 0.249291
vt 0.976887 0.249744
vt 0.977939 0.249291
vt 0.977337 0.249551
vt 0.976887 0.249744
vt 0.881269 0.290918
vt 0.881832 0.290675
vt 0.880663 0.291178
vt 0.880663 0.291178
vt 0.881832 0.290675
vt 0.877445 0.292564
vt 0.877445 0.292564
vt 0.881832 0.290675
vt 0.650021 0.390492
vt 0.650021 0.390492
vt 0.881832 0.290675
vt 0.881228 0.290935
vt 0.504712 0.356375
vt 0.504712 0.382238
vt 0.504712 0.382238
vt 0.877496 0.283514
vt 0.880702 0.282118
vt 0.878065 0.283266
vt 0.878065 0.283266
vt 0.880702 0.282118
vt 0.881183 0.281909
vt 0.121935 0.283266
vt 0.121967 0.278881
vt 0.122548 0.283533
vt 0.122548 0.283533
vt 0.121967 0.278881
vt 0.129597 0.286601
vt 0.129597 0.286601
vt 0.121967 0.278881
vt 0.1308 0.282645
vt 0.870403 0.286601
vt 0.869959 0.286794
vt 0.877452 0.283533
vt 0.877452 0.283533
vt 0.869959 0.286794
vt 0.878065 0.283266
vt 0.877496 0.283514
vt 0.878065 0.283266
vt 0.876883 0.283781
vt 0.876883 0.283781
vt 0.878065 0.283266
vt 0.869959 0.286794
vt 0.878033 0.278881
vt 0.878032 0.279112
vt 0.8692 0.282645
vt 0.869319 0.283073
vt 0.869289 0.282954
vt 0.878028 0.279267
vt 0.878028 0.279267
vt 0.878015 0.279445
vt 0.869319 0.283073
vt 0.869346 0.283314
vt 0.869347 0.283213
vt 0.877992 0.27962
vt 0.877992 0.27962
vt 0.877947 0.279734
vt 0.869346 0.283314
vt 0.869225 0.283185
vt 0.869304 0.28333
vt 0.877896 0.279753
vt 0.877896 0.279753
vt 0.877859 0.279479
vt 0.869225 0.283185
vt 0.868223 0.28026
vt 0.868997 0.282569
vt 0.877756 0.277734
vt 0.877756 0.277734
vt 0.877723 0.273457
vt 0.868223 0.28026
vt 0.863762 0.265011
vt 0.866806 0.275487
vt 0.877818 0.258958
vt 0.877818 0.258958
vt 0.866806 0.275487
vt 0.877723 0.273457
vt 0.866806 0.275487
vt 0.868223 0.28026
vt 0.877723 0.273457
vt 0.877756 0.277734
vt 0.868997 0.282569
vt 0.877801 0.278614
vt 0.877801 0.278614
vt 0.868997 0.282569
vt 0.877827 0.279023
vt 0.877827 0.279023
vt 0.868997 0.282569
vt 0.877859 0.279479
vt 0.868997 0.282569
vt 0.869225 0.283185
vt 0.877859 0.279479
vt 0.877896 0.279753
vt 0.869304 0.28333
vt 0.877947 0.279734
vt 0.869304 0.28333
vt 0.869346 0.283314
vt 0.877947 0.279734
vt 0.877992 0.27962
vt 0.869347 0.283213
vt 0.878015 0.279445
vt 0.869347 0.283213
vt 0.869319 0.283073
vt 0.878015 0.279445
vt 0.878028 0.279267
vt 0.869289 0.282954
vt 0.878032 0.279112
vt 0.869289 0.282954
vt 0.8692 0.282645
vt 0.878032 0.279112
vt 0.863762 0.265011
vt 0.869959 0.286794
vt 0.866806 0.275487
vt 0.866806 0.275487
vt 0.869959 0.286794
vt 0.868223 0.28026
vt 0.868223 0.28026
vt 0.869959 0.286794
vt 0.868997 0.282569
vt 0.869304 0.28333
vt 0.869225 0.283185
vt 0.870403 0.286601
vt 0.869304 0.28333
vt 0.870403 0.286601
vt 0.869346 0.283314
vt 0.869346 0.283314
vt 0.870403 0.286601
vt 0.869347 0.283213
vt 0.869347 0.283213
vt 0.870403 0.286601
vt 0.869319 0.283073
vt 0.869319 0.283073
vt 0.870403 0.286601
vt 0.869289 0.282954
vt 0.869289 0.282954
vt 0.870403 0.286601
vt 0.8692 0.282645
vt 0.870403 0.286601
vt 0.869225 0.283185
vt 0.869959 0.286794
vt 0.869225 0.283185
vt 0.868997 0.282569
vt 0.869959 0.286794
vt 0.878065 0.283266
vt 0.877496 0.283514
vt 0.877859 0.279479
vt 0.878033 0.278881
vt 0.878065 0.283266
vt 0.878032 0.279112
vt 0.878032 0.279112
vt 0.878065 0.283266
vt 0.878028 0.279267
vt 0.878028 0.279267
vt 0.878065 0.283266
vt 0.878015 0.279445
vt 0.878015 0.279445
vt 0.878065 0.283266
vt 0.877992 0.27962
vt 0.877992 0.27962
vt 0.878065 0.283266
vt 0.877947 0.279734
vt 0.877947 0.279734
vt 0.878065 0.283266
vt 0.877896 0.279753
vt 0.877896 0.279753
vt 0.878065 0.283266
vt 0.877859 0.279479
vt 0.877859 0.279479
vt 0.877496 0.283514
vt 0.877827 0.279023
vt 0.877827 0.279023
vt 0.877496 0.283514
vt 0.877801 0.278614
vt 0.877801 0.278614
vt 0.877496 0.283514
vt 0.877756 0.277734
vt 0.877756 0.277734
vt 0.877496 0.283514
vt 0.877723 0.273457
vt 0.877818 0.258958
vt 0.877723 0.273457
vt 0.877496 0.283514
vt 0.863762 0.265011
vt 0.877818 0.258958
vt 0.877205 0.259223
vt 0.869959 0.286794
vt 0.877205 0.259223
vt 0.876883 0.283781
vt 0.869959 0.286794
vt 0.863762 0.265011
vt 0.877205 0.259223
vt 0.877818 0.258958
vt 0.877496 0.283514
vt 0.877205 0.259223
vt 0.877205 0.259223
vt 0.877496 0.283514
vt 0.876883 0.283781
vt 0.118817 0.281909
vt 0.118863 0.275011
vt 0.121935 0.283266
vt 0.118863 0.275011
vt 0.118963 0.257573
vt 0.121935 0.283266
vt 0.122101 0.253746
vt 0.122096 0.258922
vt 0.11897 0.252602
vt 0.11897 0.252602
vt 0.122096 0.258922
vt 0.118963 0.257573
vt 0.122096 0.258922
vt 0.121935 0.283266
vt 0.118963 0.257573
vt 0.877496 0.283514
vt 0.878065 0.283266
vt 0.877818 0.258958
vt 0.877899 0.253746
vt 0.877818 0.258958
vt 0.877904 0.258922
vt 0.877904 0.258922
vt 0.877818 0.258958
vt 0.878065 0.283266
vt 0.877496 0.283514
vt 0.877818 0.258958
vt 0.880702 0.282118
vt 0.880702 0.282118
vt 0.877818 0.258958
vt 0.880776 0.274237
vt 0.877818 0.258958
vt 0.877899 0.253746
vt 0.880776 0.274237
vt 0.88103 0.252602
vt 0.880967 0.257603
vt 0.877899 0.253746
vt 0.880967 0.257603
vt 0.880776 0.274237
vt 0.877899 0.253746
vt 0.880702 0.282118
vt 0.880776 0.274237
vt 0.881183 0.281909
vt 0.881183 0.281909
vt 0.880776 0.274237
vt 0.881137 0.275011
vt 0.880776 0.274237
vt 0.880967 0.257603
vt 0.881137 0.275011
vt 0.88103 0.252602
vt 0.881037 0.257573
vt 0.880967 0.257603
vt 0.881037 0.257573
vt 0.881137 0.275011
vt 0.880967 0.257603
vt 0.881183 0.281909
vt 0.881137 0.275011
vt 0.880702 0.282118
vt 0.880702 0.282118
vt 0.881137 0.275011
vt 0.880776 0.274237
vt 0.647921 0.376139
vt 0.648061 0.38215
vt 0.647929 0.375151
vt 0.647871 0.376669
vt 0.648061 0.38215
vt 0.647921 0.376139
vt 0.64783 0.376933
vt 0.648061 0.38215
vt 0.647871 0.376669
vt 0.647779 0.377223
vt 0.648061 0.38215
vt 0.64783 0.376933
vt 0.647668 0.377544
vt 0.648061 0.38215
vt 0.647779 0.377223
vt 0.647559 0.377684
vt 0.648061 0.38215
vt 0.647668 0.377544
vt 0.647559 0.377684
vt 0.646456 0.38215
vt 0.648061 0.38215
vt 0.647483 0.377591
vt 0.646456 0.38215
vt 0.647559 0.377684
vt 0.647395 0.377112
vt 0.646456 0.38215
vt 0.647483 0.377591
vt 0.647199 0.375403
vt 0.646456 0.38215
vt 0.647395 0.377112
vt 0.646456 0.38215
vt 0.646987 0.372325
vt 0.646882 0.358399
vt 0.647199 0.375403
vt 0.646987 0.372325
vt 0.646456 0.38215
vt 0.975684 0.266666
vt 0.970716 0.269638
vt 0.975684 0.266666
vt 0.970716 0.269638
vt 0.970716 0.269638
vt 0.975684 0.266666
vt 0.970716 0.269638
vt 0.975684 0.266666
vt 0.975684 0.266558
vt 0.975684 0.266666
vt 0.975684 0.266666
vt 0.975684 0.266558
vt 0.975684 0.266666
vt 0.975684 0.266558
vt 0.975684 0.266558
vt 0.970716 0.269638
vt 0.970716 0.269638
vt 0.975684 0.266558
vt 0.970716 0.269638
vt 0.975684 0.266558
vt 0.975684 0.266558
vt 0.620861 0.402391
vt 0.64916 0.390206
vt 0.64916 0.390206
vt 0.64916 0.390206
vt 0.64916 0.390206
vt 0.82222 0.315687
vt 0.883127 0.28946
vt 0.82222 0.315687
vt 0.64916 0.390206
vt 0.975684 0.249605
vt 0.975684 0.249605
vt 0.975684 0.251919
vt 0.975684 0.251919
vt 0.975684 0.249605
vt 0.975684 0.256826
vt 0.975684 0.266558
vt 0.975684 0.256826
vt 0.975684 0.266558
vt 0.975684 0.266558
vt 0.975684 0.256826
vt 0.975684 0.249605
vt 0.64916 0.462022
vt 0.775456 0.386456
vt 0.907518 0.307447
vt 0.775456 0.386456
vt 0.64916 0.462022
vt 0.64916 0.462022
vt 0.642445 0.46604
vt 0.64916 0.462022
vt 0.641695 0.466497
vt 0.641695 0.466497
vt 0.64916 0.462022
vt 0.64916 0.462022
vt 0.775456 0.386456
vt 0.907518 0.307447
vt 0.907518 0.307447
vt 0.907518 0.307447
vt 0.938139 0.289128
vt 0.907518 0.307447
vt 0.907518 0.307447
vt 0.938139 0.289128
vt 0.937802 0.28933
vt 0.970716 0.269638
vt 0.937802 0.28933
vt 0.970716 0.269638
vt 0.970716 0.269638
vt 0.937802 0.28933
vt 0.938139 0.289128
vt 0.641695 0.466497
vt 0.609204 0.486298
vt 0.642445 0.46604
vt 0.609204 0.486298
vt 0.610093 0.485765
vt 0.642445 0.46604
vt 0.503185 0.441367
vt 0.503185 0.463379
vt 0.503185 0.441367
vt 0.503185 0.441367
vt 0.503185 0.463379
vt 0.503185 0.485468
vt 0.503185 0.463379
vt 0.503185 0.488668
vt 0.503185 0.485468
vt 0.503185 0.488668
vt 0.503185 0.515001
vt 0.503185 0.485468
vt 0.503185 0.512579
vt 0.503185 0.527638
vt 0.503185 0.526474
vt 0.503185 0.527638
vt 0.503185 0.542366
vt 0.503185 0.526474
vt 0.503185 0.55092
vt 0.503185 0.54179
vt 0.503185 0.55092
vt 0.503185 0.54179
vt 0.503185 0.526474
vt 0.503185 0.55092
vt 0.503185 0.512579
vt 0.503185 0.485468
vt 0.503185 0.527638
vt 0.503185 0.55092
vt 0.503185 0.526474
vt 0.503185 0.542366
vt 0.503185 0.527638
vt 0.503185 0.485468
vt 0.503185 0.515001
vt 0.503185 0.55092
vt 0.610093 0.485765
vt 0.609204 0.486298
vt 0.620861 0.402391
vt 0.503185 0.441367
vt 0.64916 0.414308
vt 0.503185 0.441367
vt 0.503185 0.485468
vt 0.64916 0.414308
vt 0.503185 0.485468
vt 0.503185 0.512579
vt 0.64916 0.414308
vt 0.503185 0.526474
vt 0.641695 0.466497
vt 0.503185 0.512579
vt 0.641695 0.466497
vt 0.503185 0.526474
vt 0.609204 0.486298
vt 0.503185 0.526474
vt 0.503185 0.54179
vt 0.516577 0.542747
vt 0.503185 0.55092
vt 0.516577 0.542747
vt 0.503185 0.54179
vt 0.516577 0.542747
vt 0.609204 0.486298
vt 0.503185 0.526474
vt 0.641695 0.466497
vt 0.64916 0.462022
vt 0.503185 0.512579
vt 0.64916 0.462022
vt 0.64916 0.414308
vt 0.503185 0.512579
vt 0.64916 0.414308
vt 0.64916 0.393018
vt 0.620861 0.402391
vt 0.64916 0.393018
vt 0.64916 0.390206
vt 0.620861 0.402391
vt 0.64916 0.390206
vt 0.64916 0.393018
vt 0.883127 0.28946
vt 0.64916 0.462022
vt 0.975684 0.249605
vt 0.64916 0.414308
vt 0.64916 0.462022
vt 0.907518 0.307447
vt 0.975684 0.249605
vt 0.907518 0.307447
vt 0.937802 0.28933
vt 0.975684 0.249605
vt 0.970716 0.269638
vt 0.975684 0.266558
vt 0.937802 0.28933
vt 0.975684 0.266558
vt 0.975684 0.249605
vt 0.937802 0.28933
vt 0.64916 0.414308
vt 0.883127 0.28946
vt 0.64916 0.393018
vt 0.883127 0.28946
vt 0.975684 0.249605
vt 0.975684 0.249605
vt 0.975684 0.249605
vt 0.82222 0.315687
vt 0.883127 0.28946
vt 0.975684 0.249605
vt 0.883127 0.28946
vt 0.64916 0.414308
vt 0.977211 0.266666
vt 0.977211 0.266666
vt 0.972243 0.269638
vt 0.972243 0.269638
vt 0.977211 0.266666
vt 0.972243 0.269638
vt 0.972243 0.269638
vt 0.977211 0.266558
vt 0.977211 0.266666
vt 0.977211 0.266666
vt 0.977211 0.266558
vt 0.977211 0.266666
vt 0.977211 0.266666
vt 0.977211 0.266558
vt 0.977211 0.266558
vt 0.972243 0.269638
vt 0.977211 0.266558
vt 0.972243 0.269638
vt 0.972243 0.269638
vt 0.977211 0.266558
vt 0.977211 0.266558
vt 0.622387 0.402391
vt 0.650687 0.390206
vt 0.650687 0.390206
vt 0.650687 0.390206
vt 0.823747 0.315687
vt 0.650687 0.390206
vt 0.884654 0.28946
vt 0.650687 0.390206
vt 0.823747 0.315687
vt 0.977211 0.249605
vt 0.977211 0.251919
vt 0.977211 0.249605
vt 0.977211 0.251919
vt 0.977211 0.256826
vt 0.977211 0.249605
vt 0.977211 0.266558
vt 0.977211 0.266558
vt 0.977211 0.256826
vt 0.977211 0.266558
vt 0.977211 0.249605
vt 0.977211 0.256826
vt 0.650687 0.462022
vt 0.909045 0.307447
vt 0.776983 0.386456
vt 0.776983 0.386456
vt 0.650687 0.462022
vt 0.650687 0.462022
vt 0.643971 0.46604
vt 0.643221 0.466497
vt 0.650687 0.462022
vt 0.643221 0.466497
vt 0.650687 0.462022
vt 0.650687 0.462022
vt 0.776983 0.386456
vt 0.909045 0.307447
vt 0.909045 0.307447
vt 0.909045 0.307447
vt 0.909045 0.307447
vt 0.939665 0.289128
vt 0.909045 0.307447
vt 0.939329 0.28933
vt 0.939665 0.289128
vt 0.972243 0.269638
vt 0.972243 0.269638
vt 0.939329 0.28933
vt 0.972243 0.269638
vt 0.939665 0.289128
vt 0.939329 0.28933
vt 0.643221 0.466497
vt 0.643971 0.46604
vt 0.610731 0.486298
vt 0.610731 0.486298
vt 0.643971 0.46604
vt 0.611619 0.485765
vt 0.504712 0.441367
vt 0.504712 0.441367
vt 0.504712 0.463379
vt 0.504712 0.441367
vt 0.504712 0.485468
vt 0.504712 0.463379
vt 0.504712 0.463379
vt 0.504712 0.485468
vt 0.504712 0.488668
vt 0.504712 0.488668
vt 0.504712 0.485468
vt 0.504712 0.515001
vt 0.504712 0.512579
vt 0.504712 0.526474
vt 0.504712 0.527638
vt 0.504712 0.527638
vt 0.504712 0.526474
vt 0.504712 0.542366
vt 0.504712 0.55092
vt 0.504712 0.55092
vt 0.504712 0.54179
vt 0.504712 0.54179
vt 0.504712 0.55092
vt 0.504712 0.526474
vt 0.504712 0.512579
vt 0.504712 0.527638
vt 0.504712 0.485468
vt 0.504712 0.55092
vt 0.504712 0.542366
vt 0.504712 0.526474
vt 0.504712 0.527638
vt 0.504712 0.515001
vt 0.504712 0.485468
vt 0.504712 0.55092
vt 0.610731 0.486298
vt 0.611619 0.485765
vt 0.622387 0.402391
vt 0.650687 0.414308
vt 0.504712 0.441367
vt 0.504712 0.441367
vt 0.650687 0.414308
vt 0.504712 0.485468
vt 0.504712 0.485468
vt 0.650687 0.414308
vt 0.504712 0.512579
vt 0.504712 0.526474
vt 0.504712 0.512579
vt 0.643221 0.466497
vt 0.643221 0.466497
vt 0.610731 0.486298
vt 0.504712 0.526474
vt 0.504712 0.526474
vt 0.518104 0.542747
vt 0.504712 0.54179
vt 0.504712 0.55092
vt 0.504712 0.54179
vt 0.518104 0.542747
vt 0.518104 0.542747
vt 0.504712 0.526474
vt 0.610731 0.486298
vt 0.643221 0.466497
vt 0.504712 0.512579
vt 0.650687 0.462022
vt 0.650687 0.462022
vt 0.504712 0.512579
vt 0.650687 0.414308
vt 0.650687 0.414308
vt 0.622387 0.402391
vt 0.650687 0.393018
vt 0.650687 0.393018
vt 0.622387 0.402391
vt 0.650687 0.390206
vt 0.650687 0.390206
vt 0.884654 0.28946
vt 0.650687 0.393018
vt 0.650687 0.462022
vt 0.650687 0.414308
vt 0.977211 0.249605
vt 0.650687 0.462022
vt 0.977211 0.249605
vt 0.909045 0.307447
vt 0.909045 0.307447
vt 0.977211 0.249605
vt 0.939329 0.28933
vt 0.972243 0.269638
vt 0.939329 0.28933
vt 0.977211 0.266558
vt 0.977211 0.266558
vt 0.939329 0.28933
vt 0.977211 0.249605
vt 0.650687 0.414308
vt 0.650687 0.393018
vt 0.884654 0.28946
vt 0.884654 0.28946
vt 0.977211 0.249605
vt 0.977211 0.249605
vt 0.977211 0.249605
vt 0.884654 0.28946
vt 0.823747 0.315687
vt 0.977211 0.249605
vt 0.650687 0.414308
vt 0.884654 0.28946
vt 0.024316 0.266666
vt 0.0292841 0.269638
vt 0.024316 0.266558
vt 0.35084 0.390206
vt 0.35084 0.393018
vt 0.379139 0.402391
vt 0.35084 0.462022
vt 0.357555 0.46604
vt 0.35084 0.427587
vt 0.357555 0.46604
vt 0.389907 0.485765
vt 0.35084 0.427587
vt 0.35084 0.427587
vt 0.389907 0.485765
vt 0.496815 0.515001
vt 0.35084 0.427587
vt 0.496815 0.515001
vt 0.496815 0.488668
vt 0.35084 0.427587
vt 0.496815 0.488668
vt 0.496815 0.463379
vt 0.35084 0.427587
vt 0.496815 0.463379
vt 0.379139 0.402391
vt 0.35084 0.427587
vt 0.379139 0.402391
vt 0.35084 0.393018
vt 0.496815 0.515001
vt 0.389907 0.485765
vt 0.496815 0.527638
vt 0.482233 0.542023
vt 0.496815 0.55092
vt 0.496815 0.542366
vt 0.496815 0.542366
vt 0.496815 0.527638
vt 0.482233 0.542023
vt 0.496815 0.527638
vt 0.389907 0.485765
vt 0.482233 0.542023
vt 0.496815 0.463379
vt 0.496815 0.441367
vt 0.379139 0.402391
vt 0.061861 0.289128
vt 0.0924817 0.307447
vt 0.024316 0.256826
vt 0.061861 0.289128
vt 0.024316 0.256826
vt 0.024316 0.266558
vt 0.061861 0.289128
vt 0.024316 0.266558
vt 0.0292841 0.269638
vt 0.35084 0.462022
vt 0.35084 0.427587
vt 0.224544 0.386456
vt 0.35084 0.393018
vt 0.17778 0.315687
vt 0.35084 0.427587
vt 0.35084 0.393018
vt 0.35084 0.390206
vt 0.17778 0.315687
vt 0.17778 0.315687
vt 0.024316 0.249605
vt 0.35084 0.427587
vt 0.024316 0.249605
vt 0.024316 0.251919
vt 0.35084 0.427587
vt 0.024316 0.251919
vt 0.024316 0.256826
vt 0.35084 0.427587
vt 0.0924817 0.307447
vt 0.224544 0.386456
vt 0.024316 0.256826
vt 0.024316 0.256826
vt 0.224544 0.386456
vt 0.35084 0.427587
vt 0.977211 0.266666
vt 0.977211 0.266558
vt 0.972243 0.269638
vt 0.349313 0.390206
vt 0.377613 0.402391
vt 0.349313 0.393018
vt 0.349313 0.462022
vt 0.349313 0.427587
vt 0.356029 0.46604
vt 0.349313 0.427587
vt 0.388381 0.485765
vt 0.356029 0.46604
vt 0.349313 0.427587
vt 0.495288 0.515001
vt 0.388381 0.485765
vt 0.349313 0.427587
vt 0.495288 0.488668
vt 0.495288 0.515001
vt 0.349313 0.427587
vt 0.495288 0.463379
vt 0.495288 0.488668
vt 0.349313 0.427587
vt 0.377613 0.402391
vt 0.495288 0.463379
vt 0.349313 0.427587
vt 0.349313 0.393018
vt 0.377613 0.402391
vt 0.495288 0.515001
vt 0.495288 0.527638
vt 0.388381 0.485765
vt 0.480707 0.542023
vt 0.495288 0.542366
vt 0.495288 0.55092
vt 0.495288 0.542366
vt 0.480707 0.542023
vt 0.495288 0.527638
vt 0.480707 0.542023
vt 0.388381 0.485765
vt 0.495288 0.527638
vt 0.495288 0.463379
vt 0.377613 0.402391
vt 0.495288 0.441367
vt 0.0603346 0.289128
vt 0.0227894 0.256826
vt 0.090955 0.307447
vt 0.0603346 0.289128
vt 0.0227894 0.266558
vt 0.0227894 0.256826
vt 0.0603346 0.289128
vt 0.0277573 0.269638
vt 0.0227894 0.266558
vt 0.349313 0.462022
vt 0.223017 0.386456
vt 0.349313 0.427587
vt 0.349313 0.393018
vt 0.349313 0.427587
vt 0.176253 0.315687
vt 0.349313 0.393018
vt 0.176253 0.315687
vt 0.349313 0.390206
vt 0.176253 0.315687
vt 0.349313 0.427587
vt 0.0227894 0.249605
vt 0.0227894 0.249605
vt 0.349313 0.427587
vt 0.0227894 0.251919
vt 0.0227894 0.251919
vt 0.349313 0.427587
vt 0.0227894 0.256826
vt 0.090955 0.307447
vt 0.0227894 0.256826
vt 0.223017 0.386456
vt 0.0227894 0.256826
vt 0.349313 0.427587
vt 0.223017 0.386456
vt 0.975485 0.232794
vt 0.975684 0.21745
vt 0.879863 0.273973
vt 0.879863 0.273973
vt 0.975684 0.21745
vt 0.880126 0.252374
vt 0.975742 0.233252
vt 0.975684 0.21745
vt 0.975485 0.232794
vt 0.024316 0.21745
vt 0.0242585 0.233252
vt 0.119778 0.274745
vt 0.119874 0.252374
vt 0.024316 0.21745
vt 0.119778 0.274745
vt 0.880126 0.252374
vt 0.880222 0.274745
vt 0.879863 0.273973
vt 0.881389 0.273973
vt 0.977211 0.21745
vt 0.977011 0.232794
vt 0.881653 0.252374
vt 0.977211 0.21745
vt 0.881389 0.273973
vt 0.977011 0.232794
vt 0.977211 0.21745
vt 0.977268 0.233252
vt 0.0227894 0.21745
vt 0.118251 0.274745
vt 0.022732 0.233252
vt 0.118251 0.274745
vt 0.0227894 0.21745
vt 0.118347 0.252374
vt 0.881653 0.252374
vt 0.881389 0.273973
vt 0.881749 0.274745
vt 0.399654 0.311961
vt 0.394838 0.336786
vt 0.396597 0.311961
vt 0.399654 0.311961
vt 0.402792 0.336786
vt 0.394838 0.336786
vt 0.402045 0.402107
vt 0.402162 0.398953
vt 0.401749 0.404408
vt 0.398653 0.311961
vt 0.401019 0.358036
vt 0.401727 0.336133
vt 0.402162 0.398953
vt 0.402268 0.398953
vt 0.402973 0.37233
vt 0.402129 0.400589
vt 0.402162 0.398953
vt 0.402045 0.402107
vt 0.401858 0.370618
vt 0.401727 0.336133
vt 0.401019 0.358036
vt 0.401858 0.370618
vt 0.403163 0.361364
vt 0.401727 0.336133
vt 0.401858 0.370618
vt 0.402973 0.37233
vt 0.403163 0.361364
vt 0.401858 0.370618
vt 0.402162 0.398953
vt 0.402973 0.37233
vt 0.401858 0.370618
vt 0.401749 0.404408
vt 0.402162 0.398953
vt 0.40135 0.40526
vt 0.401749 0.404408
vt 0.401858 0.370618
vt 0.400953 0.404462
vt 0.40135 0.40526
vt 0.401858 0.370618
vt 0.400953 0.404462
vt 0.401858 0.370618
vt 0.401019 0.358036
vt 0.399654 0.311961
vt 0.398653 0.311961
vt 0.401727 0.336133
vt 0.402792 0.336786
vt 0.401727 0.336133
vt 0.403163 0.361364
vt 0.402792 0.336786
vt 0.399654 0.311961
vt 0.401727 0.336133
vt 0.392321 0.358348
vt 0.393366 0.405122
vt 0.393008 0.40508
vt 0.392321 0.358348
vt 0.394449 0.362751
vt 0.393366 0.405122
vt 0.395072 0.325615
vt 0.396597 0.311961
vt 0.394838 0.336786
vt 0.393309 0.342815
vt 0.394449 0.362751
vt 0.392321 0.358348
vt 0.395538 0.311961
vt 0.393309 0.342815
vt 0.392321 0.358348
vt 0.393917 0.40173
vt 0.393692 0.403931
vt 0.393366 0.405122
vt 0.39399 0.398953
vt 0.393917 0.40173
vt 0.393366 0.405122
vt 0.39441 0.370429
vt 0.393366 0.405122
vt 0.394449 0.362751
vt 0.39441 0.370429
vt 0.39399 0.398953
vt 0.393366 0.405122
vt 0.394233 0.398953
vt 0.39399 0.398953
vt 0.39441 0.370429
vt 0.394345 0.342781
vt 0.395072 0.325615
vt 0.394838 0.336786
vt 0.394345 0.342781
vt 0.393309 0.342815
vt 0.395072 0.325615
vt 0.394345 0.342781
vt 0.394449 0.362751
vt 0.393309 0.342815
vt 0.394449 0.362751
vt 0.394345 0.342781
vt 0.394838 0.336786
vt 0.394248 0.325567
vt 0.393309 0.342815
vt 0.395538 0.311961
vt 0.394248 0.325567
vt 0.395072 0.325615
vt 0.393309 0.342815
vt 0.394248 0.325567
vt 0.396597 0.311961
vt 0.395072 0.325615
vt 0.396597 0.311961
vt 0.394248 0.325567
vt 0.395538 0.311961
vt 0.395666 0.311961
vt 0.392886 0.334643
vt 0.393523 0.334642
vt 0.392886 0.334643
vt 0.392185 0.362872
vt 0.3929 0.362904
vt 0.393062 0.403061
vt 0.392185 0.362872
vt 0.392818 0.403784
vt 0.393062 0.403061
vt 0.3929 0.362904
vt 0.392185 0.362872
vt 0.393523 0.334642
vt 0.392886 0.334643
vt 0.3929 0.362904
vt 0.396013 0.311961
vt 0.395666 0.311961
vt 0.393523 0.334642
vt 0.394092 0.402115
vt 0.394652 0.401991
vt 0.3929 0.362904
vt 0.393501 0.402483
vt 0.394092 0.402115
vt 0.3929 0.362904
vt 0.393501 0.402483
vt 0.3929 0.362904
vt 0.393062 0.403061
vt 0.392827 0.404575
vt 0.392818 0.403784
vt 0.392185 0.362872
vt 0.392321 0.358348
vt 0.392886 0.334643
vt 0.395494 0.311961
vt 0.392321 0.358348
vt 0.392185 0.362872
vt 0.392886 0.334643
vt 0.392321 0.358348
vt 0.392827 0.404575
vt 0.392185 0.362872
vt 0.393008 0.40508
vt 0.392827 0.404575
vt 0.392321 0.358348
vt 0.395538 0.311961
vt 0.392321 0.358348
vt 0.395494 0.311961
vt 0.395495 0.311961
vt 0.395494 0.311961
vt 0.392886 0.334643
vt 0.395495 0.311961
vt 0.392886 0.334643
vt 0.395666 0.311961
vt 0.396321 0.311961
vt 0.396013 0.311961
vt 0.393523 0.334642
vt 0.39616 0.356757
vt 0.394652 0.401991
vt 0.396436 0.401695
vt 0.39616 0.356757
vt 0.3929 0.362904
vt 0.394652 0.401991
vt 0.39616 0.356757
vt 0.393523 0.334642
vt 0.3929 0.362904
vt 0.39616 0.356757
vt 0.396321 0.311961
vt 0.393523 0.334642
vt 0.396891 0.311961
vt 0.396321 0.311961
vt 0.39616 0.356757
vt 0.400314 0.357519
vt 0.398247 0.311961
vt 0.399447 0.357538
vt 0.39993 0.401703
vt 0.400314 0.357519
vt 0.399447 0.357538
vt 0.399314 0.401359
vt 0.39993 0.401703
vt 0.399447 0.357538
vt 0.39852 0.311961
vt 0.398247 0.311961
vt 0.400314 0.357519
vt 0.400377 0.402212
vt 0.40067 0.402854
vt 0.400314 0.357519
vt 0.400377 0.402212
vt 0.400314 0.357519
vt 0.39993 0.401703
vt 0.398949 0.401281
vt 0.399314 0.401359
vt 0.399447 0.357538
vt 0.398571 0.401284
vt 0.398949 0.401281
vt 0.399447 0.357538
vt 0.39616 0.356757
vt 0.399447 0.357538
vt 0.397833 0.311961
vt 0.39616 0.356757
vt 0.398571 0.401284
vt 0.399447 0.357538
vt 0.396436 0.401695
vt 0.398571 0.401284
vt 0.39616 0.356757
vt 0.396891 0.311961
vt 0.39616 0.356757
vt 0.397833 0.311961
vt 0.397833 0.311961
vt 0.399447 0.357538
vt 0.398247 0.311961
vt 0.401019 0.358036
vt 0.400832 0.403784
vt 0.400953 0.404462
vt 0.401019 0.358036
vt 0.40067 0.402854
vt 0.400832 0.403784
vt 0.401019 0.358036
vt 0.400314 0.357519
vt 0.40067 0.402854
vt 0.401019 0.358036
vt 0.39852 0.311961
vt 0.400314 0.357519
vt 0.398653 0.311961
vt 0.39852 0.311961
vt 0.401019 0.358036
vt 0.396891 0.311961
vt 0.396947 0.309545
vt 0.396321 0.311961
vt 0.398542 0.303686
vt 0.396597 0.311961
vt 0.39725 0.30369
vt 0.398542 0.303686
vt 0.399654 0.311961
vt 0.396597 0.311961
vt 0.397831 0.303686
vt 0.398542 0.303686
vt 0.397572 0.303686
vt 0.397744 0.303686
vt 0.397831 0.303686
vt 0.397572 0.303686
vt 0.397341 0.303686
vt 0.397572 0.303686
vt 0.398542 0.303686
vt 0.397086 0.303686
vt 0.397341 0.303686
vt 0.398542 0.303686
vt 0.396847 0.303686
vt 0.397086 0.303686
vt 0.398542 0.303686
vt 0.396659 0.303686
vt 0.396847 0.303686
vt 0.398542 0.303686
vt 0.396551 0.303686
vt 0.396659 0.303686
vt 0.398542 0.303686
vt 0.396539 0.303686
vt 0.396551 0.303686
vt 0.398542 0.303686
vt 0.39725 0.30369
vt 0.396539 0.303686
vt 0.398542 0.303686
vt 0.397341 0.303686
vt 0.396891 0.311961
vt 0.397833 0.311961
vt 0.397086 0.303686
vt 0.396891 0.311961
vt 0.397341 0.303686
vt 0.397572 0.303686
vt 0.397341 0.303686
vt 0.397833 0.311961
vt 0.39852 0.311961
vt 0.397744 0.303686
vt 0.398247 0.311961
vt 0.397831 0.303686
vt 0.397744 0.303686
vt 0.39852 0.311961
vt 0.398653 0.311961
vt 0.397831 0.303686
vt 0.39852 0.311961
vt 0.397572 0.303686
vt 0.398247 0.311961
vt 0.397744 0.303686
vt 0.398247 0.311961
vt 0.397572 0.303686
vt 0.397833 0.311961
vt 0.396847 0.303686
vt 0.396947 0.309545
vt 0.397086 0.303686
vt 0.395666 0.311961
vt 0.396551 0.303686
vt 0.395495 0.311961
vt 0.396659 0.303686
vt 0.396551 0.303686
vt 0.395666 0.311961
vt 0.396321 0.311961
vt 0.396847 0.303686
vt 0.396013 0.311961
vt 0.396321 0.311961
vt 0.396947 0.309545
vt 0.396847 0.303686
vt 0.396659 0.303686
vt 0.396013 0.311961
vt 0.396847 0.303686
vt 0.396013 0.311961
vt 0.396659 0.303686
vt 0.395666 0.311961
vt 0.395494 0.311961
vt 0.395495 0.311961
vt 0.396551 0.303686
vt 0.396539 0.303686
vt 0.395494 0.311961
vt 0.396551 0.303686
vt 0.395538 0.311961
vt 0.395494 0.311961
vt 0.396539 0.303686
vt 0.39725 0.30369
vt 0.396597 0.311961
vt 0.396539 0.303686
vt 0.395538 0.311961
vt 0.396539 0.303686
vt 0.396597 0.311961
vt 0.399654 0.311961
vt 0.398542 0.303686
vt 0.397831 0.303686
vt 0.398653 0.311961
vt 0.399654 0.311961
vt 0.397831 0.303686
vt 0 0
vt 0 0
vt 0.282648 0.311864
vt 0.284974 0.288577
vt 0.288177 0.288577
vt 0.288177 0.288577
vt 0.291482 0.315092
vt 0.282648 0.311864
vt 0.281719 0.376576
vt 0.281592 0.376875
vt 0.281179 0.355897
vt 0.282213 0.353251
vt 0.280836 0.333697
vt 0.282134 0.334016
vt 0.282213 0.353251
vt 0.281179 0.355897
vt 0.280836 0.333697
vt 0.28536 0.330945
vt 0.28172 0.355831
vt 0.28555 0.373396
vt 0.28345 0.299431
vt 0.282648 0.311864
vt 0.281182 0.315343
vt 0.280836 0.333697
vt 0.281421 0.333808
vt 0.281182 0.315343
vt 0.280836 0.333697
vt 0.281182 0.315343
vt 0.282648 0.311864
vt 0.282162 0.325225
vt 0.280836 0.333697
vt 0.282648 0.311864
vt 0.281747 0.315353
vt 0.281421 0.333808
vt 0.28536 0.330945
vt 0.281182 0.315343
vt 0.281421 0.333808
vt 0.281747 0.315353
vt 0.281747 0.315353
vt 0.282635 0.299137
vt 0.281182 0.315343
vt 0.284974 0.288577
vt 0.282648 0.311864
vt 0.28345 0.299431
vt 0.28172 0.355831
vt 0.281421 0.333808
vt 0.280836 0.333697
vt 0.28536 0.330945
vt 0.281421 0.333808
vt 0.28172 0.355831
vt 0.28578 0.288577
vt 0.281747 0.315353
vt 0.28536 0.330945
vt 0.283675 0.373656
vt 0.28555 0.373396
vt 0.28172 0.355831
vt 0.283131 0.373767
vt 0.283675 0.373656
vt 0.28172 0.355831
vt 0.282461 0.374129
vt 0.283131 0.373767
vt 0.28172 0.355831
vt 0.281927 0.374734
vt 0.282461 0.374129
vt 0.28172 0.355831
vt 0.281179 0.355897
vt 0.28172 0.355831
vt 0.280836 0.333697
vt 0.281179 0.355897
vt 0.281927 0.374734
vt 0.28172 0.355831
vt 0.281575 0.375527
vt 0.281927 0.374734
vt 0.281179 0.355897
vt 0.281431 0.37622
vt 0.281575 0.375527
vt 0.281179 0.355897
vt 0.281482 0.376714
vt 0.281431 0.37622
vt 0.281179 0.355897
vt 0.281482 0.376714
vt 0.281179 0.355897
vt 0.281592 0.376875
vt 0.281835 0.375803
vt 0.281719 0.376576
vt 0.281179 0.355897
vt 0.281931 0.374577
vt 0.281835 0.375803
vt 0.281179 0.355897
vt 0.281997 0.372969
vt 0.281931 0.374577
vt 0.281179 0.355897
vt 0.28202 0.371107
vt 0.281997 0.372969
vt 0.281179 0.355897
vt 0.28218 0.360254
vt 0.28202 0.371107
vt 0.281179 0.355897
vt 0.282113 0.371107
vt 0.28202 0.371107
vt 0.28218 0.360254
vt 0.28218 0.360254
vt 0.281179 0.355897
vt 0.282213 0.353251
vt 0.282134 0.331288
vt 0.282134 0.334016
vt 0.280836 0.333697
vt 0.282134 0.331288
vt 0.280836 0.333697
vt 0.282162 0.325225
vt 0.284216 0.288577
vt 0.284974 0.288577
vt 0.28345 0.299431
vt 0.28345 0.299431
vt 0.282635 0.299137
vt 0.284216 0.288577
vt 0.28345 0.299431
vt 0.281182 0.315343
vt 0.282635 0.299137
vt 0.284252 0.288577
vt 0.284216 0.288577
vt 0.282635 0.299137
vt 0.283038 0.299087
vt 0.281747 0.315353
vt 0.28578 0.288577
vt 0.283038 0.299087
vt 0.282635 0.299137
vt 0.281747 0.315353
vt 0.283038 0.299087
vt 0.284252 0.288577
vt 0.282635 0.299137
vt 0.284394 0.288577
vt 0.284252 0.288577
vt 0.283038 0.299087
vt 0.284627 0.288577
vt 0.284394 0.288577
vt 0.283038 0.299087
vt 0.285233 0.288577
vt 0.284627 0.288577
vt 0.283038 0.299087
vt 0.285233 0.288577
vt 0.283038 0.299087
vt 0.28578 0.288577
vt 0.289619 0.34914
vt 0.290667 0.376339
vt 0.290772 0.375452
vt 0.287345 0.315244
vt 0.289669 0.315229
vt 0.287057 0.288577
vt 0.287345 0.315244
vt 0.28536 0.330945
vt 0.289669 0.315229
vt 0.289619 0.34914
vt 0.289669 0.315229
vt 0.28536 0.330945
vt 0.287376 0.288577
vt 0.287057 0.288577
vt 0.289669 0.315229
vt 0.291677 0.334821
vt 0.291754 0.326997
vt 0.289669 0.315229
vt 0.291592 0.338188
vt 0.289619 0.34914
vt 0.291106 0.35602
vt 0.291592 0.338188
vt 0.289669 0.315229
vt 0.289619 0.34914
vt 0.291592 0.338188
vt 0.291677 0.334821
vt 0.289669 0.315229
vt 0.290923 0.371107
vt 0.289619 0.34914
vt 0.290772 0.375452
vt 0.290923 0.371107
vt 0.291106 0.35602
vt 0.289619 0.34914
vt 0.290951 0.371107
vt 0.291106 0.35602
vt 0.290923 0.371107
vt 0.290853 0.374216
vt 0.290905 0.372729
vt 0.290923 0.371107
vt 0.290853 0.374216
vt 0.290923 0.371107
vt 0.290772 0.375452
vt 0.290548 0.37681
vt 0.290667 0.376339
vt 0.289619 0.34914
vt 0.290423 0.376829
vt 0.290548 0.37681
vt 0.289619 0.34914
vt 0.290297 0.376394
vt 0.290423 0.376829
vt 0.289619 0.34914
vt 0.29015 0.375527
vt 0.290297 0.376394
vt 0.289619 0.34914
vt 0.289349 0.373898
vt 0.29015 0.375527
vt 0.289619 0.34914
vt 0.2885 0.373334
vt 0.289349 0.373898
vt 0.289619 0.34914
vt 0.287271 0.349103
vt 0.289619 0.34914
vt 0.28536 0.330945
vt 0.287271 0.349103
vt 0.2885 0.373334
vt 0.289619 0.34914
vt 0.287963 0.373221
vt 0.2885 0.373334
vt 0.287271 0.349103
vt 0.28555 0.373396
vt 0.287963 0.373221
vt 0.287271 0.349103
vt 0.28555 0.373396
vt 0.287271 0.349103
vt 0.28536 0.330945
vt 0.28578 0.288577
vt 0.28536 0.330945
vt 0.287345 0.315244
vt 0.286289 0.288577
vt 0.28578 0.288577
vt 0.287345 0.315244
vt 0.286544 0.288577
vt 0.286289 0.288577
vt 0.287345 0.315244
vt 0.286544 0.288577
vt 0.287345 0.315244
vt 0.287057 0.288577
vt 0.287531 0.288577
vt 0.287376 0.288577
vt 0.289669 0.315229
vt 0.288177 0.288577
vt 0.287531 0.288577
vt 0.289669 0.315229
vt 0.291482 0.315092
vt 0.289669 0.315229
vt 0.291754 0.326997
vt 0.291482 0.315092
vt 0.288177 0.288577
vt 0.289669 0.315229
vt 0.286438 0.280314
vt 0.284974 0.288577
vt 0.285783 0.280406
vt 0.288177 0.288577
vt 0.284974 0.288577
vt 0.286438 0.280314
vt 0.286438 0.280314
vt 0.287085 0.280314
vt 0.288177 0.288577
vt 0.286438 0.280314
vt 0.285783 0.280406
vt 0.285787 0.280314
vt 0.286438 0.280314
vt 0.285724 0.280314
vt 0.287085 0.280314
vt 0.285559 0.280314
vt 0.285724 0.280314
vt 0.286438 0.280314
vt 0.286431 0.280314
vt 0.286544 0.280314
vt 0.286666 0.280314
vt 0.286278 0.280314
vt 0.286431 0.280314
vt 0.286666 0.280314
vt 0.28543 0.280314
vt 0.285559 0.280314
vt 0.286438 0.280314
vt 0.285365 0.280314
vt 0.28543 0.280314
vt 0.286438 0.280314
vt 0.285346 0.280314
vt 0.28543 0.280314
vt 0.285365 0.280314
vt 0.285787 0.280314
vt 0.285365 0.280314
vt 0.286438 0.280314
vt 0.287085 0.280314
vt 0.286278 0.280314
vt 0.286666 0.280314
vt 0.287085 0.280314
vt 0.286099 0.280314
vt 0.286278 0.280314
vt 0.287085 0.280314
vt 0.28591 0.280314
vt 0.286099 0.280314
vt 0.287085 0.280314
vt 0.285724 0.280314
vt 0.28591 0.280314
vt 0.286544 0.288577
vt 0.286099 0.280314
vt 0.286289 0.288577
vt 0.286278 0.280314
vt 0.286099 0.280314
vt 0.286544 0.288577
vt 0.287376 0.288577
vt 0.286431 0.280314
vt 0.287057 0.288577
vt 0.286544 0.280314
vt 0.286431 0.280314
vt 0.287376 0.288577
vt 0.288177 0.288577
vt 0.286666 0.280314
vt 0.287531 0.288577
vt 0.287085 0.280314
vt 0.286666 0.280314
vt 0.288177 0.288577
vt 0.286544 0.280314
vt 0.287531 0.288577
vt 0.286666 0.280314
vt 0.287531 0.288577
vt 0.286544 0.280314
vt 0.287376 0.288577
vt 0.286278 0.280314
vt 0.287057 0.288577
vt 0.286431 0.280314
vt 0.287057 0.288577
vt 0.286278 0.280314
vt 0.286544 0.288577
vt 0.28578 0.288577
vt 0.286289 0.288577
vt 0.286099 0.280314
vt 0.28591 0.280314
vt 0.28578 0.288577
vt 0.286099 0.280314
vt 0.285365 0.280314
vt 0.284974 0.288577
vt 0.284216 0.288577
vt 0.285783 0.280406
vt 0.284974 0.288577
vt 0.285787 0.280314
vt 0.285787 0.280314
vt 0.284974 0.288577
vt 0.285365 0.280314
vt 0.285346 0.280314
vt 0.285365 0.280314
vt 0.284216 0.288577
vt 0.284627 0.288577
vt 0.28543 0.280314
vt 0.284394 0.288577
vt 0.285559 0.280314
vt 0.28543 0.280314
vt 0.284627 0.288577
vt 0.28578 0.288577
vt 0.285724 0.280314
vt 0.285233 0.288577
vt 0.28591 0.280314
vt 0.285724 0.280314
vt 0.28578 0.288577
vt 0.285559 0.280314
vt 0.285233 0.288577
vt 0.285724 0.280314
vt 0.285233 0.288577
vt 0.285559 0.280314
vt 0.284627 0.288577
vt 0.285346 0.280314
vt 0.284394 0.288577
vt 0.28543 0.280314
vt 0.284252 0.288577
vt 0.284394 0.288577
vt 0.285346 0.280314
vt 0.284216 0.288577
vt 0.284252 0.288577
vt 0.285346 0.280314
vt 0.1649 0.26883
vt 0.167042 0.246235
vt 0.169988 0.246235
vt 0.169988 0.246235
vt 0.173039 0.271804
vt 0.1649 0.26883
vt 0.16425 0.324394
vt 0.163567 0.303965
vt 0.164044 0.325129
vt 0.16425 0.324394
vt 0.163942 0.303895
vt 0.163567 0.303965
vt 0.164497 0.297146
vt 0.164466 0.281806
vt 0.1649 0.26883
vt 0.166583 0.246235
vt 0.166357 0.246235
vt 0.164686 0.260435
vt 0.163231 0.282378
vt 0.163942 0.303895
vt 0.163646 0.282463
vt 0.163231 0.282378
vt 0.163567 0.303965
vt 0.163942 0.303895
vt 0.163231 0.282378
vt 0.164466 0.281806
vt 0.163567 0.303965
vt 0.163231 0.282378
vt 0.164352 0.260506
vt 0.164466 0.281806
vt 0.16638 0.246235
vt 0.167042 0.246235
vt 0.164352 0.260506
vt 0.165633 0.322735
vt 0.167446 0.30366
vt 0.163942 0.303895
vt 0.167446 0.30366
vt 0.165633 0.322735
vt 0.167775 0.322327
vt 0.165133 0.323011
vt 0.165633 0.322735
vt 0.163942 0.303895
vt 0.164755 0.323394
vt 0.165133 0.323011
vt 0.163942 0.303895
vt 0.164755 0.323394
vt 0.163942 0.303895
vt 0.16425 0.324394
vt 0.164067 0.325453
vt 0.164044 0.325129
vt 0.163567 0.303965
vt 0.164154 0.325398
vt 0.164067 0.325453
vt 0.163567 0.303965
vt 0.164247 0.324996
vt 0.164154 0.325398
vt 0.163567 0.303965
vt 0.163567 0.303965
vt 0.164466 0.281806
vt 0.164497 0.297146
vt 0.164327 0.324278
vt 0.164247 0.324996
vt 0.163567 0.303965
vt 0.16439 0.323296
vt 0.164327 0.324278
vt 0.163567 0.303965
vt 0.16443 0.322125
vt 0.16439 0.323296
vt 0.163567 0.303965
vt 0.164444 0.320856
vt 0.16443 0.322125
vt 0.163567 0.303965
vt 0.164526 0.320856
vt 0.164444 0.320856
vt 0.163567 0.303965
vt 0.164526 0.320856
vt 0.163567 0.303965
vt 0.164497 0.297146
vt 0.164352 0.260506
vt 0.167042 0.246235
vt 0.165304 0.260977
vt 0.165304 0.260977
vt 0.164466 0.281806
vt 0.164352 0.260506
vt 0.165304 0.260977
vt 0.1649 0.26883
vt 0.164466 0.281806
vt 0.167042 0.246235
vt 0.1649 0.26883
vt 0.165304 0.260977
vt 0.164352 0.260506
vt 0.164686 0.260435
vt 0.166357 0.246235
vt 0.164352 0.260506
vt 0.163646 0.282463
vt 0.164686 0.260435
vt 0.164352 0.260506
vt 0.163231 0.282378
vt 0.163646 0.282463
vt 0.16638 0.246235
vt 0.164352 0.260506
vt 0.166357 0.246235
vt 0.166933 0.246235
vt 0.166583 0.246235
vt 0.164686 0.260435
vt 0.167757 0.246235
vt 0.166933 0.246235
vt 0.164686 0.260435
vt 0.167396 0.28445
vt 0.163942 0.303895
vt 0.167446 0.30366
vt 0.167396 0.28445
vt 0.163646 0.282463
vt 0.163942 0.303895
vt 0.167396 0.28445
vt 0.164686 0.260435
vt 0.163646 0.282463
vt 0.167396 0.28445
vt 0.167757 0.246235
vt 0.164686 0.260435
vt 0.172647 0.320856
vt 0.173158 0.290888
vt 0.171765 0.295197
vt 0.171765 0.295197
vt 0.17024 0.272294
vt 0.170295 0.295094
vt 0.170598 0.322373
vt 0.171765 0.295197
vt 0.170295 0.295094
vt 0.167446 0.30366
vt 0.170598 0.322373
vt 0.170295 0.295094
vt 0.167396 0.28445
vt 0.170295 0.295094
vt 0.17024 0.272294
vt 0.17047 0.25068
vt 0.169656 0.246235
vt 0.173039 0.271804
vt 0.169079 0.246235
vt 0.169084 0.250014
vt 0.169794 0.250079
vt 0.169988 0.246235
vt 0.169656 0.246235
vt 0.17047 0.25068
vt 0.169256 0.246235
vt 0.169079 0.246235
vt 0.169794 0.250079
vt 0.167757 0.246235
vt 0.167396 0.28445
vt 0.17024 0.272294
vt 0.172592 0.323339
vt 0.172647 0.320856
vt 0.171765 0.295197
vt 0.172657 0.320856
vt 0.173158 0.290888
vt 0.172647 0.320856
vt 0.172633 0.32215
vt 0.172647 0.320856
vt 0.172592 0.323339
vt 0.172527 0.324327
vt 0.172592 0.323339
vt 0.171765 0.295197
vt 0.172443 0.325039
vt 0.172527 0.324327
vt 0.171765 0.295197
vt 0.172348 0.325419
vt 0.172443 0.325039
vt 0.171765 0.295197
vt 0.172248 0.325438
vt 0.172348 0.325419
vt 0.171765 0.295197
vt 0.172128 0.325096
vt 0.172248 0.325438
vt 0.171765 0.295197
vt 0.171968 0.324394
vt 0.172128 0.325096
vt 0.171765 0.295197
vt 0.171569 0.323372
vt 0.171968 0.324394
vt 0.171765 0.295197
vt 0.17096 0.32262
vt 0.171569 0.323372
vt 0.171765 0.295197
vt 0.17096 0.32262
vt 0.171765 0.295197
vt 0.170598 0.322373
vt 0.170178 0.322215
vt 0.170598 0.322373
vt 0.167446 0.30366
vt 0.167775 0.322327
vt 0.170178 0.322215
vt 0.167446 0.30366
vt 0.167446 0.30366
vt 0.170295 0.295094
vt 0.167396 0.28445
vt 0.169084 0.250014
vt 0.167757 0.246235
vt 0.17024 0.272294
vt 0.168409 0.246235
vt 0.167757 0.246235
vt 0.169084 0.250014
vt 0.168849 0.246235
vt 0.168409 0.246235
vt 0.169084 0.250014
vt 0.168849 0.246235
vt 0.169084 0.250014
vt 0.169079 0.246235
vt 0.16949 0.246235
vt 0.169256 0.246235
vt 0.169794 0.250079
vt 0.171674 0.272277
vt 0.173039 0.271804
vt 0.169656 0.246235
vt 0.171674 0.272277
vt 0.173158 0.290888
vt 0.173039 0.271804
vt 0.171674 0.272277
vt 0.171765 0.295197
vt 0.173158 0.290888
vt 0.171674 0.272277
vt 0.17024 0.272294
vt 0.171765 0.295197
vt 0.171674 0.272277
vt 0.169084 0.250014
vt 0.17024 0.272294
vt 0.171674 0.272277
vt 0.169794 0.250079
vt 0.169084 0.250014
vt 0.171674 0.272277
vt 0.16949 0.246235
vt 0.169794 0.250079
vt 0.16949 0.246235
vt 0.171674 0.272277
vt 0.169656 0.246235
vt 0.173039 0.271804
vt 0.169988 0.246235
vt 0.17047 0.25068
vt 0.168388 0.238237
vt 0.167042 0.246235
vt 0.167732 0.238347
vt 0.169988 0.246235
vt 0.167042 0.246235
vt 0.168388 0.238237
vt 0.168388 0.238237
vt 0.169035 0.238237
vt 0.169988 0.246235
vt 0.168388 0.238237
vt 0.167732 0.238347
vt 0.167737 0.238237
vt 0.169035 0.238237
vt 0.168244 0.238237
vt 0.168391 0.238237
vt 0.168648 0.238237
vt 0.169035 0.238237
vt 0.168391 0.238237
vt 0.168507 0.238237
vt 0.168648 0.238237
vt 0.168391 0.238237
vt 0.168077 0.238237
vt 0.168244 0.238237
vt 0.169035 0.238237
vt 0.167902 0.238237
vt 0.168077 0.238237
vt 0.169035 0.238237
vt 0.16773 0.238237
vt 0.167902 0.238237
vt 0.169035 0.238237
vt 0.167574 0.238237
vt 0.16773 0.238237
vt 0.168388 0.238237
vt 0.167448 0.238237
vt 0.167574 0.238237
vt 0.168388 0.238237
vt 0.167358 0.238237
vt 0.167448 0.238237
vt 0.168388 0.238237
vt 0.167347 0.238237
vt 0.167358 0.238237
vt 0.168388 0.238237
vt 0.167737 0.238237
vt 0.167347 0.238237
vt 0.168388 0.238237
vt 0.168388 0.238237
vt 0.16773 0.238237
vt 0.169035 0.238237
vt 0.168391 0.238237
vt 0.169079 0.246235
vt 0.169256 0.246235
vt 0.168409 0.246235
vt 0.168077 0.238237
vt 0.167757 0.246235
vt 0.168244 0.238237
vt 0.168077 0.238237
vt 0.168409 0.246235
vt 0.168507 0.238237
vt 0.168391 0.238237
vt 0.169256 0.246235
vt 0.169988 0.246235
vt 0.168648 0.238237
vt 0.16949 0.246235
vt 0.169035 0.238237
vt 0.168648 0.238237
vt 0.169988 0.246235
vt 0.168507 0.238237
vt 0.16949 0.246235
vt 0.168648 0.238237
vt 0.16949 0.246235
vt 0.168507 0.238237
vt 0.169256 0.246235
vt 0.168849 0.246235
vt 0.169079 0.246235
vt 0.168391 0.238237
vt 0.168244 0.238237
vt 0.168849 0.246235
vt 0.168391 0.238237
vt 0.168849 0.246235
vt 0.168244 0.238237
vt 0.168409 0.246235
vt 0.167902 0.238237
vt 0.167757 0.246235
vt 0.168077 0.238237
vt 0.167732 0.238347
vt 0.167042 0.246235
vt 0.167737 0.238237
vt 0.167737 0.238237
vt 0.167042 0.246235
vt 0.167347 0.238237
vt 0.167347 0.238237
vt 0.167042 0.246235
vt 0.16638 0.246235
vt 0.167358 0.238237
vt 0.167347 0.238237
vt 0.16638 0.246235
vt 0.166583 0.246235
vt 0.167448 0.238237
vt 0.166357 0.246235
vt 0.167574 0.238237
vt 0.167448 0.238237
vt 0.166583 0.246235
vt 0.167757 0.246235
vt 0.16773 0.238237
vt 0.166933 0.246235
vt 0.167902 0.238237
vt 0.16773 0.238237
vt 0.167757 0.246235
vt 0.167574 0.238237
vt 0.166933 0.246235
vt 0.16773 0.238237
vt 0.166933 0.246235
vt 0.167574 0.238237
vt 0.166583 0.246235
vt 0.167358 0.238237
vt 0.166357 0.246235
vt 0.167448 0.238237
vt 0.166357 0.246235
vt 0.167358 0.238237
vt 0.16638 0.246235
vt 0.398128 0.311961
vt 0.39507 0.311961
vt 0.393312 0.336786
vt 0.398128 0.311961
vt 0.393312 0.336786
vt 0.401266 0.336786
vt 0.400519 0.402107
vt 0.400223 0.404408
vt 0.400636 0.398953
vt 0.397127 0.311961
vt 0.400201 0.336133
vt 0.399493 0.358036
vt 0.401446 0.37233
vt 0.400741 0.398953
vt 0.400636 0.398953
vt 0.400603 0.400589
vt 0.400519 0.402107
vt 0.400636 0.398953
vt 0.400332 0.370618
vt 0.399493 0.358036
vt 0.400201 0.336133
vt 0.400332 0.370618
vt 0.400201 0.336133
vt 0.401636 0.361364
vt 0.400332 0.370618
vt 0.401636 0.361364
vt 0.401446 0.37233
vt 0.400332 0.370618
vt 0.401446 0.37233
vt 0.400636 0.398953
vt 0.400332 0.370618
vt 0.400636 0.398953
vt 0.400223 0.404408
vt 0.399824 0.40526
vt 0.400332 0.370618
vt 0.400223 0.404408
vt 0.399426 0.404462
vt 0.400332 0.370618
vt 0.399824 0.40526
vt 0.399426 0.404462
vt 0.399493 0.358036
vt 0.400332 0.370618
vt 0.400201 0.336133
vt 0.397127 0.311961
vt 0.398128 0.311961
vt 0.401266 0.336786
vt 0.401636 0.361364
vt 0.400201 0.336133
vt 0.401266 0.336786
vt 0.400201 0.336133
vt 0.398128 0.311961
vt 0.390795 0.358348
vt 0.391481 0.40508
vt 0.391839 0.405122
vt 0.390795 0.358348
vt 0.391839 0.405122
vt 0.392923 0.362751
vt 0.393545 0.325615
vt 0.393312 0.336786
vt 0.39507 0.311961
vt 0.391783 0.342815
vt 0.390795 0.358348
vt 0.392923 0.362751
vt 0.394012 0.311961
vt 0.390795 0.358348
vt 0.391783 0.342815
vt 0.39239 0.40173
vt 0.391839 0.405122
vt 0.392165 0.403931
vt 0.392464 0.398953
vt 0.391839 0.405122
vt 0.39239 0.40173
vt 0.392884 0.370429
vt 0.392923 0.362751
vt 0.391839 0.405122
vt 0.392884 0.370429
vt 0.391839 0.405122
vt 0.392464 0.398953
vt 0.392707 0.398953
vt 0.392884 0.370429
vt 0.392464 0.398953
vt 0.392819 0.342781
vt 0.393312 0.336786
vt 0.393545 0.325615
vt 0.392819 0.342781
vt 0.393545 0.325615
vt 0.391783 0.342815
vt 0.392819 0.342781
vt 0.391783 0.342815
vt 0.392923 0.362751
vt 0.392923 0.362751
vt 0.393312 0.336786
vt 0.392819 0.342781
vt 0.392722 0.325567
vt 0.394012 0.311961
vt 0.391783 0.342815
vt 0.392722 0.325567
vt 0.391783 0.342815
vt 0.393545 0.325615
vt 0.392722 0.325567
vt 0.393545 0.325615
vt 0.39507 0.311961
vt 0.39507 0.311961
vt 0.394012 0.311961
vt 0.392722 0.325567
vt 0.39414 0.311961
vt 0.391996 0.334642
vt 0.391359 0.334643
vt 0.391359 0.334643
vt 0.391373 0.362904
vt 0.390658 0.362872
vt 0.391536 0.403061
vt 0.391292 0.403784
vt 0.390658 0.362872
vt 0.391536 0.403061
vt 0.390658 0.362872
vt 0.391373 0.362904
vt 0.391996 0.334642
vt 0.391373 0.362904
vt 0.391359 0.334643
vt 0.394486 0.311961
vt 0.391996 0.334642
vt 0.39414 0.311961
vt 0.392566 0.402115
vt 0.391373 0.362904
vt 0.393126 0.401991
vt 0.391974 0.402483
vt 0.391373 0.362904
vt 0.392566 0.402115
vt 0.391974 0.402483
vt 0.391536 0.403061
vt 0.391373 0.362904
vt 0.391301 0.404575
vt 0.390658 0.362872
vt 0.391292 0.403784
vt 0.390795 0.358348
vt 0.393967 0.311961
vt 0.391359 0.334643
vt 0.390795 0.358348
vt 0.391359 0.334643
vt 0.390658 0.362872
vt 0.390795 0.358348
vt 0.390658 0.362872
vt 0.391301 0.404575
vt 0.391481 0.40508
vt 0.390795 0.358348
vt 0.391301 0.404575
vt 0.394012 0.311961
vt 0.393967 0.311961
vt 0.390795 0.358348
vt 0.393968 0.311961
vt 0.391359 0.334643
vt 0.393967 0.311961
vt 0.393968 0.311961
vt 0.39414 0.311961
vt 0.391359 0.334643
vt 0.394794 0.311961
vt 0.391996 0.334642
vt 0.394486 0.311961
vt 0.394634 0.356757
vt 0.39491 0.401695
vt 0.393126 0.401991
vt 0.394634 0.356757
vt 0.393126 0.401991
vt 0.391373 0.362904
vt 0.394634 0.356757
vt 0.391373 0.362904
vt 0.391996 0.334642
vt 0.394634 0.356757
vt 0.391996 0.334642
vt 0.394794 0.311961
vt 0.395364 0.311961
vt 0.394634 0.356757
vt 0.394794 0.311961
vt 0.398787 0.357519
vt 0.397921 0.357538
vt 0.39672 0.311961
vt 0.398404 0.401703
vt 0.397921 0.357538
vt 0.398787 0.357519
vt 0.397788 0.401359
vt 0.397921 0.357538
vt 0.398404 0.401703
vt 0.396993 0.311961
vt 0.398787 0.357519
vt 0.39672 0.311961
vt 0.398851 0.402212
vt 0.398787 0.357519
vt 0.399144 0.402854
vt 0.398851 0.402212
vt 0.398404 0.401703
vt 0.398787 0.357519
vt 0.397422 0.401281
vt 0.397921 0.357538
vt 0.397788 0.401359
vt 0.397045 0.401284
vt 0.397921 0.357538
vt 0.397422 0.401281
vt 0.394634 0.356757
vt 0.396306 0.311961
vt 0.397921 0.357538
vt 0.394634 0.356757
vt 0.397921 0.357538
vt 0.397045 0.401284
vt 0.39491 0.401695
vt 0.394634 0.356757
vt 0.397045 0.401284
vt 0.395364 0.311961
vt 0.396306 0.311961
vt 0.394634 0.356757
vt 0.396306 0.311961
vt 0.39672 0.311961
vt 0.397921 0.357538
vt 0.399493 0.358036
vt 0.399426 0.404462
vt 0.399305 0.403784
vt 0.399493 0.358036
vt 0.399305 0.403784
vt 0.399144 0.402854
vt 0.399493 0.358036
vt 0.399144 0.402854
vt 0.398787 0.357519
vt 0.399493 0.358036
vt 0.398787 0.357519
vt 0.396993 0.311961
vt 0.397127 0.311961
vt 0.399493 0.358036
vt 0.396993 0.311961
vt 0.395364 0.311961
vt 0.394794 0.311961
vt 0.395421 0.309545
vt 0.397015 0.303686
vt 0.395723 0.30369
vt 0.39507 0.311961
vt 0.397015 0.303686
vt 0.39507 0.311961
vt 0.398128 0.311961
vt 0.396305 0.303686
vt 0.396045 0.303686
vt 0.397015 0.303686
vt 0.396218 0.303686
vt 0.396045 0.303686
vt 0.396305 0.303686
vt 0.395815 0.303686
vt 0.397015 0.303686
vt 0.396045 0.303686
vt 0.39556 0.303686
vt 0.397015 0.303686
vt 0.395815 0.303686
vt 0.39532 0.303686
vt 0.397015 0.303686
vt 0.39556 0.303686
vt 0.395132 0.303686
vt 0.397015 0.303686
vt 0.39532 0.303686
vt 0.395024 0.303686
vt 0.397015 0.303686
vt 0.395132 0.303686
vt 0.395013 0.303686
vt 0.397015 0.303686
vt 0.395024 0.303686
vt 0.395723 0.30369
vt 0.397015 0.303686
vt 0.395013 0.303686
vt 0.395815 0.303686
vt 0.396306 0.311961
vt 0.395364 0.311961
vt 0.39556 0.303686
vt 0.395815 0.303686
vt 0.395364 0.311961
vt 0.396045 0.303686
vt 0.396306 0.311961
vt 0.395815 0.303686
vt 0.396993 0.311961
vt 0.39672 0.311961
vt 0.396218 0.303686
vt 0.396305 0.303686
vt 0.396993 0.311961
vt 0.396218 0.303686
vt 0.397127 0.311961
vt 0.396993 0.311961
vt 0.396305 0.303686
vt 0.396045 0.303686
vt 0.396218 0.303686
vt 0.39672 0.311961
vt 0.39672 0.311961
vt 0.396306 0.311961
vt 0.396045 0.303686
vt 0.39532 0.303686
vt 0.39556 0.303686
vt 0.395421 0.309545
vt 0.39414 0.311961
vt 0.393968 0.311961
vt 0.395024 0.303686
vt 0.395132 0.303686
vt 0.39414 0.311961
vt 0.395024 0.303686
vt 0.394794 0.311961
vt 0.394486 0.311961
vt 0.39532 0.303686
vt 0.394794 0.311961
vt 0.39532 0.303686
vt 0.395421 0.309545
vt 0.395132 0.303686
vt 0.39532 0.303686
vt 0.394486 0.311961
vt 0.394486 0.311961
vt 0.39414 0.311961
vt 0.395132 0.303686
vt 0.393967 0.311961
vt 0.395024 0.303686
vt 0.393968 0.311961
vt 0.395013 0.303686
vt 0.395024 0.303686
vt 0.393967 0.311961
vt 0.394012 0.311961
vt 0.395013 0.303686
vt 0.393967 0.311961
vt 0.395723 0.30369
vt 0.395013 0.303686
vt 0.39507 0.311961
vt 0.394012 0.311961
vt 0.39507 0.311961
vt 0.395013 0.303686
vt 0.398128 0.311961
vt 0.396305 0.303686
vt 0.397015 0.303686
vt 0.397127 0.311961
vt 0.396305 0.303686
vt 0.398128 0.311961
vt 0 0
vt 0 0
vt 0.286651 0.288577
vt 0.283448 0.288577
vt 0.281121 0.311864
vt 0.286651 0.288577
vt 0.281121 0.311864
vt 0.289955 0.315092
vt 0.280192 0.376576
vt 0.279652 0.355897
vt 0.280065 0.376875
vt 0.280687 0.353251
vt 0.280608 0.334016
vt 0.279309 0.333697
vt 0.280687 0.353251
vt 0.279309 0.333697
vt 0.279652 0.355897
vt 0.283834 0.330945
vt 0.284023 0.373396
vt 0.280193 0.355831
vt 0.281924 0.299431
vt 0.279656 0.315343
vt 0.281121 0.311864
vt 0.279656 0.315343
vt 0.279894 0.333808
vt 0.279309 0.333697
vt 0.279309 0.333697
vt 0.281121 0.311864
vt 0.279656 0.315343
vt 0.280635 0.325225
vt 0.281121 0.311864
vt 0.279309 0.333697
vt 0.283834 0.330945
vt 0.279894 0.333808
vt 0.280221 0.315353
vt 0.280221 0.315353
vt 0.279894 0.333808
vt 0.279656 0.315343
vt 0.280221 0.315353
vt 0.279656 0.315343
vt 0.281108 0.299137
vt 0.283448 0.288577
vt 0.281924 0.299431
vt 0.281121 0.311864
vt 0.279309 0.333697
vt 0.279894 0.333808
vt 0.280193 0.355831
vt 0.280193 0.355831
vt 0.279894 0.333808
vt 0.283834 0.330945
vt 0.284253 0.288577
vt 0.283834 0.330945
vt 0.280221 0.315353
vt 0.282149 0.373656
vt 0.280193 0.355831
vt 0.284023 0.373396
vt 0.281605 0.373767
vt 0.280193 0.355831
vt 0.282149 0.373656
vt 0.280935 0.374129
vt 0.280193 0.355831
vt 0.281605 0.373767
vt 0.280401 0.374734
vt 0.280193 0.355831
vt 0.280935 0.374129
vt 0.279652 0.355897
vt 0.279309 0.333697
vt 0.280193 0.355831
vt 0.279652 0.355897
vt 0.280193 0.355831
vt 0.280401 0.374734
vt 0.280048 0.375527
vt 0.279652 0.355897
vt 0.280401 0.374734
vt 0.279905 0.37622
vt 0.279652 0.355897
vt 0.280048 0.375527
vt 0.279955 0.376714
vt 0.279652 0.355897
vt 0.279905 0.37622
vt 0.279955 0.376714
vt 0.280065 0.376875
vt 0.279652 0.355897
vt 0.280308 0.375803
vt 0.279652 0.355897
vt 0.280192 0.376576
vt 0.280405 0.374577
vt 0.279652 0.355897
vt 0.280308 0.375803
vt 0.28047 0.372969
vt 0.279652 0.355897
vt 0.280405 0.374577
vt 0.280494 0.371107
vt 0.279652 0.355897
vt 0.28047 0.372969
vt 0.280653 0.360254
vt 0.279652 0.355897
vt 0.280494 0.371107
vt 0.280586 0.371107
vt 0.280653 0.360254
vt 0.280494 0.371107
vt 0.280653 0.360254
vt 0.280687 0.353251
vt 0.279652 0.355897
vt 0.280608 0.331288
vt 0.279309 0.333697
vt 0.280608 0.334016
vt 0.280608 0.331288
vt 0.280635 0.325225
vt 0.279309 0.333697
vt 0.281924 0.299431
vt 0.283448 0.288577
vt 0.28269 0.288577
vt 0.281924 0.299431
vt 0.28269 0.288577
vt 0.281108 0.299137
vt 0.281924 0.299431
vt 0.281108 0.299137
vt 0.279656 0.315343
vt 0.282725 0.288577
vt 0.281108 0.299137
vt 0.28269 0.288577
vt 0.281511 0.299087
vt 0.284253 0.288577
vt 0.280221 0.315353
vt 0.281511 0.299087
vt 0.280221 0.315353
vt 0.281108 0.299137
vt 0.281511 0.299087
vt 0.281108 0.299137
vt 0.282725 0.288577
vt 0.282868 0.288577
vt 0.281511 0.299087
vt 0.282725 0.288577
vt 0.2831 0.288577
vt 0.281511 0.299087
vt 0.282868 0.288577
vt 0.283706 0.288577
vt 0.281511 0.299087
vt 0.2831 0.288577
vt 0.283706 0.288577
vt 0.284253 0.288577
vt 0.281511 0.299087
vt 0.288093 0.34914
vt 0.289245 0.375452
vt 0.28914 0.376339
vt 0.285818 0.315244
vt 0.285531 0.288577
vt 0.288142 0.315229
vt 0.285818 0.315244
vt 0.288142 0.315229
vt 0.283834 0.330945
vt 0.288093 0.34914
vt 0.283834 0.330945
vt 0.288142 0.315229
vt 0.285849 0.288577
vt 0.288142 0.315229
vt 0.285531 0.288577
vt 0.29015 0.334821
vt 0.288142 0.315229
vt 0.290228 0.326997
vt 0.290065 0.338188
vt 0.289579 0.35602
vt 0.288093 0.34914
vt 0.290065 0.338188
vt 0.288093 0.34914
vt 0.288142 0.315229
vt 0.290065 0.338188
vt 0.288142 0.315229
vt 0.29015 0.334821
vt 0.289396 0.371107
vt 0.289245 0.375452
vt 0.288093 0.34914
vt 0.289396 0.371107
vt 0.288093 0.34914
vt 0.289579 0.35602
vt 0.289424 0.371107
vt 0.289396 0.371107
vt 0.289579 0.35602
vt 0.289327 0.374216
vt 0.289396 0.371107
vt 0.289378 0.372729
vt 0.289327 0.374216
vt 0.289245 0.375452
vt 0.289396 0.371107
vt 0.289021 0.37681
vt 0.288093 0.34914
vt 0.28914 0.376339
vt 0.288897 0.376829
vt 0.288093 0.34914
vt 0.289021 0.37681
vt 0.28877 0.376394
vt 0.288093 0.34914
vt 0.288897 0.376829
vt 0.288623 0.375527
vt 0.288093 0.34914
vt 0.28877 0.376394
vt 0.287823 0.373898
vt 0.288093 0.34914
vt 0.288623 0.375527
vt 0.286973 0.373334
vt 0.288093 0.34914
vt 0.287823 0.373898
vt 0.285745 0.349103
vt 0.283834 0.330945
vt 0.288093 0.34914
vt 0.285745 0.349103
vt 0.288093 0.34914
vt 0.286973 0.373334
vt 0.286436 0.373221
vt 0.285745 0.349103
vt 0.286973 0.373334
vt 0.284023 0.373396
vt 0.285745 0.349103
vt 0.286436 0.373221
vt 0.284023 0.373396
vt 0.283834 0.330945
vt 0.285745 0.349103
vt 0.284253 0.288577
vt 0.285818 0.315244
vt 0.283834 0.330945
vt 0.284763 0.288577
vt 0.285818 0.315244
vt 0.284253 0.288577
vt 0.285018 0.288577
vt 0.285818 0.315244
vt 0.284763 0.288577
vt 0.285018 0.288577
vt 0.285531 0.288577
vt 0.285818 0.315244
vt 0.286004 0.288577
vt 0.288142 0.315229
vt 0.285849 0.288577
vt 0.286651 0.288577
vt 0.288142 0.315229
vt 0.286004 0.288577
vt 0.289955 0.315092
vt 0.290228 0.326997
vt 0.288142 0.315229
vt 0.289955 0.315092
vt 0.288142 0.315229
vt 0.286651 0.288577
vt 0.284257 0.280406
vt 0.283448 0.288577
vt 0.284912 0.280314
vt 0.284912 0.280314
vt 0.283448 0.288577
vt 0.286651 0.288577
vt 0.284912 0.280314
vt 0.286651 0.288577
vt 0.285558 0.280314
vt 0.284912 0.280314
vt 0.284261 0.280314
vt 0.284257 0.280406
vt 0.284912 0.280314
vt 0.285558 0.280314
vt 0.284197 0.280314
vt 0.284032 0.280314
vt 0.284912 0.280314
vt 0.284197 0.280314
vt 0.284904 0.280314
vt 0.285139 0.280314
vt 0.285018 0.280314
vt 0.284751 0.280314
vt 0.285139 0.280314
vt 0.284904 0.280314
vt 0.283903 0.280314
vt 0.284912 0.280314
vt 0.284032 0.280314
vt 0.283839 0.280314
vt 0.284912 0.280314
vt 0.283903 0.280314
vt 0.28382 0.280314
vt 0.283839 0.280314
vt 0.283903 0.280314
vt 0.284261 0.280314
vt 0.284912 0.280314
vt 0.283839 0.280314
vt 0.285558 0.280314
vt 0.285139 0.280314
vt 0.284751 0.280314
vt 0.285558 0.280314
vt 0.284751 0.280314
vt 0.284573 0.280314
vt 0.285558 0.280314
vt 0.284573 0.280314
vt 0.284383 0.280314
vt 0.285558 0.280314
vt 0.284383 0.280314
vt 0.284197 0.280314
vt 0.285018 0.288577
vt 0.284763 0.288577
vt 0.284573 0.280314
vt 0.284751 0.280314
vt 0.285018 0.288577
vt 0.284573 0.280314
vt 0.285849 0.288577
vt 0.285531 0.288577
vt 0.284904 0.280314
vt 0.285018 0.280314
vt 0.285849 0.288577
vt 0.284904 0.280314
vt 0.286651 0.288577
vt 0.286004 0.288577
vt 0.285139 0.280314
vt 0.285558 0.280314
vt 0.286651 0.288577
vt 0.285139 0.280314
vt 0.285018 0.280314
vt 0.285139 0.280314
vt 0.286004 0.288577
vt 0.286004 0.288577
vt 0.285849 0.288577
vt 0.285018 0.280314
vt 0.284751 0.280314
vt 0.284904 0.280314
vt 0.285531 0.288577
vt 0.285531 0.288577
vt 0.285018 0.288577
vt 0.284751 0.280314
vt 0.284253 0.288577
vt 0.284573 0.280314
vt 0.284763 0.288577
vt 0.284383 0.280314
vt 0.284573 0.280314
vt 0.284253 0.288577
vt 0.28269 0.288577
vt 0.283448 0.288577
vt 0.283839 0.280314
vt 0.284261 0.280314
vt 0.283448 0.288577
vt 0.284257 0.280406
vt 0.283839 0.280314
vt 0.283448 0.288577
vt 0.284261 0.280314
vt 0.28382 0.280314
vt 0.28269 0.288577
vt 0.283839 0.280314
vt 0.2831 0.288577
vt 0.282868 0.288577
vt 0.283903 0.280314
vt 0.284032 0.280314
vt 0.2831 0.288577
vt 0.283903 0.280314
vt 0.284253 0.288577
vt 0.283706 0.288577
vt 0.284197 0.280314
vt 0.284383 0.280314
vt 0.284253 0.288577
vt 0.284197 0.280314
vt 0.284032 0.280314
vt 0.284197 0.280314
vt 0.283706 0.288577
vt 0.283706 0.288577
vt 0.2831 0.288577
vt 0.284032 0.280314
vt 0.28382 0.280314
vt 0.283903 0.280314
vt 0.282868 0.288577
vt 0.282725 0.288577
vt 0.28382 0.280314
vt 0.282868 0.288577
vt 0.28269 0.288577
vt 0.28382 0.280314
vt 0.282725 0.288577
vt 0.168462 0.246235
vt 0.165515 0.246235
vt 0.163373 0.26883
vt 0.168462 0.246235
vt 0.163373 0.26883
vt 0.171512 0.271804
vt 0.162724 0.324394
vt 0.162518 0.325129
vt 0.162041 0.303965
vt 0.162724 0.324394
vt 0.162041 0.303965
vt 0.162415 0.303895
vt 0.16297 0.297146
vt 0.163373 0.26883
vt 0.162939 0.281806
vt 0.165057 0.246235
vt 0.163159 0.260435
vt 0.164831 0.246235
vt 0.161704 0.282378
vt 0.162119 0.282463
vt 0.162415 0.303895
vt 0.161704 0.282378
vt 0.162415 0.303895
vt 0.162041 0.303965
vt 0.161704 0.282378
vt 0.162041 0.303965
vt 0.162939 0.281806
vt 0.161704 0.282378
vt 0.162939 0.281806
vt 0.162825 0.260506
vt 0.162825 0.260506
vt 0.165515 0.246235
vt 0.164854 0.246235
vt 0.164106 0.322735
vt 0.162415 0.303895
vt 0.165919 0.30366
vt 0.166248 0.322327
vt 0.164106 0.322735
vt 0.165919 0.30366
vt 0.162415 0.303895
vt 0.164106 0.322735
vt 0.163607 0.323011
vt 0.163229 0.323394
vt 0.162415 0.303895
vt 0.163607 0.323011
vt 0.163229 0.323394
vt 0.162724 0.324394
vt 0.162415 0.303895
vt 0.16254 0.325453
vt 0.162041 0.303965
vt 0.162518 0.325129
vt 0.162627 0.325398
vt 0.162041 0.303965
vt 0.16254 0.325453
vt 0.16272 0.324996
vt 0.162041 0.303965
vt 0.162627 0.325398
vt 0.162041 0.303965
vt 0.16297 0.297146
vt 0.162939 0.281806
vt 0.162801 0.324278
vt 0.162041 0.303965
vt 0.16272 0.324996
vt 0.162864 0.323296
vt 0.162041 0.303965
vt 0.162801 0.324278
vt 0.162903 0.322125
vt 0.162041 0.303965
vt 0.162864 0.323296
vt 0.162917 0.320856
vt 0.162041 0.303965
vt 0.162903 0.322125
vt 0.163 0.320856
vt 0.162041 0.303965
vt 0.162917 0.320856
vt 0.163 0.320856
vt 0.16297 0.297146
vt 0.162041 0.303965
vt 0.163777 0.260977
vt 0.165515 0.246235
vt 0.162825 0.260506
vt 0.163777 0.260977
vt 0.162825 0.260506
vt 0.162939 0.281806
vt 0.163777 0.260977
vt 0.162939 0.281806
vt 0.163373 0.26883
vt 0.165515 0.246235
vt 0.163777 0.260977
vt 0.163373 0.26883
vt 0.162825 0.260506
vt 0.164831 0.246235
vt 0.163159 0.260435
vt 0.162825 0.260506
vt 0.163159 0.260435
vt 0.162119 0.282463
vt 0.162825 0.260506
vt 0.162119 0.282463
vt 0.161704 0.282378
vt 0.164854 0.246235
vt 0.164831 0.246235
vt 0.162825 0.260506
vt 0.165406 0.246235
vt 0.163159 0.260435
vt 0.165057 0.246235
vt 0.16623 0.246235
vt 0.163159 0.260435
vt 0.165406 0.246235
vt 0.165869 0.28445
vt 0.165919 0.30366
vt 0.162415 0.303895
vt 0.165869 0.28445
vt 0.162415 0.303895
vt 0.162119 0.282463
vt 0.165869 0.28445
vt 0.162119 0.282463
vt 0.163159 0.260435
vt 0.165869 0.28445
vt 0.163159 0.260435
vt 0.16623 0.246235
vt 0.17112 0.320856
vt 0.170238 0.295197
vt 0.171631 0.290888
vt 0.170238 0.295197
vt 0.168768 0.295093
vt 0.168714 0.272294
vt 0.169071 0.322373
vt 0.168768 0.295093
vt 0.170238 0.295197
vt 0.165919 0.30366
vt 0.168768 0.295093
vt 0.169071 0.322373
vt 0.165869 0.28445
vt 0.168714 0.272294
vt 0.168768 0.295093
vt 0.168943 0.25068
vt 0.171512 0.271804
vt 0.168129 0.246235
vt 0.167553 0.246235
vt 0.168267 0.250079
vt 0.167558 0.250014
vt 0.168462 0.246235
vt 0.168943 0.25068
vt 0.168129 0.246235
vt 0.16773 0.246235
vt 0.168267 0.250079
vt 0.167553 0.246235
vt 0.16623 0.246235
vt 0.168714 0.272294
vt 0.165869 0.28445
vt 0.171065 0.323339
vt 0.170238 0.295197
vt 0.17112 0.320856
vt 0.17113 0.320856
vt 0.17112 0.320856
vt 0.171631 0.290888
vt 0.171106 0.32215
vt 0.171065 0.323339
vt 0.17112 0.320856
vt 0.171 0.324327
vt 0.170238 0.295197
vt 0.171065 0.323339
vt 0.170917 0.325039
vt 0.170238 0.295197
vt 0.171 0.324327
vt 0.170821 0.325419
vt 0.170238 0.295197
vt 0.170917 0.325039
vt 0.170722 0.325438
vt 0.170238 0.295197
vt 0.170821 0.325419
vt 0.170602 0.325096
vt 0.170238 0.295197
vt 0.170722 0.325438
vt 0.170441 0.324394
vt 0.170238 0.295197
vt 0.170602 0.325096
vt 0.170042 0.323372
vt 0.170238 0.295197
vt 0.170441 0.324394
vt 0.169433 0.32262
vt 0.170238 0.295197
vt 0.170042 0.323372
vt 0.169433 0.32262
vt 0.169071 0.322373
vt 0.170238 0.295197
vt 0.168651 0.322215
vt 0.165919 0.30366
vt 0.169071 0.322373
vt 0.166248 0.322327
vt 0.165919 0.30366
vt 0.168651 0.322215
vt 0.165919 0.30366
vt 0.165869 0.28445
vt 0.168768 0.295093
vt 0.167558 0.250014
vt 0.168714 0.272294
vt 0.16623 0.246235
vt 0.166882 0.246235
vt 0.167558 0.250014
vt 0.16623 0.246235
vt 0.167322 0.246235
vt 0.167558 0.250014
vt 0.166882 0.246235
vt 0.167322 0.246235
vt 0.167553 0.246235
vt 0.167558 0.250014
vt 0.167963 0.246235
vt 0.168267 0.250079
vt 0.16773 0.246235
vt 0.170148 0.272277
vt 0.168129 0.246235
vt 0.171512 0.271804
vt 0.170148 0.272277
vt 0.171512 0.271804
vt 0.171631 0.290888
vt 0.170148 0.272277
vt 0.171631 0.290888
vt 0.170238 0.295197
vt 0.170148 0.272277
vt 0.170238 0.295197
vt 0.168714 0.272294
vt 0.170148 0.272277
vt 0.168714 0.272294
vt 0.167558 0.250014
vt 0.170148 0.272277
vt 0.167558 0.250014
vt 0.168267 0.250079
vt 0.170148 0.272277
vt 0.168267 0.250079
vt 0.167963 0.246235
vt 0.167963 0.246235
vt 0.168129 0.246235
vt 0.170148 0.272277
vt 0.171512 0.271804
vt 0.168943 0.25068
vt 0.168462 0.246235
vt 0.166206 0.238347
vt 0.165515 0.246235
vt 0.166861 0.238237
vt 0.166861 0.238237
vt 0.165515 0.246235
vt 0.168462 0.246235
vt 0.166861 0.238237
vt 0.168462 0.246235
vt 0.167508 0.238237
vt 0.166861 0.238237
vt 0.16621 0.238237
vt 0.166206 0.238347
vt 0.167508 0.238237
vt 0.166864 0.238237
vt 0.166718 0.238237
vt 0.167121 0.238237
vt 0.166864 0.238237
vt 0.167508 0.238237
vt 0.16698 0.238237
vt 0.166864 0.238237
vt 0.167121 0.238237
vt 0.166551 0.238237
vt 0.167508 0.238237
vt 0.166718 0.238237
vt 0.166375 0.238237
vt 0.167508 0.238237
vt 0.166551 0.238237
vt 0.166203 0.238237
vt 0.167508 0.238237
vt 0.166375 0.238237
vt 0.166048 0.238237
vt 0.166861 0.238237
vt 0.166203 0.238237
vt 0.165921 0.238237
vt 0.166861 0.238237
vt 0.166048 0.238237
vt 0.165832 0.238237
vt 0.166861 0.238237
vt 0.165921 0.238237
vt 0.16582 0.238237
vt 0.166861 0.238237
vt 0.165832 0.238237
vt 0.16621 0.238237
vt 0.166861 0.238237
vt 0.16582 0.238237
vt 0.166861 0.238237
vt 0.167508 0.238237
vt 0.166203 0.238237
vt 0.166864 0.238237
vt 0.16773 0.246235
vt 0.167553 0.246235
vt 0.166882 0.246235
vt 0.16623 0.246235
vt 0.166551 0.238237
vt 0.166718 0.238237
vt 0.166882 0.246235
vt 0.166551 0.238237
vt 0.16698 0.238237
vt 0.16773 0.246235
vt 0.166864 0.238237
vt 0.168462 0.246235
vt 0.167963 0.246235
vt 0.167121 0.238237
vt 0.167508 0.238237
vt 0.168462 0.246235
vt 0.167121 0.238237
vt 0.16698 0.238237
vt 0.167121 0.238237
vt 0.167963 0.246235
vt 0.167963 0.246235
vt 0.16773 0.246235
vt 0.16698 0.238237
vt 0.167322 0.246235
vt 0.166864 0.238237
vt 0.167553 0.246235
vt 0.166718 0.238237
vt 0.166864 0.238237
vt 0.167322 0.246235
vt 0.167322 0.246235
vt 0.166882 0.246235
vt 0.166718 0.238237
vt 0.166375 0.238237
vt 0.166551 0.238237
vt 0.16623 0.246235
vt 0.16621 0.238237
vt 0.165515 0.246235
vt 0.166206 0.238347
vt 0.16582 0.238237
vt 0.165515 0.246235
vt 0.16621 0.238237
vt 0.164854 0.246235
vt 0.165515 0.246235
vt 0.16582 0.238237
vt 0.165832 0.238237
vt 0.164854 0.246235
vt 0.16582 0.238237
vt 0.165057 0.246235
vt 0.164831 0.246235
vt 0.165921 0.238237
vt 0.166048 0.238237
vt 0.165057 0.246235
vt 0.165921 0.238237
vt 0.16623 0.246235
vt 0.165406 0.246235
vt 0.166203 0.238237
vt 0.166375 0.238237
vt 0.16623 0.246235
vt 0.166203 0.238237
vt 0.166048 0.238237
vt 0.166203 0.238237
vt 0.165406 0.246235
vt 0.165406 0.246235
vt 0.165057 0.246235
vt 0.166048 0.238237
vt 0.165832 0.238237
vt 0.165921 0.238237
vt 0.164831 0.246235
vt 0.164831 0.246235
vt 0.164854 0.246235
vt 0.165832 0.238237
vt 0.645973 0.336786
vt 0.510107 0.336786
vt 0.510043 0.336786
vt 0.490029 0.358399
vt 0.353914 0.358399
vt 0.489988 0.37581
vt 0.417453 0.37546
vt 0.489988 0.37581
vt 0.353914 0.358399
vt 0.373388 0.375247
vt 0.417453 0.37546
vt 0.353914 0.358399
vt 0.353598 0.375151
vt 0.373388 0.375247
vt 0.353914 0.358399
vt 0.354027 0.336786
vt 0.353914 0.358399
vt 0.490029 0.358399
vt 0.489893 0.336786
vt 0.354027 0.336786
vt 0.490029 0.358399
vt 0.646086 0.358399
vt 0.646144 0.37755
vt 0.646402 0.375151
vt 0.646027 0.377711
vt 0.646144 0.37755
vt 0.646086 0.358399
vt 0.646353 0.376582
vt 0.646396 0.376082
vt 0.646402 0.375151
vt 0.646254 0.377202
vt 0.646353 0.376582
vt 0.646402 0.375151
vt 0.646254 0.377202
vt 0.646402 0.375151
vt 0.646144 0.37755
vt 0.645918 0.377465
vt 0.646086 0.358399
vt 0.645824 0.376806
vt 0.645918 0.377465
vt 0.646027 0.377711
vt 0.646086 0.358399
vt 0.645969 0.377659
vt 0.646027 0.377711
vt 0.645918 0.377465
vt 0.645647 0.375155
vt 0.646086 0.358399
vt 0.645371 0.368833
vt 0.645647 0.375155
vt 0.645824 0.376806
vt 0.646086 0.358399
vt 0.645356 0.358399
vt 0.645371 0.368833
vt 0.646086 0.358399
vt 0.645973 0.336786
vt 0.645356 0.358399
vt 0.646086 0.358399
vt 0.645973 0.336786
vt 0.509381 0.358454
vt 0.645356 0.358399
vt 0.510043 0.336786
vt 0.509381 0.358454
vt 0.645973 0.336786
vt 0.510043 0.336786
vt 0.509971 0.358399
vt 0.509381 0.358454
vt 0.509305 0.367608
vt 0.509658 0.377364
vt 0.509467 0.375813
vt 0.509303 0.372581
vt 0.509305 0.367608
vt 0.509467 0.375813
vt 0.50936 0.374679
vt 0.509303 0.372581
vt 0.509467 0.375813
vt 0.509452 0.375813
vt 0.50936 0.374679
vt 0.509467 0.375813
vt 0.510012 0.37581
vt 0.509305 0.367608
vt 0.509971 0.358399
vt 0.510012 0.37581
vt 0.509658 0.377364
vt 0.509305 0.367608
vt 0.509734 0.377602
vt 0.509658 0.377364
vt 0.510012 0.37581
vt 0.509814 0.377583
vt 0.509734 0.377602
vt 0.510012 0.37581
vt 0.509892 0.377445
vt 0.509814 0.377583
vt 0.510012 0.37581
vt 0.50993 0.377302
vt 0.509892 0.377445
vt 0.510012 0.37581
vt 0.509962 0.377083
vt 0.50993 0.377302
vt 0.510012 0.37581
vt 0.509999 0.376485
vt 0.509962 0.377083
vt 0.510012 0.37581
vt 0.510107 0.336786
vt 0.509971 0.358399
vt 0.510043 0.336786
vt 0.509381 0.358454
vt 0.509971 0.358399
vt 0.509305 0.367608
vt 0.509467 0.375813
vt 0.560932 0.375564
vt 0.509452 0.375813
vt 0.509303 0.372581
vt 0.645371 0.368833
vt 0.509305 0.367608
vt 0.639549 0.358399
vt 0.645371 0.368833
vt 0.645356 0.358399
vt 0.639549 0.358399
vt 0.509305 0.367608
vt 0.645371 0.368833
vt 0.509381 0.358454
vt 0.509305 0.367608
vt 0.639549 0.358399
vt 0.567447 0.375532
vt 0.645647 0.375155
vt 0.509452 0.375813
vt 0.645371 0.368833
vt 0.509303 0.372581
vt 0.645647 0.375155
vt 0.509452 0.375813
vt 0.645647 0.375155
vt 0.509303 0.372581
vt 0.646402 0.375151
vt 0.646254 0.377202
vt 0.510012 0.37581
vt 0.509892 0.377445
vt 0.510012 0.37581
vt 0.646254 0.377202
vt 0.509658 0.377364
vt 0.509892 0.377445
vt 0.646254 0.377202
vt 0.509467 0.375813
vt 0.509658 0.377364
vt 0.645918 0.377465
vt 0.567447 0.375532
vt 0.509467 0.375813
vt 0.645918 0.377465
vt 0.645647 0.375155
vt 0.567447 0.375532
vt 0.645918 0.377465
vt 0.645918 0.377465
vt 0.509658 0.377364
vt 0.646254 0.377202
vt 0 0
vt 0 0
vt 0.64882 0.356907
vt 0.649226 0.356733
vt 0.648873 0.372906
vt 0.648801 0.368886
vt 0.64882 0.356907
vt 0.648873 0.372906
vt 0.649018 0.375725
vt 0.648873 0.372906
vt 0.649226 0.356733
vt 0.649431 0.375549
vt 0.649018 0.375725
vt 0.649226 0.356733
vt 0.64916 0.336786
vt 0.649226 0.356733
vt 0.64882 0.356907
vt 0.35084 0.336786
vt 0.124241 0.25397
vt 0.350774 0.356733
vt 0.875678 0.259223
vt 0.875685 0.279228
vt 0.875759 0.25397
vt 0.875759 0.25397
vt 0.875685 0.279228
vt 0.875894 0.279139
vt 0.875608 0.277689
vt 0.875685 0.279228
vt 0.875678 0.259223
vt 0.875582 0.273792
vt 0.875608 0.277689
vt 0.875678 0.259223
vt 0.875759 0.25397
vt 0.64916 0.336786
vt 0.875678 0.259223
vt 0.875678 0.259223
vt 0.64916 0.336786
vt 0.64882 0.356907
vt 0.124106 0.279139
vt 0.350569 0.375549
vt 0.350774 0.356733
vt 0.124241 0.25397
vt 0.124106 0.279139
vt 0.350774 0.356733
vt 0.875608 0.277689
vt 0.648873 0.372906
vt 0.875685 0.279228
vt 0.648801 0.368886
vt 0.648873 0.372906
vt 0.875608 0.277689
vt 0.64882 0.356907
vt 0.648801 0.368886
vt 0.875582 0.273792
vt 0.875678 0.259223
vt 0.64882 0.356907
vt 0.875582 0.273792
vt 0.875582 0.273792
vt 0.648801 0.368886
vt 0.875608 0.277689
vt 0.649018 0.375725
vt 0.875685 0.279228
vt 0.648873 0.372906
vt 0.649018 0.375725
vt 0.649431 0.375549
vt 0.875894 0.279139
vt 0.875685 0.279228
vt 0.649018 0.375725
vt 0.875894 0.279139
vt 0.649104 0.376975
vt 0.649018 0.375725
vt 0.649431 0.375549
vt 0.649179 0.377595
vt 0.649104 0.376975
vt 0.649431 0.375549
vt 0.649431 0.376136
vt 0.649179 0.377595
vt 0.649431 0.375549
vt 0.875892 0.279448
vt 0.649431 0.376136
vt 0.875894 0.279139
vt 0.649179 0.377595
vt 0.649431 0.376136
vt 0.875884 0.279619
vt 0.649104 0.376975
vt 0.649179 0.377595
vt 0.875738 0.279901
vt 0.875685 0.279228
vt 0.649018 0.375725
vt 0.649104 0.376975
vt 0.875738 0.279901
vt 0.875685 0.279228
vt 0.649104 0.376975
vt 0.875738 0.279901
vt 0.649179 0.377595
vt 0.875884 0.279619
vt 0.875884 0.279619
vt 0.649431 0.376136
vt 0.875892 0.279448
vt 0.649431 0.375549
vt 0.875894 0.279139
vt 0.649431 0.376136
vt 0.875892 0.279448
vt 0.875894 0.279139
vt 0.875884 0.279619
vt 0.875738 0.279901
vt 0.875884 0.279619
vt 0.875894 0.279139
vt 0.875685 0.279228
vt 0.875738 0.279901
vt 0.875894 0.279139
vt 0.875749 0.279974
vt 0.875685 0.279228
vt 0.875769 0.280024
vt 0.875729 0.279828
vt 0.875685 0.279228
vt 0.875749 0.279974
vt 0.875894 0.279139
vt 0.875769 0.280024
vt 0.875685 0.279228
vt 0.87585 0.279893
vt 0.875769 0.280024
vt 0.875894 0.279139
vt 0.875884 0.279619
vt 0.87585 0.279893
vt 0.875894 0.279139
vt 0.875887 0.279575
vt 0.875884 0.279619
vt 0.875894 0.279139
vt 0.875893 0.27937
vt 0.875887 0.279575
vt 0.875894 0.279139
vt 0.647499 0.336786
vt 0.511569 0.336786
vt 0.511633 0.336786
vt 0.488503 0.358399
vt 0.488462 0.37581
vt 0.352387 0.358399
vt 0.415927 0.37546
vt 0.352387 0.358399
vt 0.488462 0.37581
vt 0.371868 0.375248
vt 0.352387 0.358399
vt 0.415927 0.37546
vt 0.371868 0.375248
vt 0.352071 0.375151
vt 0.352387 0.358399
vt 0.352501 0.336786
vt 0.488503 0.358399
vt 0.352387 0.358399
vt 0.488367 0.336786
vt 0.488503 0.358399
vt 0.352501 0.336786
vt 0.647613 0.358399
vt 0.647929 0.375151
vt 0.647671 0.37755
vt 0.647553 0.377711
vt 0.647613 0.358399
vt 0.647671 0.37755
vt 0.64788 0.376582
vt 0.647929 0.375151
vt 0.647923 0.376082
vt 0.647781 0.377202
vt 0.647929 0.375151
vt 0.64788 0.376582
vt 0.647671 0.37755
vt 0.647929 0.375151
vt 0.647781 0.377202
vt 0.647444 0.377465
vt 0.647351 0.376806
vt 0.647613 0.358399
vt 0.647444 0.377465
vt 0.647613 0.358399
vt 0.647553 0.377711
vt 0.647495 0.377659
vt 0.647444 0.377465
vt 0.647553 0.377711
vt 0.647173 0.375155
vt 0.646898 0.368833
vt 0.647613 0.358399
vt 0.647173 0.375155
vt 0.647613 0.358399
vt 0.647351 0.376806
vt 0.646883 0.358399
vt 0.647613 0.358399
vt 0.646898 0.368833
vt 0.647499 0.336786
vt 0.647613 0.358399
vt 0.646883 0.358399
vt 0.647499 0.336786
vt 0.646883 0.358399
vt 0.510907 0.358454
vt 0.511569 0.336786
vt 0.647499 0.336786
vt 0.510907 0.358454
vt 0.511569 0.336786
vt 0.510907 0.358454
vt 0.511497 0.358399
vt 0.510994 0.375813
vt 0.511185 0.377364
vt 0.510832 0.367608
vt 0.510829 0.372581
vt 0.510994 0.375813
vt 0.510832 0.367608
vt 0.510887 0.374679
vt 0.510994 0.375813
vt 0.510829 0.372581
vt 0.510978 0.375813
vt 0.510994 0.375813
vt 0.510887 0.374679
vt 0.511538 0.37581
vt 0.511497 0.358399
vt 0.510832 0.367608
vt 0.511538 0.37581
vt 0.510832 0.367608
vt 0.511185 0.377364
vt 0.511261 0.377602
vt 0.511538 0.37581
vt 0.511185 0.377364
vt 0.51134 0.377583
vt 0.511538 0.37581
vt 0.511261 0.377602
vt 0.511419 0.377445
vt 0.511538 0.37581
vt 0.51134 0.377583
vt 0.511457 0.377302
vt 0.511538 0.37581
vt 0.511419 0.377445
vt 0.511489 0.377083
vt 0.511538 0.37581
vt 0.511457 0.377302
vt 0.511526 0.376485
vt 0.511538 0.37581
vt 0.511489 0.377083
vt 0.511633 0.336786
vt 0.511569 0.336786
vt 0.511497 0.358399
vt 0.510907 0.358454
vt 0.510832 0.367608
vt 0.511497 0.358399
vt 0.510994 0.375813
vt 0.510978 0.375813
vt 0.562458 0.375564
vt 0.510829 0.372581
vt 0.510832 0.367608
vt 0.646898 0.368833
vt 0.641076 0.358399
vt 0.646883 0.358399
vt 0.646898 0.368833
vt 0.641076 0.358399
vt 0.646898 0.368833
vt 0.510832 0.367608
vt 0.510907 0.358454
vt 0.641076 0.358399
vt 0.510832 0.367608
vt 0.568974 0.375532
vt 0.510978 0.375813
vt 0.647173 0.375155
vt 0.646898 0.368833
vt 0.647173 0.375155
vt 0.510829 0.372581
vt 0.510978 0.375813
vt 0.510829 0.372581
vt 0.647173 0.375155
vt 0.647929 0.375151
vt 0.511538 0.37581
vt 0.647781 0.377202
vt 0.511419 0.377445
vt 0.647781 0.377202
vt 0.511538 0.37581
vt 0.511185 0.377364
vt 0.647781 0.377202
vt 0.511419 0.377445
vt 0.510994 0.375813
vt 0.647444 0.377465
vt 0.511185 0.377364
vt 0.568974 0.375532
vt 0.647444 0.377465
vt 0.510994 0.375813
vt 0.647173 0.375155
vt 0.647444 0.377465
vt 0.568974 0.375532
vt 0.647781 0.377202
vt 0.511185 0.377364
vt 0.647444 0.377465
vt 0 0
vt 0 0
vt 0.650347 0.356907
vt 0.650399 0.372906
vt 0.650752 0.356733
vt 0.650328 0.368886
vt 0.650399 0.372906
vt 0.650347 0.356907
vt 0.650544 0.375725
vt 0.650752 0.356733
vt 0.650399 0.372906
vt 0.650958 0.375549
vt 0.650752 0.356733
vt 0.650544 0.375725
vt 0.650687 0.336786
vt 0.650347 0.356907
vt 0.650752 0.356733
vt 0.349313 0.336786
vt 0.349248 0.356733
vt 0.122714 0.25397
vt 0.877286 0.25397
vt 0.877212 0.279228
vt 0.877205 0.259223
vt 0.87742 0.279139
vt 0.877212 0.279228
vt 0.877286 0.25397
vt 0.877205 0.259223
vt 0.877212 0.279228
vt 0.877135 0.277689
vt 0.877109 0.273792
vt 0.877205 0.259223
vt 0.877135 0.277689
vt 0.877205 0.259223
vt 0.650687 0.336786
vt 0.877286 0.25397
vt 0.650347 0.356907
vt 0.650687 0.336786
vt 0.877205 0.259223
vt 0.12258 0.279139
vt 0.349248 0.356733
vt 0.349042 0.375549
vt 0.122714 0.25397
vt 0.349248 0.356733
vt 0.12258 0.279139
vt 0.877135 0.277689
vt 0.877212 0.279228
vt 0.650399 0.372906
vt 0.650328 0.368886
vt 0.877135 0.277689
vt 0.650399 0.372906
vt 0.650347 0.356907
vt 0.877109 0.273792
vt 0.650328 0.368886
vt 0.877205 0.259223
vt 0.877109 0.273792
vt 0.650347 0.356907
vt 0.877109 0.273792
vt 0.877135 0.277689
vt 0.650328 0.368886
vt 0.650544 0.375725
vt 0.650399 0.372906
vt 0.877212 0.279228
vt 0.650544 0.375725
vt 0.87742 0.279139
vt 0.650958 0.375549
vt 0.877212 0.279228
vt 0.87742 0.279139
vt 0.650544 0.375725
vt 0.650631 0.376975
vt 0.650958 0.375549
vt 0.650544 0.375725
vt 0.650706 0.377595
vt 0.650958 0.375549
vt 0.650631 0.376975
vt 0.650958 0.376136
vt 0.650958 0.375549
vt 0.650706 0.377595
vt 0.877419 0.279448
vt 0.87742 0.279139
vt 0.650958 0.376136
vt 0.650706 0.377595
vt 0.877408 0.279647
vt 0.650958 0.376136
vt 0.650631 0.376975
vt 0.877264 0.279901
vt 0.650706 0.377595
vt 0.877212 0.279228
vt 0.650631 0.376975
vt 0.650544 0.375725
vt 0.877264 0.279901
vt 0.650631 0.376975
vt 0.877212 0.279228
vt 0.877264 0.279901
vt 0.877408 0.279647
vt 0.650706 0.377595
vt 0.877408 0.279647
vt 0.877419 0.279448
vt 0.650958 0.376136
vt 0.650958 0.375549
vt 0.650958 0.376136
vt 0.87742 0.279139
vt 0.877419 0.279448
vt 0.877408 0.279647
vt 0.87742 0.279139
vt 0.877264 0.279901
vt 0.87742 0.279139
vt 0.877408 0.279647
vt 0.877212 0.279228
vt 0.87742 0.279139
vt 0.877264 0.279901
vt 0.877276 0.279974
vt 0.877295 0.280024
vt 0.877212 0.279228
vt 0.877256 0.279828
vt 0.877276 0.279974
vt 0.877212 0.279228
vt 0.87742 0.279139
vt 0.877212 0.279228
vt 0.877295 0.280024
vt 0.877377 0.279893
vt 0.87742 0.279139
vt 0.877295 0.280024
vt 0.877408 0.279647
vt 0.87742 0.279139
vt 0.877377 0.279893
vt 0.877413 0.279575
vt 0.87742 0.279139
vt 0.877408 0.279647
vt 0.87742 0.27937
vt 0.87742 0.279139
vt 0.877413 0.279575
vt 0.588946 0.382238
vt 0.504712 0.382238
vt 0.588666 0.382238
vt 0.504712 0.382238
vt 0.504712 0.382238
vt 0.588946 0.382238
vt 0.504712 0.382238
vt 0.589188 0.358396
vt 0.588666 0.382238
vt 0.504712 0.356375
vt 0.589188 0.358396
vt 0.504712 0.382238
vt 0.588946 0.382238
vt 0.588666 0.382238
vt 0.589188 0.358396
vt 0.410812 0.358396
vt 0.495288 0.382238
vt 0.411054 0.382238
vt 0.495288 0.356375
vt 0.495288 0.382238
vt 0.410812 0.358396
vt 0.58714 0.382238
vt 0.503185 0.382238
vt 0.587419 0.382238
vt 0.587419 0.382238
vt 0.503185 0.382238
vt 0.503185 0.382238
vt 0.503185 0.382238
vt 0.58714 0.382238
vt 0.587661 0.358396
vt 0.503185 0.356375
vt 0.503185 0.382238
vt 0.587661 0.358396
vt 0.587419 0.382238
vt 0.587661 0.358396
vt 0.58714 0.382238
vt 0.412339 0.358396
vt 0.412581 0.382238
vt 0.496815 0.382238
vt 0.496815 0.356375
vt 0.412339 0.358396
vt 0.496815 0.382238
vt 0.517489 0.566374
vt 0.61702 0.504654
vt 0.51747 0.566386
vt 0.517427 0.566223
vt 0.61702 0.504654
vt 0.616966 0.504603
vt 0.51747 0.566386
vt 0.61702 0.504654
vt 0.517427 0.566223
vt 0.61647 0.50368
vt 0.51738 0.56574
vt 0.616834 0.504383
vt 0.517304 0.564323
vt 0.51738 0.56574
vt 0.61647 0.50368
vt 0.614169 0.498778
vt 0.517187 0.560413
vt 0.615635 0.501944
vt 0.517163 0.559275
vt 0.517187 0.560413
vt 0.614169 0.498778
vt 0.51714 0.558099
vt 0.517163 0.559275
vt 0.614169 0.498778
vt 0.517103 0.555699
vt 0.51714 0.558099
vt 0.614169 0.498778
vt 0.517058 0.550751
vt 0.517103 0.555699
vt 0.611282 0.492322
vt 0.611282 0.492322
vt 0.517103 0.555699
vt 0.614169 0.498778
vt 0.517304 0.564323
vt 0.615635 0.501944
vt 0.517187 0.560413
vt 0.615635 0.501944
vt 0.517304 0.564323
vt 0.61647 0.50368
vt 0.517427 0.566223
vt 0.616834 0.504383
vt 0.51738 0.56574
vt 0.616834 0.504383
vt 0.517427 0.566223
vt 0.616966 0.504603
vt 0.517103 0.555699
vt 0.517058 0.550751
vt 0.517317 0.559978
vt 0.51714 0.558099
vt 0.517103 0.555699
vt 0.517317 0.559978
vt 0.517588 0.564865
vt 0.51757 0.565813
vt 0.517539 0.564581
vt 0.51764 0.564779
vt 0.51757 0.565813
vt 0.517588 0.564865
vt 0.517489 0.566374
vt 0.517539 0.564581
vt 0.51757 0.565813
vt 0.517457 0.563435
vt 0.517539 0.564581
vt 0.517489 0.566374
vt 0.517163 0.559275
vt 0.51714 0.558099
vt 0.517317 0.559978
vt 0.517187 0.560413
vt 0.517163 0.559275
vt 0.517317 0.559978
vt 0.517304 0.564323
vt 0.517187 0.560413
vt 0.517317 0.559978
vt 0.51738 0.56574
vt 0.517304 0.564323
vt 0.517317 0.559978
vt 0.517457 0.563435
vt 0.51738 0.56574
vt 0.517317 0.559978
vt 0.517427 0.566223
vt 0.51738 0.56574
vt 0.517457 0.563435
vt 0.51747 0.566386
vt 0.517427 0.566223
vt 0.517457 0.563435
vt 0.51747 0.566386
vt 0.517457 0.563435
vt 0.517489 0.566374
vt 0.616931 0.504275
vt 0.51757 0.565813
vt 0.616612 0.503373
vt 0.517489 0.566374
vt 0.51757 0.565813
vt 0.616931 0.504275
vt 0.61702 0.504654
vt 0.517489 0.566374
vt 0.617016 0.504567
vt 0.617016 0.504567
vt 0.517489 0.566374
vt 0.616931 0.504275
vt 0.51764 0.564779
vt 0.616612 0.503373
vt 0.51757 0.565813
vt 0.616163 0.502673
vt 0.61702 0.504654
vt 0.617016 0.504567
vt 0.616834 0.504383
vt 0.616966 0.504603
vt 0.616163 0.502673
vt 0.61647 0.50368
vt 0.616834 0.504383
vt 0.616163 0.502673
vt 0.615635 0.501944
vt 0.61647 0.50368
vt 0.614953 0.50018
vt 0.614169 0.498778
vt 0.615635 0.501944
vt 0.614953 0.50018
vt 0.611282 0.492322
vt 0.614169 0.498778
vt 0.614953 0.50018
vt 0.614953 0.50018
vt 0.61647 0.50368
vt 0.616163 0.502673
vt 0.616517 0.503335
vt 0.616163 0.502673
vt 0.617016 0.504567
vt 0.616611 0.503463
vt 0.616517 0.503335
vt 0.616931 0.504275
vt 0.616612 0.503373
vt 0.616611 0.503463
vt 0.616931 0.504275
vt 0.616931 0.504275
vt 0.616517 0.503335
vt 0.617016 0.504567
vt 0.61702 0.504654
vt 0.616163 0.502673
vt 0.616966 0.504603
vt 0.517317 0.559978
vt 0.611282 0.492322
vt 0.614953 0.50018
vt 0.517457 0.563435
vt 0.517317 0.559978
vt 0.614953 0.50018
vt 0.616517 0.503335
vt 0.517539 0.564581
vt 0.616163 0.502673
vt 0.517588 0.564865
vt 0.517539 0.564581
vt 0.616517 0.503335
vt 0.51764 0.564779
vt 0.517588 0.564865
vt 0.616611 0.503463
vt 0.616612 0.503373
vt 0.51764 0.564779
vt 0.616611 0.503463
vt 0.616611 0.503463
vt 0.517588 0.564865
vt 0.616517 0.503335
vt 0.517457 0.563435
vt 0.616163 0.502673
vt 0.517539 0.564581
vt 0.616163 0.502673
vt 0.517457 0.563435
vt 0.614953 0.50018
vt 0.517058 0.550751
vt 0.611282 0.492322
vt 0.517317 0.559978
vt 0.64916 0.484593
vt 0.645824 0.486648
vt 0.64916 0.484252
vt 0.64916 0.484252
vt 0.645824 0.486648
vt 0.64916 0.483032
vt 0.642292 0.488391
vt 0.645824 0.486648
vt 0.642265 0.48881
vt 0.64916 0.483032
vt 0.645824 0.486648
vt 0.642292 0.488391
vt 0.642339 0.487162
vt 0.64916 0.483032
vt 0.642292 0.488391
vt 0.642265 0.48881
vt 0.645824 0.486648
vt 0.642249 0.488953
vt 0.642249 0.488953
vt 0.645824 0.486648
vt 0.642232 0.48902
vt 0.642232 0.48902
vt 0.645824 0.486648
vt 0.64916 0.484593
vt 0.64916 0.484252
vt 0.738231 0.428058
vt 0.679325 0.465888
vt 0.64916 0.483032
vt 0.738231 0.428058
vt 0.64916 0.484252
vt 0.64916 0.484593
vt 0.64916 0.484252
vt 0.679325 0.465888
vt 0.642232 0.48902
vt 0.64916 0.484593
vt 0.679325 0.465888
vt 0.738639 0.429237
vt 0.642232 0.48902
vt 0.679325 0.465888
vt 0.738607 0.429091
vt 0.738639 0.429237
vt 0.679325 0.465888
vt 0.738511 0.428807
vt 0.738607 0.429091
vt 0.679325 0.465888
vt 0.679325 0.465888
vt 0.738231 0.428058
vt 0.738511 0.428807
vt 0.642229 0.489022
vt 0.642232 0.48902
vt 0.64916 0.484724
vt 0.738639 0.429237
vt 0.64916 0.484724
vt 0.642232 0.48902
vt 0.738635 0.429239
vt 0.64916 0.484724
vt 0.738639 0.429237
vt 0.64916 0.477508
vt 0.641959 0.478256
vt 0.642018 0.482639
vt 0.64916 0.484552
vt 0.64916 0.484101
vt 0.645654 0.486585
vt 0.64916 0.484724
vt 0.64916 0.484552
vt 0.645654 0.486585
vt 0.642229 0.489022
vt 0.64916 0.484724
vt 0.645654 0.486585
vt 0.642206 0.488938
vt 0.642229 0.489022
vt 0.645654 0.486585
vt 0.642185 0.488728
vt 0.642206 0.488938
vt 0.645654 0.486585
vt 0.642152 0.488125
vt 0.642185 0.488728
vt 0.645654 0.486585
vt 0.645654 0.484886
vt 0.64916 0.477508
vt 0.642018 0.482639
vt 0.645654 0.484886
vt 0.64916 0.484101
vt 0.64916 0.477508
vt 0.645654 0.484886
vt 0.645654 0.486585
vt 0.64916 0.484101
vt 0.645654 0.484886
vt 0.642152 0.488125
vt 0.645654 0.486585
vt 0.642101 0.486648
vt 0.642152 0.488125
vt 0.645654 0.484886
vt 0.642018 0.482639
vt 0.642101 0.486648
vt 0.645654 0.484886
vt 0.64916 0.468489
vt 0.641959 0.478256
vt 0.64916 0.477508
vt 0.641925 0.473525
vt 0.641959 0.478256
vt 0.64916 0.468489
vt 0.641925 0.473525
vt 0.64916 0.468489
vt 0.641922 0.4729
vt 0.642249 0.488953
vt 0.642232 0.48902
vt 0.642266 0.486875
vt 0.642265 0.48881
vt 0.642249 0.488953
vt 0.642266 0.486875
vt 0.642292 0.488391
vt 0.642265 0.48881
vt 0.642266 0.486875
vt 0.64232 0.487278
vt 0.642339 0.487162
vt 0.642292 0.488391
vt 0.6423 0.487243
vt 0.64232 0.487278
vt 0.642292 0.488391
vt 0.6423 0.487243
vt 0.642292 0.488391
vt 0.642266 0.486875
vt 0.642209 0.485577
vt 0.642266 0.486875
vt 0.642232 0.48902
vt 0.641922 0.4729
vt 0.642099 0.48153
vt 0.641959 0.478256
vt 0.641925 0.473525
vt 0.641922 0.4729
vt 0.641959 0.478256
vt 0.642018 0.482639
vt 0.641959 0.478256
vt 0.642099 0.48153
vt 0.642101 0.486648
vt 0.642018 0.482639
vt 0.642099 0.48153
vt 0.642152 0.488125
vt 0.642101 0.486648
vt 0.642099 0.48153
vt 0.642209 0.485577
vt 0.642152 0.488125
vt 0.642099 0.48153
vt 0.642185 0.488728
vt 0.642152 0.488125
vt 0.642209 0.485577
vt 0.642206 0.488938
vt 0.642185 0.488728
vt 0.642209 0.485577
vt 0.642229 0.489022
vt 0.642206 0.488938
vt 0.642209 0.485577
vt 0.642229 0.489022
vt 0.642209 0.485577
vt 0.642232 0.48902
vt 0.679335 0.464458
vt 0.735955 0.423592
vt 0.64916 0.477508
vt 0.737377 0.426698
vt 0.735955 0.423592
vt 0.679335 0.464458
vt 0.733191 0.417379
vt 0.64916 0.477508
vt 0.735955 0.423592
vt 0.679335 0.465997
vt 0.738635 0.429239
vt 0.738557 0.429131
vt 0.64916 0.484101
vt 0.679335 0.464458
vt 0.64916 0.477508
vt 0.64916 0.468489
vt 0.64916 0.477508
vt 0.733191 0.417379
vt 0.738106 0.428241
vt 0.737377 0.426698
vt 0.679335 0.464458
vt 0.738425 0.428885
vt 0.738106 0.428241
vt 0.679335 0.464458
vt 0.679335 0.465808
vt 0.679335 0.465997
vt 0.738557 0.429131
vt 0.679335 0.465808
vt 0.64916 0.484552
vt 0.679335 0.465997
vt 0.679335 0.465808
vt 0.64916 0.484101
vt 0.64916 0.484552
vt 0.679335 0.465808
vt 0.679335 0.464458
vt 0.64916 0.484101
vt 0.679335 0.465808
vt 0.738425 0.428885
vt 0.679335 0.464458
vt 0.738425 0.428885
vt 0.679335 0.465808
vt 0.738557 0.429131
vt 0.64916 0.484724
vt 0.679335 0.465997
vt 0.64916 0.484552
vt 0.64916 0.484724
vt 0.738635 0.429239
vt 0.679335 0.465997
vt 0.738607 0.429091
vt 0.738511 0.428807
vt 0.738064 0.427822
vt 0.738639 0.429237
vt 0.738607 0.429091
vt 0.738064 0.427822
vt 0.738635 0.429239
vt 0.738639 0.429237
vt 0.738064 0.427822
vt 0.738557 0.429131
vt 0.738635 0.429239
vt 0.737643 0.426978
vt 0.738425 0.428885
vt 0.738557 0.429131
vt 0.737643 0.426978
vt 0.738106 0.428241
vt 0.738425 0.428885
vt 0.737643 0.426978
vt 0.737377 0.426698
vt 0.738106 0.428241
vt 0.737643 0.426978
vt 0.735955 0.423592
vt 0.737377 0.426698
vt 0.736381 0.424301
vt 0.733191 0.417379
vt 0.735955 0.423592
vt 0.736381 0.424301
vt 0.736381 0.424301
vt 0.737377 0.426698
vt 0.737643 0.426978
vt 0.737643 0.426978
vt 0.738635 0.429239
vt 0.738064 0.427822
vt 0.738194 0.428053
vt 0.738064 0.427822
vt 0.738511 0.428807
vt 0.738229 0.428094
vt 0.738194 0.428053
vt 0.738511 0.428807
vt 0.738231 0.428058
vt 0.738229 0.428094
vt 0.738511 0.428807
vt 0.64232 0.487278
vt 0.64916 0.483126
vt 0.642339 0.487162
vt 0.64916 0.483143
vt 0.64916 0.483126
vt 0.64232 0.487278
vt 0.64916 0.48306
vt 0.64916 0.483143
vt 0.6423 0.487243
vt 0.64916 0.482896
vt 0.64916 0.48306
vt 0.6423 0.487243
vt 0.642209 0.485577
vt 0.64916 0.482415
vt 0.642266 0.486875
vt 0.64916 0.481099
vt 0.64916 0.482415
vt 0.642209 0.485577
vt 0.64916 0.478071
vt 0.64916 0.481099
vt 0.642209 0.485577
vt 0.641922 0.4729
vt 0.64916 0.470705
vt 0.642099 0.48153
vt 0.64916 0.468489
vt 0.64916 0.470705
vt 0.641922 0.4729
vt 0.64916 0.478071
vt 0.642099 0.48153
vt 0.64916 0.470705
vt 0.642099 0.48153
vt 0.64916 0.478071
vt 0.642209 0.485577
vt 0.64916 0.482896
vt 0.642266 0.486875
vt 0.64916 0.482415
vt 0.642266 0.486875
vt 0.64916 0.482896
vt 0.6423 0.487243
vt 0.6423 0.487243
vt 0.64916 0.483143
vt 0.64232 0.487278
vt 0.64916 0.483032
vt 0.642339 0.487162
vt 0.64916 0.483126
vt 0.736381 0.424301
vt 0.64916 0.470705
vt 0.733191 0.417379
vt 0.64916 0.478071
vt 0.64916 0.470705
vt 0.736381 0.424301
vt 0.64916 0.481099
vt 0.64916 0.478071
vt 0.736381 0.424301
vt 0.738064 0.427822
vt 0.64916 0.482415
vt 0.737643 0.426978
vt 0.64916 0.482896
vt 0.64916 0.482415
vt 0.738064 0.427822
vt 0.64916 0.48306
vt 0.64916 0.482896
vt 0.738194 0.428053
vt 0.64916 0.483143
vt 0.64916 0.48306
vt 0.738194 0.428053
vt 0.738231 0.428058
vt 0.64916 0.483126
vt 0.738229 0.428094
vt 0.64916 0.483032
vt 0.64916 0.483126
vt 0.738231 0.428058
vt 0.64916 0.483143
vt 0.738229 0.428094
vt 0.64916 0.483126
vt 0.738229 0.428094
vt 0.64916 0.483143
vt 0.738194 0.428053
vt 0.738194 0.428053
vt 0.64916 0.482896
vt 0.738064 0.427822
vt 0.64916 0.481099
vt 0.737643 0.426978
vt 0.64916 0.482415
vt 0.737643 0.426978
vt 0.64916 0.481099
vt 0.736381 0.424301
vt 0.69241 0.442218
vt 0.64916 0.470705
vt 0.64916 0.468489
vt 0.69241 0.442218
vt 0.733191 0.417379
vt 0.64916 0.470705
vt 0.815043 0.367535
vt 0.736794 0.424112
vt 0.817674 0.373447
vt 0.820066 0.378574
vt 0.819936 0.378324
vt 0.793049 0.39539
vt 0.738961 0.428718
vt 0.739052 0.428881
vt 0.793049 0.39539
vt 0.733664 0.417091
vt 0.736794 0.424112
vt 0.815043 0.367535
vt 0.793049 0.394028
vt 0.793049 0.39539
vt 0.819936 0.378324
vt 0.793049 0.394028
vt 0.738961 0.428718
vt 0.793049 0.39539
vt 0.793049 0.394028
vt 0.738727 0.428258
vt 0.738961 0.428718
vt 0.793049 0.394028
vt 0.738194 0.427146
vt 0.738727 0.428258
vt 0.793049 0.394028
vt 0.736794 0.424112
vt 0.738194 0.427146
vt 0.793049 0.394028
vt 0.817674 0.373447
vt 0.736794 0.424112
vt 0.817674 0.373447
vt 0.793049 0.394028
vt 0.818973 0.376294
vt 0.818973 0.376294
vt 0.793049 0.394028
vt 0.819633 0.377703
vt 0.819633 0.377703
vt 0.793049 0.394028
vt 0.819936 0.378324
vt 0.820116 0.37866
vt 0.820066 0.378574
vt 0.793049 0.39539
vt 0.820145 0.378694
vt 0.820116 0.37866
vt 0.793049 0.39539
vt 0.739106 0.428948
vt 0.793049 0.39539
vt 0.739052 0.428881
vt 0.739106 0.428948
vt 0.820145 0.378694
vt 0.793049 0.39539
vt 0.738194 0.427146
vt 0.738113 0.426684
vt 0.738727 0.428258
vt 0.738658 0.427751
vt 0.738699 0.427802
vt 0.738992 0.428544
vt 0.738515 0.427494
vt 0.738658 0.427751
vt 0.738992 0.428544
vt 0.736942 0.424203
vt 0.738113 0.426684
vt 0.738194 0.427146
vt 0.736794 0.424112
vt 0.733664 0.417091
vt 0.736942 0.424203
vt 0.736794 0.424112
vt 0.736942 0.424203
vt 0.738194 0.427146
vt 0.738961 0.428718
vt 0.738727 0.428258
vt 0.738113 0.426684
vt 0.739052 0.428881
vt 0.738961 0.428718
vt 0.738113 0.426684
vt 0.739106 0.428948
vt 0.739052 0.428881
vt 0.738113 0.426684
vt 0.738515 0.427494
vt 0.739106 0.428948
vt 0.738113 0.426684
vt 0.739109 0.428946
vt 0.739106 0.428948
vt 0.738515 0.427494
vt 0.739081 0.42881
vt 0.739109 0.428946
vt 0.738515 0.427494
vt 0.739081 0.42881
vt 0.738515 0.427494
vt 0.738992 0.428544
vt 0.738702 0.427766
vt 0.738992 0.428544
vt 0.738699 0.427802
vt 0.739106 0.428948
vt 0.739109 0.428946
vt 0.820148 0.378693
vt 0.820145 0.378694
vt 0.739106 0.428948
vt 0.820148 0.378693
vt 0.739109 0.428946
vt 0.739081 0.42881
vt 0.795122 0.394171
vt 0.738992 0.428544
vt 0.738702 0.427766
vt 0.820009 0.378255
vt 0.820148 0.378693
vt 0.739109 0.428946
vt 0.795122 0.394171
vt 0.820141 0.378642
vt 0.820148 0.378693
vt 0.795122 0.394171
vt 0.795122 0.394013
vt 0.738992 0.428544
vt 0.820009 0.378255
vt 0.795122 0.394013
vt 0.739081 0.42881
vt 0.738992 0.428544
vt 0.795122 0.394013
vt 0.795122 0.394171
vt 0.739081 0.42881
vt 0.795122 0.394013
vt 0.820141 0.378642
vt 0.795122 0.394171
vt 0.820109 0.378538
vt 0.820141 0.378642
vt 0.795122 0.394013
vt 0.820109 0.378538
vt 0.795122 0.394013
vt 0.820009 0.378255
vt 0.81973 0.377522
vt 0.820009 0.378255
vt 0.738702 0.427766
vt 0.81956 0.377265
vt 0.820109 0.378538
vt 0.820009 0.378255
vt 0.819936 0.378324
vt 0.820066 0.378574
vt 0.819108 0.376344
vt 0.819633 0.377703
vt 0.819936 0.378324
vt 0.819108 0.376344
vt 0.818973 0.376294
vt 0.819633 0.377703
vt 0.819108 0.376344
vt 0.817674 0.373447
vt 0.818973 0.376294
vt 0.817922 0.37381
vt 0.815043 0.367535
vt 0.817674 0.373447
vt 0.817922 0.37381
vt 0.817922 0.37381
vt 0.818973 0.376294
vt 0.819108 0.376344
vt 0.819688 0.377499
vt 0.81956 0.377265
vt 0.820009 0.378255
vt 0.819725 0.377548
vt 0.819688 0.377499
vt 0.820009 0.378255
vt 0.81973 0.377522
vt 0.819725 0.377548
vt 0.820009 0.378255
vt 0.820141 0.378642
vt 0.820109 0.378538
vt 0.81956 0.377265
vt 0.820148 0.378693
vt 0.820141 0.378642
vt 0.81956 0.377265
vt 0.820145 0.378694
vt 0.820148 0.378693
vt 0.81956 0.377265
vt 0.820116 0.37866
vt 0.819108 0.376344
vt 0.820066 0.378574
vt 0.820116 0.37866
vt 0.81956 0.377265
vt 0.819108 0.376344
vt 0.820116 0.37866
vt 0.820145 0.378694
vt 0.81956 0.377265
vt 0.81956 0.377265
vt 0.819688 0.377499
vt 0.759958 0.414367
vt 0.738515 0.427494
vt 0.738113 0.426684
vt 0.759958 0.414367
vt 0.815043 0.367535
vt 0.817922 0.37381
vt 0.75924 0.407128
vt 0.738658 0.427751
vt 0.738515 0.427494
vt 0.759958 0.414367
vt 0.759981 0.414602
vt 0.759958 0.414367
vt 0.819688 0.377499
vt 0.759981 0.414602
vt 0.738658 0.427751
vt 0.759958 0.414367
vt 0.738699 0.427802
vt 0.738658 0.427751
vt 0.759981 0.414602
vt 0.738702 0.427766
vt 0.738699 0.427802
vt 0.759981 0.414602
vt 0.81973 0.377522
vt 0.738702 0.427766
vt 0.759981 0.414602
vt 0.819725 0.377548
vt 0.81973 0.377522
vt 0.759981 0.414602
vt 0.819725 0.377548
vt 0.759981 0.414602
vt 0.819688 0.377499
vt 0.819108 0.376344
vt 0.81956 0.377265
vt 0.759958 0.414367
vt 0.759711 0.411833
vt 0.75924 0.407128
vt 0.817922 0.37381
vt 0.759711 0.411833
vt 0.736942 0.424203
vt 0.75924 0.407128
vt 0.759711 0.411833
vt 0.738113 0.426684
vt 0.736942 0.424203
vt 0.759711 0.411833
vt 0.759958 0.414367
vt 0.738113 0.426684
vt 0.759711 0.411833
vt 0.819108 0.376344
vt 0.759958 0.414367
vt 0.819108 0.376344
vt 0.759711 0.411833
vt 0.817922 0.37381
vt 0.733664 0.417091
vt 0.75924 0.407128
vt 0.736942 0.424203
vt 0.733664 0.417091
vt 0.815043 0.367535
vt 0.75924 0.407128
vt 0.820718 0.378279
vt 0.867285 0.349432
vt 0.820727 0.378334
vt 0.820575 0.377861
vt 0.899484 0.328058
vt 0.899764 0.32878
vt 0.820727 0.378334
vt 0.867285 0.349432
vt 0.899913 0.32923
vt 0.899913 0.32923
vt 0.867285 0.349432
vt 0.899903 0.329175
vt 0.867285 0.349309
vt 0.820575 0.377861
vt 0.899764 0.32878
vt 0.867285 0.349309
vt 0.820684 0.378166
vt 0.820575 0.377861
vt 0.867285 0.349309
vt 0.820718 0.378279
vt 0.820684 0.378166
vt 0.867285 0.349309
vt 0.867285 0.349432
vt 0.820718 0.378279
vt 0.899903 0.329175
vt 0.867285 0.349432
vt 0.867285 0.349309
vt 0.899868 0.329066
vt 0.899903 0.329175
vt 0.867285 0.349309
vt 0.899868 0.329066
vt 0.867285 0.349309
vt 0.899764 0.32878
vt 0.820308 0.377163
vt 0.899484 0.328058
vt 0.820575 0.377861
vt 0.820724 0.378335
vt 0.820727 0.378334
vt 0.899913 0.32923
vt 0.820677 0.378272
vt 0.820097 0.376825
vt 0.820724 0.378335
vt 0.820252 0.377116
vt 0.820684 0.378166
vt 0.820097 0.376825
vt 0.820575 0.377861
vt 0.820684 0.378166
vt 0.820252 0.377116
vt 0.8203 0.377187
vt 0.820308 0.377163
vt 0.820575 0.377861
vt 0.8203 0.377187
vt 0.820575 0.377861
vt 0.820252 0.377116
vt 0.820718 0.378279
vt 0.820097 0.376825
vt 0.820684 0.378166
vt 0.819658 0.375925
vt 0.820097 0.376825
vt 0.820677 0.378272
vt 0.818635 0.373933
vt 0.818383 0.373195
vt 0.819921 0.37673
vt 0.815624 0.367181
vt 0.818383 0.373195
vt 0.818635 0.373933
vt 0.819658 0.375925
vt 0.819921 0.37673
vt 0.818383 0.373195
vt 0.820398 0.37773
vt 0.819921 0.37673
vt 0.819658 0.375925
vt 0.820597 0.378127
vt 0.820398 0.37773
vt 0.819658 0.375925
vt 0.820597 0.378127
vt 0.819658 0.375925
vt 0.820677 0.378272
vt 0.820727 0.378334
vt 0.820097 0.376825
vt 0.820718 0.378279
vt 0.820727 0.378334
vt 0.820724 0.378335
vt 0.820097 0.376825
vt 0.895134 0.318736
vt 0.818635 0.373933
vt 0.897635 0.324365
vt 0.899833 0.329108
vt 0.899708 0.328863
vt 0.86595 0.350225
vt 0.820597 0.378127
vt 0.820677 0.378272
vt 0.86595 0.350225
vt 0.815624 0.367181
vt 0.818635 0.373933
vt 0.895134 0.318736
vt 0.86595 0.349596
vt 0.86595 0.350225
vt 0.899708 0.328863
vt 0.86595 0.349596
vt 0.820597 0.378127
vt 0.86595 0.350225
vt 0.86595 0.349596
vt 0.820398 0.37773
vt 0.820597 0.378127
vt 0.86595 0.349596
vt 0.819921 0.37673
vt 0.820398 0.37773
vt 0.86595 0.349596
vt 0.818635 0.373933
vt 0.819921 0.37673
vt 0.86595 0.349596
vt 0.897635 0.324365
vt 0.818635 0.373933
vt 0.898828 0.32699
vt 0.897635 0.324365
vt 0.86595 0.349596
vt 0.899423 0.32827
vt 0.898828 0.32699
vt 0.86595 0.349596
vt 0.899423 0.32827
vt 0.86595 0.349596
vt 0.899708 0.328863
vt 0.899882 0.329194
vt 0.899833 0.329108
vt 0.86595 0.350225
vt 0.899913 0.32923
vt 0.899882 0.329194
vt 0.86595 0.350225
vt 0.820724 0.378335
vt 0.86595 0.350225
vt 0.820677 0.378272
vt 0.820724 0.378335
vt 0.899913 0.32923
vt 0.86595 0.350225
vt 0.899868 0.329066
vt 0.899764 0.32878
vt 0.89934 0.327844
vt 0.899903 0.329175
vt 0.899868 0.329066
vt 0.89934 0.327844
vt 0.899913 0.32923
vt 0.899903 0.329175
vt 0.89934 0.327844
vt 0.899882 0.329194
vt 0.899913 0.32923
vt 0.89934 0.327844
vt 0.899833 0.329108
vt 0.899882 0.329194
vt 0.898962 0.327071
vt 0.899708 0.328863
vt 0.899833 0.329108
vt 0.898962 0.327071
vt 0.899423 0.32827
vt 0.899708 0.328863
vt 0.898962 0.327071
vt 0.898828 0.32699
vt 0.899423 0.32827
vt 0.898962 0.327071
vt 0.897635 0.324365
vt 0.898828 0.32699
vt 0.897871 0.324728
vt 0.895134 0.318736
vt 0.897635 0.324365
vt 0.897871 0.324728
vt 0.897871 0.324728
vt 0.898828 0.32699
vt 0.898962 0.327071
vt 0.898962 0.327071
vt 0.899882 0.329194
vt 0.89934 0.327844
vt 0.899454 0.328055
vt 0.89934 0.327844
vt 0.899764 0.32878
vt 0.899485 0.328095
vt 0.899454 0.328055
vt 0.899764 0.32878
vt 0.899484 0.328058
vt 0.899485 0.328095
vt 0.899764 0.32878
vt 0.820308 0.377163
vt 0.8203 0.377187
vt 0.875322 0.343068
vt 0.89934 0.327844
vt 0.899454 0.328055
vt 0.875224 0.342794
vt 0.897871 0.324728
vt 0.873664 0.337446
vt 0.895134 0.318736
vt 0.897871 0.324728
vt 0.818383 0.373195
vt 0.873664 0.337446
vt 0.820097 0.376825
vt 0.819658 0.375925
vt 0.875224 0.342794
vt 0.820252 0.377116
vt 0.820097 0.376825
vt 0.875224 0.342794
vt 0.899484 0.328058
vt 0.820308 0.377163
vt 0.875322 0.343068
vt 0.899485 0.328095
vt 0.899484 0.328058
vt 0.875322 0.343068
vt 0.875299 0.343018
vt 0.875224 0.342794
vt 0.899454 0.328055
vt 0.875299 0.343018
vt 0.820252 0.377116
vt 0.875224 0.342794
vt 0.875299 0.343018
vt 0.8203 0.377187
vt 0.820252 0.377116
vt 0.875299 0.343018
vt 0.875322 0.343068
vt 0.8203 0.377187
vt 0.875299 0.343018
vt 0.899485 0.328095
vt 0.875322 0.343068
vt 0.899485 0.328095
vt 0.875299 0.343018
vt 0.899454 0.328055
vt 0.898962 0.327071
vt 0.89934 0.327844
vt 0.875224 0.342794
vt 0.874808 0.341427
vt 0.818383 0.373195
vt 0.897871 0.324728
vt 0.874808 0.341427
vt 0.819658 0.375925
vt 0.818383 0.373195
vt 0.874808 0.341427
vt 0.875224 0.342794
vt 0.819658 0.375925
vt 0.874808 0.341427
vt 0.898962 0.327071
vt 0.875224 0.342794
vt 0.898962 0.327071
vt 0.874808 0.341427
vt 0.897871 0.324728
vt 0.815624 0.367181
vt 0.873664 0.337446
vt 0.818383 0.373195
vt 0.815624 0.367181
vt 0.895134 0.318736
vt 0.873664 0.337446
vt 0.975455 0.282173
vt 0.90031 0.328891
vt 0.975512 0.282279
vt 0.900234 0.328749
vt 0.90031 0.328891
vt 0.975455 0.282173
vt 0.975008 0.281248
vt 0.900048 0.328373
vt 0.975315 0.281893
vt 0.899609 0.327444
vt 0.900048 0.328373
vt 0.975008 0.281248
vt 0.973294 0.277477
vt 0.898423 0.324851
vt 0.974432 0.279999
vt 0.89558 0.318464
vt 0.898423 0.324851
vt 0.973294 0.277477
vt 0.971016 0.272322
vt 0.89558 0.318464
vt 0.973294 0.277477
vt 0.974432 0.279999
vt 0.898423 0.324851
vt 0.899609 0.327444
vt 0.974432 0.279999
vt 0.899609 0.327444
vt 0.975008 0.281248
vt 0.900234 0.328749
vt 0.975315 0.281893
vt 0.900048 0.328373
vt 0.975315 0.281893
vt 0.900234 0.328749
vt 0.975455 0.282173
vt 0.900357 0.328954
vt 0.975512 0.282279
vt 0.90031 0.328891
vt 0.97555 0.282327
vt 0.975512 0.282279
vt 0.900357 0.328954
vt 0.900048 0.328373
vt 0.899619 0.327238
vt 0.900234 0.328749
vt 0.899915 0.327804
vt 0.899932 0.327819
vt 0.900196 0.328472
vt 0.899836 0.327669
vt 0.899915 0.327804
vt 0.900196 0.328472
vt 0.899134 0.326218
vt 0.899619 0.327238
vt 0.900048 0.328373
vt 0.898423 0.324851
vt 0.897988 0.32374
vt 0.899609 0.327444
vt 0.897988 0.32374
vt 0.898423 0.324851
vt 0.89558 0.318464
vt 0.899134 0.326218
vt 0.899609 0.327444
vt 0.897988 0.32374
vt 0.899609 0.327444
vt 0.899134 0.326218
vt 0.900048 0.328373
vt 0.90031 0.328891
vt 0.900234 0.328749
vt 0.899619 0.327238
vt 0.900357 0.328954
vt 0.90031 0.328891
vt 0.899619 0.327238
vt 0.900346 0.328895
vt 0.900357 0.328954
vt 0.899619 0.327238
vt 0.899836 0.327669
vt 0.900346 0.328895
vt 0.899619 0.327238
vt 0.900308 0.328777
vt 0.900346 0.328895
vt 0.899836 0.327669
vt 0.900308 0.328777
vt 0.899836 0.327669
vt 0.900196 0.328472
vt 0.899928 0.327782
vt 0.900196 0.328472
vt 0.899932 0.327819
vt 0.975423 0.281945
vt 0.900196 0.328472
vt 0.975159 0.281266
vt 0.900308 0.328777
vt 0.900196 0.328472
vt 0.975423 0.281945
vt 0.975541 0.282281
vt 0.900346 0.328895
vt 0.975512 0.282191
vt 0.900357 0.328954
vt 0.900346 0.328895
vt 0.975541 0.282281
vt 0.97555 0.282327
vt 0.900357 0.328954
vt 0.975541 0.282281
vt 0.900308 0.328777
vt 0.975512 0.282191
vt 0.900346 0.328895
vt 0.975512 0.282191
vt 0.900308 0.328777
vt 0.975423 0.281945
vt 0.899928 0.327782
vt 0.975159 0.281266
vt 0.900196 0.328472
vt 0.975512 0.282279
vt 0.97555 0.282327
vt 0.974697 0.280385
vt 0.975455 0.282173
vt 0.975512 0.282279
vt 0.974697 0.280385
vt 0.975315 0.281893
vt 0.975455 0.282173
vt 0.974697 0.280385
vt 0.975008 0.281248
vt 0.975315 0.281893
vt 0.974697 0.280385
vt 0.974432 0.279999
vt 0.975008 0.281248
vt 0.973645 0.278109
vt 0.973294 0.277477
vt 0.974432 0.279999
vt 0.973645 0.278109
vt 0.971016 0.272322
vt 0.973294 0.277477
vt 0.973645 0.278109
vt 0.973645 0.278109
vt 0.975008 0.281248
vt 0.974697 0.280385
vt 0.975053 0.281121
vt 0.974697 0.280385
vt 0.97555 0.282327
vt 0.975151 0.281302
vt 0.975053 0.281121
vt 0.975423 0.281945
vt 0.975171 0.28132
vt 0.975151 0.281302
vt 0.975423 0.281945
vt 0.975159 0.281266
vt 0.975171 0.28132
vt 0.975423 0.281945
vt 0.975512 0.282191
vt 0.975423 0.281945
vt 0.975053 0.281121
vt 0.975541 0.282281
vt 0.975512 0.282191
vt 0.975053 0.281121
vt 0.97555 0.282327
vt 0.975541 0.282281
vt 0.975053 0.281121
vt 0.975151 0.281302
vt 0.94271 0.301129
vt 0.975053 0.281121
vt 0.942797 0.301252
vt 0.899928 0.327782
vt 0.899932 0.327819
vt 0.899134 0.326218
vt 0.897988 0.32374
vt 0.940882 0.296761
vt 0.973645 0.278109
vt 0.940882 0.296761
vt 0.971016 0.272322
vt 0.973645 0.278109
vt 0.899134 0.326218
vt 0.940882 0.296761
vt 0.899836 0.327669
vt 0.899619 0.327238
vt 0.94271 0.301129
vt 0.899915 0.327804
vt 0.899836 0.327669
vt 0.94271 0.301129
vt 0.975159 0.281266
vt 0.899928 0.327782
vt 0.942797 0.301252
vt 0.975171 0.28132
vt 0.975159 0.281266
vt 0.942797 0.301252
vt 0.942796 0.301292
vt 0.94271 0.301129
vt 0.975151 0.281302
vt 0.942796 0.301292
vt 0.899915 0.327804
vt 0.94271 0.301129
vt 0.942796 0.301292
vt 0.899932 0.327819
vt 0.899915 0.327804
vt 0.942796 0.301292
vt 0.942797 0.301252
vt 0.899932 0.327819
vt 0.942796 0.301292
vt 0.975171 0.28132
vt 0.942797 0.301252
vt 0.975171 0.28132
vt 0.942796 0.301292
vt 0.975151 0.281302
vt 0.942459 0.300569
vt 0.899134 0.326218
vt 0.973645 0.278109
vt 0.942459 0.300569
vt 0.899619 0.327238
vt 0.899134 0.326218
vt 0.942459 0.300569
vt 0.94271 0.301129
vt 0.899619 0.327238
vt 0.942459 0.300569
vt 0.975053 0.281121
vt 0.94271 0.301129
vt 0.974697 0.280385
vt 0.975053 0.281121
vt 0.942459 0.300569
vt 0.974697 0.280385
vt 0.942459 0.300569
vt 0.973645 0.278109
vt 0.89558 0.318464
vt 0.940882 0.296761
vt 0.897988 0.32374
vt 0.89558 0.318464
vt 0.971016 0.272322
vt 0.940882 0.296761
vt 0.518996 0.566386
vt 0.618547 0.504654
vt 0.519016 0.566374
vt 0.618492 0.504603
vt 0.618547 0.504654
vt 0.518954 0.566223
vt 0.518954 0.566223
vt 0.618547 0.504654
vt 0.518996 0.566386
vt 0.617997 0.50368
vt 0.61836 0.504383
vt 0.518906 0.56574
vt 0.518831 0.564323
vt 0.617997 0.50368
vt 0.518906 0.56574
vt 0.615696 0.498778
vt 0.617161 0.501944
vt 0.518714 0.560413
vt 0.518689 0.559275
vt 0.615696 0.498778
vt 0.518714 0.560413
vt 0.518667 0.558099
vt 0.615696 0.498778
vt 0.518689 0.559275
vt 0.518629 0.555699
vt 0.615696 0.498778
vt 0.518667 0.558099
vt 0.518629 0.555699
vt 0.518584 0.550751
vt 0.612809 0.492322
vt 0.615696 0.498778
vt 0.518629 0.555699
vt 0.612809 0.492322
vt 0.518831 0.564323
vt 0.518714 0.560413
vt 0.617161 0.501944
vt 0.617161 0.501944
vt 0.617997 0.50368
vt 0.518831 0.564323
vt 0.518954 0.566223
vt 0.518906 0.56574
vt 0.61836 0.504383
vt 0.61836 0.504383
vt 0.618492 0.504603
vt 0.518954 0.566223
vt 0.518584 0.550751
vt 0.518629 0.555699
vt 0.518844 0.559978
vt 0.518844 0.559978
vt 0.518629 0.555699
vt 0.518667 0.558099
vt 0.519115 0.564865
vt 0.519066 0.564581
vt 0.519097 0.565813
vt 0.519167 0.564779
vt 0.519115 0.564865
vt 0.519097 0.565813
vt 0.519016 0.566374
vt 0.519097 0.565813
vt 0.519066 0.564581
vt 0.518983 0.563435
vt 0.519016 0.566374
vt 0.519066 0.564581
vt 0.518689 0.559275
vt 0.518844 0.559978
vt 0.518667 0.558099
vt 0.518714 0.560413
vt 0.518844 0.559978
vt 0.518689 0.559275
vt 0.518831 0.564323
vt 0.518844 0.559978
vt 0.518714 0.560413
vt 0.518906 0.56574
vt 0.518844 0.559978
vt 0.518831 0.564323
vt 0.518983 0.563435
vt 0.518844 0.559978
vt 0.518906 0.56574
vt 0.518954 0.566223
vt 0.518983 0.563435
vt 0.518906 0.56574
vt 0.518996 0.566386
vt 0.518983 0.563435
vt 0.518954 0.566223
vt 0.518996 0.566386
vt 0.519016 0.566374
vt 0.518983 0.563435
vt 0.618457 0.504275
vt 0.618139 0.503373
vt 0.519097 0.565813
vt 0.519016 0.566374
vt 0.618457 0.504275
vt 0.519097 0.565813
vt 0.618547 0.504654
vt 0.618542 0.504567
vt 0.519016 0.566374
vt 0.618542 0.504567
vt 0.618457 0.504275
vt 0.519016 0.566374
vt 0.519167 0.564779
vt 0.519097 0.565813
vt 0.618139 0.503373
vt 0.618542 0.504567
vt 0.618547 0.504654
vt 0.61769 0.502673
vt 0.61836 0.504383
vt 0.61769 0.502673
vt 0.618492 0.504603
vt 0.617997 0.50368
vt 0.61769 0.502673
vt 0.61836 0.504383
vt 0.617161 0.501944
vt 0.61648 0.50018
vt 0.617997 0.50368
vt 0.615696 0.498778
vt 0.61648 0.50018
vt 0.617161 0.501944
vt 0.612809 0.492322
vt 0.61648 0.50018
vt 0.615696 0.498778
vt 0.61648 0.50018
vt 0.61769 0.502673
vt 0.617997 0.50368
vt 0.618044 0.503335
vt 0.618542 0.504567
vt 0.61769 0.502673
vt 0.618137 0.503463
vt 0.618457 0.504275
vt 0.618044 0.503335
vt 0.618139 0.503373
vt 0.618457 0.504275
vt 0.618137 0.503463
vt 0.618457 0.504275
vt 0.618542 0.504567
vt 0.618044 0.503335
vt 0.618547 0.504654
vt 0.618492 0.504603
vt 0.61769 0.502673
vt 0.518844 0.559978
vt 0.61648 0.50018
vt 0.612809 0.492322
vt 0.518983 0.563435
vt 0.61648 0.50018
vt 0.518844 0.559978
vt 0.618044 0.503335
vt 0.61769 0.502673
vt 0.519066 0.564581
vt 0.519115 0.564865
vt 0.618044 0.503335
vt 0.519066 0.564581
vt 0.519167 0.564779
vt 0.618137 0.503463
vt 0.519115 0.564865
vt 0.618139 0.503373
vt 0.618137 0.503463
vt 0.519167 0.564779
vt 0.618137 0.503463
vt 0.618044 0.503335
vt 0.519115 0.564865
vt 0.518983 0.563435
vt 0.519066 0.564581
vt 0.61769 0.502673
vt 0.61769 0.502673
vt 0.61648 0.50018
vt 0.518983 0.563435
vt 0.518584 0.550751
vt 0.518844 0.559978
vt 0.612809 0.492322
vt 0.650687 0.484252
vt 0.647351 0.486648
vt 0.650687 0.484593
vt 0.650687 0.483032
vt 0.647351 0.486648
vt 0.650687 0.484252
vt 0.643791 0.48881
vt 0.647351 0.486648
vt 0.643818 0.488391
vt 0.643818 0.488391
vt 0.647351 0.486648
vt 0.650687 0.483032
vt 0.643865 0.487162
vt 0.643818 0.488391
vt 0.650687 0.483032
vt 0.643776 0.488953
vt 0.647351 0.486648
vt 0.643791 0.48881
vt 0.643759 0.48902
vt 0.647351 0.486648
vt 0.643776 0.488953
vt 0.650687 0.484593
vt 0.647351 0.486648
vt 0.643759 0.48902
vt 0.680852 0.465888
vt 0.739758 0.428058
vt 0.650687 0.484252
vt 0.650687 0.484252
vt 0.739758 0.428058
vt 0.650687 0.483032
vt 0.650687 0.484593
vt 0.680852 0.465888
vt 0.650687 0.484252
vt 0.643759 0.48902
vt 0.680852 0.465888
vt 0.650687 0.484593
vt 0.740165 0.429237
vt 0.680852 0.465888
vt 0.643759 0.48902
vt 0.740134 0.429091
vt 0.680852 0.465888
vt 0.740165 0.429237
vt 0.740038 0.428807
vt 0.680852 0.465888
vt 0.740134 0.429091
vt 0.740038 0.428807
vt 0.739758 0.428058
vt 0.680852 0.465888
vt 0.643755 0.489022
vt 0.650687 0.484724
vt 0.643759 0.48902
vt 0.740165 0.429237
vt 0.643759 0.48902
vt 0.650687 0.484724
vt 0.740162 0.429239
vt 0.740165 0.429237
vt 0.650687 0.484724
vt 0.650687 0.477508
vt 0.643544 0.482639
vt 0.643486 0.478256
vt 0.650687 0.484552
vt 0.647181 0.486585
vt 0.650687 0.484101
vt 0.650687 0.484724
vt 0.647181 0.486585
vt 0.650687 0.484552
vt 0.643755 0.489022
vt 0.647181 0.486585
vt 0.650687 0.484724
vt 0.643732 0.488938
vt 0.647181 0.486585
vt 0.643755 0.489022
vt 0.643712 0.488728
vt 0.647181 0.486585
vt 0.643732 0.488938
vt 0.643678 0.488125
vt 0.647181 0.486585
vt 0.643712 0.488728
vt 0.647181 0.484886
vt 0.643544 0.482639
vt 0.650687 0.477508
vt 0.647181 0.484886
vt 0.650687 0.477508
vt 0.650687 0.484101
vt 0.647181 0.484886
vt 0.650687 0.484101
vt 0.647181 0.486585
vt 0.647181 0.484886
vt 0.647181 0.486585
vt 0.643678 0.488125
vt 0.643628 0.486648
vt 0.647181 0.484886
vt 0.643678 0.488125
vt 0.643544 0.482639
vt 0.647181 0.484886
vt 0.643628 0.486648
vt 0.650687 0.468489
vt 0.650687 0.477508
vt 0.643486 0.478256
vt 0.643452 0.473525
vt 0.650687 0.468489
vt 0.643486 0.478256
vt 0.643452 0.473525
vt 0.643449 0.4729
vt 0.650687 0.468489
vt 0.643776 0.488953
vt 0.643793 0.486875
vt 0.643759 0.48902
vt 0.643791 0.48881
vt 0.643793 0.486875
vt 0.643776 0.488953
vt 0.643818 0.488391
vt 0.643793 0.486875
vt 0.643791 0.48881
vt 0.643847 0.487278
vt 0.643818 0.488391
vt 0.643865 0.487162
vt 0.643827 0.487243
vt 0.643818 0.488391
vt 0.643847 0.487278
vt 0.643827 0.487243
vt 0.643793 0.486875
vt 0.643818 0.488391
vt 0.643735 0.485577
vt 0.643759 0.48902
vt 0.643793 0.486875
vt 0.643449 0.4729
vt 0.643486 0.478256
vt 0.643626 0.48153
vt 0.643452 0.473525
vt 0.643486 0.478256
vt 0.643449 0.4729
vt 0.643544 0.482639
vt 0.643626 0.48153
vt 0.643486 0.478256
vt 0.643628 0.486648
vt 0.643626 0.48153
vt 0.643544 0.482639
vt 0.643678 0.488125
vt 0.643626 0.48153
vt 0.643628 0.486648
vt 0.643735 0.485577
vt 0.643626 0.48153
vt 0.643678 0.488125
vt 0.643712 0.488728
vt 0.643735 0.485577
vt 0.643678 0.488125
vt 0.643732 0.488938
vt 0.643735 0.485577
vt 0.643712 0.488728
vt 0.643755 0.489022
vt 0.643735 0.485577
vt 0.643732 0.488938
vt 0.643755 0.489022
vt 0.643759 0.48902
vt 0.643735 0.485577
vt 0.680861 0.464458
vt 0.650687 0.477508
vt 0.737481 0.423592
vt 0.738904 0.426698
vt 0.680861 0.464458
vt 0.737481 0.423592
vt 0.734718 0.417379
vt 0.737481 0.423592
vt 0.650687 0.477508
vt 0.680861 0.465997
vt 0.740084 0.429131
vt 0.740162 0.429239
vt 0.650687 0.484101
vt 0.650687 0.477508
vt 0.680861 0.464458
vt 0.650687 0.468489
vt 0.734718 0.417379
vt 0.650687 0.477508
vt 0.739632 0.428241
vt 0.680861 0.464458
vt 0.738904 0.426698
vt 0.739952 0.428885
vt 0.680861 0.464458
vt 0.739632 0.428241
vt 0.680861 0.465808
vt 0.740084 0.429131
vt 0.680861 0.465997
vt 0.680861 0.465808
vt 0.680861 0.465997
vt 0.650687 0.484552
vt 0.680861 0.465808
vt 0.650687 0.484552
vt 0.650687 0.484101
vt 0.680861 0.465808
vt 0.650687 0.484101
vt 0.680861 0.464458
vt 0.680861 0.465808
vt 0.680861 0.464458
vt 0.739952 0.428885
vt 0.739952 0.428885
vt 0.740084 0.429131
vt 0.680861 0.465808
vt 0.650687 0.484724
vt 0.650687 0.484552
vt 0.680861 0.465997
vt 0.650687 0.484724
vt 0.680861 0.465997
vt 0.740162 0.429239
vt 0.740134 0.429091
vt 0.73959 0.427822
vt 0.740038 0.428807
vt 0.740165 0.429237
vt 0.73959 0.427822
vt 0.740134 0.429091
vt 0.740162 0.429239
vt 0.73959 0.427822
vt 0.740165 0.429237
vt 0.740084 0.429131
vt 0.73917 0.426978
vt 0.740162 0.429239
vt 0.739952 0.428885
vt 0.73917 0.426978
vt 0.740084 0.429131
vt 0.739632 0.428241
vt 0.73917 0.426978
vt 0.739952 0.428885
vt 0.738904 0.426698
vt 0.73917 0.426978
vt 0.739632 0.428241
vt 0.737481 0.423592
vt 0.737908 0.424301
vt 0.738904 0.426698
vt 0.734718 0.417379
vt 0.737908 0.424301
vt 0.737481 0.423592
vt 0.737908 0.424301
vt 0.73917 0.426978
vt 0.738904 0.426698
vt 0.73917 0.426978
vt 0.73959 0.427822
vt 0.740162 0.429239
vt 0.73972 0.428053
vt 0.740038 0.428807
vt 0.73959 0.427822
vt 0.739756 0.428094
vt 0.740038 0.428807
vt 0.73972 0.428053
vt 0.739758 0.428058
vt 0.740038 0.428807
vt 0.739756 0.428094
vt 0.643847 0.487278
vt 0.643865 0.487162
vt 0.650687 0.483126
vt 0.650687 0.483143
vt 0.643847 0.487278
vt 0.650687 0.483126
vt 0.650687 0.48306
vt 0.643827 0.487243
vt 0.650687 0.483143
vt 0.650687 0.482896
vt 0.643827 0.487243
vt 0.650687 0.48306
vt 0.643735 0.485577
vt 0.643793 0.486875
vt 0.650687 0.482415
vt 0.650687 0.481099
vt 0.643735 0.485577
vt 0.650687 0.482415
vt 0.650687 0.478071
vt 0.643735 0.485577
vt 0.650687 0.481099
vt 0.643449 0.4729
vt 0.643626 0.48153
vt 0.650687 0.470705
vt 0.650687 0.468489
vt 0.643449 0.4729
vt 0.650687 0.470705
vt 0.650687 0.478071
vt 0.650687 0.470705
vt 0.643626 0.48153
vt 0.643626 0.48153
vt 0.643735 0.485577
vt 0.650687 0.478071
vt 0.650687 0.482896
vt 0.650687 0.482415
vt 0.643793 0.486875
vt 0.643793 0.486875
vt 0.643827 0.487243
vt 0.650687 0.482896
vt 0.643827 0.487243
vt 0.643847 0.487278
vt 0.650687 0.483143
vt 0.650687 0.483032
vt 0.650687 0.483126
vt 0.643865 0.487162
vt 0.737908 0.424301
vt 0.734718 0.417379
vt 0.650687 0.470705
vt 0.650687 0.478071
vt 0.737908 0.424301
vt 0.650687 0.470705
vt 0.650687 0.481099
vt 0.737908 0.424301
vt 0.650687 0.478071
vt 0.73959 0.427822
vt 0.73917 0.426978
vt 0.650687 0.482415
vt 0.650687 0.482896
vt 0.73959 0.427822
vt 0.650687 0.482415
vt 0.650687 0.48306
vt 0.73972 0.428053
vt 0.650687 0.482896
vt 0.650687 0.483143
vt 0.73972 0.428053
vt 0.650687 0.48306
vt 0.739758 0.428058
vt 0.739756 0.428094
vt 0.650687 0.483126
vt 0.650687 0.483032
vt 0.739758 0.428058
vt 0.650687 0.483126
vt 0.650687 0.483143
vt 0.650687 0.483126
vt 0.739756 0.428094
vt 0.739756 0.428094
vt 0.73972 0.428053
vt 0.650687 0.483143
vt 0.73972 0.428053
vt 0.73959 0.427822
vt 0.650687 0.482896
vt 0.650687 0.481099
vt 0.650687 0.482415
vt 0.73917 0.426978
vt 0.73917 0.426978
vt 0.737908 0.424301
vt 0.650687 0.481099
vt 0.693937 0.442218
vt 0.650687 0.468489
vt 0.650687 0.470705
vt 0.693937 0.442218
vt 0.650687 0.470705
vt 0.734718 0.417379
vt 0.81657 0.367535
vt 0.819201 0.373447
vt 0.738321 0.424112
vt 0.821592 0.378574
vt 0.794576 0.39539
vt 0.821462 0.378324
vt 0.740487 0.428718
vt 0.794576 0.39539
vt 0.740579 0.428881
vt 0.73519 0.417091
vt 0.81657 0.367535
vt 0.738321 0.424112
vt 0.794576 0.394028
vt 0.821462 0.378324
vt 0.794576 0.39539
vt 0.794576 0.394028
vt 0.794576 0.39539
vt 0.740487 0.428718
vt 0.794576 0.394028
vt 0.740487 0.428718
vt 0.740254 0.428258
vt 0.794576 0.394028
vt 0.740254 0.428258
vt 0.739721 0.427146
vt 0.794576 0.394028
vt 0.739721 0.427146
vt 0.738321 0.424112
vt 0.794576 0.394028
vt 0.738321 0.424112
vt 0.819201 0.373447
vt 0.8205 0.376294
vt 0.794576 0.394028
vt 0.819201 0.373447
vt 0.82116 0.377703
vt 0.794576 0.394028
vt 0.8205 0.376294
vt 0.821462 0.378324
vt 0.794576 0.394028
vt 0.82116 0.377703
vt 0.821643 0.37866
vt 0.794576 0.39539
vt 0.821592 0.378574
vt 0.794576 0.39539
vt 0.821643 0.37866
vt 0.821672 0.378694
vt 0.740632 0.428948
vt 0.740579 0.428881
vt 0.794576 0.39539
vt 0.740632 0.428948
vt 0.794576 0.39539
vt 0.821672 0.378694
vt 0.739721 0.427146
vt 0.740254 0.428258
vt 0.73964 0.426684
vt 0.740185 0.427751
vt 0.740519 0.428544
vt 0.740225 0.427802
vt 0.740042 0.427494
vt 0.740519 0.428544
vt 0.740185 0.427751
vt 0.738468 0.424203
vt 0.739721 0.427146
vt 0.73964 0.426684
vt 0.738468 0.424203
vt 0.73519 0.417091
vt 0.738321 0.424112
vt 0.738321 0.424112
vt 0.739721 0.427146
vt 0.738468 0.424203
vt 0.740487 0.428718
vt 0.73964 0.426684
vt 0.740254 0.428258
vt 0.740579 0.428881
vt 0.73964 0.426684
vt 0.740487 0.428718
vt 0.740632 0.428948
vt 0.73964 0.426684
vt 0.740579 0.428881
vt 0.740042 0.427494
vt 0.73964 0.426684
vt 0.740632 0.428948
vt 0.740636 0.428945
vt 0.740042 0.427494
vt 0.740632 0.428948
vt 0.740608 0.42881
vt 0.740042 0.427494
vt 0.740636 0.428945
vt 0.740608 0.42881
vt 0.740519 0.428544
vt 0.740042 0.427494
vt 0.740229 0.427766
vt 0.740225 0.427802
vt 0.740519 0.428544
vt 0.740632 0.428948
vt 0.821675 0.378693
vt 0.740636 0.428945
vt 0.821672 0.378694
vt 0.821675 0.378693
vt 0.740632 0.428948
vt 0.740636 0.428945
vt 0.796649 0.394171
vt 0.740608 0.42881
vt 0.740519 0.428544
vt 0.821536 0.378255
vt 0.740229 0.427766
vt 0.821675 0.378693
vt 0.796649 0.394171
vt 0.740636 0.428945
vt 0.821667 0.378642
vt 0.796649 0.394171
vt 0.821675 0.378693
vt 0.796649 0.394013
vt 0.821536 0.378255
vt 0.740519 0.428544
vt 0.796649 0.394013
vt 0.740519 0.428544
vt 0.740608 0.42881
vt 0.796649 0.394013
vt 0.740608 0.42881
vt 0.796649 0.394171
vt 0.796649 0.394013
vt 0.796649 0.394171
vt 0.821667 0.378642
vt 0.821636 0.378538
vt 0.796649 0.394013
vt 0.821667 0.378642
vt 0.821636 0.378538
vt 0.821536 0.378255
vt 0.796649 0.394013
vt 0.821256 0.377522
vt 0.740229 0.427766
vt 0.821536 0.378255
vt 0.821086 0.377265
vt 0.821536 0.378255
vt 0.821636 0.378538
vt 0.821462 0.378324
vt 0.820635 0.376344
vt 0.821592 0.378574
vt 0.82116 0.377703
vt 0.820635 0.376344
vt 0.821462 0.378324
vt 0.8205 0.376294
vt 0.820635 0.376344
vt 0.82116 0.377703
vt 0.819201 0.373447
vt 0.819449 0.37381
vt 0.8205 0.376294
vt 0.81657 0.367535
vt 0.819449 0.37381
vt 0.819201 0.373447
vt 0.819449 0.37381
vt 0.820635 0.376344
vt 0.8205 0.376294
vt 0.821214 0.377499
vt 0.821536 0.378255
vt 0.821086 0.377265
vt 0.821251 0.377548
vt 0.821536 0.378255
vt 0.821214 0.377499
vt 0.821256 0.377522
vt 0.821536 0.378255
vt 0.821251 0.377548
vt 0.821667 0.378642
vt 0.821086 0.377265
vt 0.821636 0.378538
vt 0.821675 0.378693
vt 0.821086 0.377265
vt 0.821667 0.378642
vt 0.821672 0.378694
vt 0.821086 0.377265
vt 0.821675 0.378693
vt 0.821643 0.37866
vt 0.821592 0.378574
vt 0.820635 0.376344
vt 0.821643 0.37866
vt 0.820635 0.376344
vt 0.821086 0.377265
vt 0.821643 0.37866
vt 0.821086 0.377265
vt 0.821672 0.378694
vt 0.821086 0.377265
vt 0.761484 0.414367
vt 0.821214 0.377499
vt 0.740042 0.427494
vt 0.761484 0.414367
vt 0.73964 0.426684
vt 0.81657 0.367535
vt 0.760766 0.407128
vt 0.819449 0.37381
vt 0.740185 0.427751
vt 0.761484 0.414367
vt 0.740042 0.427494
vt 0.761507 0.414602
vt 0.821214 0.377499
vt 0.761484 0.414367
vt 0.761507 0.414602
vt 0.761484 0.414367
vt 0.740185 0.427751
vt 0.740225 0.427802
vt 0.761507 0.414602
vt 0.740185 0.427751
vt 0.740229 0.427766
vt 0.761507 0.414602
vt 0.740225 0.427802
vt 0.821256 0.377522
vt 0.761507 0.414602
vt 0.740229 0.427766
vt 0.821251 0.377548
vt 0.761507 0.414602
vt 0.821256 0.377522
vt 0.821251 0.377548
vt 0.821214 0.377499
vt 0.761507 0.414602
vt 0.820635 0.376344
vt 0.761484 0.414367
vt 0.821086 0.377265
vt 0.761238 0.411833
vt 0.819449 0.37381
vt 0.760766 0.407128
vt 0.761238 0.411833
vt 0.760766 0.407128
vt 0.738468 0.424203
vt 0.761238 0.411833
vt 0.738468 0.424203
vt 0.73964 0.426684
vt 0.761238 0.411833
vt 0.73964 0.426684
vt 0.761484 0.414367
vt 0.761238 0.411833
vt 0.761484 0.414367
vt 0.820635 0.376344
vt 0.820635 0.376344
vt 0.819449 0.37381
vt 0.761238 0.411833
vt 0.73519 0.417091
vt 0.738468 0.424203
vt 0.760766 0.407128
vt 0.73519 0.417091
vt 0.760766 0.407128
vt 0.81657 0.367535
vt 0.822253 0.378334
vt 0.868811 0.349432
vt 0.822245 0.378279
vt 0.90129 0.32878
vt 0.90101 0.328058
vt 0.822102 0.377861
vt 0.901439 0.32923
vt 0.868811 0.349432
vt 0.822253 0.378334
vt 0.901429 0.329175
vt 0.868811 0.349432
vt 0.901439 0.32923
vt 0.868811 0.349309
vt 0.90129 0.32878
vt 0.822102 0.377861
vt 0.868811 0.349309
vt 0.822102 0.377861
vt 0.82221 0.378166
vt 0.868811 0.349309
vt 0.82221 0.378166
vt 0.822245 0.378279
vt 0.822245 0.378279
vt 0.868811 0.349432
vt 0.868811 0.349309
vt 0.868811 0.349309
vt 0.868811 0.349432
vt 0.901429 0.329175
vt 0.901394 0.329065
vt 0.868811 0.349309
vt 0.901429 0.329175
vt 0.901394 0.329065
vt 0.90129 0.32878
vt 0.868811 0.349309
vt 0.822102 0.377861
vt 0.90101 0.328058
vt 0.821835 0.377163
vt 0.822251 0.378335
vt 0.901439 0.32923
vt 0.822253 0.378334
vt 0.822204 0.378272
vt 0.822251 0.378335
vt 0.821623 0.376825
vt 0.821778 0.377116
vt 0.821623 0.376825
vt 0.82221 0.378166
vt 0.822102 0.377861
vt 0.821778 0.377116
vt 0.82221 0.378166
vt 0.821826 0.377187
vt 0.822102 0.377861
vt 0.821835 0.377163
vt 0.821826 0.377187
vt 0.821778 0.377116
vt 0.822102 0.377861
vt 0.822245 0.378279
vt 0.82221 0.378166
vt 0.821623 0.376825
vt 0.821185 0.375925
vt 0.822204 0.378272
vt 0.821623 0.376825
vt 0.820162 0.373933
vt 0.821448 0.37673
vt 0.819909 0.373195
vt 0.817151 0.367181
vt 0.820162 0.373933
vt 0.819909 0.373195
vt 0.821185 0.375925
vt 0.819909 0.373195
vt 0.821448 0.37673
vt 0.821924 0.37773
vt 0.821185 0.375925
vt 0.821448 0.37673
vt 0.822124 0.378127
vt 0.821185 0.375925
vt 0.821924 0.37773
vt 0.822124 0.378127
vt 0.822204 0.378272
vt 0.821185 0.375925
vt 0.822253 0.378334
vt 0.822245 0.378279
vt 0.821623 0.376825
vt 0.822253 0.378334
vt 0.821623 0.376825
vt 0.822251 0.378335
vt 0.896661 0.318736
vt 0.899161 0.324365
vt 0.820162 0.373933
vt 0.90136 0.329108
vt 0.867477 0.350225
vt 0.901235 0.328863
vt 0.822124 0.378127
vt 0.867477 0.350225
vt 0.822204 0.378272
vt 0.817151 0.367181
vt 0.896661 0.318736
vt 0.820162 0.373933
vt 0.867477 0.349596
vt 0.901235 0.328863
vt 0.867477 0.350225
vt 0.867477 0.349596
vt 0.867477 0.350225
vt 0.822124 0.378127
vt 0.867477 0.349596
vt 0.822124 0.378127
vt 0.821924 0.37773
vt 0.867477 0.349596
vt 0.821924 0.37773
vt 0.821448 0.37673
vt 0.867477 0.349596
vt 0.821448 0.37673
vt 0.820162 0.373933
vt 0.867477 0.349596
vt 0.820162 0.373933
vt 0.899161 0.324365
vt 0.900354 0.32699
vt 0.867477 0.349596
vt 0.899161 0.324365
vt 0.900949 0.32827
vt 0.867477 0.349596
vt 0.900354 0.32699
vt 0.900949 0.32827
vt 0.901235 0.328863
vt 0.867477 0.349596
vt 0.901409 0.329194
vt 0.867477 0.350225
vt 0.90136 0.329108
vt 0.901439 0.32923
vt 0.867477 0.350225
vt 0.901409 0.329194
vt 0.822251 0.378335
vt 0.822204 0.378272
vt 0.867477 0.350225
vt 0.822251 0.378335
vt 0.867477 0.350225
vt 0.901439 0.32923
vt 0.901394 0.329065
vt 0.900866 0.327844
vt 0.90129 0.32878
vt 0.901429 0.329175
vt 0.900866 0.327844
vt 0.901394 0.329065
vt 0.901439 0.32923
vt 0.900866 0.327844
vt 0.901429 0.329175
vt 0.901409 0.329194
vt 0.900866 0.327844
vt 0.901439 0.32923
vt 0.90136 0.329108
vt 0.900489 0.327071
vt 0.901409 0.329194
vt 0.901235 0.328863
vt 0.900489 0.327071
vt 0.90136 0.329108
vt 0.900949 0.32827
vt 0.900489 0.327071
vt 0.901235 0.328863
vt 0.900354 0.32699
vt 0.900489 0.327071
vt 0.900949 0.32827
vt 0.899161 0.324365
vt 0.899398 0.324728
vt 0.900354 0.32699
vt 0.896661 0.318736
vt 0.899398 0.324728
vt 0.899161 0.324365
vt 0.899398 0.324728
vt 0.900489 0.327071
vt 0.900354 0.32699
vt 0.900489 0.327071
vt 0.900866 0.327844
vt 0.901409 0.329194
vt 0.900981 0.328055
vt 0.90129 0.32878
vt 0.900866 0.327844
vt 0.901012 0.328095
vt 0.90129 0.32878
vt 0.900981 0.328055
vt 0.90101 0.328058
vt 0.90129 0.32878
vt 0.901012 0.328095
vt 0.821835 0.377163
vt 0.876849 0.343068
vt 0.821826 0.377187
vt 0.900866 0.327844
vt 0.87675 0.342794
vt 0.900981 0.328055
vt 0.899398 0.324728
vt 0.896661 0.318736
vt 0.875191 0.337446
vt 0.899398 0.324728
vt 0.875191 0.337446
vt 0.819909 0.373195
vt 0.821623 0.376825
vt 0.87675 0.342794
vt 0.821185 0.375925
vt 0.821778 0.377116
vt 0.87675 0.342794
vt 0.821623 0.376825
vt 0.90101 0.328058
vt 0.876849 0.343068
vt 0.821835 0.377163
vt 0.901012 0.328095
vt 0.876849 0.343068
vt 0.90101 0.328058
vt 0.876826 0.343018
vt 0.900981 0.328055
vt 0.87675 0.342794
vt 0.876826 0.343018
vt 0.87675 0.342794
vt 0.821778 0.377116
vt 0.876826 0.343018
vt 0.821778 0.377116
vt 0.821826 0.377187
vt 0.876826 0.343018
vt 0.821826 0.377187
vt 0.876849 0.343068
vt 0.876826 0.343018
vt 0.876849 0.343068
vt 0.901012 0.328095
vt 0.901012 0.328095
vt 0.900981 0.328055
vt 0.876826 0.343018
vt 0.900489 0.327071
vt 0.87675 0.342794
vt 0.900866 0.327844
vt 0.876335 0.341427
vt 0.899398 0.324728
vt 0.819909 0.373195
vt 0.876335 0.341427
vt 0.819909 0.373195
vt 0.821185 0.375925
vt 0.876335 0.341427
vt 0.821185 0.375925
vt 0.87675 0.342794
vt 0.876335 0.341427
vt 0.87675 0.342794
vt 0.900489 0.327071
vt 0.900489 0.327071
vt 0.899398 0.324728
vt 0.876335 0.341427
vt 0.817151 0.367181
vt 0.819909 0.373195
vt 0.875191 0.337446
vt 0.817151 0.367181
vt 0.875191 0.337446
vt 0.896661 0.318736
vt 0.976981 0.282173
vt 0.977039 0.282279
vt 0.901836 0.328891
vt 0.90176 0.328749
vt 0.976981 0.282173
vt 0.901836 0.328891
vt 0.976534 0.281248
vt 0.976841 0.281893
vt 0.901575 0.328373
vt 0.901136 0.327444
vt 0.976534 0.281248
vt 0.901575 0.328373
vt 0.975959 0.279999
vt 0.899949 0.324851
vt 0.974821 0.277477
vt 0.974821 0.277477
vt 0.899949 0.324851
vt 0.897107 0.318464
vt 0.974821 0.277477
vt 0.897107 0.318464
vt 0.972542 0.272322
vt 0.901136 0.327444
vt 0.899949 0.324851
vt 0.975959 0.279999
vt 0.975959 0.279999
vt 0.976534 0.281248
vt 0.901136 0.327444
vt 0.90176 0.328749
vt 0.901575 0.328373
vt 0.976841 0.281893
vt 0.976841 0.281893
vt 0.976981 0.282173
vt 0.90176 0.328749
vt 0.901884 0.328954
vt 0.901836 0.328891
vt 0.977039 0.282279
vt 0.977076 0.282327
vt 0.901884 0.328954
vt 0.977039 0.282279
vt 0.901575 0.328373
vt 0.90176 0.328749
vt 0.901146 0.327238
vt 0.901441 0.327804
vt 0.901723 0.328472
vt 0.901459 0.327819
vt 0.901363 0.327669
vt 0.901723 0.328472
vt 0.901441 0.327804
vt 0.900661 0.326218
vt 0.901575 0.328373
vt 0.901146 0.327238
vt 0.899949 0.324851
vt 0.901136 0.327444
vt 0.899514 0.32374
vt 0.897107 0.318464
vt 0.899949 0.324851
vt 0.899514 0.32374
vt 0.900661 0.326218
vt 0.899514 0.32374
vt 0.901136 0.327444
vt 0.901136 0.327444
vt 0.901575 0.328373
vt 0.900661 0.326218
vt 0.901836 0.328891
vt 0.901146 0.327238
vt 0.90176 0.328749
vt 0.901884 0.328954
vt 0.901146 0.327238
vt 0.901836 0.328891
vt 0.901873 0.328895
vt 0.901146 0.327238
vt 0.901884 0.328954
vt 0.901363 0.327669
vt 0.901146 0.327238
vt 0.901873 0.328895
vt 0.901834 0.328778
vt 0.901363 0.327669
vt 0.901873 0.328895
vt 0.901834 0.328778
vt 0.901723 0.328472
vt 0.901363 0.327669
vt 0.901455 0.327782
vt 0.901459 0.327819
vt 0.901723 0.328472
vt 0.976949 0.281945
vt 0.976686 0.281266
vt 0.901723 0.328472
vt 0.901834 0.328778
vt 0.976949 0.281945
vt 0.901723 0.328472
vt 0.977068 0.282281
vt 0.977039 0.282191
vt 0.901873 0.328895
vt 0.901884 0.328954
vt 0.977068 0.282281
vt 0.901873 0.328895
vt 0.977076 0.282327
vt 0.977068 0.282281
vt 0.901884 0.328954
vt 0.901834 0.328778
vt 0.901873 0.328895
vt 0.977039 0.282191
vt 0.977039 0.282191
vt 0.976949 0.281945
vt 0.901834 0.328778
vt 0.901455 0.327782
vt 0.901723 0.328472
vt 0.976686 0.281266
vt 0.977039 0.282279
vt 0.976224 0.280385
vt 0.977076 0.282327
vt 0.976981 0.282173
vt 0.976224 0.280385
vt 0.977039 0.282279
vt 0.976841 0.281893
vt 0.976224 0.280385
vt 0.976981 0.282173
vt 0.976534 0.281248
vt 0.976224 0.280385
vt 0.976841 0.281893
vt 0.975959 0.279999
vt 0.975171 0.278109
vt 0.976534 0.281248
vt 0.974821 0.277477
vt 0.975171 0.278109
vt 0.975959 0.279999
vt 0.972542 0.272322
vt 0.975171 0.278109
vt 0.974821 0.277477
vt 0.975171 0.278109
vt 0.976224 0.280385
vt 0.976534 0.281248
vt 0.97658 0.281121
vt 0.977076 0.282327
vt 0.976224 0.280385
vt 0.976678 0.281302
vt 0.976949 0.281945
vt 0.97658 0.281121
vt 0.976698 0.28132
vt 0.976949 0.281945
vt 0.976678 0.281302
vt 0.976686 0.281266
vt 0.976949 0.281945
vt 0.976698 0.28132
vt 0.977039 0.282191
vt 0.97658 0.281121
vt 0.976949 0.281945
vt 0.977068 0.282281
vt 0.97658 0.281121
vt 0.977039 0.282191
vt 0.977076 0.282327
vt 0.97658 0.281121
vt 0.977068 0.282281
vt 0.976678 0.281302
vt 0.97658 0.281121
vt 0.944236 0.301129
vt 0.944324 0.301252
vt 0.901459 0.327819
vt 0.901455 0.327782
vt 0.900661 0.326218
vt 0.942409 0.296761
vt 0.899514 0.32374
vt 0.975171 0.278109
vt 0.972542 0.272322
vt 0.942409 0.296761
vt 0.975171 0.278109
vt 0.942409 0.296761
vt 0.900661 0.326218
vt 0.901363 0.327669
vt 0.944236 0.301129
vt 0.901146 0.327238
vt 0.901441 0.327804
vt 0.944236 0.301129
vt 0.901363 0.327669
vt 0.976686 0.281266
vt 0.944324 0.301252
vt 0.901455 0.327782
vt 0.976698 0.28132
vt 0.944324 0.301252
vt 0.976686 0.281266
vt 0.944322 0.301292
vt 0.976678 0.281302
vt 0.944236 0.301129
vt 0.944322 0.301292
vt 0.944236 0.301129
vt 0.901441 0.327804
vt 0.944322 0.301292
vt 0.901441 0.327804
vt 0.901459 0.327819
vt 0.944322 0.301292
vt 0.901459 0.327819
vt 0.944324 0.301252
vt 0.944322 0.301292
vt 0.944324 0.301252
vt 0.976698 0.28132
vt 0.976698 0.28132
vt 0.976678 0.281302
vt 0.944322 0.301292
vt 0.943986 0.300569
vt 0.975171 0.278109
vt 0.900661 0.326218
vt 0.943986 0.300569
vt 0.900661 0.326218
vt 0.901146 0.327238
vt 0.943986 0.300569
vt 0.901146 0.327238
vt 0.944236 0.301129
vt 0.943986 0.300569
vt 0.944236 0.301129
vt 0.97658 0.281121
vt 0.976224 0.280385
vt 0.943986 0.300569
vt 0.97658 0.281121
vt 0.976224 0.280385
vt 0.975171 0.278109
vt 0.943986 0.300569
vt 0.897107 0.318464
vt 0.899514 0.32374
vt 0.942409 0.296761
vt 0.897107 0.318464
vt 0.942409 0.296761
vt 0.972542 0.272322
vt 0.644595 0.383801
vt 0.645033 0.358399
vt 0.61688 0.358399
vt 0.587436 0.38373
vt 0.644595 0.383801
vt 0.61688 0.358399
vt 0.587993 0.358399
vt 0.587436 0.38373
vt 0.61688 0.358399
vt 0.412275 0.383916
vt 0.412007 0.358399
vt 0.38312 0.358399
vt 0.355227 0.383916
vt 0.412275 0.383916
vt 0.38312 0.358399
vt 0.354967 0.358399
vt 0.355227 0.383916
vt 0.38312 0.358399
vt 0.587993 0.358399
vt 0.587725 0.383916
vt 0.587436 0.38373
vt 0.587436 0.38373
vt 0.587725 0.383916
vt 0.644773 0.383916
vt 0.644595 0.383801
vt 0.587436 0.38373
vt 0.644773 0.383916
vt 0.645033 0.358399
vt 0.644595 0.383801
vt 0.644773 0.383916
vt 0.667668 0.375779
vt 0.721823 0.352442
vt 0.714947 0.328434
vt 0.660779 0.351758
vt 0.667668 0.375779
vt 0.714947 0.328434
vt 0.339221 0.351758
vt 0.278046 0.35257
vt 0.332213 0.375895
vt 0.278046 0.35257
vt 0.339221 0.351758
vt 0.285053 0.328434
vt 0.721823 0.352442
vt 0.721954 0.35257
vt 0.714947 0.328434
vt 0.667787 0.375895
vt 0.721954 0.35257
vt 0.667668 0.375779
vt 0.667668 0.375779
vt 0.721954 0.35257
vt 0.721823 0.352442
vt 0.667668 0.375779
vt 0.660779 0.351758
vt 0.667787 0.375895
vt 0.773522 0.330159
vt 0.766661 0.306166
vt 0.722437 0.352177
vt 0.722437 0.352177
vt 0.766661 0.306166
vt 0.71556 0.328169
vt 0.233339 0.306166
vt 0.226332 0.330303
vt 0.277432 0.352306
vt 0.28444 0.328169
vt 0.233339 0.306166
vt 0.277432 0.352306
vt 0.773668 0.330303
vt 0.766661 0.306166
vt 0.773522 0.330159
vt 0.722437 0.352177
vt 0.722568 0.352306
vt 0.773668 0.330303
vt 0.773522 0.330159
vt 0.722437 0.352177
vt 0.773668 0.330303
vt 0.722437 0.352177
vt 0.71556 0.328169
vt 0.722568 0.352306
vt 0.774135 0.329894
vt 0.821138 0.309629
vt 0.814308 0.285698
vt 0.767274 0.305902
vt 0.774135 0.329894
vt 0.814308 0.285698
vt 0.774135 0.329894
vt 0.774282 0.330038
vt 0.821303 0.309791
vt 0.821138 0.309629
vt 0.774135 0.329894
vt 0.821303 0.309791
vt 0.774135 0.329894
vt 0.767274 0.305902
vt 0.774282 0.330038
vt 0.814308 0.285698
vt 0.821138 0.309629
vt 0.821303 0.309791
vt 0.185692 0.285698
vt 0.178697 0.309791
vt 0.225718 0.330038
vt 0.232726 0.305902
vt 0.185692 0.285698
vt 0.225718 0.330038
vt 0.821751 0.309364
vt 0.868754 0.289099
vt 0.833189 0.277519
vt 0.814921 0.285433
vt 0.821751 0.309364
vt 0.833189 0.277519
vt 0.833189 0.277519
vt 0.868754 0.289099
vt 0.86193 0.265143
vt 0.86193 0.265143
vt 0.868754 0.289099
vt 0.868938 0.28928
vt 0.821751 0.309364
vt 0.821917 0.309527
vt 0.868938 0.28928
vt 0.868754 0.289099
vt 0.821751 0.309364
vt 0.868938 0.28928
vt 0.821751 0.309364
vt 0.814921 0.285433
vt 0.821917 0.309527
vt 0.131062 0.28928
vt 0.178083 0.309527
vt 0.166811 0.277519
vt 0.13807 0.265143
vt 0.131062 0.28928
vt 0.166811 0.277519
vt 0.185079 0.285433
vt 0.166811 0.277519
vt 0.178083 0.309527
vt 0.645033 0.358399
vt 0.644773 0.383916
vt 0.644595 0.383801
vt 0.644595 0.383801
vt 0.644773 0.383916
vt 0.587436 0.38373
vt 0.587436 0.38373
vt 0.644773 0.383916
vt 0.587725 0.383916
vt 0.587725 0.383916
vt 0.587993 0.358399
vt 0.587436 0.38373
vt 0.354967 0.358399
vt 0.38312 0.358399
vt 0.355227 0.383916
vt 0.355227 0.383916
vt 0.38312 0.358399
vt 0.412275 0.383916
vt 0.38312 0.358399
vt 0.412007 0.358399
vt 0.412275 0.383916
vt 0.587993 0.358399
vt 0.61688 0.358399
vt 0.587436 0.38373
vt 0.587436 0.38373
vt 0.61688 0.358399
vt 0.644595 0.383801
vt 0.644595 0.383801
vt 0.61688 0.358399
vt 0.645033 0.358399
vt 0.381594 0.358399
vt 0.410481 0.358399
vt 0.410748 0.383916
vt 0.3537 0.383916
vt 0.381594 0.358399
vt 0.410748 0.383916
vt 0.353441 0.358399
vt 0.381594 0.358399
vt 0.3537 0.383916
vt 0.589252 0.383916
vt 0.589511 0.358399
vt 0.588963 0.38373
vt 0.588963 0.38373
vt 0.6463 0.383916
vt 0.589252 0.383916
vt 0.646121 0.383801
vt 0.6463 0.383916
vt 0.588963 0.38373
vt 0.646559 0.358399
vt 0.6463 0.383916
vt 0.646121 0.383801
vt 0.669195 0.375779
vt 0.716473 0.328433
vt 0.72335 0.352442
vt 0.662305 0.351758
vt 0.716473 0.328433
vt 0.669195 0.375779
vt 0.276519 0.352571
vt 0.337695 0.351758
vt 0.330687 0.375895
vt 0.337695 0.351758
vt 0.276519 0.352571
vt 0.283527 0.328433
vt 0.716473 0.328433
vt 0.723481 0.352571
vt 0.72335 0.352442
vt 0.669195 0.375779
vt 0.723481 0.352571
vt 0.669313 0.375895
vt 0.72335 0.352442
vt 0.723481 0.352571
vt 0.669195 0.375779
vt 0.669313 0.375895
vt 0.662305 0.351758
vt 0.669195 0.375779
vt 0.723963 0.352177
vt 0.768187 0.306166
vt 0.775049 0.330159
vt 0.717087 0.328169
vt 0.768187 0.306166
vt 0.723963 0.352177
vt 0.275906 0.352306
vt 0.224805 0.330303
vt 0.231813 0.306166
vt 0.282913 0.328169
vt 0.275906 0.352306
vt 0.231813 0.306166
vt 0.768187 0.306166
vt 0.775195 0.330303
vt 0.775049 0.330159
vt 0.723963 0.352177
vt 0.775195 0.330303
vt 0.724094 0.352306
vt 0.775049 0.330159
vt 0.775195 0.330303
vt 0.723963 0.352177
vt 0.724094 0.352306
vt 0.717087 0.328169
vt 0.723963 0.352177
vt 0.775662 0.329894
vt 0.815835 0.285698
vt 0.822664 0.309629
vt 0.815835 0.285698
vt 0.775662 0.329894
vt 0.768801 0.305902
vt 0.775662 0.329894
vt 0.82283 0.309791
vt 0.775809 0.330038
vt 0.82283 0.309791
vt 0.775662 0.329894
vt 0.822664 0.309629
vt 0.768801 0.305902
vt 0.775662 0.329894
vt 0.775809 0.330038
vt 0.815835 0.285698
vt 0.82283 0.309791
vt 0.822664 0.309629
vt 0.184165 0.285698
vt 0.224191 0.330038
vt 0.17717 0.309791
vt 0.231199 0.305902
vt 0.224191 0.330038
vt 0.184165 0.285698
vt 0.834716 0.277519
vt 0.87028 0.289099
vt 0.823278 0.309364
vt 0.816448 0.285433
vt 0.834716 0.277519
vt 0.823278 0.309364
vt 0.863457 0.265143
vt 0.87028 0.289099
vt 0.834716 0.277519
vt 0.870464 0.28928
vt 0.87028 0.289099
vt 0.863457 0.265143
vt 0.823278 0.309364
vt 0.870464 0.28928
vt 0.823443 0.309527
vt 0.87028 0.289099
vt 0.870464 0.28928
vt 0.823278 0.309364
vt 0.823443 0.309527
vt 0.816448 0.285433
vt 0.823278 0.309364
vt 0.129536 0.28928
vt 0.165284 0.277519
vt 0.176557 0.309527
vt 0.136543 0.265143
vt 0.165284 0.277519
vt 0.129536 0.28928
vt 0.183552 0.285433
vt 0.176557 0.309527
vt 0.165284 0.277519
vt 0.975684 0.241716
vt 0.986777 0.262192
vt 0.993482 0.241716
vt 0.975684 0.281456
vt 0.986777 0.262192
vt 0.975684 0.27946
vt 0.986777 0.262192
vt 0.975684 0.281456
vt 0.990678 0.263631
vt 0.986777 0.262192
vt 0.990678 0.263631
vt 0.994501 0.241716
vt 0.986777 0.262192
vt 0.994501 0.241716
vt 0.993482 0.241716
vt 0.975684 0.282206
vt 0.99128 0.264013
vt 0.975684 0.282077
vt 0.975684 0.282243
vt 0.984098 0.275113
vt 0.975684 0.282206
vt 0.975684 0.282206
vt 0.984098 0.275113
vt 0.99128 0.264013
vt 0.984098 0.275113
vt 0.990671 0.265452
vt 0.99128 0.264013
vt 0.996206 0.241716
vt 0.995993 0.241716
vt 0.994794 0.25399
vt 0.995389 0.241716
vt 0.990678 0.263631
vt 0.995993 0.241716
vt 0.995389 0.241716
vt 0.994501 0.241716
vt 0.990678 0.263631
vt 0.975684 0.281456
vt 0.975684 0.282077
vt 0.990678 0.263631
vt 0.994794 0.25399
vt 0.995993 0.241716
vt 0.99128 0.264013
vt 0.994794 0.25399
vt 0.99128 0.264013
vt 0.990671 0.265452
vt 0.990678 0.263631
vt 0.975684 0.282077
vt 0.99128 0.264013
vt 0.990678 0.263631
vt 0.99128 0.264013
vt 0.995993 0.241716
vt 0.975684 0.282243
vt 0.975684 0.282184
vt 0.984098 0.275113
vt 0.975684 0.282031
vt 0.990335 0.265168
vt 0.975684 0.282184
vt 0.975684 0.282031
vt 0.975684 0.281458
vt 0.990335 0.265168
vt 0.975684 0.280975
vt 0.986778 0.262059
vt 0.975684 0.281458
vt 0.993472 0.241716
vt 0.994805 0.241716
vt 0.986778 0.262059
vt 0.986778 0.262059
vt 0.994805 0.241716
vt 0.990335 0.265168
vt 0.986778 0.262059
vt 0.990335 0.265168
vt 0.975684 0.281458
vt 0.996206 0.241716
vt 0.994794 0.25399
vt 0.995788 0.241716
vt 0.990671 0.265452
vt 0.990622 0.265412
vt 0.994794 0.25399
vt 0.990671 0.265452
vt 0.984098 0.275113
vt 0.990622 0.265412
vt 0.984098 0.275113
vt 0.975684 0.282184
vt 0.990622 0.265412
vt 0.995788 0.241716
vt 0.994794 0.25399
vt 0.990335 0.265168
vt 0.995788 0.241716
vt 0.990335 0.265168
vt 0.994805 0.241716
vt 0.994794 0.25399
vt 0.990622 0.265412
vt 0.990335 0.265168
vt 0.990335 0.265168
vt 0.990622 0.265412
vt 0.975684 0.282184
vt 0.975684 0.280975
vt 0.975684 0.279021
vt 0.986778 0.262059
vt 0.975684 0.279021
vt 0.975684 0.274928
vt 0.986778 0.262059
vt 0.024316 0.274928
vt 0.024316 0.256826
vt 0.0132216 0.262059
vt 0.00652772 0.241716
vt 0.0132216 0.262059
vt 0.024316 0.251919
vt 0.024316 0.251919
vt 0.0132216 0.262059
vt 0.024316 0.256826
vt 0.975684 0.241716
vt 0.993482 0.241716
vt 0.975684 0.222239
vt 0.993482 0.241716
vt 0.994939 0.222239
vt 0.975684 0.222239
vt 0.994939 0.222239
vt 0.993482 0.241716
vt 0.994966 0.231741
vt 0.994939 0.222239
vt 0.994966 0.231741
vt 0.995409 0.222239
vt 0.995389 0.241716
vt 0.996051 0.231741
vt 0.995759 0.225087
vt 0.995389 0.241716
vt 0.995759 0.225087
vt 0.994966 0.231741
vt 0.995389 0.241716
vt 0.994966 0.231741
vt 0.994501 0.241716
vt 0.995389 0.241716
vt 0.995993 0.241716
vt 0.996051 0.231741
vt 0.995993 0.241716
vt 0.996206 0.241716
vt 0.996051 0.231741
vt 0.996106 0.222239
vt 0.995823 0.222239
vt 0.995759 0.225087
vt 0.996106 0.222239
vt 0.995759 0.225087
vt 0.996051 0.231741
vt 0.996106 0.222239
vt 0.996051 0.231741
vt 0.996206 0.222239
vt 0.996206 0.241716
vt 0.996206 0.222239
vt 0.996051 0.231741
vt 0.993482 0.241716
vt 0.994501 0.241716
vt 0.994966 0.231741
vt 0.994966 0.231741
vt 0.995759 0.225087
vt 0.995409 0.222239
vt 0.995823 0.222239
vt 0.995409 0.222239
vt 0.995759 0.225087
vt 0.996206 0.222239
vt 0.996206 0.241716
vt 0.995958 0.231978
vt 0.996206 0.222239
vt 0.995958 0.231978
vt 0.99611 0.222239
vt 0.994805 0.241716
vt 0.995228 0.231978
vt 0.995788 0.241716
vt 0.994805 0.241716
vt 0.993472 0.241716
vt 0.995228 0.231978
vt 0.993472 0.241716
vt 0.995423 0.222239
vt 0.995228 0.231978
vt 0.995423 0.222239
vt 0.995837 0.222239
vt 0.995228 0.231978
vt 0.995228 0.231978
vt 0.995837 0.222239
vt 0.995958 0.231978
vt 0.995228 0.231978
vt 0.995958 0.231978
vt 0.995788 0.241716
vt 0.995837 0.222239
vt 0.99611 0.222239
vt 0.995958 0.231978
vt 0.996206 0.241716
vt 0.995788 0.241716
vt 0.995958 0.231978
vt 0.024316 0.222239
vt 0.00457704 0.222239
vt 0.024316 0.241716
vt 0.024316 0.241716
vt 0.00457704 0.222239
vt 0.00652772 0.241716
vt 0.996206 0.222239
vt 0.99611 0.222239
vt 0.996206 0.209949
vt 0.99611 0.222239
vt 0.995837 0.222239
vt 0.996206 0.209949
vt 0.996206 0.209949
vt 0.995837 0.222239
vt 0.994387 0.210614
vt 0.995837 0.222239
vt 0.995423 0.222239
vt 0.994387 0.210614
vt 0.024316 0.222239
vt 0.024316 0.21745
vt 0.00457704 0.222239
vt 0.024316 0.21745
vt 0.00561309 0.210614
vt 0.00457704 0.222239
vt 0.975684 0.21745
vt 0.975684 0.222239
vt 0.994387 0.210614
vt 0.994387 0.210614
vt 0.975684 0.222239
vt 0.994939 0.222239
vt 0.994939 0.222239
vt 0.995409 0.222239
vt 0.994387 0.210614
vt 0.995409 0.222239
vt 0.995823 0.222239
vt 0.994387 0.210614
vt 0.994387 0.210614
vt 0.995823 0.222239
vt 0.996206 0.209949
vt 0.996206 0.222239
vt 0.996206 0.209949
vt 0.996106 0.222239
vt 0.996106 0.222239
vt 0.996206 0.209949
vt 0.995823 0.222239
vt 0.986777 0.262192
vt 0.975684 0.266558
vt 0.975684 0.275237
vt 0.986777 0.262192
vt 0.975684 0.275237
vt 0.975684 0.27946
vt 0.024316 0.249605
vt 0.024316 0.241716
vt 0.00652772 0.241716
vt 0.00652772 0.241716
vt 0.024316 0.251919
vt 0.024316 0.249605
vt 0.975684 0.266558
vt 0.986777 0.262192
vt 0.975684 0.249605
vt 0.986777 0.262192
vt 0.975684 0.241716
vt 0.975684 0.249605
vt 0.995008 0.241716
vt 0.988303 0.262192
vt 0.977211 0.241716
vt 0.977211 0.27946
vt 0.988303 0.262192
vt 0.977211 0.281456
vt 0.988303 0.262192
vt 0.992205 0.263631
vt 0.977211 0.281456
vt 0.988303 0.262192
vt 0.996027 0.241716
vt 0.992205 0.263631
vt 0.988303 0.262192
vt 0.995008 0.241716
vt 0.996027 0.241716
vt 0.977211 0.282206
vt 0.977211 0.282077
vt 0.992807 0.264013
vt 0.977211 0.282243
vt 0.977211 0.282206
vt 0.985624 0.275113
vt 0.977211 0.282206
vt 0.992807 0.264013
vt 0.985624 0.275113
vt 0.985624 0.275113
vt 0.992807 0.264013
vt 0.992198 0.265452
vt 0.997733 0.241716
vt 0.99632 0.25399
vt 0.997519 0.241716
vt 0.996915 0.241716
vt 0.997519 0.241716
vt 0.992205 0.263631
vt 0.996915 0.241716
vt 0.992205 0.263631
vt 0.996027 0.241716
vt 0.977211 0.281456
vt 0.992205 0.263631
vt 0.977211 0.282077
vt 0.99632 0.25399
vt 0.992807 0.264013
vt 0.997519 0.241716
vt 0.99632 0.25399
vt 0.992198 0.265452
vt 0.992807 0.264013
vt 0.992205 0.263631
vt 0.992807 0.264013
vt 0.977211 0.282077
vt 0.992205 0.263631
vt 0.997519 0.241716
vt 0.992807 0.264013
vt 0.977211 0.282243
vt 0.985624 0.275113
vt 0.977211 0.282184
vt 0.977211 0.282031
vt 0.977211 0.282184
vt 0.991862 0.265168
vt 0.977211 0.282031
vt 0.991862 0.265168
vt 0.977211 0.281459
vt 0.977211 0.280975
vt 0.977211 0.281459
vt 0.988305 0.262059
vt 0.994999 0.241716
vt 0.988305 0.262059
vt 0.996331 0.241716
vt 0.988305 0.262059
vt 0.991862 0.265168
vt 0.996331 0.241716
vt 0.988305 0.262059
vt 0.977211 0.281459
vt 0.991862 0.265168
vt 0.997733 0.241716
vt 0.997315 0.241716
vt 0.99632 0.25399
vt 0.992198 0.265452
vt 0.99632 0.25399
vt 0.992148 0.265412
vt 0.992198 0.265452
vt 0.992148 0.265412
vt 0.985624 0.275113
vt 0.985624 0.275113
vt 0.992148 0.265412
vt 0.977211 0.282184
vt 0.997315 0.241716
vt 0.991862 0.265168
vt 0.99632 0.25399
vt 0.997315 0.241716
vt 0.996331 0.241716
vt 0.991862 0.265168
vt 0.99632 0.25399
vt 0.991862 0.265168
vt 0.992148 0.265412
vt 0.991862 0.265168
vt 0.977211 0.282184
vt 0.992148 0.265412
vt 0.977211 0.280975
vt 0.988305 0.262059
vt 0.977211 0.279021
vt 0.977211 0.279021
vt 0.988305 0.262059
vt 0.977211 0.274928
vt 0.0227894 0.274928
vt 0.0116951 0.262059
vt 0.0227894 0.256826
vt 0.00500119 0.241716
vt 0.0227894 0.251919
vt 0.0116951 0.262059
vt 0.0227894 0.251919
vt 0.0227894 0.256826
vt 0.0116951 0.262059
vt 0.977211 0.241716
vt 0.977211 0.222239
vt 0.995008 0.241716
vt 0.995008 0.241716
vt 0.977211 0.222239
vt 0.996466 0.222239
vt 0.996466 0.222239
vt 0.996492 0.231741
vt 0.995008 0.241716
vt 0.996466 0.222239
vt 0.996935 0.222239
vt 0.996492 0.231741
vt 0.996915 0.241716
vt 0.997285 0.225087
vt 0.997577 0.231741
vt 0.996915 0.241716
vt 0.996492 0.231741
vt 0.997285 0.225087
vt 0.996915 0.241716
vt 0.996027 0.241716
vt 0.996492 0.231741
vt 0.996915 0.241716
vt 0.997577 0.231741
vt 0.997519 0.241716
vt 0.997519 0.241716
vt 0.997577 0.231741
vt 0.997733 0.241716
vt 0.997632 0.222239
vt 0.997285 0.225087
vt 0.997349 0.222239
vt 0.997632 0.222239
vt 0.997577 0.231741
vt 0.997285 0.225087
vt 0.997632 0.222239
vt 0.997733 0.222239
vt 0.997577 0.231741
vt 0.997733 0.241716
vt 0.997577 0.231741
vt 0.997733 0.222239
vt 0.995008 0.241716
vt 0.996492 0.231741
vt 0.996027 0.241716
vt 0.996492 0.231741
vt 0.996935 0.222239
vt 0.997285 0.225087
vt 0.997349 0.222239
vt 0.997285 0.225087
vt 0.996935 0.222239
vt 0.997733 0.222239
vt 0.997485 0.231978
vt 0.997733 0.241716
vt 0.997733 0.222239
vt 0.997637 0.222239
vt 0.997485 0.231978
vt 0.996331 0.241716
vt 0.997315 0.241716
vt 0.996754 0.231978
vt 0.996331 0.241716
vt 0.996754 0.231978
vt 0.994999 0.241716
vt 0.994999 0.241716
vt 0.996754 0.231978
vt 0.996949 0.222239
vt 0.996949 0.222239
vt 0.996754 0.231978
vt 0.997363 0.222239
vt 0.996754 0.231978
vt 0.997485 0.231978
vt 0.997363 0.222239
vt 0.996754 0.231978
vt 0.997315 0.241716
vt 0.997485 0.231978
vt 0.997363 0.222239
vt 0.997485 0.231978
vt 0.997637 0.222239
vt 0.997733 0.241716
vt 0.997485 0.231978
vt 0.997315 0.241716
vt 0.0227894 0.222239
vt 0.0227894 0.241716
vt 0.00305051 0.222239
vt 0.0227894 0.241716
vt 0.00500119 0.241716
vt 0.00305051 0.222239
vt 0.997733 0.222239
vt 0.997733 0.209949
vt 0.997637 0.222239
vt 0.997637 0.222239
vt 0.997733 0.209949
vt 0.997363 0.222239
vt 0.997733 0.209949
vt 0.995914 0.210614
vt 0.997363 0.222239
vt 0.997363 0.222239
vt 0.995914 0.210614
vt 0.996949 0.222239
vt 0.0227894 0.222239
vt 0.00305051 0.222239
vt 0.0227894 0.21745
vt 0.0227894 0.21745
vt 0.00305051 0.222239
vt 0.00408649 0.210614
vt 0.977211 0.21745
vt 0.995914 0.210614
vt 0.977211 0.222239
vt 0.995914 0.210614
vt 0.996466 0.222239
vt 0.977211 0.222239
vt 0.996466 0.222239
vt 0.995914 0.210614
vt 0.996935 0.222239
vt 0.996935 0.222239
vt 0.995914 0.210614
vt 0.997349 0.222239
vt 0.995914 0.210614
vt 0.997733 0.209949
vt 0.997349 0.222239
vt 0.997733 0.222239
vt 0.997632 0.222239
vt 0.997733 0.209949
vt 0.997632 0.222239
vt 0.997349 0.222239
vt 0.997733 0.209949
vt 0.988303 0.262192
vt 0.977211 0.275237
vt 0.977211 0.266558
vt 0.988303 0.262192
vt 0.977211 0.27946
vt 0.977211 0.275237
vt 0.0227894 0.249605
vt 0.00500119 0.241716
vt 0.0227894 0.241716
vt 0.00500119 0.241716
vt 0.0227894 0.249605
vt 0.0227894 0.251919
vt 0.977211 0.249605
vt 0.988303 0.262192
vt 0.977211 0.266558
vt 0.988303 0.262192
vt 0.977211 0.249605
vt 0.977211 0.241716
g FairingPylons
f 25/1 22/2 8/3
f 17/4 1/5 16/6
f 1/7 2/8 16/9
f 2/10 3/11 16/12
f 3/13 14/14 16/15
f 14/16 4/17 15/18
f 4/19 5/20 15/21
f 5/22 12/23 15/24
f 12/25 6/26 13/27
f 6/28 7/29 13/30
f 7/31 10/32 13/33
f 8/34 9/35 25/36
f 9/37 10/38 25/39
f 9/40 11/41 10/42
f 10/43 11/44 13/45
f 12/46 13/47 15/48
f 14/49 15/50 16/51
f 16/52 18/53 17/54
f 18/55 19/56 17/57
f 34/58 38/59 31/60
f 28/61 23/62 26/63
f 38/64 32/65 31/66
f 28/67 24/68 23/69
f 24/70 20/71 25/72
f 20/73 21/74 25/75
f 21/76 22/77 25/78
f 24/79 25/80 23/81
f 26/82 27/83 28/84
f 27/85 29/86 28/87
f 29/88 32/89 28/90
f 29/91 30/92 32/93
f 30/94 33/95 32/96
f 32/97 33/98 31/99
f 34/100 35/101 38/102
f 35/103 36/104 38/105
f 36/106 37/107 38/108
f 37/109 40/110 38/111
f 40/112 39/113 38/114
f 40/115 41/116 39/117
f 51/118 61/119 52/120
f 61/121 60/122 52/123
f 51/124 54/125 61/126
f 60/127 42/128 52/129
f 42/130 43/131 52/132
f 43/133 53/134 52/135
f 43/136 44/137 53/138
f 44/139 45/140 53/141
f 45/142 46/143 53/144
f 46/145 47/146 53/147
f 47/148 49/149 53/150
f 48/151 50/152 49/153
f 49/154 50/155 53/156
f 52/157 53/158 51/159
f 54/160 55/161 61/162
f 55/163 85/164 61/165
f 55/166 56/167 85/168
f 56/169 57/170 85/171
f 57/172 86/173 85/174
f 85/175 58/176 61/177
f 58/178 59/179 61/180
f 59/181 62/182 61/183
f 61/184 62/185 60/186
f 77/187 74/188 78/189
f 80/190 85/191 84/192
f 83/193 63/194 84/195
f 63/196 64/197 84/198
f 64/199 65/200 84/201
f 65/202 66/203 84/204
f 66/205 77/206 84/207
f 78/208 73/209 76/210
f 74/211 73/212 78/213
f 74/214 67/215 69/216
f 67/217 68/218 69/219
f 69/220 70/221 74/222
f 70/223 71/224 74/225
f 71/226 72/227 74/228
f 72/229 75/230 74/231
f 74/232 75/233 73/234
f 76/235 79/236 78/237
f 84/238 81/239 80/240
f 77/241 81/242 84/243
f 78/244 81/245 77/246
f 79/247 81/248 78/249
f 79/250 82/251 81/252
f 81/253 82/254 80/255
f 84/256 86/257 83/258
f 85/259 86/260 84/261
f 92/262 88/263 91/264
f 92/265 89/266 88/267
f 87/268 134/269 90/270
f 87/271 132/272 134/273
f 90/274 89/275 87/276
f 89/277 90/278 88/279
f 91/280 94/281 92/282
f 94/283 93/284 92/285
f 94/286 95/287 93/288
f 98/289 96/290 105/291
f 96/292 97/293 105/294
f 97/295 106/296 105/297
f 105/298 99/299 98/300
f 99/301 100/302 98/303
f 109/304 114/305 103/306
f 108/307 114/308 109/309
f 103/310 105/311 109/312
f 108/313 111/314 114/315
f 121/316 101/317 122/318
f 101/319 102/320 122/321
f 102/322 115/323 122/324
f 113/325 104/326 114/327
f 114/328 104/329 103/330
f 105/331 107/332 109/333
f 105/334 106/335 107/336
f 107/337 110/338 109/339
f 109/340 110/341 108/342
f 111/343 112/344 114/345
f 112/346 116/347 114/348
f 114/349 115/350 113/351
f 116/352 115/353 114/354
f 115/355 116/356 122/357
f 131/358 130/359 125/360
f 125/361 124/362 131/363
f 130/364 117/365 125/366
f 124/367 127/368 131/369
f 117/370 118/371 125/372
f 118/373 119/374 125/375
f 119/376 120/377 125/378
f 120/379 122/380 125/381
f 120/382 121/383 122/384
f 122/385 123/386 125/387
f 123/388 126/389 125/390
f 125/391 126/392 124/393
f 127/394 128/395 131/396
f 128/397 129/398 131/399
f 129/400 133/401 131/402
f 131/403 132/404 130/405
f 133/406 132/407 131/408
f 133/409 134/410 132/411
f 142/412 156/413 159/414
f 150/415 135/416 151/417
f 150/418 136/419 135/420
f 150/421 137/422 136/423
f 150/424 148/425 137/426
f 149/427 138/428 148/429
f 149/430 139/431 138/432
f 149/433 146/434 139/435
f 147/436 140/437 146/438
f 147/439 141/440 140/441
f 147/442 144/443 141/444
f 159/445 143/446 142/447
f 159/448 144/449 143/450
f 144/451 145/452 143/453
f 147/454 145/455 144/456
f 149/457 147/458 146/459
f 150/460 149/461 148/462
f 151/463 152/464 150/465
f 151/466 153/467 152/468
f 165/469 172/470 168/471
f 160/472 157/473 162/474
f 165/475 166/476 172/477
f 157/478 158/479 162/480
f 159/481 154/482 158/483
f 159/484 155/485 154/486
f 159/487 156/488 155/489
f 157/490 159/491 158/492
f 162/493 161/494 160/495
f 162/496 163/497 161/498
f 162/499 166/500 163/501
f 166/502 164/503 163/504
f 166/505 167/506 164/507
f 165/508 167/509 166/510
f 172/511 169/512 168/513
f 172/514 170/515 169/516
f 172/517 171/518 170/519
f 172/520 174/521 171/522
f 172/523 173/524 174/525
f 173/526 175/527 174/528
f 186/529 195/530 185/531
f 186/532 194/533 195/534
f 195/535 188/536 185/537
f 186/538 176/539 194/540
f 186/541 177/542 176/543
f 186/544 187/545 177/546
f 187/547 178/548 177/549
f 187/550 179/551 178/552
f 187/553 180/554 179/555
f 187/556 181/557 180/558
f 187/559 183/560 181/561
f 183/562 184/563 182/564
f 187/565 184/566 183/567
f 185/568 187/569 186/570
f 195/571 189/572 188/573
f 195/574 219/575 189/576
f 219/577 190/578 189/579
f 219/580 191/581 190/582
f 219/583 220/584 191/585
f 195/586 192/587 219/588
f 195/589 193/590 192/591
f 195/592 196/593 193/594
f 194/595 196/596 195/597
f 212/598 208/599 211/600
f 218/601 219/602 214/603
f 218/604 197/605 217/606
f 218/607 198/608 197/609
f 218/610 199/611 198/612
f 218/613 200/614 199/615
f 218/616 211/617 200/618
f 210/619 207/620 212/621
f 212/622 207/623 208/624
f 203/625 201/626 208/627
f 203/628 202/629 201/630
f 208/631 204/632 203/633
f 208/634 205/635 204/636
f 208/637 206/638 205/639
f 208/640 209/641 206/642
f 207/643 209/644 208/645
f 212/646 213/647 210/648
f 214/649 215/650 218/651
f 218/652 215/653 211/654
f 211/655 215/656 212/657
f 212/658 215/659 213/660
f 215/661 216/662 213/663
f 214/664 216/665 215/666
f 217/667 220/668 218/669
f 218/670 220/671 219/672
f 225/673 222/674 226/675
f 222/676 223/677 226/678
f 224/679 268/680 221/681
f 268/682 266/683 221/684
f 221/685 223/686 224/687
f 222/688 224/689 223/690
f 226/691 228/692 225/693
f 226/694 227/695 228/696
f 227/697 229/698 228/699
f 239/700 230/701 232/702
f 239/703 231/704 230/705
f 239/706 240/707 231/708
f 232/709 233/710 239/711
f 232/712 234/713 233/714
f 237/715 248/716 243/717
f 243/718 248/719 242/720
f 243/721 239/722 237/723
f 248/724 245/725 242/726
f 256/727 235/728 255/729
f 256/730 236/731 235/732
f 256/733 249/734 236/735
f 248/736 238/737 247/738
f 237/739 238/740 248/741
f 243/742 241/743 239/744
f 241/745 240/746 239/747
f 243/748 244/749 241/750
f 242/751 244/752 243/753
f 248/754 246/755 245/756
f 248/757 250/758 246/759
f 247/760 249/761 248/762
f 248/763 249/764 250/765
f 256/766 250/767 249/768
f 259/769 264/770 265/771
f 265/772 258/773 259/774
f 259/775 251/776 264/777
f 265/778 261/779 258/780
f 259/781 252/782 251/783
f 259/784 253/785 252/786
f 259/787 254/788 253/789
f 259/790 256/791 254/792
f 256/793 255/794 254/795
f 259/796 257/797 256/798
f 259/799 260/800 257/801
f 258/802 260/803 259/804
f 265/805 262/806 261/807
f 265/808 263/809 262/810
f 265/811 267/812 263/813
f 264/814 266/815 265/816
f 265/817 266/818 267/819
f 266/820 268/821 267/822
f 290/823 293/824 276/825
f 269/826 285/827 284/828
f 270/829 269/830 284/831
f 271/832 270/833 284/834
f 282/835 271/836 284/837
f 272/838 282/839 283/840
f 273/841 272/842 283/843
f 280/844 273/845 283/846
f 274/847 280/848 281/849
f 275/850 274/851 281/852
f 278/853 275/854 281/855
f 277/856 276/857 293/858
f 278/859 277/860 293/861
f 279/862 277/863 278/864
f 279/865 278/866 281/867
f 281/868 280/869 283/870
f 283/871 282/872 284/873
f 286/874 284/875 285/876
f 287/877 286/878 285/879
f 306/880 302/881 299/882
f 291/883 296/884 294/885
f 300/886 306/887 299/888
f 292/889 296/890 291/891
f 288/892 292/893 293/894
f 289/895 288/896 293/897
f 290/898 289/899 293/900
f 293/901 292/902 291/903
f 295/904 294/905 296/906
f 297/907 295/908 296/909
f 300/910 297/911 296/912
f 298/913 297/914 300/915
f 301/916 298/917 300/918
f 301/919 300/920 299/921
f 303/922 302/923 306/924
f 304/925 303/926 306/927
f 305/928 304/929 306/930
f 308/931 305/932 306/933
f 307/934 308/935 306/936
f 309/937 308/938 307/939
f 329/940 319/941 320/942
f 328/943 329/944 320/945
f 322/946 319/947 329/948
f 310/949 328/950 320/951
f 311/952 310/953 320/954
f 321/955 311/956 320/957
f 312/958 311/959 321/960
f 313/961 312/962 321/963
f 314/964 313/965 321/966
f 315/967 314/968 321/969
f 317/970 315/971 321/972
f 318/973 316/974 317/975
f 318/976 317/977 321/978
f 321/979 320/980 319/981
f 323/982 322/983 329/984
f 353/985 323/986 329/987
f 324/988 323/989 353/990
f 325/991 324/992 353/993
f 354/994 325/995 353/996
f 326/997 353/998 329/999
f 327/1000 326/1001 329/1002
f 330/1003 327/1004 329/1005
f 330/1006 329/1007 328/1008
f 342/1009 345/1010 346/1011
f 353/1012 348/1013 352/1014
f 331/1015 351/1016 352/1017
f 332/1018 331/1019 352/1020
f 333/1021 332/1022 352/1023
f 334/1024 333/1025 352/1026
f 345/1027 334/1028 352/1029
f 341/1030 346/1031 344/1032
f 341/1033 342/1034 346/1035
f 335/1036 342/1037 337/1038
f 336/1039 335/1040 337/1041
f 338/1042 337/1043 342/1044
f 339/1045 338/1046 342/1047
f 340/1048 339/1049 342/1050
f 343/1051 340/1052 342/1053
f 343/1054 342/1055 341/1056
f 347/1057 344/1058 346/1059
f 349/1060 352/1061 348/1062
f 349/1063 345/1064 352/1065
f 349/1066 346/1067 345/1068
f 349/1069 347/1070 346/1071
f 350/1072 347/1073 349/1074
f 350/1075 349/1076 348/1077
f 354/1078 352/1079 351/1080
f 354/1081 353/1082 352/1083
f 356/1084 360/1085 359/1086
f 357/1087 360/1088 356/1089
f 402/1090 355/1091 358/1092
f 400/1093 355/1094 402/1095
f 357/1096 358/1097 355/1098
f 358/1099 357/1100 356/1101
f 362/1102 359/1103 360/1104
f 361/1105 362/1106 360/1107
f 363/1108 362/1109 361/1110
f 364/1111 366/1112 373/1113
f 365/1114 364/1115 373/1116
f 374/1117 365/1118 373/1119
f 367/1120 373/1121 366/1122
f 368/1123 367/1124 366/1125
f 382/1126 377/1127 371/1128
f 382/1129 376/1130 377/1131
f 373/1132 371/1133 377/1134
f 379/1135 376/1136 382/1137
f 369/1138 389/1139 390/1140
f 370/1141 369/1142 390/1143
f 383/1144 370/1145 390/1146
f 372/1147 381/1148 382/1149
f 372/1150 382/1151 371/1152
f 375/1153 373/1154 377/1155
f 374/1156 373/1157 375/1158
f 378/1159 375/1160 377/1161
f 378/1162 377/1163 376/1164
f 380/1165 379/1166 382/1167
f 384/1168 380/1169 382/1170
f 383/1171 382/1172 381/1173
f 383/1174 384/1175 382/1176
f 384/1177 383/1178 390/1179
f 398/1180 399/1181 393/1182
f 392/1183 393/1184 399/1185
f 385/1186 398/1187 393/1188
f 395/1189 392/1190 399/1191
f 386/1192 385/1193 393/1194
f 387/1195 386/1196 393/1197
f 388/1198 387/1199 393/1200
f 390/1201 388/1202 393/1203
f 389/1204 388/1205 390/1206
f 391/1207 390/1208 393/1209
f 394/1210 391/1211 393/1212
f 394/1213 393/1214 392/1215
f 396/1216 395/1217 399/1218
f 397/1219 396/1220 399/1221
f 401/1222 397/1223 399/1224
f 400/1225 399/1226 398/1227
f 400/1228 401/1229 399/1230
f 402/1231 401/1232 400/1233
f 424/1234 410/1235 427/1236
f 403/1237 418/1238 419/1239
f 404/1240 418/1241 403/1242
f 405/1243 418/1244 404/1245
f 416/1246 418/1247 405/1248
f 406/1249 417/1250 416/1251
f 407/1252 417/1253 406/1254
f 414/1255 417/1256 407/1257
f 408/1258 415/1259 414/1260
f 409/1261 415/1262 408/1263
f 412/1264 415/1265 409/1266
f 411/1267 427/1268 410/1269
f 412/1270 427/1271 411/1272
f 413/1273 412/1274 411/1275
f 413/1276 415/1277 412/1278
f 415/1279 417/1280 414/1281
f 417/1282 418/1283 416/1284
f 420/1285 419/1286 418/1287
f 421/1288 419/1289 420/1290
f 440/1291 433/1292 436/1293
f 425/1294 428/1295 430/1296
f 434/1297 433/1298 440/1299
f 426/1300 425/1301 430/1302
f 422/1303 427/1304 426/1305
f 423/1306 427/1307 422/1308
f 424/1309 427/1310 423/1311
f 427/1312 425/1313 426/1314
f 429/1315 430/1316 428/1317
f 431/1318 430/1319 429/1320
f 434/1321 430/1322 431/1323
f 432/1324 434/1325 431/1326
f 435/1327 434/1328 432/1329
f 435/1330 433/1331 434/1332
f 437/1333 440/1334 436/1335
f 438/1336 440/1337 437/1338
f 439/1339 440/1340 438/1341
f 442/1342 440/1343 439/1344
f 441/1345 440/1346 442/1347
f 443/1348 441/1349 442/1350
f 463/1351 454/1352 453/1353
f 462/1354 454/1355 463/1356
f 456/1357 463/1358 453/1359
f 444/1360 454/1361 462/1362
f 445/1363 454/1364 444/1365
f 455/1366 454/1367 445/1368
f 446/1369 455/1370 445/1371
f 447/1372 455/1373 446/1374
f 448/1375 455/1376 447/1377
f 449/1378 455/1379 448/1380
f 451/1381 455/1382 449/1383
f 452/1384 451/1385 450/1386
f 452/1387 455/1388 451/1389
f 455/1390 453/1391 454/1392
f 457/1393 463/1394 456/1395
f 487/1396 463/1397 457/1398
f 458/1399 487/1400 457/1401
f 459/1402 487/1403 458/1404
f 488/1405 487/1406 459/1407
f 460/1408 463/1409 487/1410
f 461/1411 463/1412 460/1413
f 464/1414 463/1415 461/1416
f 464/1417 462/1418 463/1419
f 476/1420 480/1421 479/1422
f 487/1423 486/1424 482/1425
f 465/1426 486/1427 485/1428
f 466/1429 486/1430 465/1431
f 467/1432 486/1433 466/1434
f 468/1435 486/1436 467/1437
f 479/1438 486/1439 468/1440
f 475/1441 478/1442 480/1443
f 475/1444 480/1445 476/1446
f 469/1447 471/1448 476/1449
f 470/1450 471/1451 469/1452
f 472/1453 476/1454 471/1455
f 473/1456 476/1457 472/1458
f 474/1459 476/1460 473/1461
f 477/1462 476/1463 474/1464
f 477/1465 475/1466 476/1467
f 481/1468 480/1469 478/1470
f 483/1471 482/1472 486/1473
f 483/1474 486/1475 479/1476
f 483/1477 479/1478 480/1479
f 483/1480 480/1481 481/1482
f 484/1483 483/1484 481/1485
f 484/1486 482/1487 483/1488
f 488/1489 485/1490 486/1491
f 488/1492 486/1493 487/1494
f 490/1495 493/1496 494/1497
f 491/1498 490/1499 494/1500
f 536/1501 492/1502 489/1503
f 534/1504 536/1505 489/1506
f 491/1507 489/1508 492/1509
f 492/1510 490/1511 491/1512
f 496/1513 494/1514 493/1515
f 495/1516 494/1517 496/1518
f 497/1519 495/1520 496/1521
f 498/1522 507/1523 500/1524
f 499/1525 507/1526 498/1527
f 508/1528 507/1529 499/1530
f 501/1531 500/1532 507/1533
f 502/1534 500/1535 501/1536
f 516/1537 505/1538 511/1539
f 516/1540 511/1541 510/1542
f 507/1543 511/1544 505/1545
f 513/1546 516/1547 510/1548
f 503/1549 524/1550 523/1551
f 504/1552 524/1553 503/1554
f 517/1555 524/1556 504/1557
f 506/1558 516/1559 515/1560
f 506/1561 505/1562 516/1563
f 509/1564 511/1565 507/1566
f 508/1567 509/1568 507/1569
f 512/1570 511/1571 509/1572
f 512/1573 510/1574 511/1575
f 514/1576 516/1577 513/1578
f 518/1579 516/1580 514/1581
f 517/1582 515/1583 516/1584
f 517/1585 516/1586 518/1587
f 518/1588 524/1589 517/1590
f 532/1591 527/1592 533/1593
f 526/1594 533/1595 527/1596
f 519/1597 527/1598 532/1599
f 529/1600 533/1601 526/1602
f 520/1603 527/1604 519/1605
f 521/1606 527/1607 520/1608
f 522/1609 527/1610 521/1611
f 524/1612 527/1613 522/1614
f 523/1615 524/1616 522/1617
f 525/1618 527/1619 524/1620
f 528/1621 527/1622 525/1623
f 528/1624 526/1625 527/1626
f 530/1627 533/1628 529/1629
f 531/1630 533/1631 530/1632
f 535/1633 533/1634 531/1635
f 534/1636 532/1637 533/1638
f 534/1639 533/1640 535/1641
f 536/1642 534/1643 535/1644
g Wingbox
f 550/1645 554/1646 551/1647
f 551/1648 554/1649 558/1650
f 554/1651 553/1652 558/1653
f 553/1654 552/1655 558/1656
f 559/1657 555/1658 560/1659
f 555/1660 556/1661 560/1662
f 561/1663 562/1664 557/1665
f 562/1666 560/1667 557/1668
f 559/1669 558/1670 555/1671
f 557/1672 560/1673 556/1674
f 555/1675 558/1676 552/1677
f 550/1678 537/1679 554/1680
f 537/1681 541/1682 554/1683
f 550/1684 551/1685 538/1686
f 538/1687 537/1688 550/1689
f 551/1690 558/1691 545/1692
f 545/1693 538/1694 551/1695
f 553/1696 554/1697 541/1698
f 541/1699 540/1700 553/1701
f 552/1702 553/1703 540/1704
f 540/1705 539/1706 552/1707
f 559/1708 560/1709 547/1710
f 547/1711 546/1712 559/1713
f 556/1714 555/1715 542/1716
f 542/1717 543/1718 556/1719
f 562/1720 561/1721 548/1722
f 548/1723 549/1724 562/1725
f 561/1726 557/1727 544/1728
f 544/1729 548/1730 561/1731
f 560/1732 562/1733 549/1734
f 549/1735 547/1736 560/1737
f 558/1738 559/1739 546/1740
f 546/1741 545/1742 558/1743
f 557/1744 556/1745 543/1746
f 543/1747 544/1748 557/1749
f 555/1750 552/1751 539/1752
f 539/1753 542/1754 555/1755
f 538/1756 545/1757 546/1758
f 546/1759 547/1760 549/1761
f 538/1762 546/1763 549/1764
f 549/1765 548/1766 544/1767
f 544/1768 543/1769 542/1770
f 549/1771 544/1772 542/1773
f 542/1774 539/1775 540/1776
f 549/1777 542/1778 540/1779
f 538/1780 549/1781 540/1782
f 538/1783 540/1784 541/1785
f 537/1786 538/1787 541/1788
g Wings
f 567/1789 568/1790 564/1791
f 568/1792 563/1793 564/1794
f 563/1795 568/1796 569/1797
f 569/1798 568/1799 570/1800
f 570/1801 568/1802 571/1803
f 571/1804 568/1805 572/1806
f 566/1807 565/1808 573/1809
f 573/1810 565/1811 574/1812
f 575/1813 574/1814 576/1815
f 576/1816 574/1817 577/1818
f 577/1819 574/1820 578/1821
f 578/1822 574/1823 565/1824
f 568/1825 579/1826 574/1827
f 568/1828 567/1829 579/1830
f 574/1831 579/1832 573/1833
f 573/1834 579/1835 566/1836
f 566/1837 579/1838 564/1839
f 564/1840 579/1841 567/1842
f 572/1843 580/1844 575/1845
f 572/1846 568/1847 580/1848
f 568/1849 574/1850 581/1851
f 581/1852 574/1853 582/1854
f 575/1855 580/1856 574/1857
f 581/1858 582/1859 568/1860
f 574/1861 580/1862 582/1863
f 568/1864 582/1865 580/1866
f 563/1867 583/1868 565/1869
f 563/1870 569/1871 583/1872
f 565/1873 583/1874 578/1875
f 576/1876 577/1877 584/1878
f 576/1879 584/1880 575/1881
f 575/1882 584/1883 572/1884
f 572/1885 584/1886 571/1887
f 571/1888 584/1889 570/1890
f 584/1891 583/1892 570/1893
f 584/1894 577/1895 583/1896
f 570/1897 583/1898 569/1899
f 578/1900 583/1901 577/1902
f 589/1903 586/1904 590/1905
f 586/1906 585/1907 590/1908
f 585/1909 591/1910 590/1911
f 591/1912 592/1913 590/1914
f 592/1915 593/1916 590/1917
f 593/1918 594/1919 590/1920
f 588/1921 595/1922 587/1923
f 595/1924 596/1925 587/1926
f 597/1927 598/1928 596/1929
f 598/1930 599/1931 596/1932
f 599/1933 600/1934 596/1935
f 600/1936 587/1937 596/1938
f 590/1939 596/1940 601/1941
f 590/1942 601/1943 589/1944
f 596/1945 595/1946 601/1947
f 595/1948 588/1949 601/1950
f 588/1951 586/1952 601/1953
f 586/1954 589/1955 601/1956
f 594/1957 597/1958 602/1959
f 594/1960 602/1961 590/1962
f 590/1963 603/1964 596/1965
f 603/1966 604/1967 596/1968
f 597/1969 596/1970 602/1971
f 603/1972 590/1973 604/1974
f 596/1975 604/1976 602/1977
f 590/1978 602/1979 604/1980
f 585/1981 587/1982 605/1983
f 585/1984 605/1985 591/1986
f 587/1987 600/1988 605/1989
f 598/1990 606/1991 599/1992
f 598/1993 597/1994 606/1995
f 597/1996 594/1997 606/1998
f 594/1999 593/2000 606/2001
f 593/2002 592/2003 606/2004
f 606/2005 592/2006 605/2007
f 606/2008 605/2009 599/2010
f 592/2011 591/2012 605/2013
f 600/2014 599/2015 605/2016
f 607/2017 686/2018 688/2019
f 609/2020 610/2021 608/2022
f 611/2023 612/2024 609/2025
f 612/2026 611/2027 613/2028
f 614/2029 613/2030 615/2031
f 615/2032 613/2033 611/2034
f 612/2035 616/2036 609/2037
f 616/2038 617/2039 609/2040
f 617/2041 610/2042 609/2043
f 610/2044 618/2045 608/2046
f 618/2047 619/2048 608/2049
f 619/2050 620/2051 608/2052
f 620/2053 621/2054 608/2055
f 621/2056 622/2057 608/2058
f 623/2059 624/2060 625/2061
f 624/2062 626/2063 625/2064
f 626/2065 627/2066 625/2067
f 628/2068 629/2069 627/2070
f 630/2071 631/2072 628/2073
f 632/2074 633/2075 630/2076
f 633/2077 634/2078 630/2079
f 631/2080 635/2081 628/2082
f 635/2083 636/2084 628/2085
f 636/2086 637/2087 628/2088
f 637/2089 629/2090 628/2091
f 629/2092 638/2093 627/2094
f 638/2095 639/2096 627/2097
f 639/2098 625/2099 627/2100
f 630/2101 634/2102 631/2103
f 621/2104 632/2105 622/2106
f 632/2107 621/2108 633/2109
f 621/2110 620/2111 633/2112
f 619/2113 640/2114 620/2115
f 619/2116 618/2117 640/2118
f 640/2119 618/2120 641/2121
f 640/2122 641/2123 631/2124
f 640/2125 631/2126 634/2127
f 640/2128 634/2129 633/2130
f 640/2131 633/2132 620/2133
f 618/2134 610/2135 641/2136
f 610/2137 617/2138 641/2139
f 617/2140 616/2141 641/2142
f 616/2143 637/2144 641/2145
f 637/2146 636/2147 641/2148
f 636/2149 635/2150 641/2151
f 635/2152 631/2153 641/2154
f 629/2155 637/2156 616/2157
f 642/2158 643/2159 632/2160
f 643/2161 642/2162 644/2163
f 642/2164 645/2165 644/2166
f 646/2167 647/2168 648/2169
f 647/2170 646/2171 649/2172
f 650/2173 651/2174 652/2175
f 653/2176 654/2177 650/2178
f 654/2179 651/2180 650/2181
f 651/2182 649/2183 652/2184
f 652/2185 649/2186 646/2187
f 647/2188 644/2189 648/2190
f 643/2191 655/2192 632/2193
f 648/2194 644/2195 645/2196
f 632/2197 630/2198 642/2199
f 627/2200 645/2201 628/2202
f 626/2203 646/2204 627/2205
f 646/2206 626/2207 652/2208
f 623/2209 650/2210 624/2211
f 623/2212 653/2213 650/2214
f 650/2215 652/2216 624/2217
f 624/2218 652/2219 626/2220
f 646/2221 648/2222 627/2223
f 648/2224 645/2225 627/2226
f 645/2227 642/2228 628/2229
f 628/2230 642/2231 630/2232
f 656/2233 657/2234 658/2235
f 657/2236 659/2237 658/2238
f 658/2239 659/2240 660/2241
f 661/2242 662/2243 663/2244
f 665/2245 664/2246 661/2247
f 664/2248 666/2249 661/2250
f 666/2251 662/2252 661/2253
f 662/2254 667/2255 663/2256
f 667/2257 668/2258 663/2259
f 668/2260 660/2261 663/2262
f 663/2263 660/2264 659/2265
f 668/2266 669/2267 660/2268
f 669/2269 670/2270 660/2271
f 669/2272 668/2273 671/2274
f 669/2275 671/2276 672/2277
f 668/2278 667/2279 671/2280
f 667/2281 662/2282 671/2283
f 664/2284 673/2285 666/2286
f 673/2287 664/2288 674/2289
f 673/2290 674/2291 675/2292
f 673/2293 675/2294 676/2295
f 673/2296 676/2297 677/2298
f 673/2299 677/2300 671/2301
f 673/2302 671/2303 666/2304
f 678/2305 674/2306 665/2307
f 677/2308 672/2309 671/2310
f 662/2311 666/2312 671/2313
f 665/2314 674/2315 664/2316
f 679/2317 680/2318 681/2319
f 682/2320 674/2321 680/2322
f 683/2323 675/2324 682/2325
f 675/2326 683/2327 676/2328
f 684/2329 677/2330 685/2331
f 677/2332 684/2333 672/2334
f 669/2335 672/2336 670/2337
f 670/2338 672/2339 684/2340
f 677/2341 676/2342 685/2343
f 685/2344 676/2345 683/2346
f 675/2347 674/2348 682/2349
f 674/2350 678/2351 680/2352
f 678/2353 681/2354 680/2355
f 622/2356 681/2357 665/2358
f 681/2359 678/2360 665/2361
f 632/2362 686/2363 622/2364
f 681/2365 622/2366 686/2367
f 686/2368 607/2369 681/2370
f 607/2371 679/2372 681/2373
f 614/2374 615/2375 656/2376
f 656/2377 615/2378 657/2379
f 609/2380 659/2381 611/2382
f 659/2383 609/2384 663/2385
f 622/2386 661/2387 608/2388
f 622/2389 665/2390 661/2391
f 661/2392 663/2393 608/2394
f 608/2395 663/2396 609/2397
f 659/2398 657/2399 611/2400
f 611/2401 657/2402 615/2403
f 680/2404 679/2405 687/2406
f 689/2407 687/2408 688/2409
f 687/2410 607/2411 688/2412
f 679/2413 607/2414 687/2415
f 687/2416 689/2417 682/2418
f 653/2419 623/2420 689/2421
f 625/2422 614/2423 623/2424
f 614/2425 625/2426 613/2427
f 638/2428 612/2429 639/2430
f 629/2431 616/2432 638/2433
f 616/2434 612/2435 638/2436
f 612/2437 613/2438 639/2439
f 639/2440 613/2441 625/2442
f 656/2443 683/2444 614/2445
f 683/2446 656/2447 685/2448
f 660/2449 684/2450 658/2451
f 660/2452 670/2453 684/2454
f 684/2455 685/2456 658/2457
f 658/2458 685/2459 656/2460
f 683/2461 682/2462 614/2463
f 680/2464 687/2465 682/2466
f 689/2467 623/2468 682/2469
f 614/2470 682/2471 623/2472
f 690/2473 691/2474 692/2475
f 693/2476 691/2477 694/2478
f 692/2479 691/2480 695/2481
f 696/2482 697/2483 698/2484
f 699/2485 700/2486 696/2487
f 699/2488 701/2489 700/2490
f 700/2491 701/2492 702/2493
f 1034/2494 702/2495 1036/2496
f 1036/2497 702/2498 701/2499
f 700/2500 703/2501 696/2502
f 703/2503 697/2504 696/2505
f 697/2506 695/2507 698/2508
f 698/2509 695/2510 691/2511
f 691/2512 690/2513 694/2514
f 688/2515 686/2516 1036/2517
f 686/2518 1034/2519 1036/2520
f 701/2521 689/2522 1036/2523
f 699/2524 653/2525 701/2526
f 653/2527 699/2528 654/2529
f 699/2530 696/2531 654/2532
f 691/2533 704/2534 698/2535
f 704/2536 691/2537 705/2538
f 694/2539 705/2540 693/2541
f 693/2542 705/2543 691/2544
f 704/2545 654/2546 698/2547
f 653/2548 689/2549 701/2550
f 698/2551 654/2552 696/2553
f 655/2554 643/2555 706/2556
f 706/2557 643/2558 707/2559
f 647/2560 708/2561 644/2562
f 649/2563 704/2564 647/2565
f 649/2566 651/2567 704/2568
f 651/2569 654/2570 704/2571
f 704/2572 705/2573 647/2574
f 705/2575 694/2576 647/2577
f 694/2578 690/2579 647/2580
f 690/2581 708/2582 647/2583
f 708/2584 709/2585 644/2586
f 709/2587 710/2588 644/2589
f 710/2590 711/2591 644/2592
f 711/2593 707/2594 644/2595
f 644/2596 707/2597 643/2598
f 688/2599 1036/2600 689/2601
f 632/2602 1034/2603 686/2604
f 690/2605 692/2606 708/2607
f 697/2608 709/2609 695/2610
f 709/2611 697/2612 710/2613
f 700/2614 711/2615 703/2616
f 702/2617 706/2618 700/2619
f 706/2620 702/2621 655/2622
f 1034/2623 655/2624 702/2625
f 632/2626 655/2627 1034/2628
f 706/2629 707/2630 700/2631
f 707/2632 711/2633 700/2634
f 711/2635 710/2636 703/2637
f 703/2638 710/2639 697/2640
f 709/2641 708/2642 695/2643
f 695/2644 708/2645 692/2646
f 712/2647 793/2648 791/2649
f 714/2650 713/2651 715/2652
f 716/2653 714/2654 717/2655
f 717/2656 718/2657 716/2658
f 719/2659 720/2660 718/2661
f 720/2662 716/2663 718/2664
f 717/2665 714/2666 721/2667
f 721/2668 714/2669 722/2670
f 722/2671 714/2672 715/2673
f 715/2674 713/2675 723/2676
f 723/2677 713/2678 724/2679
f 724/2680 713/2681 725/2682
f 725/2683 713/2684 726/2685
f 726/2686 713/2687 727/2688
f 728/2689 730/2690 729/2691
f 729/2692 730/2693 731/2694
f 731/2695 730/2696 732/2697
f 733/2698 732/2699 734/2700
f 735/2701 733/2702 736/2703
f 737/2704 735/2705 738/2706
f 738/2707 735/2708 739/2709
f 736/2710 733/2711 740/2712
f 740/2713 733/2714 741/2715
f 741/2716 733/2717 742/2718
f 742/2719 733/2720 734/2721
f 734/2722 732/2723 743/2724
f 743/2725 732/2726 744/2727
f 744/2728 732/2729 730/2730
f 735/2731 736/2732 739/2733
f 726/2734 727/2735 737/2736
f 737/2737 738/2738 726/2739
f 726/2740 738/2741 725/2742
f 724/2743 725/2744 745/2745
f 724/2746 745/2747 723/2748
f 745/2749 746/2750 723/2751
f 745/2752 736/2753 746/2754
f 745/2755 739/2756 736/2757
f 745/2758 738/2759 739/2760
f 745/2761 725/2762 738/2763
f 723/2764 746/2765 715/2766
f 715/2767 746/2768 722/2769
f 722/2770 746/2771 721/2772
f 721/2773 746/2774 742/2775
f 742/2776 746/2777 741/2778
f 741/2779 746/2780 740/2781
f 740/2782 746/2783 736/2784
f 734/2785 721/2786 742/2787
f 747/2788 737/2789 748/2790
f 748/2791 749/2792 747/2793
f 747/2794 749/2795 750/2796
f 751/2797 753/2798 752/2799
f 752/2800 754/2801 751/2802
f 755/2803 757/2804 756/2805
f 758/2806 755/2807 759/2808
f 759/2809 755/2810 756/2811
f 756/2812 757/2813 754/2814
f 757/2815 751/2816 754/2817
f 752/2818 753/2819 749/2820
f 748/2821 737/2822 760/2823
f 753/2824 750/2825 749/2826
f 737/2827 747/2828 735/2829
f 732/2830 733/2831 750/2832
f 731/2833 732/2834 751/2835
f 751/2836 757/2837 731/2838
f 728/2839 729/2840 755/2841
f 728/2842 755/2843 758/2844
f 755/2845 729/2846 757/2847
f 729/2848 731/2849 757/2850
f 751/2851 732/2852 753/2853
f 753/2854 732/2855 750/2856
f 750/2857 733/2858 747/2859
f 733/2860 735/2861 747/2862
f 761/2863 763/2864 762/2865
f 762/2866 763/2867 764/2868
f 763/2869 765/2870 764/2871
f 766/2872 768/2873 767/2874
f 770/2875 766/2876 769/2877
f 769/2878 766/2879 771/2880
f 771/2881 766/2882 767/2883
f 767/2884 768/2885 772/2886
f 772/2887 768/2888 773/2889
f 773/2890 768/2891 765/2892
f 768/2893 764/2894 765/2895
f 773/2896 765/2897 774/2898
f 774/2899 765/2900 775/2901
f 774/2902 776/2903 773/2904
f 774/2905 777/2906 776/2907
f 773/2908 776/2909 772/2910
f 772/2911 776/2912 767/2913
f 769/2914 771/2915 778/2916
f 778/2917 779/2918 769/2919
f 778/2920 780/2921 779/2922
f 778/2923 781/2924 780/2925
f 778/2926 782/2927 781/2928
f 778/2929 776/2930 782/2931
f 778/2932 771/2933 776/2934
f 783/2935 770/2936 779/2937
f 782/2938 776/2939 777/2940
f 767/2941 776/2942 771/2943
f 770/2944 769/2945 779/2946
f 784/2947 786/2948 785/2949
f 787/2950 785/2951 779/2952
f 788/2953 787/2954 780/2955
f 780/2956 781/2957 788/2958
f 789/2959 790/2960 782/2961
f 782/2962 777/2963 789/2964
f 774/2965 775/2966 777/2967
f 775/2968 789/2969 777/2970
f 782/2971 790/2972 781/2973
f 790/2974 788/2975 781/2976
f 780/2977 787/2978 779/2979
f 779/2980 785/2981 783/2982
f 783/2983 785/2984 786/2985
f 727/2986 770/2987 786/2988
f 786/2989 770/2990 783/2991
f 737/2992 727/2993 791/2994
f 786/2995 791/2996 727/2997
f 791/2998 786/2999 712/3000
f 712/3001 786/3002 784/3003
f 719/3004 761/3005 720/3006
f 761/3007 762/3008 720/3009
f 714/3010 716/3011 764/3012
f 764/3013 768/3014 714/3015
f 727/3016 713/3017 766/3018
f 727/3019 766/3020 770/3021
f 766/3022 713/3023 768/3024
f 713/3025 714/3026 768/3027
f 764/3028 716/3029 762/3030
f 716/3031 720/3032 762/3033
f 785/3034 792/3035 784/3036
f 794/3037 793/3038 792/3039
f 793/3040 712/3041 792/3042
f 784/3043 792/3044 712/3045
f 792/3046 787/3047 794/3048
f 758/3049 794/3050 728/3051
f 730/3052 728/3053 719/3054
f 719/3055 718/3056 730/3057
f 743/3058 744/3059 717/3060
f 734/3061 743/3062 721/3063
f 721/3064 743/3065 717/3066
f 717/3067 744/3068 718/3069
f 744/3070 730/3071 718/3072
f 761/3073 719/3074 788/3075
f 788/3076 790/3077 761/3078
f 765/3079 763/3080 789/3081
f 765/3082 789/3083 775/3084
f 789/3085 763/3086 790/3087
f 763/3088 761/3089 790/3090
f 788/3091 719/3092 787/3093
f 785/3094 787/3095 792/3096
f 794/3097 787/3098 728/3099
f 719/3100 728/3101 787/3102
f 795/3103 812/3104 796/3105
f 797/3106 798/3107 796/3108
f 812/3109 799/3110 796/3111
f 800/3112 802/3113 801/3114
f 803/3115 800/3116 804/3117
f 803/3118 804/3119 805/3120
f 804/3121 806/3122 805/3123
f 1068/3124 1070/3125 806/3126
f 1070/3127 805/3128 806/3129
f 804/3130 800/3131 807/3132
f 807/3133 800/3134 801/3135
f 801/3136 802/3137 799/3138
f 802/3139 796/3140 799/3141
f 796/3142 798/3143 795/3144
f 793/3145 1070/3146 791/3147
f 791/3148 1070/3149 1068/3150
f 805/3151 1070/3152 794/3153
f 803/3154 805/3155 758/3156
f 758/3157 759/3158 803/3159
f 803/3160 759/3161 800/3162
f 796/3163 802/3164 808/3165
f 808/3166 809/3167 796/3168
f 798/3169 797/3170 809/3171
f 797/3172 796/3173 809/3174
f 808/3175 802/3176 759/3177
f 758/3178 805/3179 794/3180
f 802/3181 800/3182 759/3183
f 760/3184 810/3185 748/3186
f 810/3187 811/3188 748/3189
f 752/3190 749/3191 812/3192
f 754/3193 752/3194 808/3195
f 754/3196 808/3197 756/3198
f 756/3199 808/3200 759/3201
f 808/3202 752/3203 809/3204
f 809/3205 752/3206 798/3207
f 798/3208 752/3209 795/3210
f 795/3211 752/3212 812/3213
f 812/3214 749/3215 813/3216
f 813/3217 749/3218 814/3219
f 814/3220 749/3221 815/3222
f 815/3223 749/3224 811/3225
f 749/3226 748/3227 811/3228
f 793/3229 794/3230 1070/3231
f 737/3232 791/3233 1068/3234
f 801/3235 799/3236 813/3237
f 813/3238 814/3239 801/3240
f 804/3241 807/3242 815/3243
f 806/3244 804/3245 810/3246
f 810/3247 760/3248 806/3249
f 1068/3250 806/3251 760/3252
f 737/3253 1068/3254 760/3255
f 810/3256 804/3257 811/3258
f 811/3259 804/3260 815/3261
f 815/3262 807/3263 814/3264
f 807/3265 801/3266 814/3267
f 813/3268 799/3269 812/3270
f 816/3271 817/3272 818/3273
f 817/3274 819/3275 818/3276
f 822/3277 823/3278 820/3279
f 823/3280 821/3281 820/3282
f 821/3283 818/3284 820/3285
f 816/3286 824/3287 817/3288
f 824/3289 825/3290 817/3291
f 826/3292 834/3293 825/3294
f 827/3295 828/3296 826/3297
f 828/3298 827/3299 829/3300
f 830/3301 831/3302 832/3303
f 840/3304 832/3305 831/3306
f 830/3307 829/3308 831/3309
f 831/3310 829/3311 827/3312
f 828/3313 833/3314 826/3315
f 833/3316 834/3317 826/3318
f 834/3319 817/3320 825/3321
f 820/3322 818/3323 819/3324
f 831/3325 827/3326 835/3327
f 827/3328 826/3329 835/3330
f 826/3331 825/3332 835/3333
f 825/3334 824/3335 835/3336
f 835/3337 824/3338 836/3339
f 824/3340 816/3341 836/3342
f 816/3343 818/3344 836/3345
f 823/3346 836/3347 821/3348
f 836/3349 818/3350 821/3351
f 822/3352 838/3353 823/3354
f 838/3355 837/3356 823/3357
f 823/3358 837/3359 836/3360
f 839/3361 835/3362 837/3363
f 835/3364 836/3365 837/3366
f 840/3367 831/3368 839/3369
f 831/3370 835/3371 839/3372
f 841/3373 839/3374 842/3375
f 839/3376 837/3377 842/3378
f 822/3379 820/3380 846/3381
f 842/3382 837/3383 844/3384
f 838/3385 846/3386 837/3387
f 838/3388 822/3389 846/3390
f 845/3391 843/3392 846/3393
f 846/3394 843/3395 837/3396
f 844/3397 837/3398 843/3399
f 857/3400 855/3401 832/3402
f 832/3403 859/3404 857/3405
f 858/3406 857/3407 859/3408
f 859/3409 839/3410 858/3411
f 855/3412 856/3413 830/3414
f 830/3415 832/3416 855/3417
f 856/3418 854/3419 829/3420
f 829/3421 830/3422 856/3423
f 854/3424 853/3425 828/3426
f 828/3427 829/3428 854/3429
f 853/3430 852/3431 833/3432
f 833/3433 828/3434 853/3435
f 852/3436 851/3437 834/3438
f 834/3439 833/3440 852/3441
f 851/3442 850/3443 834/3444
f 850/3445 847/3446 817/3447
f 817/3448 834/3449 850/3450
f 847/3451 848/3452 819/3453
f 819/3454 817/3455 847/3456
f 849/3457 845/3458 846/3459
f 846/3460 820/3461 849/3462
f 849/3463 820/3464 819/3465
f 849/3466 819/3467 848/3468
f 860/3469 861/3470 862/3471
f 861/3472 863/3473 862/3474
f 860/3475 864/3476 861/3477
f 864/3478 865/3479 861/3480
f 866/3481 865/3482 867/3483
f 865/3484 864/3485 867/3486
f 860/3487 862/3488 864/3489
f 862/3490 867/3491 864/3492
f 862/3493 863/3494 867/3495
f 863/3496 866/3497 867/3498
f 870/3499 839/3500 869/3501
f 869/3502 839/3503 868/3504
f 862/3505 860/3506 871/3507
f 860/3508 872/3509 871/3510
f 872/3511 860/3512 873/3513
f 861/3514 875/3515 860/3516
f 861/3517 869/3518 875/3519
f 868/3520 874/3521 869/3522
f 874/3523 875/3524 869/3525
f 875/3526 876/3527 860/3528
f 876/3529 877/3530 860/3531
f 877/3532 873/3533 860/3534
f 871/3535 878/3536 862/3537
f 878/3538 879/3539 862/3540
f 879/3541 880/3542 862/3543
f 880/3544 881/3545 862/3546
f 882/3547 870/3548 881/3549
f 839/3550 870/3551 882/3552
f 870/3553 863/3554 881/3555
f 863/3556 862/3557 881/3558
f 883/3559 884/3560 839/3561
f 884/3562 868/3563 839/3564
f 884/3565 885/3566 868/3567
f 884/3568 1047/3569 885/3570
f 885/3571 874/3572 868/3573
f 883/3574 886/3575 884/3576
f 886/3577 1047/3578 884/3579
f 886/3580 1040/3581 1047/3582
f 1040/3583 885/3584 1047/3585
f 886/3586 883/3587 1040/3588
f 882/3589 1040/3590 839/3591
f 839/3592 1040/3593 883/3594
f 887/3595 885/3596 882/3597
f 1040/3598 882/3599 885/3600
f 882/3601 881/3602 887/3603
f 881/3604 880/3605 887/3606
f 878/3607 877/3608 879/3609
f 877/3610 878/3611 873/3612
f 872/3613 873/3614 871/3615
f 871/3616 873/3617 878/3618
f 877/3619 876/3620 879/3621
f 876/3622 875/3623 879/3624
f 875/3625 887/3626 879/3627
f 887/3628 880/3629 879/3630
f 888/3631 889/3632 884/3633
f 869/3634 870/3635 861/3636
f 870/3637 863/3638 861/3639
f 870/3640 890/3641 891/3642
f 890/3643 892/3644 891/3645
f 892/3646 893/3647 891/3648
f 892/3649 890/3650 894/3651
f 890/3652 870/3653 894/3654
f 869/3655 895/3656 870/3657
f 895/3658 894/3659 870/3660
f 891/3661 893/3662 896/3663
f 897/3664 898/3665 899/3666
f 898/3667 897/3668 900/3669
f 901/3670 902/3671 903/3672
f 902/3673 901/3674 904/3675
f 905/3676 906/3677 907/3678
f 906/3679 905/3680 908/3681
f 909/3682 910/3683 911/3684
f 910/3685 909/3686 912/3687
f 913/3688 914/3689 915/3690
f 914/3691 912/3692 915/3693
f 915/3694 912/3695 909/3696
f 910/3697 916/3698 911/3699
f 916/3700 917/3701 911/3702
f 917/3703 908/3704 911/3705
f 911/3706 908/3707 905/3708
f 906/3709 904/3710 907/3711
f 907/3712 904/3713 901/3714
f 902/3715 900/3716 903/3717
f 903/3718 900/3719 897/3720
f 898/3721 896/3722 899/3723
f 899/3724 896/3725 893/3726
f 913/3727 915/3728 894/3729
f 915/3730 909/3731 894/3732
f 909/3733 911/3734 894/3735
f 907/3736 892/3737 905/3738
f 907/3739 901/3740 892/3741
f 901/3742 903/3743 892/3744
f 903/3745 897/3746 892/3747
f 897/3748 899/3749 892/3750
f 899/3751 893/3752 892/3753
f 892/3754 894/3755 905/3756
f 905/3757 894/3758 911/3759
f 870/3760 908/3761 869/3762
f 891/3763 896/3764 870/3765
f 896/3766 898/3767 870/3768
f 898/3769 900/3770 870/3771
f 900/3772 902/3773 870/3774
f 902/3775 904/3776 870/3777
f 904/3778 906/3779 870/3780
f 906/3781 908/3782 870/3783
f 908/3784 917/3785 869/3786
f 917/3787 916/3788 869/3789
f 916/3790 910/3791 869/3792
f 910/3793 912/3794 869/3795
f 914/3796 869/3797 912/3798
f 913/3799 918/3800 914/3801
f 894/3802 895/3803 918/3804
f 894/3805 918/3806 913/3807
f 914/3808 918/3809 869/3810
f 918/3811 895/3812 869/3813
f 863/3814 870/3815 866/3816
f 866/3817 870/3818 919/3819
f 920/3820 921/3821 922/3822
f 921/3823 919/3824 922/3825
f 922/3826 919/3827 870/3828
f 869/3829 914/3830 870/3831
f 920/3832 922/3833 914/3834
f 922/3835 870/3836 914/3837
f 869/3838 861/3839 914/3840
f 861/3841 865/3842 914/3843
f 914/3844 865/3845 920/3846
f 921/3847 920/3848 923/3849
f 923/3850 920/3851 865/3852
f 861/3853 863/3854 865/3855
f 863/3856 866/3857 865/3858
f 865/3859 866/3860 923/3861
f 921/3862 923/3863 919/3864
f 919/3865 923/3866 866/3867
f 863/3868 861/3869 866/3870
f 861/3871 865/3872 866/3873
f 855/3874 857/3875 858/3876
f 856/3877 855/3878 858/3879
f 854/3880 856/3881 858/3882
f 853/3883 854/3884 858/3885
f 852/3886 853/3887 858/3888
f 851/3889 852/3890 858/3891
f 851/3892 858/3893 844/3894
f 850/3895 851/3896 844/3897
f 847/3898 850/3899 844/3900
f 848/3901 847/3902 844/3903
f 844/3904 845/3905 849/3906
f 848/3907 844/3908 849/3909
f 924/3910 926/3911 925/3912
f 925/3913 926/3914 927/3915
f 930/3916 928/3917 931/3918
f 931/3919 928/3920 929/3921
f 929/3922 928/3923 926/3924
f 924/3925 925/3926 932/3927
f 932/3928 925/3929 933/3930
f 934/3931 933/3932 942/3933
f 935/3934 934/3935 936/3936
f 936/3937 937/3938 935/3939
f 938/3940 940/3941 939/3942
f 948/3943 939/3944 940/3945
f 938/3946 939/3947 937/3948
f 939/3949 935/3950 937/3951
f 936/3952 934/3953 941/3954
f 941/3955 934/3956 942/3957
f 942/3958 933/3959 925/3960
f 928/3961 927/3962 926/3963
f 939/3964 943/3965 935/3966
f 935/3967 943/3968 934/3969
f 934/3970 943/3971 933/3972
f 933/3973 943/3974 932/3975
f 943/3976 944/3977 932/3978
f 932/3979 944/3980 924/3981
f 924/3982 944/3983 926/3984
f 931/3985 929/3986 944/3987
f 944/3988 929/3989 926/3990
f 930/3991 931/3992 946/3993
f 946/3994 931/3995 945/3996
f 931/3997 944/3998 945/3999
f 947/4000 945/4001 943/4002
f 943/4003 945/4004 944/4005
f 948/4006 947/4007 939/4008
f 939/4009 947/4010 943/4011
f 949/4012 950/4013 947/4014
f 947/4015 950/4016 945/4017
f 930/4018 954/4019 928/4020
f 950/4021 952/4022 945/4023
f 946/4024 945/4025 954/4026
f 946/4027 954/4028 930/4029
f 953/4030 954/4031 951/4032
f 954/4033 945/4034 951/4035
f 952/4036 951/4037 945/4038
f 965/4039 940/4040 963/4041
f 940/4042 965/4043 967/4044
f 966/4045 967/4046 965/4047
f 967/4048 966/4049 947/4050
f 963/4051 938/4052 964/4053
f 938/4054 963/4055 940/4056
f 964/4057 937/4058 962/4059
f 937/4060 964/4061 938/4062
f 962/4063 936/4064 961/4065
f 936/4066 962/4067 937/4068
f 961/4069 941/4070 960/4071
f 941/4072 961/4073 936/4074
f 960/4075 942/4076 959/4077
f 942/4078 960/4079 941/4080
f 959/4081 942/4082 958/4083
f 958/4084 925/4085 955/4086
f 925/4087 958/4088 942/4089
f 955/4090 927/4091 956/4092
f 927/4093 955/4094 925/4095
f 957/4096 954/4097 953/4098
f 954/4099 957/4100 928/4101
f 957/4102 927/4103 928/4104
f 957/4105 956/4106 927/4107
f 968/4108 970/4109 969/4110
f 969/4111 970/4112 971/4113
f 968/4114 969/4115 972/4116
f 972/4117 969/4118 973/4119
f 974/4120 975/4121 973/4122
f 973/4123 975/4124 972/4125
f 968/4126 972/4127 970/4128
f 970/4129 972/4130 975/4131
f 970/4132 975/4133 971/4134
f 971/4135 975/4136 974/4137
f 978/4138 977/4139 947/4140
f 977/4141 976/4142 947/4143
f 970/4144 979/4145 968/4146
f 968/4147 979/4148 980/4149
f 980/4150 981/4151 968/4152
f 969/4153 968/4154 983/4155
f 969/4156 983/4157 977/4158
f 976/4159 977/4160 982/4161
f 982/4162 977/4163 983/4164
f 983/4165 968/4166 984/4167
f 984/4168 968/4169 985/4170
f 985/4171 968/4172 981/4173
f 979/4174 970/4175 986/4176
f 986/4177 970/4178 987/4179
f 987/4180 970/4181 988/4182
f 988/4183 970/4184 989/4185
f 990/4186 989/4187 978/4188
f 947/4189 990/4190 978/4191
f 978/4192 989/4193 971/4194
f 971/4195 989/4196 970/4197
f 991/4198 947/4199 992/4200
f 992/4201 947/4202 976/4203
f 992/4204 976/4205 993/4206
f 992/4207 993/4208 994/4209
f 993/4210 976/4211 982/4212
f 991/4213 992/4214 995/4215
f 995/4216 992/4217 994/4218
f 995/4219 994/4220 996/4221
f 996/4222 994/4223 993/4224
f 995/4225 996/4226 991/4227
f 990/4228 947/4229 996/4230
f 947/4231 991/4232 996/4233
f 997/4234 990/4235 993/4236
f 996/4237 993/4238 990/4239
f 990/4240 997/4241 989/4242
f 989/4243 997/4244 988/4245
f 986/4246 987/4247 985/4248
f 985/4249 981/4250 986/4251
f 980/4252 979/4253 981/4254
f 979/4255 986/4256 981/4257
f 985/4258 987/4259 984/4260
f 984/4261 987/4262 983/4263
f 983/4264 987/4265 997/4266
f 997/4267 987/4268 988/4269
f 998/4270 992/4271 999/4272
f 977/4273 969/4274 978/4275
f 978/4276 969/4277 971/4278
f 978/4279 1001/4280 1000/4281
f 1000/4282 1001/4283 1002/4284
f 1002/4285 1001/4286 1003/4287
f 1002/4288 1004/4289 1000/4290
f 1000/4291 1004/4292 978/4293
f 977/4294 978/4295 1005/4296
f 1005/4297 978/4298 1004/4299
f 1001/4300 1006/4301 1003/4302
f 1007/4303 1009/4304 1008/4305
f 1008/4306 1010/4307 1007/4308
f 1011/4309 1013/4310 1012/4311
f 1012/4312 1014/4313 1011/4314
f 1015/4315 1017/4316 1016/4317
f 1016/4318 1018/4319 1015/4320
f 1019/4321 1021/4322 1020/4323
f 1020/4324 1022/4325 1019/4326
f 1023/4327 1025/4328 1024/4329
f 1024/4330 1025/4331 1022/4332
f 1025/4333 1019/4334 1022/4335
f 1020/4336 1021/4337 1026/4338
f 1026/4339 1021/4340 1027/4341
f 1027/4342 1021/4343 1018/4344
f 1021/4345 1015/4346 1018/4347
f 1016/4348 1017/4349 1014/4350
f 1017/4351 1011/4352 1014/4353
f 1012/4354 1013/4355 1010/4356
f 1013/4357 1007/4358 1010/4359
f 1008/4360 1009/4361 1006/4362
f 1009/4363 1003/4364 1006/4365
f 1023/4366 1004/4367 1025/4368
f 1025/4369 1004/4370 1019/4371
f 1019/4372 1004/4373 1021/4374
f 1017/4375 1015/4376 1002/4377
f 1017/4378 1002/4379 1011/4380
f 1011/4381 1002/4382 1013/4383
f 1013/4384 1002/4385 1007/4386
f 1007/4387 1002/4388 1009/4389
f 1009/4390 1002/4391 1003/4392
f 1002/4393 1015/4394 1004/4395
f 1015/4396 1021/4397 1004/4398
f 978/4399 977/4400 1018/4401
f 1001/4402 978/4403 1006/4404
f 1006/4405 978/4406 1008/4407
f 1008/4408 978/4409 1010/4410
f 1010/4411 978/4412 1012/4413
f 1012/4414 978/4415 1014/4416
f 1014/4417 978/4418 1016/4419
f 1016/4420 978/4421 1018/4422
f 1018/4423 977/4424 1027/4425
f 1027/4426 977/4427 1026/4428
f 1026/4429 977/4430 1020/4431
f 1020/4432 977/4433 1022/4434
f 1024/4435 1022/4436 977/4437
f 1023/4438 1024/4439 1028/4440
f 1004/4441 1028/4442 1005/4443
f 1004/4444 1023/4445 1028/4446
f 1024/4447 977/4448 1028/4449
f 1028/4450 977/4451 1005/4452
f 971/4453 974/4454 978/4455
f 974/4456 1029/4457 978/4458
f 1030/4459 1032/4460 1031/4461
f 1031/4462 1032/4463 1029/4464
f 1032/4465 978/4466 1029/4467
f 977/4468 978/4469 1024/4470
f 1030/4471 1024/4472 1032/4473
f 1032/4474 1024/4475 978/4476
f 977/4477 1024/4478 969/4479
f 969/4480 1024/4481 973/4482
f 1024/4483 1030/4484 973/4485
f 1031/4486 1033/4487 1030/4488
f 1033/4489 973/4490 1030/4491
f 969/4492 973/4493 971/4494
f 971/4495 973/4496 974/4497
f 973/4498 1033/4499 974/4500
f 1031/4501 1029/4502 1033/4503
f 1029/4504 974/4505 1033/4506
f 971/4507 974/4508 969/4509
f 969/4510 974/4511 973/4512
f 963/4513 966/4514 965/4515
f 964/4516 966/4517 963/4518
f 962/4519 966/4520 964/4521
f 961/4522 966/4523 962/4524
f 960/4525 966/4526 961/4527
f 959/4528 966/4529 960/4530
f 959/4531 952/4532 966/4533
f 958/4534 952/4535 959/4536
f 955/4537 952/4538 958/4539
f 956/4540 952/4541 955/4542
f 952/4543 957/4544 953/4545
f 956/4546 957/4547 952/4548
f 1034/4549 1035/4550 1036/4551
f 1035/4552 1037/4553 1036/4554
f 1035/4555 1034/4556 1038/4557
f 1034/4558 1036/4559 1038/4560
f 1036/4561 1039/4562 1038/4563
f 1037/4564 1035/4565 1039/4566
f 1035/4567 1038/4568 1039/4569
f 885/4570 874/4571 882/4572
f 882/4573 874/4574 1041/4575
f 1043/4576 1041/4577 874/4578
f 1042/4579 1044/4580 1045/4581
f 1045/4582 1044/4583 1046/4584
f 1039/4585 1046/4586 1038/4587
f 1038/4588 1046/4589 1044/4590
f 686/4591 1056/4592 1057/4593
f 1056/4594 686/4595 688/4596
f 1051/4597 688/4598 1059/4599
f 1059/4600 688/4601 686/4602
f 1056/4603 1055/4604 1057/4605
f 1055/4606 1054/4607 1057/4608
f 1057/4609 1054/4610 1058/4611
f 1035/4612 1058/4613 1037/4614
f 1037/4615 1058/4616 1054/4617
f 1059/4618 1060/4619 1051/4620
f 1060/4621 607/4622 1051/4623
f 886/4624 1050/4625 1047/4626
f 1047/4627 1050/4628 1061/4629
f 1050/4630 1049/4631 1061/4632
f 1049/4633 1048/4634 1061/4635
f 1062/4636 1052/4637 1063/4638
f 1052/4639 1053/4640 1063/4641
f 681/4642 1064/4643 679/4644
f 1064/4645 1063/4646 679/4647
f 1062/4648 1061/4649 1052/4650
f 679/4651 1063/4652 1053/4653
f 1052/4654 1061/4655 1048/4656
f 681/4657 607/4658 1060/4659
f 885/4660 1047/4661 1065/4662
f 1047/4663 1061/4664 1065/4665
f 1061/4666 1062/4667 1065/4668
f 1063/4669 1059/4670 1062/4671
f 1059/4672 1063/4673 1060/4674
f 1063/4675 1064/4676 1066/4677
f 681/4678 1066/4679 1064/4680
f 1066/4681 1060/4682 1063/4683
f 1059/4684 686/4685 1062/4686
f 686/4687 1065/4688 1062/4689
f 1065/4690 1067/4691 885/4692
f 1067/4693 874/4694 885/4695
f 874/4696 1067/4697 1043/4698
f 686/4699 1044/4700 1065/4701
f 686/4702 1057/4703 1044/4704
f 1057/4705 1058/4706 1044/4707
f 1035/4708 1038/4709 1058/4710
f 1038/4711 1044/4712 1058/4713
f 1065/4714 1043/4715 1067/4716
f 1043/4717 1044/4718 1042/4719
f 1042/4720 1041/4721 1043/4722
f 1044/4723 1043/4724 1065/4725
f 1068/4726 1070/4727 1069/4728
f 1069/4729 1070/4730 1071/4731
f 1069/4732 1072/4733 1068/4734
f 1068/4735 1072/4736 1070/4737
f 1070/4738 1072/4739 1073/4740
f 1071/4741 1073/4742 1069/4743
f 1069/4744 1073/4745 1072/4746
f 993/4747 990/4748 982/4749
f 990/4750 1074/4751 982/4752
f 1076/4753 982/4754 1074/4755
f 1075/4756 1078/4757 1077/4758
f 1078/4759 1079/4760 1077/4761
f 1073/4762 1072/4763 1079/4764
f 1072/4765 1077/4766 1079/4767
f 791/4768 1089/4769 1088/4770
f 1088/4771 793/4772 791/4773
f 1083/4774 1091/4775 793/4776
f 1091/4777 791/4778 793/4779
f 1088/4780 1089/4781 1087/4782
f 1087/4783 1089/4784 1086/4785
f 1089/4786 1090/4787 1086/4788
f 1069/4789 1071/4790 1090/4791
f 1071/4792 1086/4793 1090/4794
f 1091/4795 1083/4796 1092/4797
f 1092/4798 1083/4799 712/4800
f 995/4801 994/4802 1082/4803
f 994/4804 1093/4805 1082/4806
f 1082/4807 1093/4808 1081/4809
f 1081/4810 1093/4811 1080/4812
f 1094/4813 1095/4814 1084/4815
f 1084/4816 1095/4817 1085/4818
f 786/4819 784/4820 1096/4821
f 1096/4822 784/4823 1095/4824
f 1094/4825 1084/4826 1093/4827
f 784/4828 1085/4829 1095/4830
f 1084/4831 1080/4832 1093/4833
f 786/4834 1092/4835 712/4836
f 993/4837 1097/4838 994/4839
f 994/4840 1097/4841 1093/4842
f 1093/4843 1097/4844 1094/4845
f 1095/4846 1094/4847 1091/4848
f 1091/4849 1092/4850 1095/4851
f 1095/4852 1098/4853 1096/4854
f 786/4855 1096/4856 1098/4857
f 1098/4858 1095/4859 1092/4860
f 1091/4861 1094/4862 791/4863
f 791/4864 1094/4865 1097/4866
f 1097/4867 993/4868 1099/4869
f 1099/4870 993/4871 982/4872
f 982/4873 1076/4874 1099/4875
f 791/4876 1097/4877 1077/4878
f 791/4879 1077/4880 1089/4881
f 1089/4882 1077/4883 1090/4884
f 1069/4885 1090/4886 1072/4887
f 1072/4888 1090/4889 1077/4890
f 1097/4891 1099/4892 1076/4893
f 1076/4894 1075/4895 1077/4896
f 1075/4897 1076/4898 1074/4899
f 1077/4900 1097/4901 1076/4902
f 1036/4903 1037/4904 1039/4905
f 882/4906 1100/4907 1040/4908
f 688/4909 1051/4910 1101/4911
f 1051/4912 607/4913 1101/4914
f 1101/4915 607/4916 1048/4917
f 1101/4918 1048/4919 1049/4920
f 1101/4921 1049/4922 1050/4923
f 1101/4924 1050/4925 1040/4926
f 1101/4927 1040/4928 1100/4929
f 1048/4930 607/4931 1052/4932
f 1102/4933 679/4934 1053/4935
f 1053/4936 1052/4937 1102/4938
f 1052/4939 607/4940 1102/4941
f 1050/4942 886/4943 1040/4944
f 1054/4945 1055/4946 1046/4947
f 1054/4948 1046/4949 1039/4950
f 1054/4951 1039/4952 1037/4953
f 688/4954 1101/4955 1056/4956
f 1100/4957 1041/4958 1101/4959
f 1100/4960 882/4961 1041/4962
f 1041/4963 1042/4964 1101/4965
f 1042/4966 1045/4967 1101/4968
f 1045/4969 1046/4970 1101/4971
f 1055/4972 1056/4973 1046/4974
f 1046/4975 1056/4976 1101/4977
f 1070/4978 1073/4979 1071/4980
f 990/4981 996/4982 1103/4983
f 793/4984 1104/4985 1083/4986
f 1104/4987 712/4988 1083/4989
f 1104/4990 1080/4991 712/4992
f 1104/4993 1081/4994 1080/4995
f 1104/4996 1082/4997 1081/4998
f 1104/4999 996/5000 1082/5001
f 1104/5002 1103/5003 996/5004
f 1080/5005 1084/5006 712/5007
f 1105/5008 1085/5009 784/5010
f 1085/5011 1105/5012 1084/5013
f 1105/5014 712/5015 1084/5016
f 1082/5017 996/5018 995/5019
f 1086/5020 1079/5021 1087/5022
f 1086/5023 1073/5024 1079/5025
f 1086/5026 1071/5027 1073/5028
f 793/5029 1088/5030 1104/5031
f 1103/5032 1104/5033 1074/5034
f 1103/5035 1074/5036 990/5037
f 1074/5038 1104/5039 1075/5040
f 1075/5041 1104/5042 1078/5043
f 1078/5044 1104/5045 1079/5046
f 1087/5047 1079/5048 1088/5049
f 1079/5050 1104/5051 1088/5052
g AileronL
f 1107/5053 1106/5054 1109/5055
f 1109/5056 1106/5057 1111/5058
f 1108/5059 1106/5060 1107/5061
f 1106/5062 1108/5063 1110/5064
f 1111/5065 1106/5066 1110/5067
f 1111/5068 1110/5069 1109/5070
g AileronR
f 1115/5071 1112/5072 1113/5073
f 1117/5074 1112/5075 1115/5076
f 1113/5077 1112/5078 1114/5079
f 1112/5080 1116/5081 1114/5082
f 1116/5083 1112/5084 1117/5085
f 1117/5086 1115/5087 1116/5088
g FairingL1
f 1190/5089 1135/5090 1185/5091
f 1190/5092 1128/5093 1135/5094
f 1119/5095 1122/5096 1123/5097
f 1191/5098 1165/5099 1127/5100
f 1122/5101 1118/5102 1121/5103
f 1120/5104 1122/5105 1119/5106
f 1125/5107 1127/5108 1165/5109
f 1125/5110 1126/5111 1127/5112
f 1125/5113 1121/5114 1126/5115
f 1125/5116 1122/5117 1121/5118
f 1125/5119 1123/5120 1122/5121
f 1124/5122 1123/5123 1125/5124
f 1161/5125 1124/5126 1125/5127
f 1161/5128 1125/5129 1165/5130
f 1190/5131 1191/5132 1127/5133
f 1128/5134 1127/5135 1126/5136
f 1128/5137 1190/5138 1127/5139
f 1148/5140 1129/5141 1147/5142
f 1148/5143 1137/5144 1129/5145
f 1139/5146 1185/5147 1135/5148
f 1138/5149 1137/5150 1148/5151
f 1187/5152 1138/5153 1148/5154
f 1131/5155 1130/5156 1129/5157
f 1132/5158 1131/5159 1129/5160
f 1134/5161 1129/5162 1137/5163
f 1134/5164 1132/5165 1129/5166
f 1133/5167 1132/5168 1134/5169
f 1136/5170 1139/5171 1135/5172
f 1136/5173 1138/5174 1139/5175
f 1136/5176 1137/5177 1138/5178
f 1137/5179 1136/5180 1135/5181
f 1140/5182 1138/5183 1187/5184
f 1140/5185 1139/5186 1138/5187
f 1140/5188 1185/5189 1139/5190
f 1185/5191 1140/5192 1187/5193
f 1177/5194 1149/5195 1152/5196
f 1149/5197 1145/5198 1151/5199
f 1142/5200 1145/5201 1144/5202
f 1142/5203 1151/5204 1145/5205
f 1152/5206 1149/5207 1151/5208
f 1179/5209 1177/5210 1152/5211
f 1141/5212 1150/5213 1151/5214
f 1143/5215 1141/5216 1151/5217
f 1143/5218 1151/5219 1142/5220
f 1146/5221 1144/5222 1145/5223
f 1148/5224 1149/5225 1182/5226
f 1148/5227 1145/5228 1149/5229
f 1148/5230 1146/5231 1145/5232
f 1147/5233 1146/5234 1148/5235
f 1187/5236 1148/5237 1182/5238
f 1180/5239 1182/5240 1149/5241
f 1180/5242 1149/5243 1177/5244
f 1174/5245 1179/5246 1152/5247
f 1159/5248 1150/5249 1158/5250
f 1159/5251 1151/5252 1150/5253
f 1159/5254 1152/5255 1151/5256
f 1159/5257 1174/5258 1152/5259
f 1175/5260 1174/5261 1159/5262
f 1164/5263 1170/5264 1160/5265
f 1153/5266 1164/5267 1160/5268
f 1155/5269 1153/5270 1160/5271
f 1167/5272 1170/5273 1164/5274
f 1154/5275 1163/5276 1164/5277
f 1154/5278 1164/5279 1153/5280
f 1156/5281 1155/5282 1160/5283
f 1157/5284 1156/5285 1160/5286
f 1159/5287 1160/5288 1171/5289
f 1159/5290 1157/5291 1160/5292
f 1158/5293 1157/5294 1159/5295
f 1175/5296 1159/5297 1171/5298
f 1171/5299 1160/5300 1170/5301
f 1165/5302 1162/5303 1161/5304
f 1165/5305 1163/5306 1162/5307
f 1165/5308 1164/5309 1163/5310
f 1165/5311 1167/5312 1164/5313
f 1191/5314 1167/5315 1165/5316
f 1175/5317 1173/5318 1174/5319
f 1188/5320 1185/5321 1184/5322
f 1188/5323 1190/5324 1185/5325
f 1189/5326 1188/5327 1169/5328
f 1168/5329 1189/5330 1169/5331
f 1166/5332 1169/5333 1188/5334
f 1172/5335 1166/5336 1188/5337
f 1176/5338 1172/5339 1188/5340
f 1178/5341 1176/5342 1188/5343
f 1181/5344 1178/5345 1188/5346
f 1186/5347 1181/5348 1188/5349
f 1184/5350 1186/5351 1188/5352
f 1166/5353 1175/5354 1171/5355
f 1172/5356 1175/5357 1166/5358
f 1169/5359 1166/5360 1171/5361
f 1167/5362 1168/5363 1170/5364
f 1189/5365 1168/5366 1167/5367
f 1191/5368 1189/5369 1167/5370
f 1169/5371 1170/5372 1168/5373
f 1170/5374 1169/5375 1171/5376
f 1176/5377 1173/5378 1172/5379
f 1177/5380 1181/5381 1180/5382
f 1178/5383 1181/5384 1177/5385
f 1174/5386 1176/5387 1179/5388
f 1174/5389 1173/5390 1176/5391
f 1178/5392 1179/5393 1176/5394
f 1179/5395 1178/5396 1177/5397
f 1182/5398 1180/5399 1181/5400
f 1186/5401 1182/5402 1181/5403
f 1187/5404 1182/5405 1186/5406
f 1184/5407 1185/5408 1186/5409
f 1187/5410 1186/5411 1185/5412
f 1190/5413 1188/5414 1189/5415
f 1191/5416 1190/5417 1189/5418
f 1183/5419 1184/5420
g FairingL2
f 1214/5421 1272/5422 1247/5423
f 1247/5424 1244/5425 1214/5426
f 1204/5427 1201/5428 1202/5429
f 1210/5430 1196/5431 1212/5432
f 1210/5433 1202/5434 1196/5435
f 1240/5436 1197/5437 1239/5438
f 1217/5439 1214/5440 1216/5441
f 1196/5442 1192/5443 1216/5444
f 1196/5445 1216/5446 1214/5447
f 1215/5448 1196/5449 1214/5450
f 1218/5451 1192/5452 1240/5453
f 1216/5454 1192/5455 1218/5456
f 1218/5457 1219/5458 1216/5459
f 1272/5460 1214/5461 1217/5462
f 1197/5463 1192/5464 1196/5465
f 1240/5466 1192/5467 1197/5468
f 1260/5469 1218/5470 1240/5471
f 1193/5472 1239/5473 1197/5474
f 1194/5475 1193/5476 1197/5477
f 1195/5478 1194/5479 1197/5480
f 1198/5481 1195/5482 1197/5483
f 1202/5484 1197/5485 1196/5486
f 1202/5487 1198/5488 1197/5489
f 1199/5490 1198/5491 1202/5492
f 1200/5493 1199/5494 1202/5495
f 1203/5496 1200/5497 1202/5498
f 1203/5499 1202/5500 1201/5501
f 1205/5502 1204/5503 1202/5504
f 1206/5505 1205/5506 1202/5507
f 1207/5508 1206/5509 1202/5510
f 1208/5511 1207/5512 1202/5513
f 1211/5514 1208/5515 1202/5516
f 1209/5517 1208/5518 1211/5519
f 1211/5520 1202/5521 1210/5522
f 1213/5523 1212/5524 1196/5525
f 1213/5526 1196/5527 1215/5528
f 1270/5529 1272/5530 1217/5531
f 1217/5532 1219/5533 1270/5534
f 1217/5535 1216/5536 1219/5537
f 1268/5538 1270/5539 1219/5540
f 1220/5541 1218/5542 1260/5543
f 1220/5544 1219/5545 1218/5546
f 1220/5547 1268/5548 1219/5549
f 1267/5550 1268/5551 1220/5552
f 1263/5553 1267/5554 1220/5555
f 1265/5556 1263/5557 1220/5558
f 1265/5559 1220/5560 1260/5561
f 1235/5562 1229/5563 1226/5564
f 1241/5565 1243/5566 1255/5567
f 1241/5568 1240/5569 1243/5570
f 1235/5571 1243/5572 1240/5573
f 1249/5574 1255/5575 1243/5576
f 1222/5577 1242/5578 1243/5579
f 1221/5580 1235/5581 1223/5582
f 1221/5583 1243/5584 1235/5585
f 1221/5586 1222/5587 1243/5588
f 1227/5589 1235/5590 1226/5591
f 1227/5592 1223/5593 1235/5594
f 1224/5595 1223/5596 1227/5597
f 1228/5598 1225/5599 1227/5600
f 1228/5601 1227/5602 1226/5603
f 1230/5604 1229/5605 1235/5606
f 1231/5607 1230/5608 1235/5609
f 1232/5610 1231/5611 1235/5612
f 1233/5613 1232/5614 1235/5615
f 1234/5616 1233/5617 1235/5618
f 1236/5619 1234/5620 1235/5621
f 1238/5622 1235/5623 1240/5624
f 1238/5625 1236/5626 1235/5627
f 1237/5628 1236/5629 1238/5630
f 1239/5631 1237/5632 1238/5633
f 1239/5634 1238/5635 1240/5636
f 1260/5637 1240/5638 1241/5639
f 1256/5640 1260/5641 1241/5642
f 1253/5643 1256/5644 1241/5645
f 1253/5646 1241/5647 1255/5648
f 1251/5649 1249/5650 1243/5651
f 1247/5652 1251/5653 1243/5654
f 1244/5655 1243/5656 1242/5657
f 1244/5658 1247/5659 1243/5660
f 1245/5661 1272/5662 1258/5663
f 1247/5664 1272/5665 1245/5666
f 1245/5667 1246/5668 1247/5669
f 1245/5670 1258/5671 1259/5672
f 1245/5673 1262/5674 1246/5675
f 1264/5676 1262/5677 1245/5678
f 1252/5679 1250/5680 1248/5681
f 1254/5682 1252/5683 1248/5684
f 1266/5685 1264/5686 1245/5687
f 1271/5688 1266/5689 1245/5690
f 1269/5691 1266/5692 1271/5693
f 1259/5694 1271/5695 1245/5696
f 1246/5697 1254/5698 1248/5699
f 1246/5700 1257/5701 1254/5702
f 1246/5703 1261/5704 1257/5705
f 1246/5706 1262/5707 1261/5708
f 1253/5709 1257/5710 1256/5711
f 1254/5712 1257/5713 1253/5714
f 1249/5715 1252/5716 1255/5717
f 1250/5718 1252/5719 1249/5720
f 1247/5721 1248/5722 1251/5723
f 1246/5724 1248/5725 1247/5726
f 1250/5727 1251/5728 1248/5729
f 1251/5730 1250/5731 1249/5732
f 1254/5733 1255/5734 1252/5735
f 1255/5736 1254/5737 1253/5738
f 1260/5739 1256/5740 1257/5741
f 1261/5742 1260/5743 1257/5744
f 1271/5745 1272/5746 1270/5747
f 1258/5748 1272/5749 1259/5750
f 1259/5751 1272/5752 1271/5753
f 1269/5754 1271/5755 1270/5756
f 1263/5757 1266/5758 1267/5759
f 1264/5760 1266/5761 1263/5762
f 1260/5763 1262/5764 1265/5765
f 1261/5766 1262/5767 1260/5768
f 1264/5769 1265/5770 1262/5771
f 1265/5772 1264/5773 1263/5774
f 1269/5775 1267/5776 1266/5777
f 1268/5778 1267/5779 1269/5780
f 1270/5781 1268/5782 1269/5783
g FairingL3
f 1289/5784 1349/5785 1325/5786
f 1325/5787 1322/5788 1289/5789
f 1275/5790 1280/5791 1277/5792
f 1275/5793 1293/5794 1280/5795
f 1286/5796 1288/5797 1289/5798
f 1341/5799 1347/5800 1295/5801
f 1291/5802 1293/5803 1294/5804
f 1291/5805 1280/5806 1293/5807
f 1291/5808 1288/5809 1280/5810
f 1291/5811 1292/5812 1288/5813
f 1345/5814 1349/5815 1292/5816
f 1273/5817 1313/5818 1293/5819
f 1313/5820 1273/5821 1310/5822
f 1274/5823 1273/5824 1293/5825
f 1276/5826 1274/5827 1293/5828
f 1276/5829 1293/5830 1275/5831
f 1278/5832 1277/5833 1280/5834
f 1279/5835 1278/5836 1280/5837
f 1281/5838 1279/5839 1280/5840
f 1280/5841 1288/5842 1286/5843
f 1282/5844 1281/5845 1280/5846
f 1283/5847 1282/5848 1280/5849
f 1284/5850 1283/5851 1280/5852
f 1285/5853 1284/5854 1280/5855
f 1287/5856 1285/5857 1280/5858
f 1287/5859 1280/5860 1286/5861
f 1292/5862 1349/5863 1290/5864
f 1290/5865 1288/5866 1292/5867
f 1290/5868 1289/5869 1288/5870
f 1349/5871 1289/5872 1290/5873
f 1292/5874 1295/5875 1347/5876
f 1292/5877 1294/5878 1295/5879
f 1292/5880 1291/5881 1294/5882
f 1345/5883 1292/5884 1347/5885
f 1343/5886 1341/5887 1295/5888
f 1338/5889 1343/5890 1295/5891
f 1311/5892 1293/5893 1313/5894
f 1311/5895 1294/5896 1293/5897
f 1311/5898 1295/5899 1294/5900
f 1311/5901 1338/5902 1295/5903
f 1297/5904 1320/5905 1314/5906
f 1314/5907 1315/5908 1312/5909
f 1308/5910 1314/5911 1312/5912
f 1313/5913 1308/5914 1312/5915
f 1311/5916 1312/5917 1315/5918
f 1321/5919 1318/5920 1322/5921
f 1330/5922 1316/5923 1317/5924
f 1325/5925 1318/5926 1321/5927
f 1327/5928 1330/5929 1317/5930
f 1338/5931 1311/5932 1315/5933
f 1299/5934 1297/5935 1314/5936
f 1296/5937 1320/5938 1297/5939
f 1298/5940 1297/5941 1299/5942
f 1300/5943 1299/5944 1314/5945
f 1301/5946 1300/5947 1314/5948
f 1302/5949 1301/5950 1314/5951
f 1303/5952 1302/5953 1314/5954
f 1304/5955 1303/5956 1314/5957
f 1305/5958 1304/5959 1314/5960
f 1306/5961 1305/5962 1314/5963
f 1307/5964 1306/5965 1314/5966
f 1307/5967 1314/5968 1308/5969
f 1309/5970 1308/5971 1313/5972
f 1310/5973 1309/5974 1313/5975
f 1313/5976 1312/5977 1311/5978
f 1316/5979 1338/5980 1315/5981
f 1332/5982 1338/5983 1316/5984
f 1334/5985 1332/5986 1316/5987
f 1334/5988 1316/5989 1330/5990
f 1329/5991 1327/5992 1317/5993
f 1319/5994 1322/5995 1318/5996
f 1319/5997 1320/5998 1322/5999
f 1319/6000 1314/6001 1320/6002
f 1319/6003 1315/6004 1314/6005
f 1319/6006 1316/6007 1315/6008
f 1319/6009 1317/6010 1316/6011
f 1319/6012 1329/6013 1317/6014
f 1329/6015 1319/6016 1318/6017
f 1322/6018 1325/6019 1321/6020
f 1323/6021 1349/6022 1336/6023
f 1325/6024 1349/6025 1323/6026
f 1323/6027 1324/6028 1325/6029
f 1323/6030 1336/6031 1337/6032
f 1324/6033 1333/6034 1331/6035
f 1326/6036 1324/6037 1331/6038
f 1328/6039 1326/6040 1331/6041
f 1335/6042 1333/6043 1324/6044
f 1339/6045 1335/6046 1324/6047
f 1340/6048 1339/6049 1324/6050
f 1342/6051 1340/6052 1323/6053
f 1344/6054 1342/6055 1323/6056
f 1346/6057 1344/6058 1323/6059
f 1348/6060 1346/6061 1323/6062
f 1337/6063 1348/6064 1323/6065
f 1323/6066 1340/6067 1324/6068
f 1331/6069 1330/6070 1327/6071
f 1332/6072 1335/6073 1338/6074
f 1333/6075 1335/6076 1332/6077
f 1328/6078 1331/6079 1327/6080
f 1325/6081 1326/6082 1329/6083
f 1324/6084 1326/6085 1325/6086
f 1328/6087 1329/6088 1326/6089
f 1329/6090 1328/6091 1327/6092
f 1334/6093 1330/6094 1331/6095
f 1333/6096 1334/6097 1331/6098
f 1334/6099 1333/6100 1332/6101
f 1339/6102 1338/6103 1335/6104
f 1336/6105 1349/6106 1337/6107
f 1337/6108 1349/6109 1348/6110
f 1348/6111 1349/6112 1345/6113
f 1346/6114 1348/6115 1345/6116
f 1341/6117 1344/6118 1347/6119
f 1342/6120 1344/6121 1341/6122
f 1338/6123 1340/6124 1343/6125
f 1339/6126 1340/6127 1338/6128
f 1342/6129 1343/6130 1340/6131
f 1343/6132 1342/6133 1341/6134
f 1346/6135 1347/6136 1344/6137
f 1347/6138 1346/6139 1345/6140
g FairingR1
f 1422/6141 1417/6142 1367/6143
f 1422/6144 1367/6145 1360/6146
f 1351/6147 1355/6148 1354/6149
f 1423/6150 1359/6151 1397/6152
f 1353/6153 1350/6154 1354/6155
f 1352/6156 1351/6157 1354/6158
f 1357/6159 1397/6160 1359/6161
f 1357/6162 1359/6163 1358/6164
f 1357/6165 1358/6166 1353/6167
f 1357/6168 1353/6169 1354/6170
f 1357/6171 1354/6172 1355/6173
f 1356/6174 1357/6175 1355/6176
f 1393/6177 1357/6178 1356/6179
f 1393/6180 1397/6181 1357/6182
f 1359/6183 1423/6184 1422/6185
f 1360/6186 1358/6187 1359/6188
f 1360/6189 1359/6190 1422/6191
f 1380/6192 1379/6193 1361/6194
f 1380/6195 1361/6196 1369/6197
f 1371/6198 1367/6199 1417/6200
f 1370/6201 1380/6202 1369/6203
f 1419/6204 1380/6205 1370/6206
f 1363/6207 1361/6208 1362/6209
f 1364/6210 1361/6211 1363/6212
f 1366/6213 1369/6214 1361/6215
f 1366/6216 1361/6217 1364/6218
f 1365/6219 1366/6220 1364/6221
f 1368/6222 1367/6223 1371/6224
f 1368/6225 1371/6226 1370/6227
f 1368/6228 1370/6229 1369/6230
f 1369/6231 1367/6232 1368/6233
f 1372/6234 1419/6235 1370/6236
f 1372/6237 1370/6238 1371/6239
f 1372/6240 1371/6241 1417/6242
f 1417/6243 1419/6244 1372/6245
f 1409/6246 1384/6247 1381/6248
f 1381/6249 1383/6250 1377/6251
f 1374/6252 1376/6253 1377/6254
f 1374/6255 1377/6256 1383/6257
f 1384/6258 1383/6259 1381/6260
f 1411/6261 1384/6262 1409/6263
f 1373/6264 1383/6265 1382/6266
f 1375/6267 1383/6268 1373/6269
f 1375/6270 1374/6271 1383/6272
f 1378/6273 1377/6274 1376/6275
f 1380/6276 1414/6277 1381/6278
f 1380/6279 1381/6280 1377/6281
f 1380/6282 1377/6283 1378/6284
f 1379/6285 1380/6286 1378/6287
f 1419/6288 1414/6289 1380/6290
f 1412/6291 1381/6292 1414/6293
f 1412/6294 1409/6295 1381/6296
f 1406/6297 1384/6298 1411/6299
f 1391/6300 1390/6301 1382/6302
f 1391/6303 1382/6304 1383/6305
f 1391/6306 1383/6307 1384/6308
f 1391/6309 1384/6310 1406/6311
f 1407/6312 1391/6313 1406/6314
f 1396/6315 1392/6316 1402/6317
f 1385/6318 1392/6319 1396/6320
f 1387/6321 1392/6322 1385/6323
f 1399/6324 1396/6325 1402/6326
f 1386/6327 1396/6328 1395/6329
f 1386/6330 1385/6331 1396/6332
f 1388/6333 1392/6334 1387/6335
f 1389/6336 1392/6337 1388/6338
f 1391/6339 1403/6340 1392/6341
f 1391/6342 1392/6343 1389/6344
f 1390/6345 1391/6346 1389/6347
f 1407/6348 1403/6349 1391/6350
f 1403/6351 1402/6352 1392/6353
f 1397/6354 1393/6355 1394/6356
f 1397/6357 1394/6358 1395/6359
f 1397/6360 1395/6361 1396/6362
f 1397/6363 1396/6364 1399/6365
f 1423/6366 1397/6367 1399/6368
f 1407/6369 1406/6370 1405/6371
f 1420/6372 1416/6373 1417/6374
f 1420/6375 1417/6376 1422/6377
f 1421/6378 1401/6379 1420/6380
f 1400/6381 1401/6382 1421/6383
f 1398/6384 1420/6385 1401/6386
f 1404/6387 1420/6388 1398/6389
f 1408/6390 1420/6391 1404/6392
f 1410/6393 1420/6394 1408/6395
f 1413/6396 1420/6397 1410/6398
f 1418/6399 1420/6400 1413/6401
f 1416/6402 1420/6403 1418/6404
f 1398/6405 1403/6406 1407/6407
f 1404/6408 1398/6409 1407/6410
f 1401/6411 1403/6412 1398/6413
f 1399/6414 1402/6415 1400/6416
f 1421/6417 1399/6418 1400/6419
f 1423/6420 1399/6421 1421/6422
f 1401/6423 1400/6424 1402/6425
f 1402/6426 1403/6427 1401/6428
f 1408/6429 1404/6430 1405/6431
f 1409/6432 1412/6433 1413/6434
f 1410/6435 1409/6436 1413/6437
f 1406/6438 1411/6439 1408/6440
f 1406/6441 1408/6442 1405/6443
f 1410/6444 1408/6445 1411/6446
f 1411/6447 1409/6448 1410/6449
f 1414/6450 1413/6451 1412/6452
f 1418/6453 1413/6454 1414/6455
f 1419/6456 1418/6457 1414/6458
f 1416/6459 1418/6460 1417/6461
f 1419/6462 1417/6463 1418/6464
f 1422/6465 1421/6466 1420/6467
f 1423/6468 1421/6469 1422/6470
f 1415/6471 1416/6472
g FairingR2
f 1479/6473 1504/6474 1446/6475
f 1479/6476 1446/6477 1476/6478
f 1436/6479 1434/6480 1433/6481
f 1442/6482 1444/6483 1428/6484
f 1442/6485 1428/6486 1434/6487
f 1472/6488 1471/6489 1429/6490
f 1449/6491 1448/6492 1446/6493
f 1448/6494 1424/6495 1428/6496
f 1428/6497 1446/6498 1448/6499
f 1447/6500 1446/6501 1428/6502
f 1472/6503 1424/6504 1450/6505
f 1450/6506 1424/6507 1448/6508
f 1450/6509 1448/6510 1451/6511
f 1504/6512 1449/6513 1446/6514
f 1428/6515 1424/6516 1429/6517
f 1429/6518 1424/6519 1472/6520
f 1492/6521 1472/6522 1450/6523
f 1425/6524 1429/6525 1471/6526
f 1426/6527 1429/6528 1425/6529
f 1427/6530 1429/6531 1426/6532
f 1430/6533 1429/6534 1427/6535
f 1434/6536 1428/6537 1429/6538
f 1434/6539 1429/6540 1430/6541
f 1431/6542 1434/6543 1430/6544
f 1432/6545 1434/6546 1431/6547
f 1435/6548 1434/6549 1432/6550
f 1435/6551 1433/6552 1434/6553
f 1437/6554 1434/6555 1436/6556
f 1438/6557 1434/6558 1437/6559
f 1439/6560 1434/6561 1438/6562
f 1440/6563 1434/6564 1439/6565
f 1443/6566 1434/6567 1440/6568
f 1441/6569 1443/6570 1440/6571
f 1443/6572 1442/6573 1434/6574
f 1445/6575 1428/6576 1444/6577
f 1445/6578 1447/6579 1428/6580
f 1449/6581 1504/6582 1502/6583
f 1449/6584 1502/6585 1451/6586
f 1449/6587 1451/6588 1448/6589
f 1500/6590 1451/6591 1502/6592
f 1452/6593 1492/6594 1450/6595
f 1452/6596 1450/6597 1451/6598
f 1452/6599 1451/6600 1500/6601
f 1499/6602 1452/6603 1500/6604
f 1495/6605 1452/6606 1499/6607
f 1497/6608 1452/6609 1495/6610
f 1497/6611 1492/6612 1452/6613
f 1467/6614 1458/6615 1461/6616
f 1473/6617 1487/6618 1475/6619
f 1473/6620 1475/6621 1472/6622
f 1467/6623 1472/6624 1475/6625
f 1481/6626 1475/6627 1487/6628
f 1454/6629 1475/6630 1474/6631
f 1453/6632 1455/6633 1467/6634
f 1453/6635 1467/6636 1475/6637
f 1453/6638 1475/6639 1454/6640
f 1459/6641 1458/6642 1467/6643
f 1459/6644 1467/6645 1455/6646
f 1456/6647 1459/6648 1455/6649
f 1460/6650 1459/6651 1457/6652
f 1460/6653 1458/6654 1459/6655
f 1462/6656 1467/6657 1461/6658
f 1463/6659 1467/6660 1462/6661
f 1464/6662 1467/6663 1463/6664
f 1465/6665 1467/6666 1464/6667
f 1466/6668 1467/6669 1465/6670
f 1468/6671 1467/6672 1466/6673
f 1470/6674 1472/6675 1467/6676
f 1470/6677 1467/6678 1468/6679
f 1469/6680 1470/6681 1468/6682
f 1471/6683 1470/6684 1469/6685
f 1471/6686 1472/6687 1470/6688
f 1492/6689 1473/6690 1472/6691
f 1488/6692 1473/6693 1492/6694
f 1485/6695 1473/6696 1488/6697
f 1485/6698 1487/6699 1473/6700
f 1483/6701 1475/6702 1481/6703
f 1479/6704 1475/6705 1483/6706
f 1476/6707 1474/6708 1475/6709
f 1476/6710 1475/6711 1479/6712
f 1490/6713 1504/6714 1477/6715
f 1477/6716 1504/6717 1479/6718
f 1477/6719 1479/6720 1478/6721
f 1477/6722 1491/6723 1490/6724
f 1477/6725 1478/6726 1494/6727
f 1496/6728 1477/6729 1494/6730
f 1484/6731 1480/6732 1482/6733
f 1486/6734 1480/6735 1484/6736
f 1498/6737 1477/6738 1496/6739
f 1503/6740 1477/6741 1498/6742
f 1501/6743 1503/6744 1498/6745
f 1491/6746 1477/6747 1503/6748
f 1478/6749 1480/6750 1486/6751
f 1478/6752 1486/6753 1489/6754
f 1478/6755 1489/6756 1493/6757
f 1478/6758 1493/6759 1494/6760
f 1485/6761 1488/6762 1489/6763
f 1486/6764 1485/6765 1489/6766
f 1481/6767 1487/6768 1484/6769
f 1482/6770 1481/6771 1484/6772
f 1479/6773 1483/6774 1480/6775
f 1478/6776 1479/6777 1480/6778
f 1482/6779 1480/6780 1483/6781
f 1483/6782 1481/6783 1482/6784
f 1486/6785 1484/6786 1487/6787
f 1487/6788 1485/6789 1486/6790
f 1492/6791 1489/6792 1488/6793
f 1493/6794 1489/6795 1492/6796
f 1502/6797 1504/6798 1503/6799
f 1491/6800 1504/6801 1490/6802
f 1503/6803 1504/6804 1491/6805
f 1501/6806 1502/6807 1503/6808
f 1495/6809 1499/6810 1498/6811
f 1496/6812 1495/6813 1498/6814
f 1492/6815 1497/6816 1494/6817
f 1493/6818 1492/6819 1494/6820
f 1496/6821 1494/6822 1497/6823
f 1497/6824 1495/6825 1496/6826
f 1501/6827 1498/6828 1499/6829
f 1500/6830 1501/6831 1499/6832
f 1502/6833 1501/6834 1500/6835
g FairingR3
f 1557/6836 1581/6837 1521/6838
f 1557/6839 1521/6840 1554/6841
f 1507/6842 1509/6843 1512/6844
f 1507/6845 1512/6846 1525/6847
f 1518/6848 1521/6849 1520/6850
f 1573/6851 1527/6852 1579/6853
f 1523/6854 1526/6855 1525/6856
f 1523/6857 1525/6858 1512/6859
f 1523/6860 1512/6861 1520/6862
f 1523/6863 1520/6864 1524/6865
f 1524/6866 1581/6867 1577/6868
f 1505/6869 1525/6870 1545/6871
f 1542/6872 1505/6873 1545/6874
f 1525/6875 1505/6876 1506/6877
f 1508/6878 1525/6879 1506/6880
f 1508/6881 1507/6882 1525/6883
f 1510/6884 1512/6885 1509/6886
f 1511/6887 1512/6888 1510/6889
f 1513/6890 1512/6891 1511/6892
f 1512/6893 1518/6894 1520/6895
f 1514/6896 1512/6897 1513/6898
f 1515/6899 1512/6900 1514/6901
f 1516/6902 1512/6903 1515/6904
f 1517/6905 1512/6906 1516/6907
f 1519/6908 1512/6909 1517/6910
f 1519/6911 1518/6912 1512/6913
f 1522/6914 1581/6915 1524/6916
f 1522/6917 1524/6918 1520/6919
f 1522/6920 1520/6921 1521/6922
f 1581/6923 1522/6924 1521/6925
f 1524/6926 1579/6927 1527/6928
f 1524/6929 1527/6930 1526/6931
f 1524/6932 1526/6933 1523/6934
f 1577/6935 1579/6936 1524/6937
f 1575/6938 1527/6939 1573/6940
f 1570/6941 1527/6942 1575/6943
f 1543/6944 1545/6945 1525/6946
f 1543/6947 1525/6948 1526/6949
f 1543/6950 1526/6951 1527/6952
f 1543/6953 1527/6954 1570/6955
f 1529/6956 1546/6957 1552/6958
f 1546/6959 1544/6960 1547/6961
f 1540/6962 1544/6963 1546/6964
f 1545/6965 1544/6966 1540/6967
f 1543/6968 1547/6969 1544/6970
f 1553/6971 1554/6972 1550/6973
f 1562/6974 1549/6975 1548/6976
f 1557/6977 1553/6978 1550/6979
f 1559/6980 1549/6981 1562/6982
f 1570/6983 1547/6984 1543/6985
f 1531/6986 1546/6987 1529/6988
f 1528/6989 1529/6990 1552/6991
f 1530/6992 1531/6993 1529/6994
f 1532/6995 1546/6996 1531/6997
f 1533/6998 1546/6999 1532/7000
f 1534/7001 1546/7002 1533/7003
f 1535/7004 1546/7005 1534/7006
f 1536/7007 1546/7008 1535/7009
f 1537/7010 1546/7011 1536/7012
f 1538/7013 1546/7014 1537/7015
f 1539/7016 1546/7017 1538/7018
f 1539/7019 1540/7020 1546/7021
f 1541/7022 1545/7023 1540/7024
f 1542/7025 1545/7026 1541/7027
f 1545/7028 1543/7029 1544/7030
f 1548/7031 1547/7032 1570/7033
f 1564/7034 1548/7035 1570/7036
f 1566/7037 1548/7038 1564/7039
f 1566/7040 1562/7041 1548/7042
f 1561/7043 1549/7044 1559/7045
f 1551/7046 1550/7047 1554/7048
f 1551/7049 1554/7050 1552/7051
f 1551/7052 1552/7053 1546/7054
f 1551/7055 1546/7056 1547/7057
f 1551/7058 1547/7059 1548/7060
f 1551/7061 1548/7062 1549/7063
f 1551/7064 1549/7065 1561/7066
f 1561/7067 1550/7068 1551/7069
f 1554/7070 1553/7071 1557/7072
f 1568/7073 1581/7074 1555/7075
f 1555/7076 1581/7077 1557/7078
f 1555/7079 1557/7080 1556/7081
f 1555/7082 1569/7083 1568/7084
f 1556/7085 1563/7086 1565/7087
f 1558/7088 1563/7089 1556/7090
f 1560/7091 1563/7092 1558/7093
f 1567/7094 1556/7095 1565/7096
f 1571/7097 1556/7098 1567/7099
f 1572/7100 1556/7101 1571/7102
f 1574/7103 1555/7104 1572/7105
f 1576/7106 1555/7107 1574/7108
f 1578/7109 1555/7110 1576/7111
f 1580/7112 1555/7113 1578/7114
f 1569/7115 1555/7116 1580/7117
f 1555/7118 1556/7119 1572/7120
f 1563/7121 1559/7122 1562/7123
f 1564/7124 1570/7125 1567/7126
f 1565/7127 1564/7128 1567/7129
f 1560/7130 1559/7131 1563/7132
f 1557/7133 1561/7134 1558/7135
f 1556/7136 1557/7137 1558/7138
f 1560/7139 1558/7140 1561/7141
f 1561/7142 1559/7143 1560/7144
f 1566/7145 1563/7146 1562/7147
f 1565/7148 1563/7149 1566/7150
f 1566/7151 1564/7152 1565/7153
f 1571/7154 1567/7155 1570/7156
f 1569/7157 1581/7158 1568/7159
f 1580/7160 1581/7161 1569/7162
f 1577/7163 1581/7164 1580/7165
f 1578/7166 1577/7167 1580/7168
f 1573/7169 1579/7170 1576/7171
f 1574/7172 1573/7173 1576/7174
f 1570/7175 1575/7176 1572/7177
f 1571/7178 1570/7179 1572/7180
f 1574/7181 1572/7182 1575/7183
f 1575/7184 1573/7185 1574/7186
f 1578/7187 1576/7188 1579/7189
f 1579/7190 1577/7191 1578/7192
g FlapL1
f 1591/7193 1599/7194 1598/7195
f 1600/7196 1590/7197 1604/7198
f 1605/7199 1604/7200 1590/7201
f 1607/7202 1605/7203 1590/7204
f 1606/7205 1607/7206 1590/7207
f 1591/7208 1590/7209 1600/7210
f 1599/7211 1591/7212 1600/7213
f 1590/7214 1584/7215 1606/7216
f 1586/7217 1584/7218 1590/7219
f 1583/7220 1582/7221 1606/7222
f 1585/7223 1583/7224 1606/7225
f 1585/7226 1606/7227 1584/7228
f 1617/7229 1590/7230 1588/7231
f 1617/7232 1586/7233 1590/7234
f 1587/7235 1586/7236 1617/7237
f 1612/7238 1590/7239 1589/7240
f 1612/7241 1588/7242 1590/7243
f 1608/7244 1589/7245 1590/7246
f 1591/7247 1608/7248 1590/7249
f 1591/7250 1611/7251 1608/7252
f 1598/7253 1611/7254 1591/7255
f 1598/7256 1600/7257 1611/7258
f 1610/7259 1618/7260 1615/7261
f 1613/7262 1610/7263 1615/7264
f 1592/7265 1613/7266 1615/7267
f 1602/7268 1592/7269 1615/7270
f 1604/7271 1610/7272 1600/7273
f 1604/7274 1618/7275 1610/7276
f 1593/7277 1618/7278 1604/7279
f 1594/7280 1593/7281 1604/7282
f 1614/7283 1594/7284 1604/7285
f 1595/7286 1614/7287 1604/7288
f 1596/7289 1595/7290 1604/7291
f 1597/7292 1596/7293 1604/7294
f 1599/7295 1600/7296 1598/7297
f 1611/7298 1600/7299 1610/7300
f 1615/7301 1603/7302 1602/7303
f 1613/7304 1589/7305 1610/7306
f 1609/7307 1589/7308 1608/7309
f 1609/7310 1610/7311 1589/7312
f 1611/7313 1610/7314 1609/7315
f 1616/7316 1612/7317 1602/7318
f 1589/7319 1613/7320 1612/7321
f 1602/7322 1612/7323 1613/7324
f 1606/7325 1585/7326 1604/7327
f 1614/7328 1604/7329 1585/7330
f 1618/7331 1614/7332 1585/7333
f 1615/7334 1618/7335 1617/7336
f 1616/7337 1615/7338 1617/7339
f 1612/7340 1616/7341 1617/7342
f 1617/7343 1618/7344 1585/7345
f 1601/7346 1612/7347
g FlapL2
f 1622/7348 1620/7349 1627/7350
f 1625/7351 1622/7352 1627/7353
f 1628/7354 1627/7355 1620/7356
f 1632/7357 1628/7358 1620/7359
f 1619/7360 1620/7361 1622/7362
f 1619/7363 1621/7364 1620/7365
f 1623/7366 1638/7367 1621/7368
f 1621/7369 1638/7370 1641/7371
f 1624/7372 1638/7373 1623/7374
f 1626/7375 1624/7376 1623/7377
f 1621/7378 1619/7379 1623/7380
f 1623/7381 1619/7382 1622/7383
f 1641/7384 1632/7385 1620/7386
f 1621/7387 1641/7388 1620/7389
f 1624/7390 1627/7391 1638/7392
f 1625/7393 1627/7394 1624/7395
f 1622/7396 1625/7397 1626/7398
f 1623/7399 1622/7400 1626/7401
f 1626/7402 1625/7403 1624/7404
f 1628/7405 1638/7406 1627/7407
f 1628/7408 1632/7409 1641/7410
f 1638/7411 1628/7412 1641/7413
f 1629/7414 1628/7415 1632/7416
f 1630/7417 1629/7418 1632/7419
f 1631/7420 1630/7421 1632/7422
f 1634/7423 1631/7424 1641/7425
f 1630/7426 1631/7427 1633/7428
f 1629/7429 1630/7430 1635/7431
f 1638/7432 1628/7433 1629/7434
f 1635/7435 1638/7436 1629/7437
f 1635/7438 1630/7439 1633/7440
f 1633/7441 1631/7442 1634/7443
f 1632/7444 1641/7445 1631/7446
f 1634/7447 1641/7448 1633/7449
f 1635/7450 1633/7451 1641/7452
f 1638/7453 1635/7454 1641/7455
f 1636/7456 1638/7457 1639/7458
f 1637/7459 1638/7460 1636/7461
f 1641/7462 1639/7463 1638/7464
f 1640/7465 1639/7466 1641/7467
f 1633/7468 1640/7469 1641/7470
f 1642/7471 1633/7472 1641/7473
f 1643/7474 1642/7475 1641/7476
g FlapR1
f 1652/7477 1659/7478 1660/7479
f 1661/7480 1664/7481 1651/7482
f 1665/7483 1651/7484 1664/7485
f 1644/7486 1651/7487 1665/7488
f 1644/7489 1680/7490 1651/7491
f 1652/7492 1661/7493 1651/7494
f 1660/7495 1661/7496 1652/7497
f 1651/7498 1680/7499 1647/7500
f 1648/7501 1651/7502 1647/7503
f 1646/7504 1680/7505 1645/7506
f 1679/7507 1680/7508 1646/7509
f 1647/7510 1680/7511 1679/7512
f 1677/7513 1650/7514 1651/7515
f 1677/7516 1651/7517 1648/7518
f 1649/7519 1677/7520 1648/7521
f 1670/7522 1673/7523 1651/7524
f 1670/7525 1651/7526 1650/7527
f 1666/7528 1651/7529 1673/7530
f 1652/7531 1651/7532 1666/7533
f 1652/7534 1666/7535 1669/7536
f 1659/7537 1652/7538 1669/7539
f 1659/7540 1669/7541 1661/7542
f 1675/7543 1678/7544 1668/7545
f 1672/7546 1675/7547 1668/7548
f 1653/7549 1675/7550 1672/7551
f 1671/7552 1675/7553 1653/7554
f 1664/7555 1661/7556 1668/7557
f 1664/7558 1668/7559 1678/7560
f 1654/7561 1664/7562 1678/7563
f 1655/7564 1664/7565 1654/7566
f 1674/7567 1664/7568 1655/7569
f 1656/7570 1664/7571 1674/7572
f 1657/7573 1664/7574 1656/7575
f 1658/7576 1664/7577 1657/7578
f 1660/7579 1659/7580 1661/7581
f 1669/7582 1668/7583 1661/7584
f 1675/7585 1671/7586 1663/7587
f 1672/7588 1668/7589 1673/7590
f 1667/7591 1666/7592 1673/7593
f 1667/7594 1673/7595 1668/7596
f 1669/7597 1667/7598 1668/7599
f 1676/7600 1671/7601 1670/7602
f 1673/7603 1670/7604 1672/7605
f 1671/7606 1672/7607 1670/7608
f 1680/7609 1664/7610 1679/7611
f 1674/7612 1679/7613 1664/7614
f 1678/7615 1679/7616 1674/7617
f 1675/7618 1677/7619 1678/7620
f 1676/7621 1677/7622 1675/7623
f 1670/7624 1677/7625 1676/7626
f 1679/7627 1678/7628 1677/7629
f 1662/7630 1670/7631
g FlapR2
f 1684/7632 1689/7633 1682/7634
f 1687/7635 1689/7636 1684/7637
f 1690/7638 1682/7639 1689/7640
f 1694/7641 1682/7642 1690/7643
f 1681/7644 1684/7645 1682/7646
f 1681/7647 1682/7648 1683/7649
f 1683/7650 1699/7651 1685/7652
f 1703/7653 1699/7654 1683/7655
f 1685/7656 1699/7657 1686/7658
f 1688/7659 1685/7660 1686/7661
f 1685/7662 1681/7663 1683/7664
f 1684/7665 1681/7666 1685/7667
f 1703/7668 1682/7669 1694/7670
f 1683/7671 1682/7672 1703/7673
f 1686/7674 1699/7675 1689/7676
f 1687/7677 1686/7678 1689/7679
f 1684/7680 1688/7681 1687/7682
f 1685/7683 1688/7684 1684/7685
f 1688/7686 1686/7687 1687/7688
f 1690/7689 1689/7690 1699/7691
f 1690/7692 1703/7693 1694/7694
f 1699/7695 1703/7696 1690/7697
f 1691/7698 1694/7699 1690/7700
f 1692/7701 1694/7702 1691/7703
f 1693/7704 1694/7705 1692/7706
f 1695/7707 1703/7708 1693/7709
f 1692/7710 1702/7711 1693/7712
f 1691/7713 1696/7714 1692/7715
f 1699/7716 1691/7717 1690/7718
f 1696/7719 1691/7720 1699/7721
f 1696/7722 1702/7723 1692/7724
f 1702/7725 1695/7726 1693/7727
f 1694/7728 1693/7729 1703/7730
f 1695/7731 1702/7732 1703/7733
f 1696/7734 1703/7735 1702/7736
f 1699/7737 1703/7738 1696/7739
f 1697/7740 1700/7741 1699/7742
f 1698/7743 1697/7744 1699/7745
f 1703/7746 1699/7747 1700/7748
f 1701/7749 1703/7750 1700/7751
f 1702/7752 1703/7753 1701/7754
f 1704/7755 1703/7756 1702/7757
f 1705/7758 1703/7759 1704/7760
g Flaps1
f 1710/7761 1706/7762 1709/7763
f 1707/7764 1706/7765 1710/7766
f 1708/7767 1712/7768 1709/7769
f 1713/7770 1712/7771 1708/7772
f 1710/7773 1709/7774 1712/7775
f 1712/7776 1711/7777 1710/7778
f 1713/7779 1711/7780 1712/7781
f 1717/7782 1714/7783 1718/7784
f 1718/7785 1714/7786 1715/7787
f 1716/7788 1717/7789 1720/7790
f 1721/7791 1716/7792 1720/7793
f 1718/7794 1720/7795 1717/7796
f 1720/7797 1718/7798 1719/7799
f 1721/7800 1720/7801 1719/7802
g SlatL1
f 1730/7803 1739/7804 1729/7805
f 1728/7806 1739/7807 1738/7808
f 1729/7809 1739/7810 1728/7811
f 1735/7812 1727/7813 1732/7814
f 1726/7815 1727/7816 1735/7817
f 1734/7818 1725/7819 1733/7820
f 1724/7821 1725/7822 1734/7823
f 1723/7824 1724/7825 1734/7826
f 1722/7827 1723/7828 1734/7829
f 1751/7830 1722/7831 1750/7832
f 1750/7833 1722/7834 1734/7835
f 1726/7836 1733/7837 1725/7838
f 1733/7839 1726/7840 1735/7841
f 1728/7842 1732/7843 1727/7844
f 1732/7845 1728/7846 1738/7847
f 1722/7848 1751/7849 1749/7850
f 1723/7851 1722/7852 1749/7853
f 1743/7854 1731/7855 1745/7856
f 1740/7857 1731/7858 1743/7859
f 1730/7860 1745/7861 1731/7862
f 1747/7863 1745/7864 1730/7865
f 1724/7866 1723/7867 1749/7868
f 1725/7869 1724/7870 1749/7871
f 1726/7872 1725/7873 1749/7874
f 1727/7875 1726/7876 1749/7877
f 1747/7878 1727/7879 1749/7880
f 1728/7881 1727/7882 1747/7883
f 1729/7884 1728/7885 1747/7886
f 1729/7887 1747/7888 1730/7889
f 1737/7890 1731/7891 1741/7892
f 1730/7893 1731/7894 1737/7895
f 1739/7896 1730/7897 1736/7898
f 1736/7899 1730/7900 1737/7901
f 1740/7902 1741/7903 1731/7904
f 1748/7905 1739/7906 1736/7907
f 1732/7908 1738/7909 1748/7910
f 1735/7911 1732/7912 1748/7913
f 1733/7914 1735/7915 1746/7916
f 1734/7917 1733/7918 1746/7919
f 1750/7920 1734/7921 1746/7922
f 1746/7923 1735/7924 1748/7925
f 1742/7926 1748/7927 1736/7928
f 1744/7929 1742/7930 1737/7931
f 1741/7932 1744/7933 1737/7934
f 1737/7935 1742/7936 1736/7937
f 1739/7938 1748/7939 1738/7940
f 1749/7941 1750/7942 1746/7943
f 1747/7944 1749/7945 1746/7946
f 1742/7947 1745/7948 1748/7949
f 1743/7950 1745/7951 1742/7952
f 1740/7953 1743/7954 1744/7955
f 1741/7956 1740/7957 1744/7958
f 1744/7959 1743/7960 1742/7961
f 1747/7962 1748/7963 1745/7964
f 1748/7965 1747/7966 1746/7967
f 1751/7968 1750/7969 1749/7970
g SlatL2
f 1754/7971 1752/7972 1753/7973
f 1753/7974 1752/7975 1796/7976
f 1760/7977 1752/7978 1759/7979
f 1796/7980 1752/7981 1760/7982
f 1792/7983 1796/7984 1760/7985
f 1759/7986 1752/7987 1758/7988
f 1758/7989 1752/7990 1768/7991
f 1768/7992 1752/7993 1754/7994
f 1753/7995 1795/7996 1755/7997
f 1796/7998 1795/7999 1753/8000
f 1754/8001 1753/8002 1755/8003
f 1768/8004 1754/8005 1755/8006
f 1778/8007 1768/8008 1755/8009
f 1777/8010 1778/8011 1755/8012
f 1785/8013 1777/8014 1755/8015
f 1755/8016 1795/8017 1785/8018
f 1769/8019 1768/8020 1776/8021
f 1778/8022 1776/8023 1768/8024
f 1784/8025 1776/8026 1778/8027
f 1770/8028 1761/8029 1763/8030
f 1774/8031 1771/8032 1756/8033
f 1776/8034 1774/8035 1756/8036
f 1769/8037 1776/8038 1756/8039
f 1767/8040 1769/8041 1756/8042
f 1766/8043 1767/8044 1756/8045
f 1765/8046 1766/8047 1756/8048
f 1757/8049 1770/8050 1763/8051
f 1757/8052 1771/8053 1770/8054
f 1757/8055 1756/8056 1771/8057
f 1757/8058 1765/8059 1756/8060
f 1764/8061 1765/8062 1757/8063
f 1763/8064 1764/8065 1757/8066
f 1807/8067 1761/8068 1770/8069
f 1762/8070 1761/8071 1807/8072
f 1762/8073 1807/8074 1786/8075
f 1758/8076 1768/8077 1789/8078
f 1759/8079 1758/8080 1789/8081
f 1760/8082 1759/8083 1789/8084
f 1790/8085 1792/8086 1760/8087
f 1791/8088 1790/8089 1760/8090
f 1791/8091 1760/8092 1789/8093
f 1787/8094 1789/8095 1768/8096
f 1786/8097 1788/8098 1761/8099
f 1762/8100 1786/8101 1761/8102
f 1763/8103 1761/8104 1788/8105
f 1764/8106 1763/8107 1788/8108
f 1765/8109 1764/8110 1788/8111
f 1787/8112 1765/8113 1788/8114
f 1766/8115 1765/8116 1787/8117
f 1767/8118 1766/8119 1787/8120
f 1769/8121 1767/8122 1787/8123
f 1769/8124 1787/8125 1768/8126
f 1772/8127 1782/8128 1770/8129
f 1783/8130 1782/8131 1772/8132
f 1809/8133 1770/8134 1782/8135
f 1775/8136 1784/8137 1779/8138
f 1771/8139 1772/8140 1770/8141
f 1807/8142 1770/8143 1809/8144
f 1781/8145 1783/8146 1772/8147
f 1780/8148 1781/8149 1772/8150
f 1773/8151 1775/8152 1779/8153
f 1773/8154 1774/8155 1775/8156
f 1773/8157 1771/8158 1774/8159
f 1773/8160 1772/8161 1771/8162
f 1773/8163 1780/8164 1772/8165
f 1780/8166 1773/8167 1779/8168
f 1776/8169 1775/8170 1774/8171
f 1776/8172 1784/8173 1775/8174
f 1777/8175 1785/8176 1800/8177
f 1778/8178 1777/8179 1800/8180
f 1784/8181 1778/8182 1800/8183
f 1779/8184 1784/8185 1806/8186
f 1780/8187 1779/8188 1806/8189
f 1781/8190 1780/8191 1806/8192
f 1783/8193 1781/8194 1806/8195
f 1782/8196 1783/8197 1804/8198
f 1809/8199 1782/8200 1804/8201
f 1804/8202 1783/8203 1806/8204
f 1806/8205 1784/8206 1800/8207
f 1802/8208 1800/8209 1785/8210
f 1799/8211 1802/8212 1785/8213
f 1795/8214 1799/8215 1785/8216
f 1790/8217 1797/8218 1792/8219
f 1798/8220 1797/8221 1790/8222
f 1794/8223 1798/8224 1791/8225
f 1801/8226 1794/8227 1791/8228
f 1787/8229 1803/8230 1789/8231
f 1805/8232 1803/8233 1787/8234
f 1793/8235 1805/8236 1787/8237
f 1786/8238 1808/8239 1788/8240
f 1807/8241 1808/8242 1786/8243
f 1793/8244 1788/8245 1808/8246
f 1788/8247 1793/8248 1787/8249
f 1801/8250 1789/8251 1803/8252
f 1789/8253 1801/8254 1791/8255
f 1791/8256 1798/8257 1790/8258
f 1796/8259 1792/8260 1797/8261
f 1804/8262 1808/8263 1809/8264
f 1793/8265 1808/8266 1804/8267
f 1805/8268 1793/8269 1804/8270
f 1800/8271 1803/8272 1806/8273
f 1801/8274 1803/8275 1800/8276
f 1794/8277 1801/8278 1802/8279
f 1798/8280 1794/8281 1802/8282
f 1795/8283 1797/8284 1799/8285
f 1796/8286 1797/8287 1795/8288
f 1798/8289 1799/8290 1797/8291
f 1799/8292 1798/8293 1802/8294
f 1802/8295 1801/8296 1800/8297
f 1805/8298 1806/8299 1803/8300
f 1806/8301 1805/8302 1804/8303
f 1810/8304 1808/8305 1807/8306
f 1810/8307 1809/8308 1808/8309
g SlatL3
f 1851/8310 1814/8311 1826/8312
f 1832/8313 1824/8314 1812/8315
f 1816/8316 1817/8317 1812/8318
f 1852/8319 1814/8320 1851/8321
f 1811/8322 1812/8323 1824/8324
f 1811/8325 1816/8326 1812/8327
f 1811/8328 1815/8329 1816/8330
f 1811/8331 1813/8332 1815/8333
f 1811/8334 1814/8335 1813/8336
f 1811/8337 1826/8338 1814/8339
f 1826/8340 1811/8341 1827/8342
f 1827/8343 1811/8344 1825/8345
f 1825/8346 1811/8347 1824/8348
f 1834/8349 1832/8350 1812/8351
f 1833/8352 1834/8353 1812/8354
f 1818/8355 1812/8356 1817/8357
f 1818/8358 1833/8359 1812/8360
f 1813/8361 1844/8362 1815/8363
f 1836/8364 1837/8365 1820/8366
f 1835/8367 1836/8368 1820/8369
f 1849/8370 1844/8371 1813/8372
f 1814/8373 1852/8374 1849/8375
f 1814/8376 1849/8377 1813/8378
f 1816/8379 1815/8380 1844/8381
f 1817/8382 1816/8383 1844/8384
f 1818/8385 1817/8386 1844/8387
f 1835/8388 1818/8389 1844/8390
f 1819/8391 1818/8392 1835/8393
f 1821/8394 1819/8395 1835/8396
f 1821/8397 1835/8398 1820/8399
f 1838/8400 1820/8401 1837/8402
f 1818/8403 1819/8404 1831/8405
f 1833/8406 1818/8407 1831/8408
f 1819/8409 1821/8410 1822/8411
f 1820/8412 1838/8413 1828/8414
f 1831/8415 1819/8416 1822/8417
f 1830/8418 1831/8419 1822/8420
f 1823/8421 1820/8422 1828/8423
f 1823/8424 1821/8425 1820/8426
f 1823/8427 1822/8428 1821/8429
f 1823/8430 1830/8431 1822/8432
f 1829/8433 1830/8434 1823/8435
f 1829/8436 1823/8437 1828/8438
f 1839/8439 1828/8440 1838/8441
f 1843/8442 1829/8443 1828/8444
f 1824/8445 1832/8446 1848/8447
f 1825/8448 1824/8449 1848/8450
f 1827/8451 1825/8452 1848/8453
f 1826/8454 1827/8455 1846/8456
f 1851/8457 1826/8458 1846/8459
f 1846/8460 1827/8461 1848/8462
f 1840/8463 1843/8464 1828/8465
f 1842/8466 1840/8467 1828/8468
f 1839/8469 1842/8470 1828/8471
f 1830/8472 1829/8473 1843/8474
f 1831/8475 1830/8476 1843/8477
f 1833/8478 1831/8479 1843/8480
f 1834/8481 1848/8482 1832/8483
f 1834/8484 1843/8485 1848/8486
f 1834/8487 1833/8488 1843/8489
f 1843/8490 1840/8491 1845/8492
f 1835/8493 1844/8494 1845/8495
f 1851/8496 1846/8497 1850/8498
f 1836/8499 1835/8500 1845/8501
f 1841/8502 1845/8503 1840/8504
f 1841/8505 1836/8506 1845/8507
f 1837/8508 1836/8509 1841/8510
f 1838/8511 1837/8512 1841/8513
f 1839/8514 1838/8515 1841/8516
f 1842/8517 1839/8518 1841/8519
f 1842/8520 1841/8521 1840/8522
f 1848/8523 1843/8524 1845/8525
f 1847/8526 1850/8527 1846/8528
f 1847/8529 1849/8530 1850/8531
f 1847/8532 1844/8533 1849/8534
f 1847/8535 1845/8536 1844/8537
f 1847/8538 1848/8539 1845/8540
f 1848/8541 1847/8542 1846/8543
f 1852/8544 1850/8545 1849/8546
f 1852/8547 1851/8548 1850/8549
g SlatL4
f 1857/8550 1853/8551 1858/8552
f 1855/8553 1879/8554 1876/8555
f 1858/8556 1853/8557 1869/8558
f 1869/8559 1853/8560 1868/8561
f 1854/8562 1855/8563 1876/8564
f 1854/8565 1856/8566 1855/8567
f 1854/8568 1857/8569 1856/8570
f 1854/8571 1853/8572 1857/8573
f 1868/8574 1853/8575 1854/8576
f 1867/8577 1868/8578 1854/8579
f 1867/8580 1854/8581 1876/8582
f 1878/8583 1879/8584 1855/8585
f 1866/8586 1858/8587 1869/8588
f 1864/8589 1877/8590 1866/8591
f 1880/8592 1856/8593 1877/8594
f 1855/8595 1856/8596 1880/8597
f 1881/8598 1878/8599 1855/8600
f 1881/8601 1855/8602 1880/8603
f 1857/8604 1877/8605 1856/8606
f 1887/8607 1877/8608 1864/8609
f 1862/8610 1892/8611 1861/8612
f 1895/8613 1892/8614 1862/8615
f 1887/8616 1861/8617 1892/8618
f 1860/8619 1861/8620 1887/8621
f 1859/8622 1860/8623 1887/8624
f 1859/8625 1887/8626 1864/8627
f 1858/8628 1877/8629 1857/8630
f 1858/8631 1866/8632 1877/8633
f 1894/8634 1862/8635 1873/8636
f 1870/8637 1871/8638 1865/8639
f 1859/8640 1864/8641 1865/8642
f 1895/8643 1862/8644 1894/8645
f 1863/8646 1865/8647 1871/8648
f 1863/8649 1859/8650 1865/8651
f 1863/8652 1860/8653 1859/8654
f 1863/8655 1861/8656 1860/8657
f 1863/8658 1862/8659 1861/8660
f 1863/8661 1873/8662 1862/8663
f 1874/8664 1873/8665 1863/8666
f 1872/8667 1874/8668 1863/8669
f 1872/8670 1863/8671 1871/8672
f 1875/8673 1870/8674 1865/8675
f 1869/8676 1875/8677 1865/8678
f 1866/8679 1865/8680 1864/8681
f 1866/8682 1869/8683 1865/8684
f 1867/8685 1876/8686 1886/8687
f 1868/8688 1867/8689 1886/8690
f 1869/8691 1868/8692 1886/8693
f 1875/8694 1869/8695 1886/8696
f 1870/8697 1875/8698 1891/8699
f 1871/8700 1870/8701 1891/8702
f 1872/8703 1871/8704 1891/8705
f 1874/8706 1872/8707 1891/8708
f 1873/8709 1874/8710 1889/8711
f 1894/8712 1873/8713 1889/8714
f 1889/8715 1874/8716 1891/8717
f 1891/8718 1875/8719 1886/8720
f 1883/8721 1886/8722 1876/8723
f 1885/8724 1883/8725 1876/8726
f 1879/8727 1885/8728 1876/8729
f 1878/8730 1881/8731 1882/8732
f 1886/8733 1883/8734 1888/8735
f 1889/8736 1893/8737 1894/8738
f 1889/8739 1892/8740 1893/8741
f 1877/8742 1887/8743 1888/8744
f 1880/8745 1877/8746 1888/8747
f 1879/8748 1878/8749 1882/8750
f 1885/8751 1879/8752 1882/8753
f 1884/8754 1888/8755 1883/8756
f 1884/8757 1880/8758 1888/8759
f 1884/8760 1881/8761 1880/8762
f 1884/8763 1882/8764 1881/8765
f 1884/8766 1885/8767 1882/8768
f 1885/8769 1884/8770 1883/8771
f 1891/8772 1886/8773 1888/8774
f 1890/8775 1892/8776 1889/8777
f 1890/8778 1887/8779 1892/8780
f 1890/8781 1888/8782 1887/8783
f 1890/8784 1891/8785 1888/8786
f 1891/8787 1890/8788 1889/8789
f 1895/8790 1893/8791 1892/8792
f 1895/8793 1894/8794 1893/8795
g SlatL5
f 1906/8796 1900/8797 1905/8798
f 1899/8799 1900/8800 1906/8801
f 1910/8802 1897/8803 1907/8804
f 1898/8805 1897/8806 1910/8807
f 1909/8808 1896/8809 1908/8810
f 1934/8811 1896/8812 1909/8813
f 1933/8814 1934/8815 1909/8816
f 1908/8817 1896/8818 1898/8819
f 1908/8820 1898/8821 1910/8822
f 1899/8823 1907/8824 1897/8825
f 1907/8826 1899/8827 1906/8828
f 1901/8829 1905/8830 1900/8831
f 1914/8832 1905/8833 1901/8834
f 1897/8835 1925/8836 1899/8837
f 1918/8838 1919/8839 1904/8840
f 1915/8841 1918/8842 1904/8843
f 1924/8844 1925/8845 1897/8846
f 1896/8847 1931/8848 1898/8849
f 1931/8850 1896/8851 1934/8852
f 1924/8853 1898/8854 1931/8855
f 1898/8856 1924/8857 1897/8858
f 1900/8859 1899/8860 1925/8861
f 1901/8862 1900/8863 1925/8864
f 1902/8865 1901/8866 1925/8867
f 1915/8868 1902/8869 1925/8870
f 1903/8871 1902/8872 1915/8873
f 1903/8874 1915/8875 1904/8876
f 1916/8877 1904/8878 1919/8879
f 1911/8880 1904/8881 1917/8882
f 1903/8883 1904/8884 1911/8885
f 1913/8886 1902/8887 1912/8888
f 1901/8889 1902/8890 1913/8891
f 1914/8892 1901/8893 1913/8894
f 1903/8895 1912/8896 1902/8897
f 1912/8898 1903/8899 1911/8900
f 1916/8901 1917/8902 1904/8903
f 1905/8904 1914/8905 1930/8906
f 1906/8907 1905/8908 1930/8909
f 1907/8910 1906/8911 1930/8912
f 1910/8913 1907/8914 1930/8915
f 1908/8916 1910/8917 1928/8918
f 1909/8919 1908/8920 1928/8921
f 1933/8922 1909/8923 1928/8924
f 1928/8925 1910/8926 1930/8927
f 1927/8928 1930/8929 1914/8930
f 1921/8931 1927/8932 1911/8933
f 1923/8934 1921/8935 1911/8936
f 1917/8937 1923/8938 1911/8939
f 1912/8940 1911/8941 1927/8942
f 1913/8943 1912/8944 1927/8945
f 1914/8946 1913/8947 1927/8948
f 1921/8949 1926/8950 1927/8951
f 1920/8952 1916/8953 1919/8954
f 1924/8955 1931/8956 1932/8957
f 1928/8958 1932/8959 1933/8960
f 1928/8961 1924/8962 1932/8963
f 1915/8964 1925/8965 1926/8966
f 1918/8967 1915/8968 1926/8969
f 1917/8970 1916/8971 1920/8972
f 1923/8973 1917/8974 1920/8975
f 1922/8976 1926/8977 1921/8978
f 1922/8979 1918/8980 1926/8981
f 1922/8982 1919/8983 1918/8984
f 1922/8985 1920/8986 1919/8987
f 1922/8988 1923/8989 1920/8990
f 1923/8991 1922/8992 1921/8993
f 1929/8994 1924/8995 1928/8996
f 1929/8997 1925/8998 1924/8999
f 1929/9000 1926/9001 1925/9002
f 1929/9003 1927/9004 1926/9005
f 1930/9006 1927/9007 1929/9008
f 1930/9009 1929/9010 1928/9011
f 1934/9012 1932/9013 1931/9014
f 1934/9015 1933/9016 1932/9017
g SlatR1
f 1942/9018 1952/9019 1943/9020
f 1951/9021 1952/9022 1941/9023
f 1941/9024 1952/9025 1942/9026
f 1948/9027 1945/9028 1940/9029
f 1939/9030 1948/9031 1940/9032
f 1947/9033 1946/9034 1938/9035
f 1937/9036 1947/9037 1938/9038
f 1936/9039 1947/9040 1937/9041
f 1935/9042 1947/9043 1936/9044
f 1935/9045 1964/9046 1963/9047
f 1947/9048 1935/9049 1963/9050
f 1939/9051 1938/9052 1946/9053
f 1946/9054 1948/9055 1939/9056
f 1941/9057 1940/9058 1945/9059
f 1945/9060 1951/9061 1941/9062
f 1964/9063 1935/9064 1962/9065
f 1962/9066 1935/9067 1936/9068
f 1956/9069 1958/9070 1944/9071
f 1953/9072 1956/9073 1944/9074
f 1943/9075 1944/9076 1958/9077
f 1960/9078 1943/9079 1958/9080
f 1937/9081 1962/9082 1936/9083
f 1938/9084 1962/9085 1937/9086
f 1939/9087 1962/9088 1938/9089
f 1940/9090 1962/9091 1939/9092
f 1960/9093 1962/9094 1940/9095
f 1941/9096 1960/9097 1940/9098
f 1942/9099 1960/9100 1941/9101
f 1942/9102 1943/9103 1960/9104
f 1950/9105 1954/9106 1944/9107
f 1943/9108 1950/9109 1944/9110
f 1952/9111 1949/9112 1943/9113
f 1949/9114 1950/9115 1943/9116
f 1953/9117 1944/9118 1954/9119
f 1949/9120 1952/9121 1961/9122
f 1945/9123 1961/9124 1951/9125
f 1948/9126 1961/9127 1945/9128
f 1946/9129 1959/9130 1948/9131
f 1947/9132 1959/9133 1946/9134
f 1963/9135 1959/9136 1947/9137
f 1959/9138 1961/9139 1948/9140
f 1955/9141 1949/9142 1961/9143
f 1957/9144 1950/9145 1955/9146
f 1954/9147 1950/9148 1957/9149
f 1950/9150 1949/9151 1955/9152
f 1952/9153 1951/9154 1961/9155
f 1962/9156 1959/9157 1963/9158
f 1960/9159 1959/9160 1962/9161
f 1955/9162 1961/9163 1958/9164
f 1956/9165 1955/9166 1958/9167
f 1953/9168 1957/9169 1956/9170
f 1954/9171 1957/9172 1953/9173
f 1957/9174 1955/9175 1956/9176
f 1960/9177 1958/9178 1961/9179
f 1961/9180 1959/9181 1960/9182
f 1964/9183 1962/9184 1963/9185
g SlatR2
f 1966/9186 1965/9187 1967/9188
f 2009/9189 1965/9190 1966/9191
f 1972/9192 1965/9193 1973/9194
f 1973/9195 1965/9196 2009/9197
f 2005/9198 1973/9199 2009/9200
f 1971/9201 1965/9202 1972/9203
f 1981/9204 1965/9205 1971/9206
f 1967/9207 1965/9208 1981/9209
f 1968/9210 2008/9211 1966/9212
f 1966/9213 2008/9214 2009/9215
f 1967/9216 1968/9217 1966/9218
f 1981/9219 1968/9220 1967/9221
f 1991/9222 1968/9223 1981/9224
f 1990/9225 1968/9226 1991/9227
f 1998/9228 1968/9229 1990/9230
f 1998/9231 2008/9232 1968/9233
f 1982/9234 1989/9235 1981/9236
f 1991/9237 1981/9238 1989/9239
f 1997/9240 1991/9241 1989/9242
f 1983/9243 1976/9244 1974/9245
f 1987/9246 1969/9247 1984/9248
f 1989/9249 1969/9250 1987/9251
f 1982/9252 1969/9253 1989/9254
f 1980/9255 1969/9256 1982/9257
f 1979/9258 1969/9259 1980/9260
f 1978/9261 1969/9262 1979/9263
f 1970/9264 1976/9265 1983/9266
f 1970/9267 1983/9268 1984/9269
f 1970/9270 1984/9271 1969/9272
f 1970/9273 1969/9274 1978/9275
f 1977/9276 1970/9277 1978/9278
f 1976/9279 1970/9280 1977/9281
f 2020/9282 1983/9283 1974/9284
f 1975/9285 2020/9286 1974/9287
f 1975/9288 1999/9289 2020/9290
f 1971/9291 2002/9292 1981/9293
f 1972/9294 2002/9295 1971/9296
f 1973/9297 2002/9298 1972/9299
f 2003/9300 1973/9301 2005/9302
f 2004/9303 1973/9304 2003/9305
f 2004/9306 2002/9307 1973/9308
f 2000/9309 1981/9310 2002/9311
f 1999/9312 1974/9313 2001/9314
f 1975/9315 1974/9316 1999/9317
f 1976/9318 2001/9319 1974/9320
f 1977/9321 2001/9322 1976/9323
f 1978/9324 2001/9325 1977/9326
f 2000/9327 2001/9328 1978/9329
f 1979/9330 2000/9331 1978/9332
f 1980/9333 2000/9334 1979/9335
f 1982/9336 2000/9337 1980/9338
f 1982/9339 1981/9340 2000/9341
f 1985/9342 1983/9343 1995/9344
f 1996/9345 1985/9346 1995/9347
f 2022/9348 1995/9349 1983/9350
f 1988/9351 1992/9352 1997/9353
f 1984/9354 1983/9355 1985/9356
f 2020/9357 2022/9358 1983/9359
f 1994/9360 1985/9361 1996/9362
f 1993/9363 1985/9364 1994/9365
f 1986/9366 1992/9367 1988/9368
f 1986/9369 1988/9370 1987/9371
f 1986/9372 1987/9373 1984/9374
f 1986/9375 1984/9376 1985/9377
f 1986/9378 1985/9379 1993/9380
f 1993/9381 1992/9382 1986/9383
f 1989/9384 1987/9385 1988/9386
f 1989/9387 1988/9388 1997/9389
f 1990/9390 2013/9391 1998/9392
f 1991/9393 2013/9394 1990/9395
f 1997/9396 2013/9397 1991/9398
f 1992/9399 2019/9400 1997/9401
f 1993/9402 2019/9403 1992/9404
f 1994/9405 2019/9406 1993/9407
f 1996/9408 2019/9409 1994/9410
f 1995/9411 2017/9412 1996/9413
f 2022/9414 2017/9415 1995/9416
f 2017/9417 2019/9418 1996/9419
f 2019/9420 2013/9421 1997/9422
f 2015/9423 1998/9424 2013/9425
f 2012/9426 1998/9427 2015/9428
f 2008/9429 1998/9430 2012/9431
f 2003/9432 2005/9433 2010/9434
f 2011/9435 2003/9436 2010/9437
f 2007/9438 2004/9439 2011/9440
f 2014/9441 2004/9442 2007/9443
f 2000/9444 2002/9445 2016/9446
f 2018/9447 2000/9448 2016/9449
f 2006/9450 2000/9451 2018/9452
f 1999/9453 2001/9454 2021/9455
f 2020/9456 1999/9457 2021/9458
f 2006/9459 2021/9460 2001/9461
f 2001/9462 2000/9463 2006/9464
f 2014/9465 2016/9466 2002/9467
f 2002/9468 2004/9469 2014/9470
f 2004/9471 2003/9472 2011/9473
f 2009/9474 2010/9475 2005/9476
f 2017/9477 2022/9478 2021/9479
f 2006/9480 2017/9481 2021/9482
f 2018/9483 2017/9484 2006/9485
f 2013/9486 2019/9487 2016/9488
f 2014/9489 2013/9490 2016/9491
f 2007/9492 2015/9493 2014/9494
f 2011/9495 2015/9496 2007/9497
f 2008/9498 2012/9499 2010/9500
f 2009/9501 2008/9502 2010/9503
f 2011/9504 2010/9505 2012/9506
f 2012/9507 2015/9508 2011/9509
f 2015/9510 2013/9511 2014/9512
f 2018/9513 2016/9514 2019/9515
f 2019/9516 2017/9517 2018/9518
f 2023/9519 2020/9520 2021/9521
f 2023/9522 2021/9523 2022/9524
g SlatR3
f 2064/9525 2039/9526 2027/9527
f 2045/9528 2025/9529 2037/9530
f 2029/9531 2025/9532 2030/9533
f 2065/9534 2064/9535 2027/9536
f 2024/9537 2037/9538 2025/9539
f 2024/9540 2025/9541 2029/9542
f 2024/9543 2029/9544 2028/9545
f 2024/9546 2028/9547 2026/9548
f 2024/9549 2026/9550 2027/9551
f 2024/9552 2027/9553 2039/9554
f 2040/9555 2024/9556 2039/9557
f 2038/9558 2024/9559 2040/9560
f 2037/9561 2024/9562 2038/9563
f 2047/9564 2025/9565 2045/9566
f 2025/9567 2047/9568 2046/9569
f 2031/9570 2030/9571 2025/9572
f 2031/9573 2025/9574 2046/9575
f 2026/9576 2028/9577 2057/9578
f 2049/9579 2033/9580 2050/9581
f 2048/9582 2033/9583 2049/9584
f 2062/9585 2026/9586 2057/9587
f 2062/9588 2065/9589 2027/9590
f 2027/9591 2026/9592 2062/9593
f 2029/9594 2057/9595 2028/9596
f 2030/9597 2057/9598 2029/9599
f 2031/9600 2057/9601 2030/9602
f 2048/9603 2057/9604 2031/9605
f 2032/9606 2048/9607 2031/9608
f 2034/9609 2048/9610 2032/9611
f 2034/9612 2033/9613 2048/9614
f 2051/9615 2050/9616 2033/9617
f 2031/9618 2044/9619 2032/9620
f 2046/9621 2044/9622 2031/9623
f 2032/9624 2035/9625 2034/9626
f 2033/9627 2041/9628 2051/9629
f 2044/9630 2035/9631 2032/9632
f 2043/9633 2035/9634 2044/9635
f 2036/9636 2041/9637 2033/9638
f 2036/9639 2033/9640 2034/9641
f 2036/9642 2034/9643 2035/9644
f 2036/9645 2035/9646 2043/9647
f 2042/9648 2036/9649 2043/9650
f 2042/9651 2041/9652 2036/9653
f 2052/9654 2051/9655 2041/9656
f 2056/9657 2041/9658 2042/9659
f 2037/9660 2061/9661 2045/9662
f 2038/9663 2061/9664 2037/9665
f 2040/9666 2061/9667 2038/9668
f 2039/9669 2059/9670 2040/9671
f 2064/9672 2059/9673 2039/9674
f 2059/9675 2061/9676 2040/9677
f 2053/9678 2041/9679 2056/9680
f 2055/9681 2041/9682 2053/9683
f 2052/9684 2041/9685 2055/9686
f 2043/9687 2056/9688 2042/9689
f 2044/9690 2056/9691 2043/9692
f 2046/9693 2056/9694 2044/9695
f 2047/9696 2045/9697 2061/9698
f 2047/9699 2061/9700 2056/9701
f 2047/9702 2056/9703 2046/9704
f 2056/9705 2058/9706 2053/9707
f 2048/9708 2058/9709 2057/9710
f 2064/9711 2063/9712 2059/9713
f 2049/9714 2058/9715 2048/9716
f 2054/9717 2053/9718 2058/9719
f 2054/9720 2058/9721 2049/9722
f 2050/9723 2054/9724 2049/9725
f 2051/9726 2054/9727 2050/9728
f 2052/9729 2054/9730 2051/9731
f 2055/9732 2054/9733 2052/9734
f 2055/9735 2053/9736 2054/9737
f 2061/9738 2058/9739 2056/9740
f 2060/9741 2059/9742 2063/9743
f 2060/9744 2063/9745 2062/9746
f 2060/9747 2062/9748 2057/9749
f 2060/9750 2057/9751 2058/9752
f 2060/9753 2058/9754 2061/9755
f 2061/9756 2059/9757 2060/9758
f 2065/9759 2062/9760 2063/9761
f 2065/9762 2063/9763 2064/9764
g SlatR4
f 2071/9765 2066/9766 2070/9767
f 2089/9768 2092/9769 2068/9770
f 2082/9771 2066/9772 2071/9773
f 2081/9774 2066/9775 2082/9776
f 2067/9777 2089/9778 2068/9779
f 2067/9780 2068/9781 2069/9782
f 2067/9783 2069/9784 2070/9785
f 2070/9786 2066/9787 2067/9788
f 2067/9789 2066/9790 2081/9791
f 2080/9792 2067/9793 2081/9794
f 2080/9795 2089/9796 2067/9797
f 2068/9798 2092/9799 2091/9800
f 2079/9801 2082/9802 2071/9803
f 2077/9804 2079/9805 2090/9806
f 2093/9807 2090/9808 2069/9809
f 2068/9810 2093/9811 2069/9812
f 2094/9813 2068/9814 2091/9815
f 2094/9816 2093/9817 2068/9818
f 2070/9819 2069/9820 2090/9821
f 2100/9822 2077/9823 2090/9824
f 2075/9825 2074/9826 2105/9827
f 2108/9828 2075/9829 2105/9830
f 2100/9831 2105/9832 2074/9833
f 2073/9834 2100/9835 2074/9836
f 2072/9837 2100/9838 2073/9839
f 2072/9840 2077/9841 2100/9842
f 2071/9843 2070/9844 2090/9845
f 2071/9846 2090/9847 2079/9848
f 2107/9849 2086/9850 2075/9851
f 2083/9852 2078/9853 2084/9854
f 2072/9855 2078/9856 2077/9857
f 2108/9858 2107/9859 2075/9860
f 2076/9861 2084/9862 2078/9863
f 2076/9864 2078/9865 2072/9866
f 2076/9867 2072/9868 2073/9869
f 2076/9870 2073/9871 2074/9872
f 2076/9873 2074/9874 2075/9875
f 2076/9876 2075/9877 2086/9878
f 2087/9879 2076/9880 2086/9881
f 2085/9882 2076/9883 2087/9884
f 2085/9885 2084/9886 2076/9887
f 2088/9888 2078/9889 2083/9890
f 2082/9891 2078/9892 2088/9893
f 2079/9894 2077/9895 2078/9896
f 2079/9897 2078/9898 2082/9899
f 2080/9900 2099/9901 2089/9902
f 2081/9903 2099/9904 2080/9905
f 2082/9906 2099/9907 2081/9908
f 2088/9909 2099/9910 2082/9911
f 2083/9912 2104/9913 2088/9914
f 2084/9915 2104/9916 2083/9917
f 2085/9918 2104/9919 2084/9920
f 2087/9921 2104/9922 2085/9923
f 2086/9924 2102/9925 2087/9926
f 2107/9927 2102/9928 2086/9929
f 2102/9930 2104/9931 2087/9932
f 2104/9933 2099/9934 2088/9935
f 2096/9936 2089/9937 2099/9938
f 2098/9939 2089/9940 2096/9941
f 2092/9942 2089/9943 2098/9944
f 2091/9945 2095/9946 2094/9947
f 2099/9948 2101/9949 2096/9950
f 2102/9951 2107/9952 2106/9953
f 2102/9954 2106/9955 2105/9956
f 2090/9957 2101/9958 2100/9959
f 2093/9960 2101/9961 2090/9962
f 2092/9963 2095/9964 2091/9965
f 2098/9966 2095/9967 2092/9968
f 2097/9969 2096/9970 2101/9971
f 2097/9972 2101/9973 2093/9974
f 2097/9975 2093/9976 2094/9977
f 2097/9978 2094/9979 2095/9980
f 2097/9981 2095/9982 2098/9983
f 2098/9984 2096/9985 2097/9986
f 2104/9987 2101/9988 2099/9989
f 2103/9990 2102/9991 2105/9992
f 2103/9993 2105/9994 2100/9995
f 2103/9996 2100/9997 2101/9998
f 2103/9999 2101/10000 2104/10001
f 2104/10002 2102/10003 2103/10004
f 2108/10005 2105/10006 2106/10007
f 2108/10008 2106/10009 2107/10010
g SlatR5
f 2119/10011 2118/10012 2113/10013
f 2112/10014 2119/10015 2113/10016
f 2123/10017 2120/10018 2110/10019
f 2111/10020 2123/10021 2110/10022
f 2121/10023 2109/10024 2122/10025
f 2122/10026 2109/10027 2147/10028
f 2122/10029 2147/10030 2146/10031
f 2111/10032 2109/10033 2121/10034
f 2121/10035 2123/10036 2111/10037
f 2112/10038 2110/10039 2120/10040
f 2120/10041 2119/10042 2112/10043
f 2114/10044 2113/10045 2118/10046
f 2127/10047 2114/10048 2118/10049
f 2110/10050 2112/10051 2138/10052
f 2131/10053 2117/10054 2132/10055
f 2128/10056 2117/10057 2131/10058
f 2137/10059 2110/10060 2138/10061
f 2109/10062 2111/10063 2144/10064
f 2147/10065 2109/10066 2144/10067
f 2137/10068 2144/10069 2111/10070
f 2111/10071 2110/10072 2137/10073
f 2113/10074 2138/10075 2112/10076
f 2114/10077 2138/10078 2113/10079
f 2115/10080 2138/10081 2114/10082
f 2128/10083 2138/10084 2115/10085
f 2116/10086 2128/10087 2115/10088
f 2116/10089 2117/10090 2128/10091
f 2129/10092 2132/10093 2117/10094
f 2124/10095 2130/10096 2117/10097
f 2116/10098 2124/10099 2117/10100
f 2126/10101 2125/10102 2115/10103
f 2114/10104 2126/10105 2115/10106
f 2127/10107 2126/10108 2114/10109
f 2116/10110 2115/10111 2125/10112
f 2125/10113 2124/10114 2116/10115
f 2129/10116 2117/10117 2130/10118
f 2118/10119 2143/10120 2127/10121
f 2119/10122 2143/10123 2118/10124
f 2120/10125 2143/10126 2119/10127
f 2123/10128 2143/10129 2120/10130
f 2121/10131 2141/10132 2123/10133
f 2122/10134 2141/10135 2121/10136
f 2146/10137 2141/10138 2122/10139
f 2141/10140 2143/10141 2123/10142
f 2140/10143 2127/10144 2143/10145
f 2134/10146 2124/10147 2140/10148
f 2136/10149 2124/10150 2134/10151
f 2130/10152 2124/10153 2136/10154
f 2125/10155 2140/10156 2124/10157
f 2126/10158 2140/10159 2125/10160
f 2127/10161 2140/10162 2126/10163
f 2134/10164 2140/10165 2139/10166
f 2133/10167 2132/10168 2129/10169
f 2137/10170 2145/10171 2144/10172
f 2141/10173 2146/10174 2145/10175
f 2141/10176 2145/10177 2137/10178
f 2128/10179 2139/10180 2138/10181
f 2131/10182 2139/10183 2128/10184
f 2130/10185 2133/10186 2129/10187
f 2136/10188 2133/10189 2130/10190
f 2135/10191 2134/10192 2139/10193
f 2135/10194 2139/10195 2131/10196
f 2135/10197 2131/10198 2132/10199
f 2135/10200 2132/10201 2133/10202
f 2135/10203 2133/10204 2136/10205
f 2136/10206 2134/10207 2135/10208
f 2142/10209 2141/10210 2137/10211
f 2142/10212 2137/10213 2138/10214
f 2142/10215 2138/10216 2139/10217
f 2142/10218 2139/10219 2140/10220
f 2143/10221 2142/10222 2140/10223
f 2143/10224 2141/10225 2142/10226
f 2147/10227 2144/10228 2145/10229
f 2147/10230 2145/10231 2146/10232
g SpoilerL1
f 2150/10233 2153/10234 2152/10235
f 2149/10236 2150/10237 2152/10238
f 2154/10239 2149/10240 2152/10241
f 2148/10242 2154/10243 2152/10244
f 2151/10245 2148/10246 2152/10247
f 2153/10248 2151/10249 2152/10250
f 2154/10251 2148/10252 2149/10253
f 2149/10254 2148/10255 2151/10256
f 2150/10257 2149/10258 2151/10259
f 2153/10260 2150/10261 2151/10262
g SpoilerL2
f 2158/10263 2156/10264 2159/10265
f 2160/10266 2158/10267 2159/10268
f 2160/10269 2155/10270 2157/10271
f 2155/10272 2160/10273 2159/10274
f 2156/10275 2155/10276 2159/10277
f 2157/10278 2155/10279 2158/10280
f 2158/10281 2155/10282 2156/10283
f 2158/10284 2160/10285 2157/10286
g SpoilerL3
f 2163/10287 2161/10288 2166/10289
f 2166/10290 2161/10291 2164/10292
f 2161/10293 2162/10294 2165/10295
f 2164/10296 2161/10297 2165/10298
f 2162/10299 2161/10300 2163/10301
f 2166/10302 2165/10303 2162/10304
f 2163/10305 2166/10306 2162/10307
f 2166/10308 2164/10309 2165/10310
g SpoilerL4
f 2167/10311 2168/10312 2171/10313
f 2172/10314 2167/10315 2171/10316
f 2167/10317 2170/10318 2169/10319
f 2168/10320 2167/10321 2169/10322
f 2167/10323 2172/10324 2170/10325
f 2171/10326 2168/10327 2169/10328
f 2171/10329 2169/10330 2170/10331
f 2172/10332 2171/10333 2170/10334
g SpoilerL5
f 2174/10335 2173/10336 2178/10337
f 2179/10338 2174/10339 2178/10340
f 2178/10341 2173/10342 2176/10343
f 2176/10344 2173/10345 2175/10346
f 2174/10347 2177/10348 2175/10349
f 2173/10350 2174/10351 2175/10352
f 2174/10353 2179/10354 2177/10355
f 2175/10356 2177/10357 2178/10358
f 2176/10359 2175/10360 2178/10361
f 2179/10362 2178/10363 2177/10364
g SpoilerR1
f 2181/10365 2183/10366 2184/10367
f 2184/10368 2183/10369 2185/10370
f 2185/10371 2183/10372 2186/10373
f 2186/10374 2180/10375 2185/10376
f 2181/10377 2182/10378 2183/10379
f 2183/10380 2182/10381 2186/10382
f 2182/10383 2180/10384 2186/10385
f 2180/10386 2182/10387 2185/10388
f 2185/10389 2182/10390 2184/10391
f 2184/10392 2182/10393 2181/10394
f 2191/10395 2193/10396 2187/10397
f 2190/10398 2191/10399 2187/10400
f 2192/10401 2191/10402 2190/10403
f 2187/10404 2193/10405 2188/10406
f 2188/10407 2190/10408 2187/10409
f 2189/10410 2190/10411 2188/10412
f 2192/10413 2190/10414 2189/10415
g SpoilerR2
f 2197/10416 2198/10417 2195/10418
f 2199/10419 2198/10420 2197/10421
f 2194/10422 2199/10423 2196/10424
f 2199/10425 2194/10426 2198/10427
f 2198/10428 2194/10429 2195/10430
f 2197/10431 2194/10432 2196/10433
f 2195/10434 2194/10435 2197/10436
f 2196/10437 2199/10438 2197/10439
g SpoilerR3
f 2203/10440 2204/10441 2201/10442
f 2205/10443 2204/10444 2203/10445
f 2202/10446 2200/10447 2204/10448
f 2205/10449 2202/10450 2204/10451
f 2204/10452 2200/10453 2201/10454
f 2203/10455 2200/10456 2202/10457
f 2201/10458 2200/10459 2203/10460
f 2202/10461 2205/10462 2203/10463
g SpoilerR4
f 2206/10464 2210/10465 2207/10466
f 2210/10467 2206/10468 2211/10469
f 2206/10470 2208/10471 2209/10472
f 2208/10473 2206/10474 2207/10475
f 2211/10476 2206/10477 2209/10478
f 2210/10479 2208/10480 2207/10481
f 2210/10482 2209/10483 2208/10484
f 2211/10485 2209/10486 2210/10487
g SpoilerR5
f 2217/10488 2212/10489 2213/10490
f 2218/10491 2217/10492 2213/10493
f 2215/10494 2212/10495 2217/10496
f 2214/10497 2212/10498 2215/10499
f 2213/10500 2214/10501 2216/10502
f 2212/10503 2214/10504 2213/10505
f 2216/10506 2218/10507 2213/10508
f 2214/10509 2217/10510 2216/10511
f 2215/10512 2217/10513 2214/10514
f 2218/10515 2216/10516 2217/10517
g Wingtips
f 2222/10518 2219/10519 2221/10520
f 2224/10521 2219/10522 2223/10523
f 2219/10524 2224/10525 2225/10526
f 2219/10527 2225/10528 2226/10529
f 2219/10530 2226/10531 2221/10532
f 2227/10533 2228/10534 2229/10535
f 2230/10536 2231/10537 2227/10538
f 2227/10539 2231/10540 2228/10541
f 2231/10542 2232/10543 2228/10544
f 2233/10545 2234/10546 2235/10547
f 2236/10548 2225/10549 2234/10550
f 2236/10551 2226/10552 2225/10553
f 2224/10554 2229/10555 2225/10556
f 2235/10557 2234/10558 2228/10559
f 2235/10560 2228/10561 2232/10562
f 2225/10563 2229/10564 2228/10565
f 2225/10566 2228/10567 2234/10568
f 2230/10569 2237/10570 2231/10571
f 2238/10572 2239/10573 2237/10574
f 2238/10575 2240/10576 2239/10577
f 2241/10578 2242/10579 2240/10580
f 2243/10581 2244/10582 2242/10583
f 2242/10584 2244/10585 2239/10586
f 2242/10587 2239/10588 2240/10589
f 2233/10590 2235/10591 2245/10592
f 2232/10593 2246/10594 2235/10595
f 2232/10596 2231/10597 2246/10598
f 2231/10599 2237/10600 2246/10601
f 2245/10602 2235/10603 2239/10604
f 2245/10605 2239/10606 2244/10607
f 2235/10608 2246/10609 2239/10610
f 2239/10611 2246/10612 2237/10613
f 2241/10614 2247/10615 2242/10616
f 2247/10617 2248/10618 2242/10619
f 2248/10620 2249/10621 2242/10622
f 2243/10623 2242/10624 2251/10625
f 2251/10626 2242/10627 2249/10628
f 2222/10629 2221/10630 2252/10631
f 2221/10632 2253/10633 2252/10634
f 2253/10635 2221/10636 2254/10637
f 2253/10638 2254/10639 2255/10640
f 2236/10641 2256/10642 2257/10643
f 2236/10644 2257/10645 2254/10646
f 2236/10647 2254/10648 2226/10649
f 2236/10650 2234/10651 2256/10652
f 2234/10653 2233/10654 2256/10655
f 2258/10656 2260/10657 2257/10658
f 2258/10659 2257/10660 2256/10661
f 2258/10662 2256/10663 2259/10664
f 2233/10665 2259/10666 2256/10667
f 2221/10668 2226/10669 2254/10670
f 2254/10671 2257/10672 2255/10673
f 2260/10674 2255/10675 2257/10676
f 2259/10677 2233/10678 2261/10679
f 2259/10680 2261/10681 2262/10682
f 2244/10683 2263/10684 2245/10685
f 2244/10686 2243/10687 2263/10688
f 2243/10689 2264/10690 2263/10691
f 2264/10692 2265/10693 2263/10694
f 2263/10695 2265/10696 2261/10697
f 2263/10698 2261/10699 2245/10700
f 2265/10701 2262/10702 2261/10703
f 2233/10704 2245/10705 2261/10706
f 2266/10707 2264/10708 2250/10709
f 2250/10710 2264/10711 2243/10712
f 2259/10713 2262/10714 2267/10715
f 2262/10716 2265/10717 2267/10718
f 2267/10719 2265/10720 2268/10721
f 2265/10722 2264/10723 2268/10724
f 2266/10725 2269/10726 2264/10727
f 2269/10728 2268/10729 2264/10730
f 2269/10731 2252/10732 2268/10733
f 2268/10734 2252/10735 2253/10736
f 2253/10737 2255/10738 2268/10739
f 2255/10740 2260/10741 2268/10742
f 2268/10743 2260/10744 2267/10745
f 2259/10746 2267/10747 2258/10748
f 2258/10749 2267/10750 2260/10751
f 2219/10752 2220/10753 2270/10754
f 2219/10755 2270/10756 2223/10757
f 2271/10758 2250/10759 2243/10760
f 2243/10761 2251/10762 2271/10763
f 2220/10764 2219/10765 2272/10766
f 2219/10767 2222/10768 2272/10769
f 2275/10770 2273/10771 2276/10772
f 2277/10773 2273/10774 2278/10775
f 2273/10776 2279/10777 2278/10778
f 2273/10779 2280/10780 2279/10781
f 2273/10782 2275/10783 2280/10784
f 2281/10785 2283/10786 2282/10787
f 2284/10788 2281/10789 2285/10790
f 2281/10791 2282/10792 2285/10793
f 2285/10794 2282/10795 2286/10796
f 2287/10797 2289/10798 2288/10799
f 2290/10800 2288/10801 2279/10802
f 2290/10803 2279/10804 2280/10805
f 2278/10806 2279/10807 2283/10808
f 2289/10809 2282/10810 2288/10811
f 2289/10812 2286/10813 2282/10814
f 2279/10815 2282/10816 2283/10817
f 2279/10818 2288/10819 2282/10820
f 2284/10821 2285/10822 2291/10823
f 2292/10824 2291/10825 2293/10826
f 2292/10827 2293/10828 2294/10829
f 2295/10830 2294/10831 2296/10832
f 2297/10833 2296/10834 2298/10835
f 2296/10836 2293/10837 2298/10838
f 2296/10839 2294/10840 2293/10841
f 2287/10842 2299/10843 2289/10844
f 2286/10845 2289/10846 2300/10847
f 2286/10848 2300/10849 2285/10850
f 2285/10851 2300/10852 2291/10853
f 2299/10854 2293/10855 2289/10856
f 2299/10857 2298/10858 2293/10859
f 2289/10860 2293/10861 2300/10862
f 2293/10863 2291/10864 2300/10865
f 2295/10866 2296/10867 2301/10868
f 2301/10869 2296/10870 2302/10871
f 2302/10872 2296/10873 2303/10874
f 2297/10875 2305/10876 2296/10877
f 2305/10878 2303/10879 2296/10880
f 2276/10881 2306/10882 2275/10883
f 2275/10884 2306/10885 2307/10886
f 2307/10887 2308/10888 2275/10889
f 2307/10890 2309/10891 2308/10892
f 2290/10893 2311/10894 2310/10895
f 2290/10896 2308/10897 2311/10898
f 2290/10899 2280/10900 2308/10901
f 2290/10902 2310/10903 2288/10904
f 2288/10905 2310/10906 2287/10907
f 2312/10908 2311/10909 2314/10910
f 2312/10911 2310/10912 2311/10913
f 2312/10914 2313/10915 2310/10916
f 2287/10917 2310/10918 2313/10919
f 2275/10920 2308/10921 2280/10922
f 2308/10923 2309/10924 2311/10925
f 2314/10926 2311/10927 2309/10928
f 2313/10929 2315/10930 2287/10931
f 2313/10932 2316/10933 2315/10934
f 2298/10935 2299/10936 2317/10937
f 2298/10938 2317/10939 2297/10940
f 2297/10941 2317/10942 2318/10943
f 2318/10944 2317/10945 2319/10946
f 2317/10947 2315/10948 2319/10949
f 2317/10950 2299/10951 2315/10952
f 2319/10953 2315/10954 2316/10955
f 2287/10956 2315/10957 2299/10958
f 2320/10959 2304/10960 2318/10961
f 2304/10962 2297/10963 2318/10964
f 2313/10965 2321/10966 2316/10967
f 2316/10968 2321/10969 2319/10970
f 2321/10971 2322/10972 2319/10973
f 2319/10974 2322/10975 2318/10976
f 2320/10977 2318/10978 2323/10979
f 2323/10980 2318/10981 2322/10982
f 2323/10983 2322/10984 2306/10985
f 2322/10986 2307/10987 2306/10988
f 2307/10989 2322/10990 2309/10991
f 2309/10992 2322/10993 2314/10994
f 2322/10995 2321/10996 2314/10997
f 2313/10998 2312/10999 2321/11000
f 2312/11001 2314/11002 2321/11003
f 2273/11004 2324/11005 2274/11006
f 2273/11007 2277/11008 2324/11009
f 2325/11010 2297/11011 2304/11012
f 2297/11013 2325/11014 2305/11015
f 2326/11016 2273/11017 2274/11018
f 2273/11019 2326/11020 2276/11021
